<?xml version="1.0" encoding="ISO-8859-2" ?>
<WinWattDB>

<WinWattDBGlobalMacro>

</WinWattDBGlobalMacro>

<WaterPressureReducerDBItem>
  <ItemHeader>
    <Date><Year>2015</Year><Month>9</Month><Day>10</Day></Date>
    <ItemPath>Honeywell</ItemPath>
    <ItemName>Honeywell D06F</ItemName>
    <HomePage></HomePage></ItemHeader>
    
  <NameBase>Honeywell D06F-%s</NameBase>
  <SpeedMax>2.0</SpeedMax>
  <InPressureMax>25.0</InPressureMax>
  <OutPressureMin>1.5</OutPressureMin>
  <OutPressureMax>6.0</OutPressureMax>

  <WaterPressureReducerSubType>	<SizeName>1/2"</SizeName>	<DN>15</DN>	<kv>2.4</kv>	<EstimateCode>Honeywell_D06F-1/2"</EstimateCode>	</WaterPressureReducerSubType>
  <WaterPressureReducerSubType>	<SizeName>3/4"</SizeName>	<DN>20</DN>	<kv>3.1</kv>	<EstimateCode>Honeywell_D06F-3/4"</EstimateCode>	</WaterPressureReducerSubType>
  <WaterPressureReducerSubType>	<SizeName>1"</SizeName>		<DN>25</DN>	<kv>7.6</kv>	<EstimateCode>Honeywell_D06F-1"</EstimateCode>		</WaterPressureReducerSubType>
  <WaterPressureReducerSubType>	<SizeName>1 1/4"</SizeName>	<DN>32</DN>	<kv>9.1</kv>	<EstimateCode>Honeywell_D06F-1_1/4"</EstimateCode>	</WaterPressureReducerSubType>
  <WaterPressureReducerSubType>	<SizeName>1 1/2"</SizeName>	<DN>40</DN>	<kv>12.6</kv>	<EstimateCode>Honeywell_D06F-1_1/2"</EstimateCode>	</WaterPressureReducerSubType>
  <WaterPressureReducerSubType>	<SizeName>2"</SizeName>		<DN>50</DN>	<kv>12.0</kv>	<EstimateCode>Honeywell_D06F-2"</EstimateCode>		</WaterPressureReducerSubType>
  
</WaterPressureReducerDBItem>                 


<WaterPressureReducerDBItem>
  <ItemHeader>
    <Date><Year>2015</Year><Month>9</Month><Day>10</Day></Date>
    <ItemPath>Honeywell</ItemPath>
    <ItemName>Honeywell D06FH</ItemName>
    <HomePage></HomePage></ItemHeader>
    
  <NameBase>Honeywell D06FH-%s</NameBase>
  <SpeedMax>2.0</SpeedMax>
  <InPressureMax>25.0</InPressureMax>
  <OutPressureMin>1.5</OutPressureMin>
  <OutPressureMax>12.0</OutPressureMax>

  <WaterPressureReducerSubType>	<SizeName>1/2"</SizeName>	<DN>15</DN>	<kv>2.4</kv>	<EstimateCode>Honeywell_D06FH-1/2"</EstimateCode>	</WaterPressureReducerSubType>
  <WaterPressureReducerSubType>	<SizeName>3/4"</SizeName>	<DN>20</DN>	<kv>3.1</kv>	<EstimateCode>Honeywell_D06FH-3/4"</EstimateCode>	</WaterPressureReducerSubType>
  <WaterPressureReducerSubType>	<SizeName>1"</SizeName>		<DN>25</DN>	<kv>7.6</kv>	<EstimateCode>Honeywell_D06FH-1"</EstimateCode>		</WaterPressureReducerSubType>
  <WaterPressureReducerSubType>	<SizeName>1 1/4"</SizeName>	<DN>32</DN>	<kv>9.1</kv>	<EstimateCode>Honeywell_D06FH-1_1/4"</EstimateCode>	</WaterPressureReducerSubType>
  <WaterPressureReducerSubType>	<SizeName>1 1/2"</SizeName>	<DN>40</DN>	<kv>12.6</kv>	<EstimateCode>Honeywell_D06FH-1_1/2"</EstimateCode>	</WaterPressureReducerSubType>
  <WaterPressureReducerSubType>	<SizeName>2"</SizeName>		<DN>50</DN>	<kv>12.0</kv>	<EstimateCode>Honeywell_D06FH-2"</EstimateCode>		</WaterPressureReducerSubType>
  
</WaterPressureReducerDBItem>                 


<WaterPressureReducerDBItem>
  <ItemHeader>
    <Date><Year>2015</Year><Month>9</Month><Day>10</Day></Date>
    <ItemPath>Honeywell</ItemPath>
    <ItemName>Honeywell D06FN</ItemName>
    <HomePage></HomePage></ItemHeader>
    
  <NameBase>Honeywell D06FN-%s</NameBase>
  <SpeedMax>2.0</SpeedMax>
  <InPressureMax>25.0</InPressureMax>
  <OutPressureMin>0.5</OutPressureMin>
  <OutPressureMax>2.0</OutPressureMax>

  <WaterPressureReducerSubType>	<SizeName>1/2"</SizeName>	<DN>15</DN>	<kv>2.4</kv>	<EstimateCode>Honeywell_D06FN-1/2"</EstimateCode>	</WaterPressureReducerSubType>
  <WaterPressureReducerSubType>	<SizeName>3/4"</SizeName>	<DN>20</DN>	<kv>3.1</kv>	<EstimateCode>Honeywell_D06FN-3/4"</EstimateCode>	</WaterPressureReducerSubType>
  <WaterPressureReducerSubType>	<SizeName>1"</SizeName>		<DN>25</DN>	<kv>7.6</kv>	<EstimateCode>Honeywell_D06FN-1"</EstimateCode>		</WaterPressureReducerSubType>
  <WaterPressureReducerSubType>	<SizeName>1 1/4"</SizeName>	<DN>32</DN>	<kv>9.1</kv>	<EstimateCode>Honeywell_D06FN-1_1/4"</EstimateCode>	</WaterPressureReducerSubType>
  <WaterPressureReducerSubType>	<SizeName>1 1/2"</SizeName>	<DN>40</DN>	<kv>12.6</kv>	<EstimateCode>Honeywell_D06FN-1_1/2"</EstimateCode>	</WaterPressureReducerSubType>
  <WaterPressureReducerSubType>	<SizeName>2"</SizeName>		<DN>50</DN>	<kv>12.0</kv>	<EstimateCode>Honeywell_D06FN-2"</EstimateCode>		</WaterPressureReducerSubType>
  
</WaterPressureReducerDBItem>                 


<WaterPressureReducerDBItem>
  <ItemHeader>
    <Date><Year>2015</Year><Month>9</Month><Day>10</Day></Date>
    <ItemPath>Honeywell</ItemPath>
    <ItemName>Honeywell D16</ItemName>
    <HomePage></HomePage></ItemHeader>
    
  <NameBase>Honeywell D16-%s</NameBase>
  <SpeedMax>2.0</SpeedMax>
  <InPressureMax>25.0</InPressureMax>
  <OutPressureMin>1.5</OutPressureMin>
  <OutPressureMax>12.0</OutPressureMax>

  <WaterPressureReducerSubType>	<SizeName>1/2"</SizeName>	<DN>15</DN>	<kv>3.0</kv>	<EstimateCode>Honeywell_D16-1/2"</EstimateCode>		</WaterPressureReducerSubType>
  <WaterPressureReducerSubType>	<SizeName>3/4"</SizeName>	<DN>20</DN>	<kv>3.3</kv>	<EstimateCode>Honeywell_D16-3/4"</EstimateCode>		</WaterPressureReducerSubType>
  <WaterPressureReducerSubType>	<SizeName>1"</SizeName>		<DN>25</DN>	<kv>8.5</kv>	<EstimateCode>Honeywell_D16-1"</EstimateCode>		</WaterPressureReducerSubType>
  <WaterPressureReducerSubType>	<SizeName>1 1/4"</SizeName>	<DN>32</DN>	<kv>10.1</kv>	<EstimateCode>Honeywell_D16-1_1/4"</EstimateCode>	</WaterPressureReducerSubType>
  <WaterPressureReducerSubType>	<SizeName>1 1/2"</SizeName>	<DN>40</DN>	<kv>13.5</kv>	<EstimateCode>Honeywell_D16-1_1/2"</EstimateCode>	</WaterPressureReducerSubType>
  
</WaterPressureReducerDBItem>                 


<WaterPressureReducerDBItem>
  <ItemHeader>
    <Date><Year>2015</Year><Month>9</Month><Day>10</Day></Date>
    <ItemPath>Honeywell</ItemPath>
    <ItemName>Honeywell D16N</ItemName>
    <HomePage></HomePage></ItemHeader>
    
  <NameBase>Honeywell D16N-%s</NameBase>
  <SpeedMax>2.0</SpeedMax>
  <InPressureMax>25.0</InPressureMax>
  <OutPressureMin>0.5</OutPressureMin>
  <OutPressureMax>2.0</OutPressureMax>

  <WaterPressureReducerSubType>	<SizeName>1/2"</SizeName>	<DN>15</DN>	<kv>3.0</kv>	<EstimateCode>Honeywell_D16N-1/2"</EstimateCode>	</WaterPressureReducerSubType>
  <WaterPressureReducerSubType>	<SizeName>3/4"</SizeName>	<DN>20</DN>	<kv>3.3</kv>	<EstimateCode>Honeywell_D16N-3/4"</EstimateCode>	</WaterPressureReducerSubType>
  <WaterPressureReducerSubType>	<SizeName>1"</SizeName>		<DN>25</DN>	<kv>8.5</kv>	<EstimateCode>Honeywell_D16N-1"</EstimateCode>		</WaterPressureReducerSubType>
  <WaterPressureReducerSubType>	<SizeName>1 1/4"</SizeName>	<DN>32</DN>	<kv>10.1</kv>	<EstimateCode>Honeywell_D16N-1_1/4"</EstimateCode>	</WaterPressureReducerSubType>
  <WaterPressureReducerSubType>	<SizeName>1 1/2"</SizeName>	<DN>40</DN>	<kv>13.5</kv>	<EstimateCode>Honeywell_D16N-1_1/2"</EstimateCode>	</WaterPressureReducerSubType>
  
</WaterPressureReducerDBItem>                 


<WaterPressureReducerDBItem>
  <ItemHeader>
    <Date><Year>2015</Year><Month>9</Month><Day>10</Day></Date>
    <ItemPath>Honeywell</ItemPath>
    <ItemName>Honeywell D15</ItemName>
    <HomePage></HomePage></ItemHeader>
    
  <NameBase>Honeywell D15-%s</NameBase>
  <SpeedMax>2.0</SpeedMax>
  <InPressureMax>16.0</InPressureMax>
  <OutPressureMin>1.5</OutPressureMin>
  <OutPressureMax>6.0</OutPressureMax>

  <WaterPressureReducerSubType><SizeName>40</SizeName>	<DN> 40</DN>	<kv> 18.0</kv>	<EstimateCode>Honeywell_D15-40</EstimateCode>	</WaterPressureReducerSubType>
  <WaterPressureReducerSubType><SizeName>50</SizeName>	<DN> 50</DN>	<kv> 28.0</kv>	<EstimateCode>Honeywell_D15-50</EstimateCode>	</WaterPressureReducerSubType>
  <WaterPressureReducerSubType><SizeName>65</SizeName>	<DN> 65</DN>	<kv> 47.0</kv>	<EstimateCode>Honeywell_D15-65</EstimateCode>	</WaterPressureReducerSubType>
  <WaterPressureReducerSubType><SizeName>80</SizeName>	<DN> 80</DN>	<kv> 70.0</kv>	<EstimateCode>Honeywell_D15-80</EstimateCode>	</WaterPressureReducerSubType>
  <WaterPressureReducerSubType><SizeName>100</SizeName>	<DN>100</DN>	<kv>110.0</kv>	<EstimateCode>Honeywell_D15-100</EstimateCode>	</WaterPressureReducerSubType>
  <WaterPressureReducerSubType><SizeName>125</SizeName>	<DN>125</DN>	<kv>180.0</kv>	<EstimateCode>Honeywell_D15-125</EstimateCode>	</WaterPressureReducerSubType>
  <WaterPressureReducerSubType><SizeName>150</SizeName>	<DN>150</DN>	<kv>250.0</kv>	<EstimateCode>Honeywell_D15-150</EstimateCode>	</WaterPressureReducerSubType>
  <WaterPressureReducerSubType><SizeName>200</SizeName>	<DN>200</DN>	<kv>380.0</kv>	<EstimateCode>Honeywell_D15-200</EstimateCode>	</WaterPressureReducerSubType>
  
</WaterPressureReducerDBItem>                 


<WaterPressureReducerDBItem>
  <ItemHeader>
    <Date><Year>2015</Year><Month>9</Month><Day>10</Day></Date>
    <ItemPath>Honeywell</ItemPath>
    <ItemName>Honeywell D15N</ItemName>
    <HomePage></HomePage></ItemHeader>
    
  <NameBase>Honeywell D15N-%s</NameBase>
  <SpeedMax>2.0</SpeedMax>
  <InPressureMax>16.0</InPressureMax>
  <OutPressureMin>0.2</OutPressureMin>
  <OutPressureMax>2.0</OutPressureMax>

  <WaterPressureReducerSubType><SizeName>40</SizeName>	<DN> 40</DN>	<kv> 18.0</kv>	<EstimateCode>Honeywell_D15N-40</EstimateCode>	</WaterPressureReducerSubType>
  <WaterPressureReducerSubType><SizeName>50</SizeName>	<DN> 50</DN>	<kv> 28.0</kv>	<EstimateCode>Honeywell_D15N-50</EstimateCode>	</WaterPressureReducerSubType>
  <WaterPressureReducerSubType><SizeName>65</SizeName>	<DN> 65</DN>	<kv> 47.0</kv>	<EstimateCode>Honeywell_D15N-65</EstimateCode>	</WaterPressureReducerSubType>
  <WaterPressureReducerSubType><SizeName>80</SizeName>	<DN> 80</DN>	<kv> 70.0</kv>	<EstimateCode>Honeywell_D15N-80</EstimateCode>	</WaterPressureReducerSubType>
  <WaterPressureReducerSubType><SizeName>100</SizeName>	<DN>100</DN>	<kv>110.0</kv>	<EstimateCode>Honeywell_D15N-100</EstimateCode>	</WaterPressureReducerSubType>
  <WaterPressureReducerSubType><SizeName>125</SizeName>	<DN>125</DN>	<kv>180.0</kv>	<EstimateCode>Honeywell_D15N-125</EstimateCode>	</WaterPressureReducerSubType>
  <WaterPressureReducerSubType><SizeName>150</SizeName>	<DN>150</DN>	<kv>250.0</kv>	<EstimateCode>Honeywell_D15N-150</EstimateCode>	</WaterPressureReducerSubType>
  <WaterPressureReducerSubType><SizeName>200</SizeName>	<DN>200</DN>	<kv>380.0</kv>	<EstimateCode>Honeywell_D15N-200</EstimateCode>	</WaterPressureReducerSubType>
  
</WaterPressureReducerDBItem>                 


<WaterPressureReducerDBItem>
  <ItemHeader>
    <Date><Year>2015</Year><Month>9</Month><Day>10</Day></Date>
    <ItemPath>Honeywell</ItemPath>
    <ItemName>Honeywell D17</ItemName>
    <HomePage></HomePage></ItemHeader>
    
  <NameBase>Honeywell D17-%s</NameBase>
  <SpeedMax>2.0</SpeedMax>
  <InPressureMax>25.0</InPressureMax>
  <OutPressureMin>1.5</OutPressureMin>
  <OutPressureMax>6.0</OutPressureMax>

  <WaterPressureReducerSubType><SizeName>40</SizeName>	<DN> 40</DN>	<kv> 18.0</kv>	<EstimateCode>Honeywell_D17-40</EstimateCode>	</WaterPressureReducerSubType>
  <WaterPressureReducerSubType><SizeName>50</SizeName>	<DN> 50</DN>	<kv> 28.0</kv>	<EstimateCode>Honeywell_D17-50</EstimateCode>	</WaterPressureReducerSubType>
  <WaterPressureReducerSubType><SizeName>65</SizeName>	<DN> 65</DN>	<kv> 47.0</kv>	<EstimateCode>Honeywell_D17-65</EstimateCode>	</WaterPressureReducerSubType>
  <WaterPressureReducerSubType><SizeName>80</SizeName>	<DN> 80</DN>	<kv> 70.0</kv>	<EstimateCode>Honeywell_D17-80</EstimateCode>	</WaterPressureReducerSubType>
  <WaterPressureReducerSubType><SizeName>100</SizeName>	<DN>100</DN>	<kv>110.0</kv>	<EstimateCode>Honeywell_D17-100</EstimateCode>	</WaterPressureReducerSubType>
  <WaterPressureReducerSubType><SizeName>125</SizeName>	<DN>125</DN>	<kv>180.0</kv>	<EstimateCode>Honeywell_D17-125</EstimateCode>	</WaterPressureReducerSubType>
  <WaterPressureReducerSubType><SizeName>150</SizeName>	<DN>150</DN>	<kv>250.0</kv>	<EstimateCode>Honeywell_D17-150</EstimateCode>	</WaterPressureReducerSubType>
  <WaterPressureReducerSubType><SizeName>200</SizeName>	<DN>200</DN>	<kv>380.0</kv>	<EstimateCode>Honeywell_D17-200</EstimateCode>	</WaterPressureReducerSubType>
  
</WaterPressureReducerDBItem>                 


<WaterPressureReducerDBItem>
  <ItemHeader>
    <Date><Year>2015</Year><Month>9</Month><Day>10</Day></Date>
    <ItemPath>Honeywell</ItemPath>
    <ItemName>Honeywell D17N</ItemName>
    <HomePage></HomePage></ItemHeader>
    
  <NameBase>Honeywell D17N-%s</NameBase>
  <SpeedMax>2.0</SpeedMax>
  <InPressureMax>25.0</InPressureMax>
  <OutPressureMin>0.2</OutPressureMin>
  <OutPressureMax>2.0</OutPressureMax>

  <WaterPressureReducerSubType><SizeName>40</SizeName>	<DN> 40</DN>	<kv> 18.0</kv>	<EstimateCode>Honeywell_D17N-40</EstimateCode>	</WaterPressureReducerSubType>
  <WaterPressureReducerSubType><SizeName>50</SizeName>	<DN> 50</DN>	<kv> 28.0</kv>	<EstimateCode>Honeywell_D17N-50</EstimateCode>	</WaterPressureReducerSubType>
  <WaterPressureReducerSubType><SizeName>65</SizeName>	<DN> 65</DN>	<kv> 47.0</kv>	<EstimateCode>Honeywell_D17N-65</EstimateCode>	</WaterPressureReducerSubType>
  <WaterPressureReducerSubType><SizeName>80</SizeName>	<DN> 80</DN>	<kv> 70.0</kv>	<EstimateCode>Honeywell_D17N-80</EstimateCode>	</WaterPressureReducerSubType>
  <WaterPressureReducerSubType><SizeName>100</SizeName>	<DN>100</DN>	<kv>110.0</kv>	<EstimateCode>Honeywell_D17N-100</EstimateCode>	</WaterPressureReducerSubType>
  <WaterPressureReducerSubType><SizeName>125</SizeName>	<DN>125</DN>	<kv>180.0</kv>	<EstimateCode>Honeywell_D17N-125</EstimateCode>	</WaterPressureReducerSubType>
  <WaterPressureReducerSubType><SizeName>150</SizeName>	<DN>150</DN>	<kv>250.0</kv>	<EstimateCode>Honeywell_D17N-150</EstimateCode>	</WaterPressureReducerSubType>
  <WaterPressureReducerSubType><SizeName>200</SizeName>	<DN>200</DN>	<kv>380.0</kv>	<EstimateCode>Honeywell_D17N-200</EstimateCode>	</WaterPressureReducerSubType>
  
</WaterPressureReducerDBItem>                 


</WinWattDB>
