<?xml version="1.0" encoding="ISO-8859-2" ?>
<WinWattDB>

<WinWattDBGlobalMacro>

	<Macro ID="$laprad" Language="hun">laprad.</Macro>
	<Macro ID="$laprad" Language="sky">doskov� rad.</Macro>
	<Macro ID="$laprad" Language="rom">rad.plan.</Macro>

</WinWattDBGlobalMacro>

<WinWattDBRadiator DTLog="Yes">
  <ItemHeader Extinct="yes">
    <Date><Year>2004</Year><Month>8</Month><Day>23</Day></Date>
    <ItemPath>KERMI</ItemPath>
    <ItemName>KERMI PLAN-HYGIENE-K $laprad</ItemName>
    <HomePage></HomePage></ItemHeader>
  <DTOrigin>49.833</DTOrigin>
  <DimensionArray Type="Height" >
    <DimensionString Value="305" >305</DimensionString>
    <DimensionString Value="405" >405</DimensionString>
    <DimensionString Value="505" >505</DimensionString>
    <DimensionString Value="605" >605</DimensionString>
    <DimensionString Value="905" >905</DimensionString>
  </DimensionArray>
  <DimensionArray Type="Width" >
    <DimensionString Value="63" >10</DimensionString>
    <DimensionString Value="102" >20</DimensionString>
    <DimensionString Value="157" >30</DimensionString>
  </DimensionArray>
  <DimensionArray Type="Length" >
    <DimensionString Value="405" >405</DimensionString>
    <DimensionString Value="505" >505</DimensionString>
    <DimensionString Value="605" >605</DimensionString>
    <DimensionString Value="705" >705</DimensionString>
    <DimensionString Value="805" >805</DimensionString>
    <DimensionString Value="905" >905</DimensionString>
    <DimensionString Value="1005" >1005</DimensionString>
    <DimensionString Value="1105" >1105</DimensionString>
    <DimensionString Value="1205" >1205</DimensionString>
    <DimensionString Value="1305" >1305</DimensionString>
    <DimensionString Value="1405" >1405</DimensionString>
    <DimensionString Value="1605" >1605</DimensionString>
    <DimensionString Value="1805" >1805</DimensionString>
    <DimensionString Value="2005" >2005</DimensionString>
    <DimensionString Value="2305" >2305</DimensionString>
    <DimensionString Value="2605" >2605</DimensionString>
    <DimensionString Value="3005" >3005</DimensionString>
  </DimensionArray>
  <RadiatorMainType>	<MainTypeName>KERMI PLAN-HYGIENE-K 10-305-</MainTypeName>	<DimensionIndex>0</DimensionIndex>	<DimensionIndex>0</DimensionIndex>	<kvValue>2.9</kvValue>		<RadiatorSubTypeMacro From="0" To="16">	<Name>KERMI PLAN-HYGIENE-K 10-305-{S}</Name>	<Power>288</Power>	<Surface>0.6577</Surface>	<Volume>1.796</Volume>	<Exponent>1.292</Exponent>	<EstimateCode>KERMI_PLAN-HYGIENE-K_10-305-{S}</EstimateCode>	</RadiatorSubTypeMacro>	</RadiatorMainType>
  <RadiatorMainType>	<MainTypeName>KERMI PLAN-HYGIENE-K 20-305-</MainTypeName>	<DimensionIndex>0</DimensionIndex>	<DimensionIndex>1</DimensionIndex>	<kvValue>2.9</kvValue>		<RadiatorSubTypeMacro From="0" To="16">	<Name>KERMI PLAN-HYGIENE-K 20-305-{S}</Name>	<Power>538</Power>	<Surface>1.381</Surface>	<Volume>3.592</Volume>	<Exponent>1.286</Exponent>	<EstimateCode>KERMI_PLAN-HYGIENE-K_20-305-{S}</EstimateCode>	</RadiatorSubTypeMacro>	</RadiatorMainType>
  <RadiatorMainType>	<MainTypeName>KERMI PLAN-HYGIENE-K 30-305-</MainTypeName>	<DimensionIndex>0</DimensionIndex>	<DimensionIndex>2</DimensionIndex>	<kvValue>2.9</kvValue>		<RadiatorSubTypeMacro From="0" To="16">	<Name>KERMI PLAN-HYGIENE-K 30-305-{S}</Name>	<Power>776</Power>	<Surface>2.1</Surface>		<Volume>5.392</Volume>	<Exponent>1.283</Exponent>	<EstimateCode>KERMI_PLAN-HYGIENE-K_30-305-{S}</EstimateCode>	</RadiatorSubTypeMacro>	</RadiatorMainType>
  <RadiatorMainType>	<MainTypeName>KERMI PLAN-HYGIENE-K 10-405-</MainTypeName>	<DimensionIndex>1</DimensionIndex>	<DimensionIndex>0</DimensionIndex>	<kvValue>2.9</kvValue>		<RadiatorSubTypeMacro From="0" To="16">	<Name>KERMI PLAN-HYGIENE-K 10-405-{S}</Name>	<Power>369</Power>	<Surface>0.8654</Surface>	<Volume>2.246</Volume>	<Exponent>1.293</Exponent>	<EstimateCode>KERMI_PLAN-HYGIENE-K_10-405-{S}</EstimateCode>	</RadiatorSubTypeMacro>	</RadiatorMainType>
  <RadiatorMainType>	<MainTypeName>KERMI PLAN-HYGIENE-K 20-405-</MainTypeName>	<DimensionIndex>1</DimensionIndex>	<DimensionIndex>1</DimensionIndex>	<kvValue>2.9</kvValue>		<RadiatorSubTypeMacro From="0" To="16">	<Name>KERMI PLAN-HYGIENE-K 20-405-{S}</Name>	<Power>674</Power>	<Surface>1.792</Surface>	<Volume>4.492</Volume>	<Exponent>1.288</Exponent>	<EstimateCode>KERMI_PLAN-HYGIENE-K_20-405-{S}</EstimateCode>	</RadiatorSubTypeMacro>	</RadiatorMainType>
  <RadiatorMainType>	<MainTypeName>KERMI PLAN-HYGIENE-K 30-405-</MainTypeName>	<DimensionIndex>1</DimensionIndex>	<DimensionIndex>2</DimensionIndex>	<kvValue>2.9</kvValue>		<RadiatorSubTypeMacro From="0" To="16">	<Name>KERMI PLAN-HYGIENE-K 30-405-{S}</Name>	<Power>961</Power>	<Surface>2.723</Surface>	<Volume>6.715</Volume>	<Exponent>1.284</Exponent>	<EstimateCode>KERMI_PLAN-HYGIENE-K_30-405-{S}</EstimateCode>	</RadiatorSubTypeMacro>	</RadiatorMainType>
  <RadiatorMainType>	<MainTypeName>KERMI PLAN-HYGIENE-K 10-505-</MainTypeName>	<DimensionIndex>2</DimensionIndex>	<DimensionIndex>0</DimensionIndex>	<kvValue>2.9</kvValue>		<RadiatorSubTypeMacro From="0" To="16">	<Name>KERMI PLAN-HYGIENE-K 10-505-{S}</Name>	<Power>447</Power>	<Surface>1.077</Surface>	<Volume>2.696</Volume>	<Exponent>1.294</Exponent>	<EstimateCode>KERMI_PLAN-HYGIENE-K_10-505-{S}</EstimateCode>	</RadiatorSubTypeMacro>	</RadiatorMainType>
  <RadiatorMainType>	<MainTypeName>KERMI PLAN-HYGIENE-K 20-505-</MainTypeName>	<DimensionIndex>2</DimensionIndex>	<DimensionIndex>1</DimensionIndex>	<kvValue>2.9</kvValue>		<RadiatorSubTypeMacro From="0" To="16">	<Name>KERMI PLAN-HYGIENE-K 20-505-{S}</Name>	<Power>806</Power>	<Surface>2.231</Surface>	<Volume>5.392</Volume>	<Exponent>1.29</Exponent>	<EstimateCode>KERMI_PLAN-HYGIENE-K_20-505-{S}</EstimateCode>	</RadiatorSubTypeMacro>	</RadiatorMainType>
  <RadiatorMainType>	<MainTypeName>KERMI PLAN-HYGIENE-K 30-505-</MainTypeName>	<DimensionIndex>2</DimensionIndex>	<DimensionIndex>2</DimensionIndex>	<kvValue>2.9</kvValue>		<RadiatorSubTypeMacro From="0" To="16">	<Name>KERMI PLAN-HYGIENE-K 30-505-{S}</Name>	<Power>1141</Power>	<Surface>3.385</Surface>	<Volume>8.062</Volume>	<Exponent>1.285</Exponent>	<EstimateCode>KERMI_PLAN-HYGIENE-K_30-505-{S}</EstimateCode>	</RadiatorSubTypeMacro>	</RadiatorMainType>
  <RadiatorMainType>	<MainTypeName>KERMI PLAN-HYGIENE-K 10-605-</MainTypeName>	<DimensionIndex>3</DimensionIndex>	<DimensionIndex>0</DimensionIndex>	<kvValue>2.9</kvValue>		<RadiatorSubTypeMacro From="0" To="16">	<Name>KERMI PLAN-HYGIENE-K 10-605-{S}</Name>	<Power>524</Power>	<Surface>1.288</Surface>	<Volume>3.146</Volume>	<Exponent>1.295</Exponent>	<EstimateCode>KERMI_PLAN-HYGIENE-K_10-605-{S}</EstimateCode>	</RadiatorSubTypeMacro>	</RadiatorMainType>
  <RadiatorMainType>	<MainTypeName>KERMI PLAN-HYGIENE-K 20-605-</MainTypeName>	<DimensionIndex>3</DimensionIndex>	<DimensionIndex>1</DimensionIndex>	<kvValue>2.9</kvValue>		<RadiatorSubTypeMacro From="0" To="16">	<Name>KERMI PLAN-HYGIENE-K 20-605-{S}</Name>	<Power>937</Power>	<Surface>2.665</Surface>	<Volume>6.288</Volume>	<Exponent>1.281</Exponent>	<EstimateCode>KERMI_PLAN-HYGIENE-K_20-605-{S}</EstimateCode>	</RadiatorSubTypeMacro>	</RadiatorMainType>
  <RadiatorMainType>	<MainTypeName>KERMI PLAN-HYGIENE-K 30-605-</MainTypeName>	<DimensionIndex>3</DimensionIndex>	<DimensionIndex>2</DimensionIndex>	<kvValue>2.9</kvValue>		<RadiatorSubTypeMacro From="0" To="16">	<Name>KERMI PLAN-HYGIENE-K 30-605-{S}</Name>	<Power>1321</Power>	<Surface>4.042</Surface>	<Volume>9.427</Volume>	<Exponent>1.286</Exponent>	<EstimateCode>KERMI_PLAN-HYGIENE-K_30-605-{S}</EstimateCode>	</RadiatorSubTypeMacro>	</RadiatorMainType>
  <RadiatorMainType>	<MainTypeName>KERMI PLAN-HYGIENE-K 10-905-</MainTypeName>	<DimensionIndex>4</DimensionIndex>	<DimensionIndex>0</DimensionIndex>	<kvValue>2.9</kvValue>		<RadiatorSubTypeMacro From="0" To="16">	<Name>KERMI PLAN-HYGIENE-K 10-905-{S}</Name>	<Power>747</Power>	<Surface>1.931</Surface>	<Volume>4.492</Volume>	<Exponent>1.289</Exponent>	<EstimateCode>KERMI_PLAN-HYGIENE-K_10-905-{S}</EstimateCode>	</RadiatorSubTypeMacro>	</RadiatorMainType>
  <RadiatorMainType>	<MainTypeName>KERMI PLAN-HYGIENE-K 20-905-</MainTypeName>	<DimensionIndex>4</DimensionIndex>	<DimensionIndex>1</DimensionIndex>	<kvValue>2.9</kvValue>		<RadiatorSubTypeMacro From="0" To="16">	<Name>KERMI PLAN-HYGIENE-K 20-905-{S}</Name>	<Power>1328</Power>	<Surface>3.992</Surface>	<Volume>9.969</Volume>	<Exponent>1.298</Exponent>	<EstimateCode>KERMI_PLAN-HYGIENE-K_20-905-{S}</EstimateCode>	</RadiatorSubTypeMacro>	</RadiatorMainType>
  <RadiatorMainType>	<MainTypeName>KERMI PLAN-HYGIENE-K 30-905-</MainTypeName>	<DimensionIndex>4</DimensionIndex>	<DimensionIndex>2</DimensionIndex>	<kvValue>2.9</kvValue>		<RadiatorSubTypeMacro From="0" To="16">	<Name>KERMI PLAN-HYGIENE-K 30-905-{S}</Name>	<Power>1868</Power>	<Surface>6.058</Surface>	<Volume>13.45</Volume>	<Exponent>1.304</Exponent>	<EstimateCode>KERMI_PLAN-HYGIENE-K_30-905-{S}</EstimateCode>	</RadiatorSubTypeMacro>	</RadiatorMainType>
</WinWattDBRadiator>

</WinWattDB>
