<?xml version="1.0" encoding="ISO-8859-2" ?>
<WinWattDB>

<WinWattDBGlobalMacro>
	<Macro ID="$laprad1" Language="hun">Profillemezes lapradi�tor</Macro>
	<Macro ID="$laprad1" Language="rom">Radiator din tabla de otel profilat</Macro>
</WinWattDBGlobalMacro>

<WinWattDBRadiator DTLog="Yes">
  <ItemHeader>
    <Date><Year>2008</Year><Month>3</Month><Day>15</Day></Date>
    <ItemPath>KERMI</ItemPath>
    <ItemName>KERMI F K0 $laprad1</ItemName>
    <HomePage></HomePage></ItemHeader>
  <DTOrigin>49.833</DTOrigin>
  <DimensionArray Type="Height" >
    <DimensionString Value="300" >300</DimensionString>
    <DimensionString Value="400" >400</DimensionString>
    <DimensionString Value="500" >500</DimensionString>
    <DimensionString Value="600" >600</DimensionString>
    <DimensionString Value="900" >900</DimensionString>
  </DimensionArray>
  <DimensionArray Type="Width" >
    <DimensionString Value="61" >10</DimensionString>
    <DimensionString Value="61" >11</DimensionString>
    <DimensionString Value="64" >12</DimensionString>
    <DimensionString Value="100" >22</DimensionString>
    <DimensionString Value="155" >33</DimensionString>
  </DimensionArray>
  <DimensionArray Type="Length" >
    <DimensionString Value="400" >400</DimensionString>
    <DimensionString Value="500" >500</DimensionString>
    <DimensionString Value="600" >600</DimensionString>
    <DimensionString Value="700" >700</DimensionString>
    <DimensionString Value="800" >800</DimensionString>
    <DimensionString Value="900" >900</DimensionString>
    <DimensionString Value="1000" >1000</DimensionString>
    <DimensionString Value="1100" >1100</DimensionString>
    <DimensionString Value="1200" >1200</DimensionString>
    <DimensionString Value="1300" >1300</DimensionString>
    <DimensionString Value="1400" >1400</DimensionString>
    <DimensionString Value="1600" >1600</DimensionString>
    <DimensionString Value="1800" >1800</DimensionString>
    <DimensionString Value="2000" >2000</DimensionString>
    <DimensionString Value="2300" >2300</DimensionString>
    <DimensionString Value="2600" >2600</DimensionString>
    <DimensionString Value="3000" >3000</DimensionString>
  </DimensionArray>
  <RadiatorMainType>	<MainTypeName>KERMI F K0 10-300-</MainTypeName>	<DimensionIndex>0</DimensionIndex>	<DimensionIndex>0</DimensionIndex>	<kvValue>2.9</kvValue>		<RadiatorSubTypeMacro From="0" To="16">	<Name>KERMI F K0 10-300-{S}</Name>	<Power>335</Power>	<Surface>0.7154</Surface>	<Volume>1.8</Volume>	<Exponent>1.236</Exponent>	<EstimateCode>KERMI_F K0_10-300-{S}</EstimateCode>	</RadiatorSubTypeMacro>	</RadiatorMainType>
  <RadiatorMainType>	<MainTypeName>KERMI F K0 11-300-</MainTypeName>	<DimensionIndex>0</DimensionIndex>	<DimensionIndex>1</DimensionIndex>	<kvValue>2.9</kvValue>		<RadiatorSubTypeMacro From="0" To="16">	<Name>KERMI F K0 11-300-{S}</Name>	<Power>551</Power>	<Surface>2.362</Surface>	<Volume>1.8</Volume>	<Exponent>1.22</Exponent>	<EstimateCode>KERMI_F K0_11-300-{S}</EstimateCode>	</RadiatorSubTypeMacro>	</RadiatorMainType>
  <RadiatorMainType>	<MainTypeName>KERMI F K0 12-300-</MainTypeName>	<DimensionIndex>0</DimensionIndex>	<DimensionIndex>2</DimensionIndex>	<kvValue>2.9</kvValue>		<RadiatorSubTypeMacro From="0" To="16">	<Name>KERMI F K0 12-300-{S}</Name>	<Power>720</Power>	<Surface>2.558</Surface>	<Volume>3.6</Volume>	<Exponent>1.273</Exponent>	<EstimateCode>KERMI_F K0_12-300-{S}</EstimateCode>	</RadiatorSubTypeMacro>	</RadiatorMainType>
  <RadiatorMainType>	<MainTypeName>KERMI F K0 22-300-</MainTypeName>	<DimensionIndex>0</DimensionIndex>	<DimensionIndex>3</DimensionIndex>	<kvValue>2.9</kvValue>		<RadiatorSubTypeMacro From="0" To="16">	<Name>KERMI F K0 22-300-{S}</Name>	<Power>959</Power>	<Surface>3.619</Surface>	<Volume>3.6</Volume>	<Exponent>1.278</Exponent>	<EstimateCode>KERMI_F K0_22-300-{S}</EstimateCode>	</RadiatorSubTypeMacro>	</RadiatorMainType>
  <RadiatorMainType>	<MainTypeName>KERMI F K0 33-300-</MainTypeName>	<DimensionIndex>0</DimensionIndex>	<DimensionIndex>4</DimensionIndex>	<kvValue>2.9</kvValue>		<RadiatorSubTypeMacro From="0" To="16">	<Name>KERMI F K0 33-300-{S}</Name>	<Power>1381</Power>	<Surface>5.435</Surface>	<Volume>5.4</Volume>	<Exponent>1.284</Exponent>	<EstimateCode>KERMI_F K0_33-300-{S}</EstimateCode>	</RadiatorSubTypeMacro>	</RadiatorMainType>
  <RadiatorMainType>	<MainTypeName>KERMI F K0 10-400-</MainTypeName>	<DimensionIndex>1</DimensionIndex>	<DimensionIndex>0</DimensionIndex>	<kvValue>2.9</kvValue>		<RadiatorSubTypeMacro From="0" To="16">	<Name>KERMI F K0 10-400-{S}</Name>	<Power>425</Power>	<Surface>0.95</Surface>		<Volume>2.25</Volume>	<Exponent>1.255</Exponent>	<EstimateCode>KERMI_F K0_10-400-{S}</EstimateCode>	</RadiatorSubTypeMacro>	</RadiatorMainType>
  <RadiatorMainType>	<MainTypeName>KERMI F K0 11-400-</MainTypeName>	<DimensionIndex>1</DimensionIndex>	<DimensionIndex>1</DimensionIndex>	<kvValue>2.9</kvValue>		<RadiatorSubTypeMacro From="0" To="16">	<Name>KERMI F K0 11-400-{S}</Name>	<Power>697</Power>	<Surface>3.242</Surface>	<Volume>2.25</Volume>	<Exponent>1.237</Exponent>	<EstimateCode>KERMI_F K0_11-400-{S}</EstimateCode>	</RadiatorSubTypeMacro>	</RadiatorMainType>
  <RadiatorMainType>	<MainTypeName>KERMI F K0 12-400-</MainTypeName>	<DimensionIndex>1</DimensionIndex>	<DimensionIndex>2</DimensionIndex>	<kvValue>2.9</kvValue>		<RadiatorSubTypeMacro From="0" To="16">	<Name>KERMI F K0 12-400-{S}</Name>	<Power>894</Power>	<Surface>3.427</Surface>	<Volume>4.5</Volume>	<Exponent>1.281</Exponent>	<EstimateCode>KERMI_F K0_12-400-{S}</EstimateCode>	</RadiatorSubTypeMacro>	</RadiatorMainType>
  <RadiatorMainType>	<MainTypeName>KERMI F K0 22-400-</MainTypeName>	<DimensionIndex>1</DimensionIndex>	<DimensionIndex>3</DimensionIndex>	<kvValue>2.9</kvValue>		<RadiatorSubTypeMacro From="0" To="16">	<Name>KERMI F K0 22-400-{S}</Name>	<Power>1207</Power>	<Surface>4.938</Surface>	<Volume>4.5</Volume>	<Exponent>1.283</Exponent>	<EstimateCode>KERMI_F K0_22-400-{S}</EstimateCode>	</RadiatorSubTypeMacro>	</RadiatorMainType>
  <RadiatorMainType>	<MainTypeName>KERMI F K0 33-400-</MainTypeName>	<DimensionIndex>1</DimensionIndex>	<DimensionIndex>4</DimensionIndex>	<kvValue>2.9</kvValue>		<RadiatorSubTypeMacro From="0" To="16">	<Name>KERMI F K0 33-400-{S}</Name>	<Power>1744</Power>	<Surface>7.408</Surface>	<Volume>6.746</Volume>	<Exponent>1.29</Exponent>	<EstimateCode>KERMI_F K0_33-400-{S}</EstimateCode>	</RadiatorSubTypeMacro>	</RadiatorMainType>
  <RadiatorMainType>	<MainTypeName>KERMI F K0 10-500-</MainTypeName>	<DimensionIndex>2</DimensionIndex>	<DimensionIndex>0</DimensionIndex>	<kvValue>2.9</kvValue>		<RadiatorSubTypeMacro From="0" To="16">	<Name>KERMI F K0 10-500-{S}</Name>	<Power>514</Power>	<Surface>1.158</Surface>	<Volume>2.7</Volume>	<Exponent>1.274</Exponent>	<EstimateCode>KERMI_F K0_10-500-{S}</EstimateCode>	</RadiatorSubTypeMacro>	</RadiatorMainType>
  <RadiatorMainType>	<MainTypeName>KERMI F K0 11-500-</MainTypeName>	<DimensionIndex>2</DimensionIndex>	<DimensionIndex>1</DimensionIndex>	<kvValue>2.9</kvValue>		<RadiatorSubTypeMacro From="0" To="16">	<Name>KERMI F K0 11-500-{S}</Name>	<Power>840</Power>	<Surface>4.123</Surface>	<Volume>2.7</Volume>	<Exponent>1.255</Exponent>	<EstimateCode>KERMI_F K0_11-500-{S}</EstimateCode>	</RadiatorSubTypeMacro>	</RadiatorMainType>
  <RadiatorMainType>	<MainTypeName>KERMI F K0 12-500-</MainTypeName>	<DimensionIndex>2</DimensionIndex>	<DimensionIndex>2</DimensionIndex>	<kvValue>2.9</kvValue>		<RadiatorSubTypeMacro From="0" To="16">	<Name>KERMI F K0 12-500-{S}</Name>	<Power>1063</Power>	<Surface>4.288</Surface>	<Volume>5.4</Volume>	<Exponent>1.289</Exponent>	<EstimateCode>KERMI_F K0_12-500-{S}</EstimateCode>	</RadiatorSubTypeMacro>	</RadiatorMainType>
  <RadiatorMainType>	<MainTypeName>KERMI F K0 22-500-</MainTypeName>	<DimensionIndex>2</DimensionIndex>	<DimensionIndex>3</DimensionIndex>	<kvValue>2.9</kvValue>		<RadiatorSubTypeMacro From="0" To="16">	<Name>KERMI F K0 22-500-{S}</Name>	<Power>1441</Power>	<Surface>6.258</Surface>	<Volume>5.4</Volume>	<Exponent>1.288</Exponent>	<EstimateCode>KERMI_F K0_22-500-{S}</EstimateCode>	</RadiatorSubTypeMacro>	</RadiatorMainType>
  <RadiatorMainType>	<MainTypeName>KERMI F K0 33-500-</MainTypeName>	<DimensionIndex>2</DimensionIndex>	<DimensionIndex>4</DimensionIndex>	<kvValue>2.9</kvValue>		<RadiatorSubTypeMacro From="0" To="16">	<Name>KERMI F K0 33-500-{S}</Name>	<Power>2081</Power>	<Surface>9.388</Surface>	<Volume>8.1</Volume>	<Exponent>1.296</Exponent>	<EstimateCode>KERMI_F K0_33-500-{S}</EstimateCode>	</RadiatorSubTypeMacro>	</RadiatorMainType>
  <RadiatorMainType>	<MainTypeName>KERMI F K0 10-600-</MainTypeName>	<DimensionIndex>3</DimensionIndex>	<DimensionIndex>0</DimensionIndex>	<kvValue>2.9</kvValue>		<RadiatorSubTypeMacro From="0" To="16">	<Name>KERMI F K0 10-600-{S}</Name>	<Power>602</Power>	<Surface>1.385</Surface>	<Volume>3.15</Volume>	<Exponent>1.293</Exponent>	<EstimateCode>KERMI_F K0_10-600-{S}</EstimateCode>	</RadiatorSubTypeMacro>	</RadiatorMainType>
  <RadiatorMainType>	<MainTypeName>KERMI F K0 11-600-</MainTypeName>	<DimensionIndex>3</DimensionIndex>	<DimensionIndex>1</DimensionIndex>	<kvValue>2.9</kvValue>		<RadiatorSubTypeMacro From="0" To="16">	<Name>KERMI F K0 11-600-{S}</Name>	<Power>979</Power>	<Surface>4.996</Surface>	<Volume>3.15</Volume>	<Exponent>1.272</Exponent>	<EstimateCode>KERMI_F K0_11-600-{S}</EstimateCode>	</RadiatorSubTypeMacro>	</RadiatorMainType>
  <RadiatorMainType>	<MainTypeName>KERMI F K0 12-600-</MainTypeName>	<DimensionIndex>3</DimensionIndex>	<DimensionIndex>2</DimensionIndex>	<kvValue>2.9</kvValue>		<RadiatorSubTypeMacro From="0" To="16">	<Name>KERMI F K0 12-600-{S}</Name>	<Power>1229</Power>	<Surface>5.173</Surface>	<Volume>6.3</Volume>	<Exponent>1.297</Exponent>	<EstimateCode>KERMI_F K0_12-600-{S}</EstimateCode>	</RadiatorSubTypeMacro>	</RadiatorMainType>
  <RadiatorMainType>	<MainTypeName>KERMI F K0 22-600-</MainTypeName>	<DimensionIndex>3</DimensionIndex>	<DimensionIndex>3</DimensionIndex>	<kvValue>2.9</kvValue>		<RadiatorSubTypeMacro From="0" To="16">	<Name>KERMI F K0 22-600-{S}</Name>	<Power>1666</Power>	<Surface>7.573</Surface>	<Volume>6.3</Volume>	<Exponent>1.293</Exponent>	<EstimateCode>KERMI_F K0_22-600-{S}</EstimateCode>	</RadiatorSubTypeMacro>	</RadiatorMainType>
  <RadiatorMainType>	<MainTypeName>KERMI F K0 33-600-</MainTypeName>	<DimensionIndex>3</DimensionIndex>	<DimensionIndex>4</DimensionIndex>	<kvValue>2.9</kvValue>		<RadiatorSubTypeMacro From="0" To="16">	<Name>KERMI F K0 33-600-{S}</Name>	<Power>2394</Power>	<Surface>11.36</Surface>	<Volume>9.45</Volume>	<Exponent>1.302</Exponent>	<EstimateCode>KERMI_F K0_33-600-{S}</EstimateCode>	</RadiatorSubTypeMacro>	</RadiatorMainType>
  <RadiatorMainType>	<MainTypeName>KERMI F K0 10-900-</MainTypeName>	<DimensionIndex>4</DimensionIndex>	<DimensionIndex>0</DimensionIndex>	<kvValue>2.9</kvValue>		<RadiatorSubTypeMacro From="0" To="16">	<Name>KERMI F K0 10-900-{S}</Name>	<Power>872</Power>	<Surface>2.062</Surface>	<Volume>4.5</Volume>	<Exponent>1.293</Exponent>	<EstimateCode>KERMI_F K0_10-900-{S}</EstimateCode>	</RadiatorSubTypeMacro>	</RadiatorMainType>
  <RadiatorMainType>	<MainTypeName>KERMI F K0 11-900-</MainTypeName>	<DimensionIndex>4</DimensionIndex>	<DimensionIndex>1</DimensionIndex>	<kvValue>2.9</kvValue>		<RadiatorSubTypeMacro From="0" To="16">	<Name>KERMI F K0 11-900-{S}</Name>	<Power>1390</Power>	<Surface>7.635</Surface>	<Volume>4.5</Volume>	<Exponent>1.304</Exponent>	<EstimateCode>KERMI_F K0_11-900-{S}</EstimateCode>	</RadiatorSubTypeMacro>	</RadiatorMainType>
  <RadiatorMainType>	<MainTypeName>KERMI F K0 12-900-</MainTypeName>	<DimensionIndex>4</DimensionIndex>	<DimensionIndex>2</DimensionIndex>	<kvValue>2.9</kvValue>		<RadiatorSubTypeMacro From="0" To="16">	<Name>KERMI F K0 12-900-{S}</Name>	<Power>1723</Power>	<Surface>7.762</Surface>	<Volume>9</Volume>	<Exponent>1.334</Exponent>	<EstimateCode>KERMI_F K0_12-900-{S}</EstimateCode>	</RadiatorSubTypeMacro>	</RadiatorMainType>
  <RadiatorMainType>	<MainTypeName>KERMI F K0 22-900-</MainTypeName>	<DimensionIndex>4</DimensionIndex>	<DimensionIndex>3</DimensionIndex>	<kvValue>2.9</kvValue>		<RadiatorSubTypeMacro From="0" To="16">	<Name>KERMI F K0 22-900-{S}</Name>	<Power>2295</Power>	<Surface>11.5</Surface>		<Volume>9</Volume>	<Exponent>1.307</Exponent>	<EstimateCode>KERMI_F K0_22-900-{S}</EstimateCode>	</RadiatorSubTypeMacro>	</RadiatorMainType>
  <RadiatorMainType>	<MainTypeName>KERMI F K0 33-900-</MainTypeName>	<DimensionIndex>4</DimensionIndex>	<DimensionIndex>4</DimensionIndex>	<kvValue>2.9</kvValue>		<RadiatorSubTypeMacro From="0" To="16">	<Name>KERMI F K0 33-900-{S}</Name>	<Power>3214</Power>	<Surface>17.25</Surface>	<Volume>13.5</Volume>	<Exponent>1.329</Exponent>	<EstimateCode>KERMI_F K0_33-900-{S}</EstimateCode>	</RadiatorSubTypeMacro>	</RadiatorMainType>
</WinWattDBRadiator>

</WinWattDB>
