<?xml version="1.0" encoding="ISO-8859-2" ?>
<WinWattDB>

<WinWattDBGlobalMacro>
	<Macro ID="$siklem_kompakt" Language="hun">S�klemezes kompakt lapradi�tor</Macro>
	<Macro ID="$siklem_kompakt" Language="rom">Radiator compact plan </Macro>
</WinWattDBGlobalMacro>

<WinWattDBRadiator DTLog="Yes">
  <ItemHeader>
    <Date><Year>2008</Year><Month>4</Month><Day>15</Day></Date>
    <ItemPath>KERMI</ItemPath>
    <ItemName>KERMI P K0 $siklem_kompakt</ItemName>
    <HomePage></HomePage></ItemHeader>
  <DTOrigin>49.833</DTOrigin>
  <DimensionArray Type="Height" >
    <DimensionString Value="305" >305</DimensionString>
    <DimensionString Value="405" >405</DimensionString>
    <DimensionString Value="505" >505</DimensionString>
    <DimensionString Value="605" >605</DimensionString>
    <DimensionString Value="905" >905</DimensionString>
  </DimensionArray>
  <DimensionArray Type="Width" >
    <DimensionString Value="63" >10</DimensionString>
    <DimensionString Value="63" >11</DimensionString>
    <DimensionString Value="66" >12</DimensionString>
    <DimensionString Value="102" >22</DimensionString>
    <DimensionString Value="157" >33</DimensionString>
  </DimensionArray>
  <DimensionArray Type="Length" >
    <DimensionString Value="405" >405</DimensionString>
    <DimensionString Value="505" >505</DimensionString>
    <DimensionString Value="605" >605</DimensionString>
    <DimensionString Value="705" >705</DimensionString>
    <DimensionString Value="805" >805</DimensionString>
    <DimensionString Value="905" >905</DimensionString>
    <DimensionString Value="1005" >1005</DimensionString>
    <DimensionString Value="1105" >1105</DimensionString>
    <DimensionString Value="1205" >1205</DimensionString>
    <DimensionString Value="1305" >1305</DimensionString>
    <DimensionString Value="1405" >1405</DimensionString>
    <DimensionString Value="1605" >1605</DimensionString>
    <DimensionString Value="1805" >1805</DimensionString>
    <DimensionString Value="2005" >2005</DimensionString>
    <DimensionString Value="2305" >2305</DimensionString>
    <DimensionString Value="2605" >2605</DimensionString>
    <DimensionString Value="3005" >3005</DimensionString>
  </DimensionArray>
  <RadiatorMainType>	<MainTypeName>KERMI P K0 10-305-</MainTypeName>	<DimensionIndex>0</DimensionIndex>	<DimensionIndex>0</DimensionIndex>	<kvValue>2.9</kvValue>		<RadiatorSubTypeMacro From="0" To="16">	<Name>KERMI P K0 10-305-{S}</Name>	<Power>288</Power>	<Surface>0.6577</Surface>	<Volume>1.796</Volume>	<Exponent>1.292</Exponent>	<EstimateCode>KERMI_P K0_10-305-{S}</EstimateCode>	</RadiatorSubTypeMacro>	</RadiatorMainType>
  <RadiatorMainType>	<MainTypeName>KERMI P K0 11-305-</MainTypeName>	<DimensionIndex>0</DimensionIndex>	<DimensionIndex>1</DimensionIndex>	<kvValue>2.9</kvValue>		<RadiatorSubTypeMacro From="0" To="16">	<Name>KERMI P K0 11-305-{S}</Name>	<Power>487</Power>	<Surface>2.3</Surface>		<Volume>1.796</Volume>	<Exponent>1.277</Exponent>	<EstimateCode>KERMI_P K0_11-305-{S}</EstimateCode>	</RadiatorSubTypeMacro>	</RadiatorMainType>
  <RadiatorMainType>	<MainTypeName>KERMI P K0 12-305-</MainTypeName>	<DimensionIndex>0</DimensionIndex>	<DimensionIndex>2</DimensionIndex>	<kvValue>2.9</kvValue>		<RadiatorSubTypeMacro From="0" To="16">	<Name>KERMI P K0 12-305-{S}</Name>	<Power>657</Power>	<Surface>2.488</Surface>	<Volume>3.592</Volume>	<Exponent>1.313</Exponent>	<EstimateCode>KERMI_P K0_12-305-{S}</EstimateCode>	</RadiatorSubTypeMacro>	</RadiatorMainType>
  <RadiatorMainType>	<MainTypeName>KERMI P K0 22-305-</MainTypeName>	<DimensionIndex>0</DimensionIndex>	<DimensionIndex>3</DimensionIndex>	<kvValue>2.9</kvValue>		<RadiatorSubTypeMacro From="0" To="16">	<Name>KERMI P K0 22-305-{S}</Name>	<Power>902</Power>	<Surface>3.554</Surface>	<Volume>3.592</Volume>	<Exponent>1.306</Exponent>	<EstimateCode>KERMI_P K0_22-305-{S}</EstimateCode>	</RadiatorSubTypeMacro>	</RadiatorMainType>
  <RadiatorMainType>	<MainTypeName>KERMI P K0 33-305-</MainTypeName>	<DimensionIndex>0</DimensionIndex>	<DimensionIndex>4</DimensionIndex>	<kvValue>2.9</kvValue>		<RadiatorSubTypeMacro From="0" To="16">	<Name>KERMI P K0 33-305-{S}</Name>	<Power>1299</Power>	<Surface>5.365</Surface>	<Volume>5.392</Volume>	<Exponent>1.286</Exponent>	<EstimateCode>KERMI_P K0_33-305-{S}</EstimateCode>	</RadiatorSubTypeMacro>	</RadiatorMainType>
  <RadiatorMainType>	<MainTypeName>KERMI P K0 10-405-</MainTypeName>	<DimensionIndex>1</DimensionIndex>	<DimensionIndex>0</DimensionIndex>	<kvValue>2.9</kvValue>		<RadiatorSubTypeMacro From="0" To="16">	<Name>KERMI P K0 10-405-{S}</Name>	<Power>369</Power>	<Surface>0.8654</Surface>	<Volume>2.246</Volume>	<Exponent>1.293</Exponent>	<EstimateCode>KERMI_P K0_10-405-{S}</EstimateCode>	</RadiatorSubTypeMacro>	</RadiatorMainType>
  <RadiatorMainType>	<MainTypeName>KERMI P K0 11-405-</MainTypeName>	<DimensionIndex>1</DimensionIndex>	<DimensionIndex>1</DimensionIndex>	<kvValue>2.9</kvValue>		<RadiatorSubTypeMacro From="0" To="16">	<Name>KERMI P K0 11-405-{S}</Name>	<Power>619</Power>	<Surface>3.185</Surface>	<Volume>2.246</Volume>	<Exponent>1.278</Exponent>	<EstimateCode>KERMI_P K0_11-405-{S}</EstimateCode>	</RadiatorSubTypeMacro>	</RadiatorMainType>
  <RadiatorMainType>	<MainTypeName>KERMI P K0 12-405-</MainTypeName>	<DimensionIndex>1</DimensionIndex>	<DimensionIndex>2</DimensionIndex>	<kvValue>2.9</kvValue>		<RadiatorSubTypeMacro From="0" To="16">	<Name>KERMI P K0 12-405-{S}</Name>	<Power>805</Power>	<Surface>3.327</Surface>	<Volume>4.492</Volume>	<Exponent>1.319</Exponent>	<EstimateCode>KERMI_P K0_12-405-{S}</EstimateCode>	</RadiatorSubTypeMacro>	</RadiatorMainType>
  <RadiatorMainType>	<MainTypeName>KERMI P K0 22-405-</MainTypeName>	<DimensionIndex>1</DimensionIndex>	<DimensionIndex>3</DimensionIndex>	<kvValue>2.9</kvValue>		<RadiatorSubTypeMacro From="0" To="16">	<Name>KERMI P K0 22-405-{S}</Name>	<Power>1125</Power>	<Surface>4.865</Surface>	<Volume>4.492</Volume>	<Exponent>1.31</Exponent>	<EstimateCode>KERMI_P K0_22-405-{S}</EstimateCode>	</RadiatorSubTypeMacro>	</RadiatorMainType>
  <RadiatorMainType>	<MainTypeName>KERMI P K0 33-405-</MainTypeName>	<DimensionIndex>1</DimensionIndex>	<DimensionIndex>4</DimensionIndex>	<kvValue>2.9</kvValue>		<RadiatorSubTypeMacro From="0" To="16">	<Name>KERMI P K0 33-405-{S}</Name>	<Power>1602</Power>	<Surface>7.327</Surface>	<Volume>6.735</Volume>	<Exponent>1.294</Exponent>	<EstimateCode>KERMI_P K0_33-405-{S}</EstimateCode>	</RadiatorSubTypeMacro>	</RadiatorMainType>
  <RadiatorMainType>	<MainTypeName>KERMI P K0 10-505-</MainTypeName>	<DimensionIndex>2</DimensionIndex>	<DimensionIndex>0</DimensionIndex>	<kvValue>2.9</kvValue>		<RadiatorSubTypeMacro From="0" To="16">	<Name>KERMI P K0 10-505-{S}</Name>	<Power>447</Power>	<Surface>1.077</Surface>	<Volume>2.696</Volume>	<Exponent>1.294</Exponent>	<EstimateCode>KERMI_P K0_10-505-{S}</EstimateCode>	</RadiatorSubTypeMacro>	</RadiatorMainType>
  <RadiatorMainType>	<MainTypeName>KERMI P K0 11-505-</MainTypeName>	<DimensionIndex>2</DimensionIndex>	<DimensionIndex>1</DimensionIndex>	<kvValue>2.9</kvValue>		<RadiatorSubTypeMacro From="0" To="16">	<Name>KERMI P K0 11-505-{S}</Name>	<Power>749</Power>	<Surface>4.038</Surface>	<Volume>2.696</Volume>	<Exponent>1.281</Exponent>	<EstimateCode>KERMI_P K0_11-505-{S}</EstimateCode>	</RadiatorSubTypeMacro>	</RadiatorMainType>
  <RadiatorMainType>	<MainTypeName>KERMI P K0 12-505-</MainTypeName>	<DimensionIndex>2</DimensionIndex>	<DimensionIndex>2</DimensionIndex>	<kvValue>2.9</kvValue>		<RadiatorSubTypeMacro From="0" To="16">	<Name>KERMI P K0 12-505-{S}</Name>	<Power>954</Power>	<Surface>4.196</Surface>	<Volume>5.392</Volume>	<Exponent>1.327</Exponent>	<EstimateCode>KERMI_P K0_12-505-{S}</EstimateCode>	</RadiatorSubTypeMacro>	</RadiatorMainType>
  <RadiatorMainType>	<MainTypeName>KERMI P K0 22-505-</MainTypeName>	<DimensionIndex>2</DimensionIndex>	<DimensionIndex>3</DimensionIndex>	<kvValue>2.9</kvValue>		<RadiatorSubTypeMacro From="0" To="16">	<Name>KERMI P K0 22-505-{S}</Name>	<Power>1339</Power>	<Surface>6.169</Surface>	<Volume>5.392</Volume>	<Exponent>1.315</Exponent>	<EstimateCode>KERMI_P K0_22-505-{S}</EstimateCode>	</RadiatorSubTypeMacro>	</RadiatorMainType>
  <RadiatorMainType>	<MainTypeName>KERMI P K0 33-505-</MainTypeName>	<DimensionIndex>2</DimensionIndex>	<DimensionIndex>4</DimensionIndex>	<kvValue>2.9</kvValue>		<RadiatorSubTypeMacro From="0" To="16">	<Name>KERMI P K0 33-505-{S}</Name>	<Power>1901</Power>	<Surface>9.288</Surface>	<Volume>8.085</Volume>	<Exponent>1.303</Exponent>	<EstimateCode>KERMI_P K0_33-505-{S}</EstimateCode>	</RadiatorSubTypeMacro>	</RadiatorMainType>
  <RadiatorMainType>	<MainTypeName>KERMI P K0 10-605-</MainTypeName>	<DimensionIndex>3</DimensionIndex>	<DimensionIndex>0</DimensionIndex>	<kvValue>2.9</kvValue>		<RadiatorSubTypeMacro From="0" To="16">	<Name>KERMI P K0 10-605-{S}</Name>	<Power>524</Power>	<Surface>1.288</Surface>	<Volume>3.146</Volume>	<Exponent>1.295</Exponent>	<EstimateCode>KERMI_P K0_10-605-{S}</EstimateCode>	</RadiatorSubTypeMacro>	</RadiatorMainType>
  <RadiatorMainType>	<MainTypeName>KERMI P K0 11-605-</MainTypeName>	<DimensionIndex>3</DimensionIndex>	<DimensionIndex>1</DimensionIndex>	<kvValue>2.9</kvValue>		<RadiatorSubTypeMacro From="0" To="16">	<Name>KERMI P K0 11-605-{S}</Name>	<Power>878</Power>	<Surface>4.9</Surface>		<Volume>3.146</Volume>	<Exponent>1.282</Exponent>	<EstimateCode>KERMI_P K0_11-605-{S}</EstimateCode>	</RadiatorSubTypeMacro>	</RadiatorMainType>
  <RadiatorMainType>	<MainTypeName>KERMI P K0 12-605-</MainTypeName>	<DimensionIndex>3</DimensionIndex>	<DimensionIndex>2</DimensionIndex>	<kvValue>2.9</kvValue>		<RadiatorSubTypeMacro From="0" To="16">	<Name>KERMI P K0 12-605-{S}</Name>	<Power>1106</Power>	<Surface>5.073</Surface>	<Volume>6.288</Volume>	<Exponent>1.334</Exponent>	<EstimateCode>KERMI_P K0_12-605-{S}</EstimateCode>	</RadiatorSubTypeMacro>	</RadiatorMainType>
  <RadiatorMainType>	<MainTypeName>KERMI P K0 22-605-</MainTypeName>	<DimensionIndex>3</DimensionIndex>	<DimensionIndex>3</DimensionIndex>	<kvValue>2.9</kvValue>		<RadiatorSubTypeMacro From="0" To="16">	<Name>KERMI P K0 22-605-{S}</Name>	<Power>1549</Power>	<Surface>7.473</Surface>	<Volume>6.288</Volume>	<Exponent>1.319</Exponent>	<EstimateCode>KERMI_P K0_22-605-{S}</EstimateCode>	</RadiatorSubTypeMacro>	</RadiatorMainType>
  <RadiatorMainType>	<MainTypeName>KERMI P K0 33-605-</MainTypeName>	<DimensionIndex>3</DimensionIndex>	<DimensionIndex>4</DimensionIndex>	<kvValue>2.9</kvValue>		<RadiatorSubTypeMacro From="0" To="16">	<Name>KERMI P K0 33-605-{S}</Name>	<Power>2201</Power>	<Surface>11.25</Surface>	<Volume>9.435</Volume>	<Exponent>1.311</Exponent>	<EstimateCode>KERMI_P K0_33-605-{S}</EstimateCode>	</RadiatorSubTypeMacro>	</RadiatorMainType>
  <RadiatorMainType>	<MainTypeName>KERMI P K0 10-905-</MainTypeName>	<DimensionIndex>4</DimensionIndex>	<DimensionIndex>0</DimensionIndex>	<kvValue>2.9</kvValue>		<RadiatorSubTypeMacro From="0" To="16">	<Name>KERMI P K0 10-905-{S}</Name>	<Power>747</Power>	<Surface>1.931</Surface>	<Volume>4.492</Volume>	<Exponent>1.289</Exponent>	<EstimateCode>KERMI_P K0_10-905-{S}</EstimateCode>	</RadiatorSubTypeMacro>	</RadiatorMainType>
  <RadiatorMainType>	<MainTypeName>KERMI P K0 11-905-</MainTypeName>	<DimensionIndex>4</DimensionIndex>	<DimensionIndex>1</DimensionIndex>	<kvValue>2.9</kvValue>		<RadiatorSubTypeMacro From="0" To="16">	<Name>KERMI P K0 11-905-{S}</Name>	<Power>1265</Power>	<Surface>7.488</Surface>	<Volume>4.492</Volume>	<Exponent>1.287</Exponent>	<EstimateCode>KERMI_P K0_11-905-{S}</EstimateCode>	</RadiatorSubTypeMacro>	</RadiatorMainType>
  <RadiatorMainType>	<MainTypeName>KERMI P K0 12-905-</MainTypeName>	<DimensionIndex>4</DimensionIndex>	<DimensionIndex>2</DimensionIndex>	<kvValue>2.9</kvValue>		<RadiatorSubTypeMacro From="0" To="16">	<Name>KERMI P K0 12-905-{S}</Name>	<Power>1599</Power>	<Surface>7.669</Surface>	<Volume>8.985</Volume>	<Exponent>1.338</Exponent>	<EstimateCode>KERMI_P K0_12-905-{S}</EstimateCode>	</RadiatorSubTypeMacro>	</RadiatorMainType>
  <RadiatorMainType>	<MainTypeName>KERMI P K0 22-905-</MainTypeName>	<DimensionIndex>4</DimensionIndex>	<DimensionIndex>3</DimensionIndex>	<kvValue>2.9</kvValue>		<RadiatorSubTypeMacro From="0" To="16">	<Name>KERMI P K0 22-905-{S}</Name>	<Power>2164</Power>	<Surface>11.37</Surface>	<Volume>8.985</Volume>	<Exponent>1.333</Exponent>	<EstimateCode>KERMI_P K0_22-905-{S}</EstimateCode>	</RadiatorSubTypeMacro>	</RadiatorMainType>
  <RadiatorMainType>	<MainTypeName>KERMI P K0 33-905-</MainTypeName>	<DimensionIndex>4</DimensionIndex>	<DimensionIndex>4</DimensionIndex>	<kvValue>2.9</kvValue>		<RadiatorSubTypeMacro From="0" To="16">	<Name>KERMI P K0 33-905-{S}</Name>	<Power>3140</Power>	<Surface>17.14</Surface>	<Volume>13.48</Volume>	<Exponent>1.335</Exponent>	<EstimateCode>KERMI_P K0_33-905-{S}</EstimateCode>	</RadiatorSubTypeMacro>	</RadiatorMainType>
</WinWattDBRadiator>

</WinWattDB>
