<?xml version="1.0" encoding="utf-8"?>
<WinWatt32Project Type="NativeExport"><WinWatt32Material Type="LambdaTempCorrection"><ItemHeader><ItemName>Ásványgyapot</ItemName><ItemPath>Lambda hőmérséklet korrekció</ItemPath><ID>1388</ID></ItemHeader><LambdaTempCorrection Name="paplan, 0,035 W/mK">0.0046</LambdaTempCorrection><LambdaTempCorrection Name="paplan, 0,040 W/mK">0.0056</LambdaTempCorrection><LambdaTempCorrection Name="paplan, 0,045 W/mK">0.0062</LambdaTempCorrection><LambdaTempCorrection Name="paplan, 0,050 W/mK">0.0069</LambdaTempCorrection><LambdaTempCorrection Name="tábla, 0,032 W/mK">0.0038</LambdaTempCorrection><LambdaTempCorrection Name="tábla, 0,034 W/mK">0.0043</LambdaTempCorrection><LambdaTempCorrection Name="tábla, 0,036 W/mK">0.0048</LambdaTempCorrection><LambdaTempCorrection Name="tábla, 0,038 W/mK">0.0053</LambdaTempCorrection><LambdaTempCorrection Name="merev tábla, 0,030 W/mK">0.0035</LambdaTempCorrection><LambdaTempCorrection Name="merev tábla, 0,033  W/mK">0.0035</LambdaTempCorrection><LambdaTempCorrection Name="merev tábla, 0,035  W/mK">0.0035</LambdaTempCorrection></WinWatt32Material><WinWatt32Material Type="LambdaTempCorrection"><ItemHeader><ItemName>Beton, égetett agyag, habarcs</ItemName><ItemPath>Lambda hőmérséklet korrekció</ItemPath><ID>1394</ID></ItemHeader><LambdaTempCorrection Name="">0.001</LambdaTempCorrection></WinWatt32Material><WinWatt32Material Type="LambdaTempCorrection"><ItemHeader><ItemName>Cellulózrost töltés</ItemName><ItemPath>Lambda hőmérséklet korrekció</ItemPath><ID>1396</ID></ItemHeader><LambdaTempCorrection Name="&lt; 40 kg/m3">0.004</LambdaTempCorrection><LambdaTempCorrection Name="&gt;= 40 kg/m3">0.0035</LambdaTempCorrection></WinWatt32Material><WinWatt32Material Type="LambdaTempCorrection"><ItemHeader><ItemName>Duzzasztott agyag töltés</ItemName><ItemPath>Lambda hőmérséklet korrekció</ItemPath><ID>1391</ID></ItemHeader><LambdaTempCorrection Name="0,07 - 0,15 W/mK">0.004</LambdaTempCorrection></WinWatt32Material><WinWatt32Material Type="LambdaTempCorrection"><ItemHeader><ItemName>Expandált parafa</ItemName><ItemPath>Lambda hőmérséklet korrekció</ItemPath><ID>1387</ID></ItemHeader><LambdaTempCorrection Name="">0.0027</LambdaTempCorrection></WinWatt32Material><WinWatt32Material Type="LambdaTempCorrection"><ItemHeader><ItemName>Expandált perlit töltés</ItemName><ItemPath>Lambda hőmérséklet korrekció</ItemPath><ID>1392</ID></ItemHeader><LambdaTempCorrection Name="0,040 W/mK">0.0041</LambdaTempCorrection><LambdaTempCorrection Name="0,050 W/mK">0.0033</LambdaTempCorrection></WinWatt32Material><WinWatt32Material Type="LambdaTempCorrection"><ItemHeader><ItemName>Expandált polisztirol</ItemName><ItemPath>Lambda hőmérséklet korrekció</ItemPath><ID>1389</ID></ItemHeader><LambdaTempCorrection Name="d &lt;= 20 mm, 0,032 W/mK">0.0031</LambdaTempCorrection><LambdaTempCorrection Name="d &lt;= 20 mm, 0,035 W/mK">0.0036</LambdaTempCorrection><LambdaTempCorrection Name="d &lt;= 20 mm, 0,040 W/mK">0.0041</LambdaTempCorrection><LambdaTempCorrection Name="d &lt;= 20 mm, 0,043 W/mK">0.0044</LambdaTempCorrection><LambdaTempCorrection Name="20 mm &lt; d &lt;= 40 mm, 0,032 W/mK">0.003</LambdaTempCorrection><LambdaTempCorrection Name="20 mm &lt; d &lt;= 40 mm, 0,035 W/mK">0.0034</LambdaTempCorrection><LambdaTempCorrection Name="20 mm &lt; d &lt;= 40 mm, 0,040 W/mK">0.0036</LambdaTempCorrection><LambdaTempCorrection Name="40 mm &lt; d &lt;= 100 mm, 0,032 W/mK">0.003</LambdaTempCorrection><LambdaTempCorrection Name="40 mm &lt; d &lt;= 100 mm, 0,035 W/mK">0.0033</LambdaTempCorrection><LambdaTempCorrection Name="40 mm &lt; d &lt;= 100 mm, 0,040 W/mK">0.0036</LambdaTempCorrection><LambdaTempCorrection Name="40 mm &lt; d &lt;= 100 mm, 0,045 W/mK">0.0038</LambdaTempCorrection><LambdaTempCorrection Name="40 mm &lt; d &lt;= 100 mm, 0,050 W/mK">0.0041</LambdaTempCorrection><LambdaTempCorrection Name="100 mm &lt; d, 0,032 W/mK">0.003</LambdaTempCorrection><LambdaTempCorrection Name="100 mm &lt; d, 0,035 W/mK">0.0032</LambdaTempCorrection><LambdaTempCorrection Name="100 mm &lt; d, 0,040 W/mK">0.0034</LambdaTempCorrection><LambdaTempCorrection Name="100 mm &lt; d, 0,053 W/mK">0.0037</LambdaTempCorrection></WinWatt32Material><WinWatt32Material Type="LambdaTempCorrection"><ItemHeader><ItemName>Extrudált polisztirol</ItemName><ItemPath>Lambda hőmérséklet korrekció</ItemPath><ID>1399</ID></ItemHeader><LambdaTempCorrection Name="csupasz, 0,025 W/mK">0.0046</LambdaTempCorrection><LambdaTempCorrection Name="csupasz, 0,030 W/mK">0.0045</LambdaTempCorrection><LambdaTempCorrection Name="csupasz, 0,040 W/mK">0.0045</LambdaTempCorrection><LambdaTempCorrection Name="kasírozott,csupasz finom cellás, 0,025 W/mK">0.004</LambdaTempCorrection><LambdaTempCorrection Name="kasírozott,csupasz finom cellás, 0,030 W/mK">0.0036</LambdaTempCorrection><LambdaTempCorrection Name="kasírozott,csupasz finom cellás, 0,035 W/mK">0.0035</LambdaTempCorrection><LambdaTempCorrection Name="vízhatlan kasírozással, 0,025 W/mK">0.003</LambdaTempCorrection><LambdaTempCorrection Name="vízhatlan kasírozással, 0,030 W/mK">0.0028</LambdaTempCorrection><LambdaTempCorrection Name="vízhatlan kasírozással, 0,035 W/mK">0.0027</LambdaTempCorrection><LambdaTempCorrection Name="vízhatlan kasírozással, 0,040 W/mK">0.0026</LambdaTempCorrection></WinWatt32Material><WinWatt32Material Type="LambdaTempCorrection"><ItemHeader><ItemName>Fagyapot tábla</ItemName><ItemPath>Lambda hőmérséklet korrekció</ItemPath><ID>1397</ID></ItemHeader><LambdaTempCorrection Name="0,070 W/mK">0.004</LambdaTempCorrection><LambdaTempCorrection Name="0,080 W/mK">0.0041</LambdaTempCorrection><LambdaTempCorrection Name="0,090 W/mK">0.0046</LambdaTempCorrection></WinWatt32Material><WinWatt32Material Type="LambdaTempCorrection"><ItemHeader><ItemName>Fenolhab</ItemName><ItemPath>Lambda hőmérséklet korrekció</ItemPath><ID>1385</ID></ItemHeader><LambdaTempCorrection Name="zárt cellás, 0 °C - 20 °C, &lt;= 0,025 W/mK">0.002</LambdaTempCorrection><LambdaTempCorrection Name="zárt cellás, 20 °C - 30 °C,  &lt;= 0,025 W/mK">0.005</LambdaTempCorrection><LambdaTempCorrection Name="nyilt cellás, 0 °C - 30 °C, 0,032 W/mK">0.0029</LambdaTempCorrection></WinWatt32Material><WinWatt32Material Type="LambdaTempCorrection"><ItemHeader><ItemName>Habüveg</ItemName><ItemPath>Lambda hőmérséklet korrekció</ItemPath><ID>1386</ID></ItemHeader><LambdaTempCorrection Name="0,035 W/mK">0.0043</LambdaTempCorrection><LambdaTempCorrection Name="0,040 W/mK">0.0037</LambdaTempCorrection><LambdaTempCorrection Name="0,045 W/mK">0.0033</LambdaTempCorrection><LambdaTempCorrection Name="0,050 W/mK">0.003</LambdaTempCorrection><LambdaTempCorrection Name="0,055 W/mK">0.0027</LambdaTempCorrection></WinWatt32Material><WinWatt32Material Type="LambdaTempCorrection"><ItemHeader><ItemName>Kalcium-szilikát</ItemName><ItemPath>Lambda hőmérséklet korrekció</ItemPath><ID>1393</ID></ItemHeader><LambdaTempCorrection Name="">0.003</LambdaTempCorrection></WinWatt32Material><WinWatt32Material Type="LambdaTempCorrection"><ItemHeader><ItemName>Könnyűbeton</ItemName><ItemPath>Lambda hőmérséklet korrekció</ItemPath><ID>1395</ID></ItemHeader><LambdaTempCorrection Name="0,10 W/mK">0.003</LambdaTempCorrection><LambdaTempCorrection Name="0,15 W/mK">0.002</LambdaTempCorrection><LambdaTempCorrection Name="0,40 W/mK">0.001</LambdaTempCorrection></WinWatt32Material><WinWatt32Material Type="LambdaTempCorrection"><ItemHeader><ItemName>Perlittábla, rostok, kötőanyagok</ItemName><ItemPath>Lambda hőmérséklet korrekció</ItemPath><ID>1398</ID></ItemHeader><LambdaTempCorrection Name="">0.0033</LambdaTempCorrection></WinWatt32Material><WinWatt32Material Type="LambdaTempCorrection"><ItemHeader><ItemName>Poliuretánhab</ItemName><ItemPath>Lambda hőmérséklet korrekció</ItemPath><ID>1384</ID></ItemHeader><LambdaTempCorrection Name="csupasz, 0,025 W/mK">0.0055</LambdaTempCorrection><LambdaTempCorrection Name="csupasz, 0,030 W/mK">0.005</LambdaTempCorrection><LambdaTempCorrection Name="vízhatlan kasírozással, 0,022 W/mK">0.0055</LambdaTempCorrection><LambdaTempCorrection Name="vízhatlan kasírozással, 0,025 W/mK">0.0055</LambdaTempCorrection></WinWatt32Material><WinWatt32Material Type="LambdaTempCorrection"><ItemHeader><ItemName>Rétegesen duzzasztott vermikulit</ItemName><ItemPath>Lambda hőmérséklet korrekció</ItemPath><ID>1390</ID></ItemHeader><LambdaTempCorrection Name="">0.003</LambdaTempCorrection></WinWatt32Material><WinWatt32Material Type="LambdaHumidityCorrection"><ItemHeader><ItemName>Aggregált beton és kő</ItemName><ItemPath>Lambda nedvesség korrekció</ItemPath><ID>1411</ID></ItemHeader><LambdaHumidityCorrection Name="1600 - 2400 kg/m3, Ψ &lt; 0,25 m3/m3" InitialValue="0.025" Type="1">4</LambdaHumidityCorrection></WinWatt32Material><WinWatt32Material Type="LambdaHumidityCorrection"><ItemHeader><ItemName>Ásványgyapot</ItemName><ItemPath>Lambda nedvesség korrekció</ItemPath><ID>1404</ID></ItemHeader><LambdaHumidityCorrection Name="10 - 200 kg/m3, Ψ &lt; 0,15 m3/m3" InitialValue="0" Type="1">4</LambdaHumidityCorrection></WinWatt32Material><WinWatt32Material Type="LambdaHumidityCorrection"><ItemHeader><ItemName>Beton csak duzzasztott agyaggal</ItemName><ItemPath>Lambda nedvesség korrekció</ItemPath><ID>1422</ID></ItemHeader><LambdaHumidityCorrection Name="400 - 700 kg/m3, u &lt; 0,25 kg/kg" InitialValue="0.02" Type="0">2.6</LambdaHumidityCorrection></WinWatt32Material><WinWatt32Material Type="LambdaHumidityCorrection"><ItemHeader><ItemName>Beton csak habkő adalékkal</ItemName><ItemPath>Lambda nedvesség korrekció</ItemPath><ID>1410</ID></ItemHeader><LambdaHumidityCorrection Name="500 - 1300 kg/m3, Ψ &lt; 0,25 m3/m3" InitialValue="0.02" Type="1">4</LambdaHumidityCorrection></WinWatt32Material><WinWatt32Material Type="LambdaHumidityCorrection"><ItemHeader><ItemName>Beton egyéb könnyítő adalékkal</ItemName><ItemPath>Lambda nedvesség korrekció</ItemPath><ID>1413</ID></ItemHeader><LambdaHumidityCorrection Name="500 - 2000 kg/m3, Ψ &lt; 0,25 m3/m3" InitialValue="0.03" Type="1">4</LambdaHumidityCorrection></WinWatt32Material><WinWatt32Material Type="LambdaHumidityCorrection"><ItemHeader><ItemName>Beton polisztirol adalékkal</ItemName><ItemPath>Lambda nedvesség korrekció</ItemPath><ID>1412</ID></ItemHeader><LambdaHumidityCorrection Name="500 -800 kg/m3, Ψ &lt; 0,25 m3/m3" InitialValue="0.015" Type="1">5</LambdaHumidityCorrection></WinWatt32Material><WinWatt32Material Type="LambdaHumidityCorrection"><ItemHeader><ItemName>Beton több mint 70% kohósalakkal</ItemName><ItemPath>Lambda nedvesség korrekció</ItemPath><ID>1424</ID></ItemHeader><LambdaHumidityCorrection Name="1100 - 1700 kg/m3, u &lt; 0,25 kg/kg" InitialValue="0.02" Type="0">4</LambdaHumidityCorrection></WinWatt32Material><WinWatt32Material Type="LambdaHumidityCorrection"><ItemHeader><ItemName>Beton túlnyomóan duzz. agyaggal</ItemName><ItemPath>Lambda nedvesség korrekció</ItemPath><ID>1423</ID></ItemHeader><LambdaHumidityCorrection Name="800 - 1700 kg/m3, u &lt; 0,25 kg/kg" InitialValue="0.02" Type="0">4</LambdaHumidityCorrection></WinWatt32Material><WinWatt32Material Type="LambdaHumidityCorrection"><ItemHeader><ItemName>Cellulózrost töltés</ItemName><ItemPath>Lambda nedvesség korrekció</ItemPath><ID>1418</ID></ItemHeader><LambdaHumidityCorrection Name="20 - 60 kg/m3, u &lt; 0,2 kg/kg" InitialValue="0.11" Type="0">0.5</LambdaHumidityCorrection></WinWatt32Material><WinWatt32Material Type="LambdaHumidityCorrection"><ItemHeader><ItemName>Duzzasztott agyag töltés</ItemName><ItemPath>Lambda nedvesség korrekció</ItemPath><ID>1421</ID></ItemHeader><LambdaHumidityCorrection Name="200 - 400 kg/m3, u &lt; 0,02 kg/kg" InitialValue="0" Type="0">4</LambdaHumidityCorrection></WinWatt32Material><WinWatt32Material Type="LambdaHumidityCorrection"><ItemHeader><ItemName>Égetett agyag</ItemName><ItemPath>Lambda nedvesség korrekció</ItemPath><ID>1408</ID></ItemHeader><LambdaHumidityCorrection Name="1000 - 2400 kg/m3, Ψ &lt; 0,25 m3/m3" InitialValue="0.007" Type="1">10</LambdaHumidityCorrection></WinWatt32Material><WinWatt32Material Type="LambdaHumidityCorrection"><ItemHeader><ItemName>Expandált parafa</ItemName><ItemPath>Lambda nedvesség korrekció</ItemPath><ID>1406</ID></ItemHeader><LambdaHumidityCorrection Name="90 - 140 kg/m3, Ψ &lt; 0,1 m3/m3" InitialValue="0.008" Type="1">6</LambdaHumidityCorrection></WinWatt32Material><WinWatt32Material Type="LambdaHumidityCorrection"><ItemHeader><ItemName>Expandált perlit töltés</ItemName><ItemPath>Lambda nedvesség korrekció</ItemPath><ID>1419</ID></ItemHeader><LambdaHumidityCorrection Name="30 - 150 kg/m3, u &lt; 0,02 kg/kg" InitialValue="0.01" Type="0">3</LambdaHumidityCorrection></WinWatt32Material><WinWatt32Material Type="LambdaHumidityCorrection"><ItemHeader><ItemName>Expandált polisztirol</ItemName><ItemPath>Lambda nedvesség korrekció</ItemPath><ID>1401</ID></ItemHeader><LambdaHumidityCorrection Name="10 - 50 kg/m3, Ψ &lt; 0,1 m3/m3" InitialValue="0" Type="1">4</LambdaHumidityCorrection></WinWatt32Material><WinWatt32Material Type="LambdaHumidityCorrection"><ItemHeader><ItemName>Extrudált polisztirolhab</ItemName><ItemPath>Lambda nedvesség korrekció</ItemPath><ID>1402</ID></ItemHeader><LambdaHumidityCorrection Name="20 - 65 kg/m3, Ψ &lt; 0,1 m3/m3" InitialValue="0" Type="1">2.5</LambdaHumidityCorrection></WinWatt32Material><WinWatt32Material Type="LambdaHumidityCorrection"><ItemHeader><ItemName>Fagyapot tábla</ItemName><ItemPath>Lambda nedvesség korrekció</ItemPath><ID>1407</ID></ItemHeader><LambdaHumidityCorrection Name="90 - 140 kg/m3, Ψ &lt; 0,1 m3/m3" InitialValue="0.03" Type="1">1.8</LambdaHumidityCorrection></WinWatt32Material><WinWatt32Material Type="LambdaHumidityCorrection"><ItemHeader><ItemName>Fenolhab</ItemName><ItemPath>Lambda nedvesség korrekció</ItemPath><ID>1405</ID></ItemHeader><LambdaHumidityCorrection Name="20 - 50 kg/m3, Ψ &lt; 0,15 m3/m3" InitialValue="0" Type="1">5</LambdaHumidityCorrection></WinWatt32Material><WinWatt32Material Type="LambdaHumidityCorrection"><ItemHeader><ItemName>Habarcs</ItemName><ItemPath>Lambda nedvesség korrekció</ItemPath><ID>1414</ID></ItemHeader><LambdaHumidityCorrection Name="250 - 2000 kg/m3, Ψ &lt; 0,25 m3/m3" InitialValue="0.04" Type="1">4</LambdaHumidityCorrection></WinWatt32Material><WinWatt32Material Type="LambdaHumidityCorrection"><ItemHeader><ItemName>Habüveg</ItemName><ItemPath>Lambda nedvesség korrekció</ItemPath><ID>1415</ID></ItemHeader><LambdaHumidityCorrection Name="10 - 150 kg/m3" InitialValue="0" Type="0">0</LambdaHumidityCorrection></WinWatt32Material><WinWatt32Material Type="LambdaHumidityCorrection"><ItemHeader><ItemName>Kalcium-szilikát</ItemName><ItemPath>Lambda nedvesség korrekció</ItemPath><ID>1409</ID></ItemHeader><LambdaHumidityCorrection Name="900 - 2200 kg/m3, Ψ &lt; 0,25 m3/m3" InitialValue="0.012" Type="1">10</LambdaHumidityCorrection></WinWatt32Material><WinWatt32Material Type="LambdaHumidityCorrection"><ItemHeader><ItemName>Karbamid-formaldehid hab</ItemName><ItemPath>Lambda nedvesség korrekció</ItemPath><ID>1417</ID></ItemHeader><LambdaHumidityCorrection Name="10 - 30 kg/m3, u &lt; 0,15 kg/kg" InitialValue="0.1" Type="0">0.7</LambdaHumidityCorrection></WinWatt32Material><WinWatt32Material Type="LambdaHumidityCorrection"><ItemHeader><ItemName>Perlittábla</ItemName><ItemPath>Lambda nedvesség korrekció</ItemPath><ID>1416</ID></ItemHeader><LambdaHumidityCorrection Name="140 - 240 kg/m3, u &lt; 0,03 kg/kg" InitialValue="0.02" Type="0">0.8</LambdaHumidityCorrection></WinWatt32Material><WinWatt32Material Type="LambdaHumidityCorrection"><ItemHeader><ItemName>Poliuretánhab</ItemName><ItemPath>Lambda nedvesség korrekció</ItemPath><ID>1403</ID></ItemHeader><LambdaHumidityCorrection Name="28 - 55 kg/m3, Ψ &lt; 0,15 m3/m3" InitialValue="0" Type="1">6</LambdaHumidityCorrection></WinWatt32Material><WinWatt32Material Type="LambdaHumidityCorrection"><ItemHeader><ItemName>Pórusbeton</ItemName><ItemPath>Lambda nedvesség korrekció</ItemPath><ID>1425</ID></ItemHeader><LambdaHumidityCorrection Name="300 - 1000 kg/m3, u &lt; 0,25 kg/kg" InitialValue="0.026" Type="0">4</LambdaHumidityCorrection></WinWatt32Material><WinWatt32Material Type="LambdaHumidityCorrection"><ItemHeader><ItemName>Rétegesen duzzasztott vermikulit</ItemName><ItemPath>Lambda nedvesség korrekció</ItemPath><ID>1420</ID></ItemHeader><LambdaHumidityCorrection Name="30 - 150 kg/m3, u &lt; 0,02 kg/kg" InitialValue="0.01" Type="0">2</LambdaHumidityCorrection></WinWatt32Material></WinWatt32Project>
