<?xml version="1.0" encoding="utf-8"?>
<WinWatt32Project Type="NativeExport"><WinWatt32Material Type="Normal"><ItemHeader><ItemName>Beton 1</ItemName><ItemPath>MSZ EN ISO 10456\Betonok</ItemPath><ID>1250</ID></ItemHeader><Thickness>0</Thickness><Density>1800</Density><ThermalCond>1.15</ThermalCond><ThermalRes>0</ThermalRes><HeatCapacity>1</HeatCapacity><SteamDiffCond>0</SteamDiffCond><SteamDiffRes>0</SteamDiffRes><SteamDiffResNum>100</SteamDiffResNum><SteamSDValue>0</SteamSDValue><InitialHumidity>0</InitialHumidity><PermitHumidity>0</PermitHumidity></WinWatt32Material><WinWatt32Material Type="Normal"><ItemHeader><ItemName>Beton 2</ItemName><ItemPath>MSZ EN ISO 10456\Betonok</ItemPath><ID>1251</ID></ItemHeader><Thickness>0</Thickness><Density>2000</Density><ThermalCond>1.35</ThermalCond><ThermalRes>0</ThermalRes><HeatCapacity>1</HeatCapacity><SteamDiffCond>0</SteamDiffCond><SteamDiffRes>0</SteamDiffRes><SteamDiffResNum>100</SteamDiffResNum><SteamSDValue>0</SteamSDValue><InitialHumidity>0</InitialHumidity><PermitHumidity>0</PermitHumidity></WinWatt32Material><WinWatt32Material Type="Normal"><ItemHeader><ItemName>Beton 3</ItemName><ItemPath>MSZ EN ISO 10456\Betonok</ItemPath><ID>1252</ID></ItemHeader><Thickness>0</Thickness><Density>2200</Density><ThermalCond>1.65</ThermalCond><ThermalRes>0</ThermalRes><HeatCapacity>1</HeatCapacity><SteamDiffCond>0</SteamDiffCond><SteamDiffRes>0</SteamDiffRes><SteamDiffResNum>120</SteamDiffResNum><SteamSDValue>0</SteamSDValue><InitialHumidity>0</InitialHumidity><PermitHumidity>0</PermitHumidity></WinWatt32Material><WinWatt32Material Type="Normal"><ItemHeader><ItemName>Beton 4</ItemName><ItemPath>MSZ EN ISO 10456\Betonok</ItemPath><ID>1253</ID></ItemHeader><Thickness>0</Thickness><Density>2400</Density><ThermalCond>2</ThermalCond><ThermalRes>0</ThermalRes><HeatCapacity>1</HeatCapacity><SteamDiffCond>0</SteamDiffCond><SteamDiffRes>0</SteamDiffRes><SteamDiffResNum>130</SteamDiffResNum><SteamSDValue>0</SteamSDValue><InitialHumidity>0</InitialHumidity><PermitHumidity>0</PermitHumidity></WinWatt32Material><WinWatt32Material Type="Normal"><ItemHeader><ItemName>Vasbeton (1 % acél)</ItemName><ItemPath>MSZ EN ISO 10456\Betonok</ItemPath><ID>1254</ID></ItemHeader><Thickness>0</Thickness><Density>2300</Density><ThermalCond>2.3</ThermalCond><ThermalRes>0</ThermalRes><HeatCapacity>1</HeatCapacity><SteamDiffCond>0</SteamDiffCond><SteamDiffRes>0</SteamDiffRes><SteamDiffResNum>130</SteamDiffResNum><SteamSDValue>0</SteamSDValue><InitialHumidity>0</InitialHumidity><PermitHumidity>0</PermitHumidity></WinWatt32Material><WinWatt32Material Type="Normal"><ItemHeader><ItemName>Vasbeton (2 % acél)</ItemName><ItemPath>MSZ EN ISO 10456\Betonok</ItemPath><ID>1255</ID></ItemHeader><Thickness>0</Thickness><Density>2400</Density><ThermalCond>2.5</ThermalCond><ThermalRes>0</ThermalRes><HeatCapacity>1</HeatCapacity><SteamDiffCond>0</SteamDiffCond><SteamDiffRes>0</SteamDiffRes><SteamDiffResNum>130</SteamDiffResNum><SteamSDValue>0</SteamSDValue><InitialHumidity>0</InitialHumidity><PermitHumidity>0</PermitHumidity></WinWatt32Material><WinWatt32Material Type="Thick"><ItemHeader><ItemName>Filc alátét lemez</ItemName><ItemPath>MSZ EN ISO 10456\Burkolatok</ItemPath><ID>1260</ID></ItemHeader><Thickness>0</Thickness><Density>120</Density><ThermalCond>0.05</ThermalCond><ThermalRes>0</ThermalRes><HeatCapacity>1.3</HeatCapacity><SteamDiffCond>0</SteamDiffCond><SteamDiffRes>0</SteamDiffRes><SteamDiffResNum>20</SteamDiffResNum><SteamSDValue>0</SteamSDValue></WinWatt32Material><WinWatt32Material Type="Thick"><ItemHeader><ItemName>Gumi</ItemName><ItemPath>MSZ EN ISO 10456\Burkolatok</ItemPath><ID>1257</ID></ItemHeader><Thickness>0</Thickness><Density>1200</Density><ThermalCond>0.17</ThermalCond><ThermalRes>0</ThermalRes><HeatCapacity>1.4</HeatCapacity><SteamDiffCond>0</SteamDiffCond><SteamDiffRes>0</SteamDiffRes><SteamDiffResNum>10000</SteamDiffResNum><SteamSDValue>0</SteamSDValue></WinWatt32Material><WinWatt32Material Type="Thick"><ItemHeader><ItemName>Gumi vagy műanyag alátét lemez</ItemName><ItemPath>MSZ EN ISO 10456\Burkolatok</ItemPath><ID>1259</ID></ItemHeader><Thickness>0</Thickness><Density>270</Density><ThermalCond>0.1</ThermalCond><ThermalRes>0</ThermalRes><HeatCapacity>1.4</HeatCapacity><SteamDiffCond>0</SteamDiffCond><SteamDiffRes>0</SteamDiffRes><SteamDiffResNum>10000</SteamDiffResNum><SteamSDValue>0</SteamSDValue></WinWatt32Material><WinWatt32Material Type="Thick"><ItemHeader><ItemName>Gyapjú alátét lemez</ItemName><ItemPath>MSZ EN ISO 10456\Burkolatok</ItemPath><ID>1261</ID></ItemHeader><Thickness>0</Thickness><Density>200</Density><ThermalCond>0.06</ThermalCond><ThermalRes>0</ThermalRes><HeatCapacity>1.3</HeatCapacity><SteamDiffCond>0</SteamDiffCond><SteamDiffRes>0</SteamDiffRes><SteamDiffResNum>20</SteamDiffResNum><SteamSDValue>0</SteamSDValue></WinWatt32Material><WinWatt32Material Type="Thick"><ItemHeader><ItemName>Linóleum</ItemName><ItemPath>MSZ EN ISO 10456\Burkolatok</ItemPath><ID>1265</ID></ItemHeader><Thickness>0</Thickness><Density>1200</Density><ThermalCond>0.17</ThermalCond><ThermalRes>0</ThermalRes><HeatCapacity>1.4</HeatCapacity><SteamDiffCond>0</SteamDiffCond><SteamDiffRes>0</SteamDiffRes><SteamDiffResNum>1000</SteamDiffResNum><SteamSDValue>0</SteamSDValue></WinWatt32Material><WinWatt32Material Type="Thick"><ItemHeader><ItemName>Műanyag</ItemName><ItemPath>MSZ EN ISO 10456\Burkolatok</ItemPath><ID>1258</ID></ItemHeader><Thickness>0</Thickness><Density>1700</Density><ThermalCond>0.25</ThermalCond><ThermalRes>0</ThermalRes><HeatCapacity>1.4</HeatCapacity><SteamDiffCond>0</SteamDiffCond><SteamDiffRes>0</SteamDiffRes><SteamDiffResNum>10000</SteamDiffResNum><SteamSDValue>0</SteamSDValue></WinWatt32Material><WinWatt32Material Type="Thick"><ItemHeader><ItemName>Padlószőnyeg</ItemName><ItemPath>MSZ EN ISO 10456\Burkolatok</ItemPath><ID>1264</ID></ItemHeader><Thickness>0</Thickness><Density>200</Density><ThermalCond>0.06</ThermalCond><ThermalRes>0</ThermalRes><HeatCapacity>1.3</HeatCapacity><SteamDiffCond>0</SteamDiffCond><SteamDiffRes>0</SteamDiffRes><SteamDiffResNum>5</SteamDiffResNum><SteamSDValue>0</SteamSDValue></WinWatt32Material><WinWatt32Material Type="Thick"><ItemHeader><ItemName>Parafa</ItemName><ItemPath>MSZ EN ISO 10456\Burkolatok</ItemPath><ID>1263</ID></ItemHeader><Thickness>0</Thickness><Density>400</Density><ThermalCond>0.065</ThermalCond><ThermalRes>0</ThermalRes><HeatCapacity>1.5</HeatCapacity><SteamDiffCond>0</SteamDiffCond><SteamDiffRes>0</SteamDiffRes><SteamDiffResNum>40</SteamDiffResNum><SteamSDValue>0</SteamSDValue></WinWatt32Material><WinWatt32Material Type="Thick"><ItemHeader><ItemName>Parafa alátét lemez</ItemName><ItemPath>MSZ EN ISO 10456\Burkolatok</ItemPath><ID>1262</ID></ItemHeader><Thickness>0</Thickness><Density>200</Density><ThermalCond>0.05</ThermalCond><ThermalRes>0</ThermalRes><HeatCapacity>1.5</HeatCapacity><SteamDiffCond>0</SteamDiffCond><SteamDiffRes>0</SteamDiffRes><SteamDiffResNum>20</SteamDiffResNum><SteamSDValue>0</SteamSDValue></WinWatt32Material><WinWatt32Material Type="Normal"><ItemHeader><ItemName>Agyagcserép</ItemName><ItemPath>MSZ EN ISO 10456\Cserepek, csempék</ItemPath><ID>1360</ID></ItemHeader><Thickness>0</Thickness><Density>2000</Density><ThermalCond>1</ThermalCond><ThermalRes>0</ThermalRes><HeatCapacity>0.8</HeatCapacity><SteamDiffCond>0</SteamDiffCond><SteamDiffRes>0</SteamDiffRes><SteamDiffResNum>40</SteamDiffResNum><SteamSDValue>0</SteamSDValue><InitialHumidity>0</InitialHumidity><PermitHumidity>0</PermitHumidity></WinWatt32Material><WinWatt32Material Type="Normal"><ItemHeader><ItemName>Betoncserép</ItemName><ItemPath>MSZ EN ISO 10456\Cserepek, csempék</ItemPath><ID>1361</ID></ItemHeader><Thickness>0</Thickness><Density>2100</Density><ThermalCond>1.5</ThermalCond><ThermalRes>0</ThermalRes><HeatCapacity>1</HeatCapacity><SteamDiffCond>0</SteamDiffCond><SteamDiffRes>0</SteamDiffRes><SteamDiffResNum>100</SteamDiffResNum><SteamSDValue>0</SteamSDValue><InitialHumidity>0</InitialHumidity><PermitHumidity>0</PermitHumidity></WinWatt32Material><WinWatt32Material Type="Normal"><ItemHeader><ItemName>Kerámiacsempe, porcelán</ItemName><ItemPath>MSZ EN ISO 10456\Cserepek, csempék</ItemPath><ID>1362</ID></ItemHeader><Thickness>0</Thickness><Density>2300</Density><ThermalCond>1.3</ThermalCond><ThermalRes>0</ThermalRes><HeatCapacity>0.84</HeatCapacity><SteamDiffCond>0</SteamDiffCond><SteamDiffRes>0</SteamDiffRes><SteamDiffResNum>0</SteamDiffResNum><SteamSDValue>0</SteamSDValue><InitialHumidity>0</InitialHumidity><PermitHumidity>0</PermitHumidity></WinWatt32Material><WinWatt32Material Type="Normal"><ItemHeader><ItemName>Műanyaglap</ItemName><ItemPath>MSZ EN ISO 10456\Cserepek, csempék</ItemPath><ID>1363</ID></ItemHeader><Thickness>0</Thickness><Density>1000</Density><ThermalCond>0.2</ThermalCond><ThermalRes>0</ThermalRes><HeatCapacity>1</HeatCapacity><SteamDiffCond>0</SteamDiffCond><SteamDiffRes>0</SteamDiffRes><SteamDiffResNum>10000</SteamDiffResNum><SteamSDValue>0</SteamSDValue><InitialHumidity>0</InitialHumidity><PermitHumidity>0</PermitHumidity></WinWatt32Material><WinWatt32Material Type="Normal"><ItemHeader><ItemName>Cementkötésű forgácslap</ItemName><ItemPath>MSZ EN ISO 10456\Faalapú termékek</ItemPath><ID>1373</ID></ItemHeader><Thickness>0</Thickness><Density>1200</Density><ThermalCond>0.23</ThermalCond><ThermalRes>0</ThermalRes><HeatCapacity>1.5</HeatCapacity><SteamDiffCond>0</SteamDiffCond><SteamDiffRes>0</SteamDiffRes><SteamDiffResNum>50</SteamDiffResNum><SteamSDValue>0</SteamSDValue><InitialHumidity>0</InitialHumidity><PermitHumidity>0</PermitHumidity></WinWatt32Material><WinWatt32Material Type="Normal"><ItemHeader><ItemName>Farostlemez 1</ItemName><ItemPath>MSZ EN ISO 10456\Faalapú termékek</ItemPath><ID>1378</ID></ItemHeader><Thickness>0</Thickness><Density>250</Density><ThermalCond>0.07</ThermalCond><ThermalRes>0</ThermalRes><HeatCapacity>1.7</HeatCapacity><SteamDiffCond>0</SteamDiffCond><SteamDiffRes>0</SteamDiffRes><SteamDiffResNum>5</SteamDiffResNum><SteamSDValue>0</SteamSDValue><InitialHumidity>0</InitialHumidity><PermitHumidity>0</PermitHumidity></WinWatt32Material><WinWatt32Material Type="Normal"><ItemHeader><ItemName>Farostlemez 2</ItemName><ItemPath>MSZ EN ISO 10456\Faalapú termékek</ItemPath><ID>1379</ID></ItemHeader><Thickness>0</Thickness><Density>400</Density><ThermalCond>0.1</ThermalCond><ThermalRes>0</ThermalRes><HeatCapacity>1.7</HeatCapacity><SteamDiffCond>0</SteamDiffCond><SteamDiffRes>0</SteamDiffRes><SteamDiffResNum>10</SteamDiffResNum><SteamSDValue>0</SteamSDValue><InitialHumidity>0</InitialHumidity><PermitHumidity>0</PermitHumidity></WinWatt32Material><WinWatt32Material Type="Normal"><ItemHeader><ItemName>Farostlemez 3</ItemName><ItemPath>MSZ EN ISO 10456\Faalapú termékek</ItemPath><ID>1380</ID></ItemHeader><Thickness>0</Thickness><Density>600</Density><ThermalCond>0.14</ThermalCond><ThermalRes>0</ThermalRes><HeatCapacity>1.7</HeatCapacity><SteamDiffCond>0</SteamDiffCond><SteamDiffRes>0</SteamDiffRes><SteamDiffResNum>20</SteamDiffResNum><SteamSDValue>0</SteamSDValue><InitialHumidity>0</InitialHumidity><PermitHumidity>0</PermitHumidity></WinWatt32Material><WinWatt32Material Type="Normal"><ItemHeader><ItemName>Farostlemez 4</ItemName><ItemPath>MSZ EN ISO 10456\Faalapú termékek</ItemPath><ID>1381</ID></ItemHeader><Thickness>0</Thickness><Density>800</Density><ThermalCond>0.18</ThermalCond><ThermalRes>0</ThermalRes><HeatCapacity>1.7</HeatCapacity><SteamDiffCond>0</SteamDiffCond><SteamDiffRes>0</SteamDiffRes><SteamDiffResNum>30</SteamDiffResNum><SteamSDValue>0</SteamSDValue><InitialHumidity>0</InitialHumidity><PermitHumidity>0</PermitHumidity></WinWatt32Material><WinWatt32Material Type="Normal"><ItemHeader><ItemName>Forgácslap 1</ItemName><ItemPath>MSZ EN ISO 10456\Faalapú termékek</ItemPath><ID>1374</ID></ItemHeader><Thickness>0</Thickness><Density>300</Density><ThermalCond>0.1</ThermalCond><ThermalRes>0</ThermalRes><HeatCapacity>1.7</HeatCapacity><SteamDiffCond>0</SteamDiffCond><SteamDiffRes>0</SteamDiffRes><SteamDiffResNum>50</SteamDiffResNum><SteamSDValue>0</SteamSDValue><InitialHumidity>0</InitialHumidity><PermitHumidity>0</PermitHumidity></WinWatt32Material><WinWatt32Material Type="Normal"><ItemHeader><ItemName>Forgácslap 2</ItemName><ItemPath>MSZ EN ISO 10456\Faalapú termékek</ItemPath><ID>1375</ID></ItemHeader><Thickness>0</Thickness><Density>600</Density><ThermalCond>0.14</ThermalCond><ThermalRes>0</ThermalRes><HeatCapacity>1.7</HeatCapacity><SteamDiffCond>0</SteamDiffCond><SteamDiffRes>0</SteamDiffRes><SteamDiffResNum>50</SteamDiffResNum><SteamSDValue>0</SteamSDValue><InitialHumidity>0</InitialHumidity><PermitHumidity>0</PermitHumidity></WinWatt32Material><WinWatt32Material Type="Normal"><ItemHeader><ItemName>Forgácslap 3</ItemName><ItemPath>MSZ EN ISO 10456\Faalapú termékek</ItemPath><ID>1376</ID></ItemHeader><Thickness>0</Thickness><Density>900</Density><ThermalCond>0.18</ThermalCond><ThermalRes>0</ThermalRes><HeatCapacity>1.7</HeatCapacity><SteamDiffCond>0</SteamDiffCond><SteamDiffRes>0</SteamDiffRes><SteamDiffResNum>50</SteamDiffResNum><SteamSDValue>0</SteamSDValue><InitialHumidity>0</InitialHumidity><PermitHumidity>0</PermitHumidity></WinWatt32Material><WinWatt32Material Type="Normal"><ItemHeader><ItemName>Furnérlemez 1</ItemName><ItemPath>MSZ EN ISO 10456\Faalapú termékek</ItemPath><ID>1369</ID></ItemHeader><Thickness>0</Thickness><Density>300</Density><ThermalCond>0.09</ThermalCond><ThermalRes>0</ThermalRes><HeatCapacity>1.6</HeatCapacity><SteamDiffCond>0</SteamDiffCond><SteamDiffRes>0</SteamDiffRes><SteamDiffResNum>150</SteamDiffResNum><SteamSDValue>0</SteamSDValue><InitialHumidity>0</InitialHumidity><PermitHumidity>0</PermitHumidity></WinWatt32Material><WinWatt32Material Type="Normal"><ItemHeader><ItemName>Furnérlemez 2</ItemName><ItemPath>MSZ EN ISO 10456\Faalapú termékek</ItemPath><ID>1370</ID></ItemHeader><Thickness>0</Thickness><Density>500</Density><ThermalCond>0.13</ThermalCond><ThermalRes>0</ThermalRes><HeatCapacity>1.6</HeatCapacity><SteamDiffCond>0</SteamDiffCond><SteamDiffRes>0</SteamDiffRes><SteamDiffResNum>200</SteamDiffResNum><SteamSDValue>0</SteamSDValue><InitialHumidity>0</InitialHumidity><PermitHumidity>0</PermitHumidity></WinWatt32Material><WinWatt32Material Type="Normal"><ItemHeader><ItemName>Furnérlemez 3</ItemName><ItemPath>MSZ EN ISO 10456\Faalapú termékek</ItemPath><ID>1371</ID></ItemHeader><Thickness>0</Thickness><Density>700</Density><ThermalCond>0.17</ThermalCond><ThermalRes>0</ThermalRes><HeatCapacity>1.6</HeatCapacity><SteamDiffCond>0</SteamDiffCond><SteamDiffRes>0</SteamDiffRes><SteamDiffResNum>220</SteamDiffResNum><SteamSDValue>0</SteamSDValue><InitialHumidity>0</InitialHumidity><PermitHumidity>0</PermitHumidity></WinWatt32Material><WinWatt32Material Type="Normal"><ItemHeader><ItemName>Furnérlemez 4</ItemName><ItemPath>MSZ EN ISO 10456\Faalapú termékek</ItemPath><ID>1372</ID></ItemHeader><Thickness>0</Thickness><Density>1000</Density><ThermalCond>0.24</ThermalCond><ThermalRes>0</ThermalRes><HeatCapacity>1.6</HeatCapacity><SteamDiffCond>0</SteamDiffCond><SteamDiffRes>0</SteamDiffRes><SteamDiffResNum>250</SteamDiffResNum><SteamSDValue>0</SteamSDValue><InitialHumidity>0</InitialHumidity><PermitHumidity>0</PermitHumidity></WinWatt32Material><WinWatt32Material Type="Normal"><ItemHeader><ItemName>OSB lap</ItemName><ItemPath>MSZ EN ISO 10456\Faalapú termékek</ItemPath><ID>1377</ID></ItemHeader><Thickness>0</Thickness><Density>650</Density><ThermalCond>0.13</ThermalCond><ThermalRes>0</ThermalRes><HeatCapacity>1.7</HeatCapacity><SteamDiffCond>0</SteamDiffCond><SteamDiffRes>0</SteamDiffRes><SteamDiffResNum>50</SteamDiffResNum><SteamSDValue>0</SteamSDValue><InitialHumidity>0</InitialHumidity><PermitHumidity>0</PermitHumidity></WinWatt32Material><WinWatt32Material Type="Normal"><ItemHeader><ItemName>Fa fűrészárú 1</ItemName><ItemPath>MSZ EN ISO 10456\Faanyagok</ItemPath><ID>1365</ID></ItemHeader><Thickness>0</Thickness><Density>450</Density><ThermalCond>0.12</ThermalCond><ThermalRes>0</ThermalRes><HeatCapacity>1.6</HeatCapacity><SteamDiffCond>0</SteamDiffCond><SteamDiffRes>0</SteamDiffRes><SteamDiffResNum>50</SteamDiffResNum><SteamSDValue>0</SteamSDValue><InitialHumidity>0</InitialHumidity><PermitHumidity>0</PermitHumidity></WinWatt32Material><WinWatt32Material Type="Normal"><ItemHeader><ItemName>Fa fűrészárú 2</ItemName><ItemPath>MSZ EN ISO 10456\Faanyagok</ItemPath><ID>1366</ID></ItemHeader><Thickness>0</Thickness><Density>500</Density><ThermalCond>0.13</ThermalCond><ThermalRes>0</ThermalRes><HeatCapacity>1.6</HeatCapacity><SteamDiffCond>0</SteamDiffCond><SteamDiffRes>0</SteamDiffRes><SteamDiffResNum>50</SteamDiffResNum><SteamSDValue>0</SteamSDValue><InitialHumidity>0</InitialHumidity><PermitHumidity>0</PermitHumidity></WinWatt32Material><WinWatt32Material Type="Normal"><ItemHeader><ItemName>Fa fűrészárú 3</ItemName><ItemPath>MSZ EN ISO 10456\Faanyagok</ItemPath><ID>1367</ID></ItemHeader><Thickness>0</Thickness><Density>700</Density><ThermalCond>0.18</ThermalCond><ThermalRes>0</ThermalRes><HeatCapacity>1.6</HeatCapacity><SteamDiffCond>0</SteamDiffCond><SteamDiffRes>0</SteamDiffRes><SteamDiffResNum>200</SteamDiffResNum><SteamSDValue>0</SteamSDValue><InitialHumidity>0</InitialHumidity><PermitHumidity>0</PermitHumidity></WinWatt32Material><WinWatt32Material Type="Thick"><ItemHeader><ItemName>Acél</ItemName><ItemPath>MSZ EN ISO 10456\Fémek</ItemPath><ID>1285</ID></ItemHeader><Thickness>0</Thickness><Density>7800</Density><ThermalCond>50</ThermalCond><ThermalRes>0</ThermalRes><HeatCapacity>0.45</HeatCapacity><SteamDiffCond>0</SteamDiffCond><SteamDiffRes>0</SteamDiffRes><SteamDiffResNum>1E6</SteamDiffResNum><SteamSDValue>0</SteamSDValue></WinWatt32Material><WinWatt32Material Type="Thick"><ItemHeader><ItemName>Alumínium</ItemName><ItemPath>MSZ EN ISO 10456\Fémek</ItemPath><ID>1278</ID></ItemHeader><Thickness>0</Thickness><Density>2800</Density><ThermalCond>160</ThermalCond><ThermalRes>0</ThermalRes><HeatCapacity>0.88</HeatCapacity><SteamDiffCond>0</SteamDiffCond><SteamDiffRes>0</SteamDiffRes><SteamDiffResNum>1E6</SteamDiffResNum><SteamSDValue>0</SteamSDValue></WinWatt32Material><WinWatt32Material Type="Thick"><ItemHeader><ItemName>Bronz</ItemName><ItemPath>MSZ EN ISO 10456\Fémek</ItemPath><ID>1279</ID></ItemHeader><Thickness>0</Thickness><Density>8700</Density><ThermalCond>65</ThermalCond><ThermalRes>0</ThermalRes><HeatCapacity>0.38</HeatCapacity><SteamDiffCond>0</SteamDiffCond><SteamDiffRes>0</SteamDiffRes><SteamDiffResNum>1E6</SteamDiffResNum><SteamSDValue>0</SteamSDValue></WinWatt32Material><WinWatt32Material Type="Thick"><ItemHeader><ItemName>Horgany</ItemName><ItemPath>MSZ EN ISO 10456\Fémek</ItemPath><ID>1288</ID></ItemHeader><Thickness>0</Thickness><Density>7200</Density><ThermalCond>110</ThermalCond><ThermalRes>0</ThermalRes><HeatCapacity>0.38</HeatCapacity><SteamDiffCond>0</SteamDiffCond><SteamDiffRes>0</SteamDiffRes><SteamDiffResNum>1E6</SteamDiffResNum><SteamSDValue>0</SteamSDValue></WinWatt32Material><WinWatt32Material Type="Thick"><ItemHeader><ItemName>Ólom</ItemName><ItemPath>MSZ EN ISO 10456\Fémek</ItemPath><ID>1283</ID></ItemHeader><Thickness>0</Thickness><Density>11300</Density><ThermalCond>35</ThermalCond><ThermalRes>0</ThermalRes><HeatCapacity>0.13</HeatCapacity><SteamDiffCond>0</SteamDiffCond><SteamDiffRes>0</SteamDiffRes><SteamDiffResNum>1E6</SteamDiffResNum><SteamSDValue>0</SteamSDValue></WinWatt32Material><WinWatt32Material Type="Thick"><ItemHeader><ItemName>Öntöttvas</ItemName><ItemPath>MSZ EN ISO 10456\Fémek</ItemPath><ID>1282</ID></ItemHeader><Thickness>0</Thickness><Density>7500</Density><ThermalCond>50</ThermalCond><ThermalRes>0</ThermalRes><HeatCapacity>0.45</HeatCapacity><SteamDiffCond>0</SteamDiffCond><SteamDiffRes>0</SteamDiffRes><SteamDiffResNum>1E6</SteamDiffResNum><SteamSDValue>0</SteamSDValue></WinWatt32Material><WinWatt32Material Type="Thick"><ItemHeader><ItemName>Rozsdamentes acél (ausztenites)</ItemName><ItemPath>MSZ EN ISO 10456\Fémek</ItemPath><ID>1286</ID></ItemHeader><Thickness>0</Thickness><Density>7900</Density><ThermalCond>17</ThermalCond><ThermalRes>0</ThermalRes><HeatCapacity>0.5</HeatCapacity><SteamDiffCond>0</SteamDiffCond><SteamDiffRes>0</SteamDiffRes><SteamDiffResNum>1E6</SteamDiffResNum><SteamSDValue>0</SteamSDValue></WinWatt32Material><WinWatt32Material Type="Thick"><ItemHeader><ItemName>Rozsdamentes acél (martenzites)</ItemName><ItemPath>MSZ EN ISO 10456\Fémek</ItemPath><ID>1287</ID></ItemHeader><Thickness>0</Thickness><Density>7900</Density><ThermalCond>30</ThermalCond><ThermalRes>0</ThermalRes><HeatCapacity>0.46</HeatCapacity><SteamDiffCond>0</SteamDiffCond><SteamDiffRes>0</SteamDiffRes><SteamDiffResNum>1E6</SteamDiffResNum><SteamSDValue>0</SteamSDValue></WinWatt32Material><WinWatt32Material Type="Thick"><ItemHeader><ItemName>Sárgaréz</ItemName><ItemPath>MSZ EN ISO 10456\Fémek</ItemPath><ID>1280</ID></ItemHeader><Thickness>0</Thickness><Density>8400</Density><ThermalCond>120</ThermalCond><ThermalRes>0</ThermalRes><HeatCapacity>0.38</HeatCapacity><SteamDiffCond>0</SteamDiffCond><SteamDiffRes>0</SteamDiffRes><SteamDiffResNum>1E6</SteamDiffResNum><SteamSDValue>0</SteamSDValue></WinWatt32Material><WinWatt32Material Type="Thick"><ItemHeader><ItemName>Vörösréz</ItemName><ItemPath>MSZ EN ISO 10456\Fémek</ItemPath><ID>1281</ID></ItemHeader><Thickness>0</Thickness><Density>8900</Density><ThermalCond>380</ThermalCond><ThermalRes>0</ThermalRes><HeatCapacity>0.38</HeatCapacity><SteamDiffCond>0</SteamDiffCond><SteamDiffRes>0</SteamDiffRes><SteamDiffResNum>1E6</SteamDiffResNum><SteamSDValue>0</SteamSDValue></WinWatt32Material><WinWatt32Material Type="Thick"><ItemHeader><ItemName>Argon</ItemName><ItemPath>MSZ EN ISO 10456\Gázok</ItemPath><ID>1269</ID></ItemHeader><Thickness>0</Thickness><Density>1.7</Density><ThermalCond>0.017</ThermalCond><ThermalRes>0</ThermalRes><HeatCapacity>0.519</HeatCapacity><SteamDiffCond>0</SteamDiffCond><SteamDiffRes>0</SteamDiffRes><SteamDiffResNum>1</SteamDiffResNum><SteamSDValue>0</SteamSDValue></WinWatt32Material><WinWatt32Material Type="Thick"><ItemHeader><ItemName>Kén-hexafluorid</ItemName><ItemPath>MSZ EN ISO 10456\Gázok</ItemPath><ID>1270</ID></ItemHeader><Thickness>0</Thickness><Density>6.36</Density><ThermalCond>0.013</ThermalCond><ThermalRes>0</ThermalRes><HeatCapacity>0.614</HeatCapacity><SteamDiffCond>0</SteamDiffCond><SteamDiffRes>0</SteamDiffRes><SteamDiffResNum>1</SteamDiffResNum><SteamSDValue>0</SteamSDValue></WinWatt32Material><WinWatt32Material Type="Thick"><ItemHeader><ItemName>Kripton</ItemName><ItemPath>MSZ EN ISO 10456\Gázok</ItemPath><ID>1271</ID></ItemHeader><Thickness>0</Thickness><Density>3.56</Density><ThermalCond>0.009</ThermalCond><ThermalRes>0</ThermalRes><HeatCapacity>0.245</HeatCapacity><SteamDiffCond>0</SteamDiffCond><SteamDiffRes>0</SteamDiffRes><SteamDiffResNum>1</SteamDiffResNum><SteamSDValue>0</SteamSDValue></WinWatt32Material><WinWatt32Material Type="Thick"><ItemHeader><ItemName>Levegő</ItemName><ItemPath>MSZ EN ISO 10456\Gázok</ItemPath><ID>1267</ID></ItemHeader><Thickness>0</Thickness><Density>1.23</Density><ThermalCond>0.025</ThermalCond><ThermalRes>0</ThermalRes><HeatCapacity>1.008</HeatCapacity><SteamDiffCond>0</SteamDiffCond><SteamDiffRes>0</SteamDiffRes><SteamDiffResNum>1</SteamDiffResNum><SteamSDValue>0</SteamSDValue></WinWatt32Material><WinWatt32Material Type="Thick"><ItemHeader><ItemName>Széndioxid</ItemName><ItemPath>MSZ EN ISO 10456\Gázok</ItemPath><ID>1268</ID></ItemHeader><Thickness>0</Thickness><Density>1.95</Density><ThermalCond>0.014</ThermalCond><ThermalRes>0</ThermalRes><HeatCapacity>0.82</HeatCapacity><SteamDiffCond>0</SteamDiffCond><SteamDiffRes>0</SteamDiffRes><SteamDiffResNum>1</SteamDiffResNum><SteamSDValue>0</SteamSDValue></WinWatt32Material><WinWatt32Material Type="Thick"><ItemHeader><ItemName>Xenon</ItemName><ItemPath>MSZ EN ISO 10456\Gázok</ItemPath><ID>1272</ID></ItemHeader><Thickness>0</Thickness><Density>5.68</Density><ThermalCond>0.0054</ThermalCond><ThermalRes>0</ThermalRes><HeatCapacity>0.16</HeatCapacity><SteamDiffCond>0</SteamDiffCond><SteamDiffRes>0</SteamDiffRes><SteamDiffResNum>1</SteamDiffResNum><SteamSDValue>0</SteamSDValue></WinWatt32Material><WinWatt32Material Type="Normal"><ItemHeader><ItemName>Gipsz 1</ItemName><ItemPath>MSZ EN ISO 10456\Gipsz, gipsztermékek</ItemPath><ID>1328</ID></ItemHeader><Thickness>0</Thickness><Density>600</Density><ThermalCond>0.18</ThermalCond><ThermalRes>0</ThermalRes><HeatCapacity>1</HeatCapacity><SteamDiffCond>0</SteamDiffCond><SteamDiffRes>0</SteamDiffRes><SteamDiffResNum>10</SteamDiffResNum><SteamSDValue>0</SteamSDValue><InitialHumidity>0</InitialHumidity><PermitHumidity>0</PermitHumidity></WinWatt32Material><WinWatt32Material Type="Normal"><ItemHeader><ItemName>Gipsz 2</ItemName><ItemPath>MSZ EN ISO 10456\Gipsz, gipsztermékek</ItemPath><ID>1329</ID></ItemHeader><Thickness>0</Thickness><Density>900</Density><ThermalCond>0.3</ThermalCond><ThermalRes>0</ThermalRes><HeatCapacity>1</HeatCapacity><SteamDiffCond>0</SteamDiffCond><SteamDiffRes>0</SteamDiffRes><SteamDiffResNum>10</SteamDiffResNum><SteamSDValue>0</SteamSDValue><InitialHumidity>0</InitialHumidity><PermitHumidity>0</PermitHumidity></WinWatt32Material><WinWatt32Material Type="Normal"><ItemHeader><ItemName>Gipsz 3</ItemName><ItemPath>MSZ EN ISO 10456\Gipsz, gipsztermékek</ItemPath><ID>1330</ID></ItemHeader><Thickness>0</Thickness><Density>1200</Density><ThermalCond>0.43</ThermalCond><ThermalRes>0</ThermalRes><HeatCapacity>1</HeatCapacity><SteamDiffCond>0</SteamDiffCond><SteamDiffRes>0</SteamDiffRes><SteamDiffResNum>10</SteamDiffResNum><SteamSDValue>0</SteamSDValue><InitialHumidity>0</InitialHumidity><PermitHumidity>0</PermitHumidity></WinWatt32Material><WinWatt32Material Type="Normal"><ItemHeader><ItemName>Gipsz 4</ItemName><ItemPath>MSZ EN ISO 10456\Gipsz, gipsztermékek</ItemPath><ID>1331</ID></ItemHeader><Thickness>0</Thickness><Density>1500</Density><ThermalCond>0.56</ThermalCond><ThermalRes>0</ThermalRes><HeatCapacity>1</HeatCapacity><SteamDiffCond>0</SteamDiffCond><SteamDiffRes>0</SteamDiffRes><SteamDiffResNum>10</SteamDiffResNum><SteamSDValue>0</SteamSDValue><InitialHumidity>0</InitialHumidity><PermitHumidity>0</PermitHumidity></WinWatt32Material><WinWatt32Material Type="Normal"><ItemHeader><ItemName>Gipszkarton 1</ItemName><ItemPath>MSZ EN ISO 10456\Gipsz, gipsztermékek</ItemPath><ID>1332</ID></ItemHeader><Thickness>0</Thickness><Density>700</Density><ThermalCond>0.21</ThermalCond><ThermalRes>0</ThermalRes><HeatCapacity>1</HeatCapacity><SteamDiffCond>0</SteamDiffCond><SteamDiffRes>0</SteamDiffRes><SteamDiffResNum>10</SteamDiffResNum><SteamSDValue>0</SteamSDValue><InitialHumidity>0</InitialHumidity><PermitHumidity>0</PermitHumidity></WinWatt32Material><WinWatt32Material Type="Normal"><ItemHeader><ItemName>Gipszkarton 2</ItemName><ItemPath>MSZ EN ISO 10456\Gipsz, gipsztermékek</ItemPath><ID>1333</ID></ItemHeader><Thickness>0</Thickness><Density>900</Density><ThermalCond>0.25</ThermalCond><ThermalRes>0</ThermalRes><HeatCapacity>1</HeatCapacity><SteamDiffCond>0</SteamDiffCond><SteamDiffRes>0</SteamDiffRes><SteamDiffResNum>10</SteamDiffResNum><SteamSDValue>0</SteamSDValue><InitialHumidity>0</InitialHumidity><PermitHumidity>0</PermitHumidity></WinWatt32Material><WinWatt32Material Type="Thick"><ItemHeader><ItemName>Butadiénkaucsuk</ItemName><ItemPath>MSZ EN ISO 10456\Gumik</ItemPath><ID>1316</ID></ItemHeader><Thickness>0</Thickness><Density>980</Density><ThermalCond>0.25</ThermalCond><ThermalRes>0</ThermalRes><HeatCapacity>1</HeatCapacity><SteamDiffCond>0</SteamDiffCond><SteamDiffRes>0</SteamDiffRes><SteamDiffResNum>1E5</SteamDiffResNum><SteamSDValue>0</SteamSDValue></WinWatt32Material><WinWatt32Material Type="Thick"><ItemHeader><ItemName>Butilkaucsuk</ItemName><ItemPath>MSZ EN ISO 10456\Gumik</ItemPath><ID>1310</ID></ItemHeader><Thickness>0</Thickness><Density>1200</Density><ThermalCond>0.24</ThermalCond><ThermalRes>0</ThermalRes><HeatCapacity>1.4</HeatCapacity><SteamDiffCond>0</SteamDiffCond><SteamDiffRes>0</SteamDiffRes><SteamDiffResNum>2E5</SteamDiffResNum><SteamSDValue>0</SteamSDValue></WinWatt32Material><WinWatt32Material Type="Thick"><ItemHeader><ItemName>Ebonit (kemény gumi)</ItemName><ItemPath>MSZ EN ISO 10456\Gumik</ItemPath><ID>1312</ID></ItemHeader><Thickness>0</Thickness><Density>1200</Density><ThermalCond>0.17</ThermalCond><ThermalRes>0</ThermalRes><HeatCapacity>1.4</HeatCapacity><SteamDiffCond>0</SteamDiffCond><SteamDiffRes>0</SteamDiffRes><SteamDiffResNum>1E6</SteamDiffResNum><SteamSDValue>0</SteamSDValue></WinWatt32Material><WinWatt32Material Type="Thick"><ItemHeader><ItemName>Etilén-propilén kaucsuk (EPDM)</ItemName><ItemPath>MSZ EN ISO 10456\Gumik</ItemPath><ID>1313</ID></ItemHeader><Thickness>0</Thickness><Density>1150</Density><ThermalCond>0.25</ThermalCond><ThermalRes>0</ThermalRes><HeatCapacity>1</HeatCapacity><SteamDiffCond>0</SteamDiffCond><SteamDiffRes>0</SteamDiffRes><SteamDiffResNum>6000</SteamDiffResNum><SteamSDValue>0</SteamSDValue></WinWatt32Material><WinWatt32Material Type="Thick"><ItemHeader><ItemName>Habszivacs</ItemName><ItemPath>MSZ EN ISO 10456\Gumik</ItemPath><ID>1311</ID></ItemHeader><Thickness>0</Thickness><Density>80</Density><ThermalCond>0.06</ThermalCond><ThermalRes>0</ThermalRes><HeatCapacity>1.5</HeatCapacity><SteamDiffCond>0</SteamDiffCond><SteamDiffRes>0</SteamDiffRes><SteamDiffResNum>7000</SteamDiffResNum><SteamSDValue>0</SteamSDValue></WinWatt32Material><WinWatt32Material Type="Thick"><ItemHeader><ItemName>Kaucsuk</ItemName><ItemPath>MSZ EN ISO 10456\Gumik</ItemPath><ID>1308</ID></ItemHeader><Thickness>0</Thickness><Density>910</Density><ThermalCond>0.13</ThermalCond><ThermalRes>0</ThermalRes><HeatCapacity>1.1</HeatCapacity><SteamDiffCond>0</SteamDiffCond><SteamDiffRes>0</SteamDiffRes><SteamDiffResNum>10000</SteamDiffResNum><SteamSDValue>0</SteamSDValue></WinWatt32Material><WinWatt32Material Type="Thick"><ItemHeader><ItemName>Neoprén</ItemName><ItemPath>MSZ EN ISO 10456\Gumik</ItemPath><ID>1309</ID></ItemHeader><Thickness>0</Thickness><Density>1240</Density><ThermalCond>0.23</ThermalCond><ThermalRes>0</ThermalRes><HeatCapacity>2.14</HeatCapacity><SteamDiffCond>0</SteamDiffCond><SteamDiffRes>0</SteamDiffRes><SteamDiffResNum>10000</SteamDiffResNum><SteamSDValue>0</SteamSDValue></WinWatt32Material><WinWatt32Material Type="Thick"><ItemHeader><ItemName>Poliizobutilén</ItemName><ItemPath>MSZ EN ISO 10456\Gumik</ItemPath><ID>1314</ID></ItemHeader><Thickness>0</Thickness><Density>930</Density><ThermalCond>0.2</ThermalCond><ThermalRes>0</ThermalRes><HeatCapacity>1.1</HeatCapacity><SteamDiffCond>0</SteamDiffCond><SteamDiffRes>0</SteamDiffRes><SteamDiffResNum>10000</SteamDiffResNum><SteamSDValue>0</SteamSDValue></WinWatt32Material><WinWatt32Material Type="Thick"><ItemHeader><ItemName>Poliszulfid</ItemName><ItemPath>MSZ EN ISO 10456\Gumik</ItemPath><ID>1315</ID></ItemHeader><Thickness>0</Thickness><Density>1700</Density><ThermalCond>0.4</ThermalCond><ThermalRes>0</ThermalRes><HeatCapacity>1</HeatCapacity><SteamDiffCond>0</SteamDiffCond><SteamDiffRes>0</SteamDiffRes><SteamDiffResNum>10000</SteamDiffResNum><SteamSDValue>0</SteamSDValue></WinWatt32Material><WinWatt32Material Type="Normal"><ItemHeader><ItemName>Bazalt</ItemName><ItemPath>MSZ EN ISO 10456\Kövek</ItemPath><ID>1347</ID></ItemHeader><Thickness>0</Thickness><Density>2800</Density><ThermalCond>3.5</ThermalCond><ThermalRes>0</ThermalRes><HeatCapacity>1</HeatCapacity><SteamDiffCond>0</SteamDiffCond><SteamDiffRes>0</SteamDiffRes><SteamDiffResNum>10000</SteamDiffResNum><SteamSDValue>0</SteamSDValue><InitialHumidity>0</InitialHumidity><PermitHumidity>0</PermitHumidity></WinWatt32Material><WinWatt32Material Type="Normal"><ItemHeader><ItemName>Gránit</ItemName><ItemPath>MSZ EN ISO 10456\Kövek</ItemPath><ID>1348</ID></ItemHeader><Thickness>0</Thickness><Density>2600</Density><ThermalCond>2.8</ThermalCond><ThermalRes>0</ThermalRes><HeatCapacity>1</HeatCapacity><SteamDiffCond>0</SteamDiffCond><SteamDiffRes>0</SteamDiffRes><SteamDiffResNum>10000</SteamDiffResNum><SteamSDValue>0</SteamSDValue><InitialHumidity>0</InitialHumidity><PermitHumidity>0</PermitHumidity></WinWatt32Material><WinWatt32Material Type="Normal"><ItemHeader><ItemName>Homokkő</ItemName><ItemPath>MSZ EN ISO 10456\Kövek</ItemPath><ID>1356</ID></ItemHeader><Thickness>0</Thickness><Density>2600</Density><ThermalCond>2.3</ThermalCond><ThermalRes>0</ThermalRes><HeatCapacity>1</HeatCapacity><SteamDiffCond>0</SteamDiffCond><SteamDiffRes>0</SteamDiffRes><SteamDiffResNum>40</SteamDiffResNum><SteamSDValue>0</SteamSDValue><InitialHumidity>0</InitialHumidity><PermitHumidity>0</PermitHumidity></WinWatt32Material><WinWatt32Material Type="Normal"><ItemHeader><ItemName>Márvány</ItemName><ItemPath>MSZ EN ISO 10456\Kövek</ItemPath><ID>1349</ID></ItemHeader><Thickness>0</Thickness><Density>2800</Density><ThermalCond>3.5</ThermalCond><ThermalRes>0</ThermalRes><HeatCapacity>1</HeatCapacity><SteamDiffCond>0</SteamDiffCond><SteamDiffRes>0</SteamDiffRes><SteamDiffResNum>10000</SteamDiffResNum><SteamSDValue>0</SteamSDValue><InitialHumidity>0</InitialHumidity><PermitHumidity>0</PermitHumidity></WinWatt32Material><WinWatt32Material Type="Normal"><ItemHeader><ItemName>Mészkő, félkemény</ItemName><ItemPath>MSZ EN ISO 10456\Kövek</ItemPath><ID>1353</ID></ItemHeader><Thickness>0</Thickness><Density>2000</Density><ThermalCond>1.4</ThermalCond><ThermalRes>0</ThermalRes><HeatCapacity>1</HeatCapacity><SteamDiffCond>0</SteamDiffCond><SteamDiffRes>0</SteamDiffRes><SteamDiffResNum>50</SteamDiffResNum><SteamSDValue>0</SteamSDValue><InitialHumidity>0</InitialHumidity><PermitHumidity>0</PermitHumidity></WinWatt32Material><WinWatt32Material Type="Normal"><ItemHeader><ItemName>Mészkő, kemény</ItemName><ItemPath>MSZ EN ISO 10456\Kövek</ItemPath><ID>1354</ID></ItemHeader><Thickness>0</Thickness><Density>2200</Density><ThermalCond>1.7</ThermalCond><ThermalRes>0</ThermalRes><HeatCapacity>1</HeatCapacity><SteamDiffCond>0</SteamDiffCond><SteamDiffRes>0</SteamDiffRes><SteamDiffResNum>200</SteamDiffResNum><SteamSDValue>0</SteamSDValue><InitialHumidity>0</InitialHumidity><PermitHumidity>0</PermitHumidity></WinWatt32Material><WinWatt32Material Type="Normal"><ItemHeader><ItemName>Mészkő, nagyon kemény</ItemName><ItemPath>MSZ EN ISO 10456\Kövek</ItemPath><ID>1355</ID></ItemHeader><Thickness>0</Thickness><Density>2600</Density><ThermalCond>2.3</ThermalCond><ThermalRes>0</ThermalRes><HeatCapacity>1</HeatCapacity><SteamDiffCond>0</SteamDiffCond><SteamDiffRes>0</SteamDiffRes><SteamDiffResNum>250</SteamDiffResNum><SteamSDValue>0</SteamSDValue><InitialHumidity>0</InitialHumidity><PermitHumidity>0</PermitHumidity></WinWatt32Material><WinWatt32Material Type="Normal"><ItemHeader><ItemName>Mészkő, nagyon puha</ItemName><ItemPath>MSZ EN ISO 10456\Kövek</ItemPath><ID>1351</ID></ItemHeader><Thickness>0</Thickness><Density>1600</Density><ThermalCond>0.85</ThermalCond><ThermalRes>0</ThermalRes><HeatCapacity>1</HeatCapacity><SteamDiffCond>0</SteamDiffCond><SteamDiffRes>0</SteamDiffRes><SteamDiffResNum>30</SteamDiffResNum><SteamSDValue>0</SteamSDValue><InitialHumidity>0</InitialHumidity><PermitHumidity>0</PermitHumidity></WinWatt32Material><WinWatt32Material Type="Normal"><ItemHeader><ItemName>Mészkő, puha</ItemName><ItemPath>MSZ EN ISO 10456\Kövek</ItemPath><ID>1352</ID></ItemHeader><Thickness>0</Thickness><Density>1800</Density><ThermalCond>1.1</ThermalCond><ThermalRes>0</ThermalRes><HeatCapacity>1</HeatCapacity><SteamDiffCond>0</SteamDiffCond><SteamDiffRes>0</SteamDiffRes><SteamDiffResNum>40</SteamDiffResNum><SteamSDValue>0</SteamSDValue><InitialHumidity>0</InitialHumidity><PermitHumidity>0</PermitHumidity></WinWatt32Material><WinWatt32Material Type="Normal"><ItemHeader><ItemName>Műkő</ItemName><ItemPath>MSZ EN ISO 10456\Kövek</ItemPath><ID>1358</ID></ItemHeader><Thickness>0</Thickness><Density>1750</Density><ThermalCond>1.3</ThermalCond><ThermalRes>0</ThermalRes><HeatCapacity>1</HeatCapacity><SteamDiffCond>0</SteamDiffCond><SteamDiffRes>0</SteamDiffRes><SteamDiffResNum>50</SteamDiffResNum><SteamSDValue>0</SteamSDValue><InitialHumidity>0</InitialHumidity><PermitHumidity>0</PermitHumidity></WinWatt32Material><WinWatt32Material Type="Normal"><ItemHeader><ItemName>Pala</ItemName><ItemPath>MSZ EN ISO 10456\Kövek</ItemPath><ID>1350</ID></ItemHeader><Thickness>0</Thickness><Density>2400</Density><ThermalCond>2.2</ThermalCond><ThermalRes>0</ThermalRes><HeatCapacity>1</HeatCapacity><SteamDiffCond>0</SteamDiffCond><SteamDiffRes>0</SteamDiffRes><SteamDiffResNum>1000</SteamDiffResNum><SteamSDValue>0</SteamSDValue><InitialHumidity>0</InitialHumidity><PermitHumidity>0</PermitHumidity></WinWatt32Material><WinWatt32Material Type="Normal"><ItemHeader><ItemName>Természetes habkő</ItemName><ItemPath>MSZ EN ISO 10456\Kövek</ItemPath><ID>1357</ID></ItemHeader><Thickness>0</Thickness><Density>400</Density><ThermalCond>0.12</ThermalCond><ThermalRes>0</ThermalRes><HeatCapacity>1</HeatCapacity><SteamDiffCond>0</SteamDiffCond><SteamDiffRes>0</SteamDiffRes><SteamDiffResNum>8</SteamDiffResNum><SteamSDValue>0</SteamSDValue><InitialHumidity>0</InitialHumidity><PermitHumidity>0</PermitHumidity></WinWatt32Material><WinWatt32Material Type="Thick"><ItemHeader><ItemName>Aszfalt</ItemName><ItemPath>MSZ EN ISO 10456\Lemezek, mázak, kenések</ItemPath><ID>1245</ID></ItemHeader><Thickness>0</Thickness><Density>2100</Density><ThermalCond>0.7</ThermalCond><ThermalRes>0</ThermalRes><HeatCapacity>1</HeatCapacity><SteamDiffCond>0</SteamDiffCond><SteamDiffRes>0</SteamDiffRes><SteamDiffResNum>50000</SteamDiffResNum><SteamSDValue>0</SteamSDValue></WinWatt32Material><WinWatt32Material Type="Thick"><ItemHeader><ItemName>Bitumen</ItemName><ItemPath>MSZ EN ISO 10456\Lemezek, mázak, kenések</ItemPath><ID>1247</ID></ItemHeader><Thickness>0</Thickness><Density>1050</Density><ThermalCond>0.17</ThermalCond><ThermalRes>0</ThermalRes><HeatCapacity>1</HeatCapacity><SteamDiffCond>0</SteamDiffCond><SteamDiffRes>0</SteamDiffRes><SteamDiffResNum>50000</SteamDiffResNum><SteamSDValue>0</SteamSDValue></WinWatt32Material><WinWatt32Material Type="Thick"><ItemHeader><ItemName>Bitumen lemez</ItemName><ItemPath>MSZ EN ISO 10456\Lemezek, mázak, kenések</ItemPath><ID>1248</ID></ItemHeader><Thickness>0</Thickness><Density>1100</Density><ThermalCond>0.23</ThermalCond><ThermalRes>0</ThermalRes><HeatCapacity>1</HeatCapacity><SteamDiffCond>0</SteamDiffCond><SteamDiffRes>0</SteamDiffRes><SteamDiffResNum>50000</SteamDiffResNum><SteamSDValue>0</SteamSDValue></WinWatt32Material><WinWatt32Material Type="Thick"><ItemHeader><ItemName>Akril</ItemName><ItemPath>MSZ EN ISO 10456\Műanyagok</ItemPath><ID>1290</ID></ItemHeader><Thickness>0</Thickness><Density>1050</Density><ThermalCond>0.2</ThermalCond><ThermalRes>0</ThermalRes><HeatCapacity>1.5</HeatCapacity><SteamDiffCond>0</SteamDiffCond><SteamDiffRes>0</SteamDiffRes><SteamDiffResNum>10000</SteamDiffResNum><SteamSDValue>0</SteamSDValue></WinWatt32Material><WinWatt32Material Type="Thick"><ItemHeader><ItemName>Epoxigyanta</ItemName><ItemPath>MSZ EN ISO 10456\Műanyagok</ItemPath><ID>1304</ID></ItemHeader><Thickness>0</Thickness><Density>1200</Density><ThermalCond>0.2</ThermalCond><ThermalRes>0</ThermalRes><HeatCapacity>1.4</HeatCapacity><SteamDiffCond>0</SteamDiffCond><SteamDiffRes>0</SteamDiffRes><SteamDiffResNum>10000</SteamDiffResNum><SteamSDValue>0</SteamSDValue></WinWatt32Material><WinWatt32Material Type="Thick"><ItemHeader><ItemName>Fenolgyanta</ItemName><ItemPath>MSZ EN ISO 10456\Műanyagok</ItemPath><ID>1305</ID></ItemHeader><Thickness>0</Thickness><Density>1300</Density><ThermalCond>0.3</ThermalCond><ThermalRes>0</ThermalRes><HeatCapacity>1.7</HeatCapacity><SteamDiffCond>0</SteamDiffCond><SteamDiffRes>0</SteamDiffRes><SteamDiffResNum>1E5</SteamDiffResNum><SteamSDValue>0</SteamSDValue></WinWatt32Material><WinWatt32Material Type="Thick"><ItemHeader><ItemName>Poliacetát</ItemName><ItemPath>MSZ EN ISO 10456\Műanyagok</ItemPath><ID>1295</ID></ItemHeader><Thickness>0</Thickness><Density>1410</Density><ThermalCond>0.3</ThermalCond><ThermalRes>0</ThermalRes><HeatCapacity>1.4</HeatCapacity><SteamDiffCond>0</SteamDiffCond><SteamDiffRes>0</SteamDiffRes><SteamDiffResNum>1E5</SteamDiffResNum><SteamSDValue>0</SteamSDValue></WinWatt32Material><WinWatt32Material Type="Thick"><ItemHeader><ItemName>Poliamid (nylon)</ItemName><ItemPath>MSZ EN ISO 10456\Műanyagok</ItemPath><ID>1296</ID></ItemHeader><Thickness>0</Thickness><Density>1150</Density><ThermalCond>0.25</ThermalCond><ThermalRes>0</ThermalRes><HeatCapacity>1.6</HeatCapacity><SteamDiffCond>0</SteamDiffCond><SteamDiffRes>0</SteamDiffRes><SteamDiffResNum>50000</SteamDiffResNum><SteamSDValue>0</SteamSDValue></WinWatt32Material><WinWatt32Material Type="Thick"><ItemHeader><ItemName>Poliamid 6.6 25 % üvegszállal</ItemName><ItemPath>MSZ EN ISO 10456\Műanyagok</ItemPath><ID>1297</ID></ItemHeader><Thickness>0</Thickness><Density>1450</Density><ThermalCond>0.3</ThermalCond><ThermalRes>0</ThermalRes><HeatCapacity>1.6</HeatCapacity><SteamDiffCond>0</SteamDiffCond><SteamDiffRes>0</SteamDiffRes><SteamDiffResNum>50000</SteamDiffResNum><SteamSDValue>0</SteamSDValue></WinWatt32Material><WinWatt32Material Type="Thick"><ItemHeader><ItemName>Poliésztergyanta</ItemName><ItemPath>MSZ EN ISO 10456\Műanyagok</ItemPath><ID>1306</ID></ItemHeader><Thickness>0</Thickness><Density>1400</Density><ThermalCond>0.19</ThermalCond><ThermalRes>0</ThermalRes><HeatCapacity>1.2</HeatCapacity><SteamDiffCond>0</SteamDiffCond><SteamDiffRes>0</SteamDiffRes><SteamDiffResNum>10000</SteamDiffResNum><SteamSDValue>0</SteamSDValue></WinWatt32Material><WinWatt32Material Type="Thick"><ItemHeader><ItemName>Polietilén (kis sűrűségű)</ItemName><ItemPath>MSZ EN ISO 10456\Műanyagok</ItemPath><ID>1299</ID></ItemHeader><Thickness>0</Thickness><Density>920</Density><ThermalCond>0.33</ThermalCond><ThermalRes>0</ThermalRes><HeatCapacity>2.2</HeatCapacity><SteamDiffCond>0</SteamDiffCond><SteamDiffRes>0</SteamDiffRes><SteamDiffResNum>1E5</SteamDiffResNum><SteamSDValue>0</SteamSDValue></WinWatt32Material><WinWatt32Material Type="Thick"><ItemHeader><ItemName>Polietilén (nagy sűrűségű)</ItemName><ItemPath>MSZ EN ISO 10456\Műanyagok</ItemPath><ID>1298</ID></ItemHeader><Thickness>0</Thickness><Density>980</Density><ThermalCond>0.5</ThermalCond><ThermalRes>0</ThermalRes><HeatCapacity>1.8</HeatCapacity><SteamDiffCond>0</SteamDiffCond><SteamDiffRes>0</SteamDiffRes><SteamDiffResNum>1E5</SteamDiffResNum><SteamSDValue>0</SteamSDValue></WinWatt32Material><WinWatt32Material Type="Thick"><ItemHeader><ItemName>Polikarbonát</ItemName><ItemPath>MSZ EN ISO 10456\Műanyagok</ItemPath><ID>1291</ID></ItemHeader><Thickness>0</Thickness><Density>1200</Density><ThermalCond>0.2</ThermalCond><ThermalRes>0</ThermalRes><HeatCapacity>1.2</HeatCapacity><SteamDiffCond>0</SteamDiffCond><SteamDiffRes>0</SteamDiffRes><SteamDiffResNum>5000</SteamDiffResNum><SteamSDValue>0</SteamSDValue></WinWatt32Material><WinWatt32Material Type="Thick"><ItemHeader><ItemName>Polimetil-metakrilát (PMMA)</ItemName><ItemPath>MSZ EN ISO 10456\Műanyagok</ItemPath><ID>1294</ID></ItemHeader><Thickness>0</Thickness><Density>1180</Density><ThermalCond>0.18</ThermalCond><ThermalRes>0</ThermalRes><HeatCapacity>1.5</HeatCapacity><SteamDiffCond>0</SteamDiffCond><SteamDiffRes>0</SteamDiffRes><SteamDiffResNum>50000</SteamDiffResNum><SteamSDValue>0</SteamSDValue></WinWatt32Material><WinWatt32Material Type="Thick"><ItemHeader><ItemName>Polipropilén</ItemName><ItemPath>MSZ EN ISO 10456\Műanyagok</ItemPath><ID>1301</ID></ItemHeader><Thickness>0</Thickness><Density>910</Density><ThermalCond>0.22</ThermalCond><ThermalRes>0</ThermalRes><HeatCapacity>1.8</HeatCapacity><SteamDiffCond>0</SteamDiffCond><SteamDiffRes>0</SteamDiffRes><SteamDiffResNum>10000</SteamDiffResNum><SteamSDValue>0</SteamSDValue></WinWatt32Material><WinWatt32Material Type="Thick"><ItemHeader><ItemName>Polipropilén 25 % üvegszállal</ItemName><ItemPath>MSZ EN ISO 10456\Műanyagok</ItemPath><ID>1302</ID></ItemHeader><Thickness>0</Thickness><Density>1200</Density><ThermalCond>0.25</ThermalCond><ThermalRes>0</ThermalRes><HeatCapacity>1.8</HeatCapacity><SteamDiffCond>0</SteamDiffCond><SteamDiffRes>0</SteamDiffRes><SteamDiffResNum>10000</SteamDiffResNum><SteamSDValue>0</SteamSDValue></WinWatt32Material><WinWatt32Material Type="Thick"><ItemHeader><ItemName>Polisztirol</ItemName><ItemPath>MSZ EN ISO 10456\Műanyagok</ItemPath><ID>1300</ID></ItemHeader><Thickness>0</Thickness><Density>1050</Density><ThermalCond>0.16</ThermalCond><ThermalRes>0</ThermalRes><HeatCapacity>1.3</HeatCapacity><SteamDiffCond>0</SteamDiffCond><SteamDiffRes>0</SteamDiffRes><SteamDiffResNum>1E5</SteamDiffResNum><SteamSDValue>0</SteamSDValue></WinWatt32Material><WinWatt32Material Type="Thick"><ItemHeader><ItemName>Politetrafluoretilén (PTFE)</ItemName><ItemPath>MSZ EN ISO 10456\Műanyagok</ItemPath><ID>1292</ID></ItemHeader><Thickness>0</Thickness><Density>2200</Density><ThermalCond>0.25</ThermalCond><ThermalRes>0</ThermalRes><HeatCapacity>1</HeatCapacity><SteamDiffCond>0</SteamDiffCond><SteamDiffRes>0</SteamDiffRes><SteamDiffResNum>10000</SteamDiffResNum><SteamSDValue>0</SteamSDValue></WinWatt32Material><WinWatt32Material Type="Thick"><ItemHeader><ItemName>Poliuretán (PU)</ItemName><ItemPath>MSZ EN ISO 10456\Műanyagok</ItemPath><ID>1303</ID></ItemHeader><Thickness>0</Thickness><Density>1200</Density><ThermalCond>0.25</ThermalCond><ThermalRes>0</ThermalRes><HeatCapacity>1.8</HeatCapacity><SteamDiffCond>0</SteamDiffCond><SteamDiffRes>0</SteamDiffRes><SteamDiffResNum>6000</SteamDiffResNum><SteamSDValue>0</SteamSDValue></WinWatt32Material><WinWatt32Material Type="Thick"><ItemHeader><ItemName>Polivinil-klorid (PVC)</ItemName><ItemPath>MSZ EN ISO 10456\Műanyagok</ItemPath><ID>1293</ID></ItemHeader><Thickness>0</Thickness><Density>1390</Density><ThermalCond>0.17</ThermalCond><ThermalRes>0</ThermalRes><HeatCapacity>0.9</HeatCapacity><SteamDiffCond>0</SteamDiffCond><SteamDiffRes>0</SteamDiffRes><SteamDiffResNum>50000</SteamDiffResNum><SteamSDValue>0</SteamSDValue></WinWatt32Material><WinWatt32Material Type="Normal"><ItemHeader><ItemName>agyagos talaj 1</ItemName><ItemPath>MSZ EN ISO 10456\Talajok</ItemPath><ID>1342</ID></ItemHeader><Thickness>0</Thickness><Density>1200</Density><ThermalCond>1.5</ThermalCond><ThermalRes>0</ThermalRes><HeatCapacity>1.67</HeatCapacity><SteamDiffCond>0</SteamDiffCond><SteamDiffRes>0</SteamDiffRes><SteamDiffResNum>50</SteamDiffResNum><SteamSDValue>0</SteamSDValue><InitialHumidity>0</InitialHumidity><PermitHumidity>0</PermitHumidity></WinWatt32Material><WinWatt32Material Type="Normal"><ItemHeader><ItemName>agyagos talaj 2</ItemName><ItemPath>MSZ EN ISO 10456\Talajok</ItemPath><ID>1343</ID></ItemHeader><Thickness>0</Thickness><Density>1800</Density><ThermalCond>1.5</ThermalCond><ThermalRes>0</ThermalRes><HeatCapacity>2.5</HeatCapacity><SteamDiffCond>0</SteamDiffCond><SteamDiffRes>0</SteamDiffRes><SteamDiffResNum>50</SteamDiffResNum><SteamSDValue>0</SteamSDValue><InitialHumidity>0</InitialHumidity><PermitHumidity>0</PermitHumidity></WinWatt32Material><WinWatt32Material Type="Normal"><ItemHeader><ItemName>homokos, kavicsos talaj 1</ItemName><ItemPath>MSZ EN ISO 10456\Talajok</ItemPath><ID>1344</ID></ItemHeader><Thickness>0</Thickness><Density>1700</Density><ThermalCond>2</ThermalCond><ThermalRes>0</ThermalRes><HeatCapacity>0.91</HeatCapacity><SteamDiffCond>0</SteamDiffCond><SteamDiffRes>0</SteamDiffRes><SteamDiffResNum>50</SteamDiffResNum><SteamSDValue>0</SteamSDValue><InitialHumidity>0</InitialHumidity><PermitHumidity>0</PermitHumidity></WinWatt32Material><WinWatt32Material Type="Normal"><ItemHeader><ItemName>homokos, kavicsos talaj 2</ItemName><ItemPath>MSZ EN ISO 10456\Talajok</ItemPath><ID>1345</ID></ItemHeader><Thickness>0</Thickness><Density>2200</Density><ThermalCond>2</ThermalCond><ThermalRes>0</ThermalRes><HeatCapacity>1.18</HeatCapacity><SteamDiffCond>0</SteamDiffCond><SteamDiffRes>0</SteamDiffRes><SteamDiffResNum>50</SteamDiffResNum><SteamSDValue>0</SteamSDValue><InitialHumidity>0</InitialHumidity><PermitHumidity>0</PermitHumidity></WinWatt32Material><WinWatt32Material Type="Thick"><ItemHeader><ItemName>Elasztomerhab</ItemName><ItemPath>MSZ EN ISO 10456\Tömítőanyagok</ItemPath><ID>1326</ID></ItemHeader><Thickness>0</Thickness><Density>80</Density><ThermalCond>0.05</ThermalCond><ThermalRes>0</ThermalRes><HeatCapacity>1.5</HeatCapacity><SteamDiffCond>0</SteamDiffCond><SteamDiffRes>0</SteamDiffRes><SteamDiffResNum>10000</SteamDiffResNum><SteamSDValue>0</SteamSDValue></WinWatt32Material><WinWatt32Material Type="Thick"><ItemHeader><ItemName>Lágyított PVC</ItemName><ItemPath>MSZ EN ISO 10456\Tömítőanyagok</ItemPath><ID>1323</ID></ItemHeader><Thickness>0</Thickness><Density>1200</Density><ThermalCond>0.14</ThermalCond><ThermalRes>0</ThermalRes><HeatCapacity>1</HeatCapacity><SteamDiffCond>0</SteamDiffCond><SteamDiffRes>0</SteamDiffRes><SteamDiffResNum>1E5</SteamDiffResNum><SteamSDValue>0</SteamSDValue></WinWatt32Material><WinWatt32Material Type="Thick"><ItemHeader><ItemName>Polietilénhab</ItemName><ItemPath>MSZ EN ISO 10456\Tömítőanyagok</ItemPath><ID>1325</ID></ItemHeader><Thickness>0</Thickness><Density>70</Density><ThermalCond>0.05</ThermalCond><ThermalRes>0</ThermalRes><HeatCapacity>2.3</HeatCapacity><SteamDiffCond>0</SteamDiffCond><SteamDiffRes>0</SteamDiffRes><SteamDiffResNum>100</SteamDiffResNum><SteamSDValue>0</SteamSDValue></WinWatt32Material><WinWatt32Material Type="Thick"><ItemHeader><ItemName>Poliuretán</ItemName><ItemPath>MSZ EN ISO 10456\Tömítőanyagok</ItemPath><ID>1322</ID></ItemHeader><Thickness>0</Thickness><Density>1300</Density><ThermalCond>0.21</ThermalCond><ThermalRes>0</ThermalRes><HeatCapacity>1.8</HeatCapacity><SteamDiffCond>0</SteamDiffCond><SteamDiffRes>0</SteamDiffRes><SteamDiffResNum>60</SteamDiffResNum><SteamSDValue>0</SteamSDValue></WinWatt32Material><WinWatt32Material Type="Thick"><ItemHeader><ItemName>Poliuretánhab</ItemName><ItemPath>MSZ EN ISO 10456\Tömítőanyagok</ItemPath><ID>1324</ID></ItemHeader><Thickness>0</Thickness><Density>70</Density><ThermalCond>0.05</ThermalCond><ThermalRes>0</ThermalRes><HeatCapacity>1.5</HeatCapacity><SteamDiffCond>0</SteamDiffCond><SteamDiffRes>0</SteamDiffRes><SteamDiffResNum>60</SteamDiffResNum><SteamSDValue>0</SteamSDValue></WinWatt32Material><WinWatt32Material Type="Thick"><ItemHeader><ItemName>Szilikagél</ItemName><ItemPath>MSZ EN ISO 10456\Tömítőanyagok</ItemPath><ID>1318</ID></ItemHeader><Thickness>0</Thickness><Density>720</Density><ThermalCond>0.13</ThermalCond><ThermalRes>0</ThermalRes><HeatCapacity>1</HeatCapacity><SteamDiffCond>0</SteamDiffCond><SteamDiffRes>0</SteamDiffRes><SteamDiffResNum>1E6</SteamDiffResNum><SteamSDValue>0</SteamSDValue></WinWatt32Material><WinWatt32Material Type="Thick"><ItemHeader><ItemName>Szilikon 2</ItemName><ItemPath>MSZ EN ISO 10456\Tömítőanyagok</ItemPath><ID>1320</ID></ItemHeader><Thickness>0</Thickness><Density>1450</Density><ThermalCond>0.5</ThermalCond><ThermalRes>0</ThermalRes><HeatCapacity>1</HeatCapacity><SteamDiffCond>0</SteamDiffCond><SteamDiffRes>0</SteamDiffRes><SteamDiffResNum>5000</SteamDiffResNum><SteamSDValue>0</SteamSDValue></WinWatt32Material><WinWatt32Material Type="Thick"><ItemHeader><ItemName>Szilikon, tiszta</ItemName><ItemPath>MSZ EN ISO 10456\Tömítőanyagok</ItemPath><ID>1319</ID></ItemHeader><Thickness>0</Thickness><Density>1200</Density><ThermalCond>0.35</ThermalCond><ThermalRes>0</ThermalRes><HeatCapacity>1</HeatCapacity><SteamDiffCond>0</SteamDiffCond><SteamDiffRes>0</SteamDiffRes><SteamDiffResNum>5000</SteamDiffResNum><SteamSDValue>0</SteamSDValue></WinWatt32Material><WinWatt32Material Type="Thick"><ItemHeader><ItemName>Szilikonhab</ItemName><ItemPath>MSZ EN ISO 10456\Tömítőanyagok</ItemPath><ID>1321</ID></ItemHeader><Thickness>0</Thickness><Density>750</Density><ThermalCond>0.12</ThermalCond><ThermalRes>0</ThermalRes><HeatCapacity>1</HeatCapacity><SteamDiffCond>0</SteamDiffCond><SteamDiffRes>0</SteamDiffRes><SteamDiffResNum>10000</SteamDiffResNum><SteamSDValue>0</SteamSDValue></WinWatt32Material><WinWatt32Material Type="Thick"><ItemHeader><ItemName>Kvarcüveg</ItemName><ItemPath>MSZ EN ISO 10456\Üvegek</ItemPath><ID>1275</ID></ItemHeader><Thickness>0</Thickness><Density>2200</Density><ThermalCond>1.4</ThermalCond><ThermalRes>0</ThermalRes><HeatCapacity>0.75</HeatCapacity><SteamDiffCond>0</SteamDiffCond><SteamDiffRes>0</SteamDiffRes><SteamDiffResNum>1E6</SteamDiffResNum><SteamSDValue>0</SteamSDValue></WinWatt32Material><WinWatt32Material Type="Thick"><ItemHeader><ItemName>Szóda-mész üveg</ItemName><ItemPath>MSZ EN ISO 10456\Üvegek</ItemPath><ID>1274</ID></ItemHeader><Thickness>0</Thickness><Density>2500</Density><ThermalCond>1</ThermalCond><ThermalRes>0</ThermalRes><HeatCapacity>0.75</HeatCapacity><SteamDiffCond>0</SteamDiffCond><SteamDiffRes>0</SteamDiffRes><SteamDiffResNum>1E6</SteamDiffResNum><SteamSDValue>0</SteamSDValue></WinWatt32Material><WinWatt32Material Type="Thick"><ItemHeader><ItemName>Üvegmozaik</ItemName><ItemPath>MSZ EN ISO 10456\Üvegek</ItemPath><ID>1276</ID></ItemHeader><Thickness>0</Thickness><Density>2000</Density><ThermalCond>1.2</ThermalCond><ThermalRes>0</ThermalRes><HeatCapacity>0.75</HeatCapacity><SteamDiffCond>0</SteamDiffCond><SteamDiffRes>0</SteamDiffRes><SteamDiffResNum>1E6</SteamDiffResNum><SteamSDValue>0</SteamSDValue></WinWatt32Material><WinWatt32Material Type="Normal"><ItemHeader><ItemName>Cementvakolat</ItemName><ItemPath>MSZ EN ISO 10456\Vakolatok</ItemPath><ID>1340</ID></ItemHeader><Thickness>0</Thickness><Density>1800</Density><ThermalCond>1</ThermalCond><ThermalRes>0</ThermalRes><HeatCapacity>1</HeatCapacity><SteamDiffCond>0</SteamDiffCond><SteamDiffRes>0</SteamDiffRes><SteamDiffResNum>10</SteamDiffResNum><SteamSDValue>0</SteamSDValue><InitialHumidity>0</InitialHumidity><PermitHumidity>0</PermitHumidity></WinWatt32Material><WinWatt32Material Type="Normal"><ItemHeader><ItemName>Gipszhomok vakolat</ItemName><ItemPath>MSZ EN ISO 10456\Vakolatok</ItemPath><ID>1338</ID></ItemHeader><Thickness>0</Thickness><Density>1600</Density><ThermalCond>0.8</ThermalCond><ThermalRes>0</ThermalRes><HeatCapacity>1</HeatCapacity><SteamDiffCond>0</SteamDiffCond><SteamDiffRes>0</SteamDiffRes><SteamDiffResNum>10</SteamDiffResNum><SteamSDValue>0</SteamSDValue><InitialHumidity>0</InitialHumidity><PermitHumidity>0</PermitHumidity></WinWatt32Material><WinWatt32Material Type="Normal"><ItemHeader><ItemName>Gipszvakolat 1</ItemName><ItemPath>MSZ EN ISO 10456\Vakolatok</ItemPath><ID>1335</ID></ItemHeader><Thickness>0</Thickness><Density>600</Density><ThermalCond>0.18</ThermalCond><ThermalRes>0</ThermalRes><HeatCapacity>1</HeatCapacity><SteamDiffCond>0</SteamDiffCond><SteamDiffRes>0</SteamDiffRes><SteamDiffResNum>10</SteamDiffResNum><SteamSDValue>0</SteamSDValue><InitialHumidity>0</InitialHumidity><PermitHumidity>0</PermitHumidity></WinWatt32Material><WinWatt32Material Type="Normal"><ItemHeader><ItemName>Gipszvakolat 2</ItemName><ItemPath>MSZ EN ISO 10456\Vakolatok</ItemPath><ID>1336</ID></ItemHeader><Thickness>0</Thickness><Density>1000</Density><ThermalCond>0.4</ThermalCond><ThermalRes>0</ThermalRes><HeatCapacity>1</HeatCapacity><SteamDiffCond>0</SteamDiffCond><SteamDiffRes>0</SteamDiffRes><SteamDiffResNum>10</SteamDiffResNum><SteamSDValue>0</SteamSDValue><InitialHumidity>0</InitialHumidity><PermitHumidity>0</PermitHumidity></WinWatt32Material><WinWatt32Material Type="Normal"><ItemHeader><ItemName>Gipszvakolat 3</ItemName><ItemPath>MSZ EN ISO 10456\Vakolatok</ItemPath><ID>1337</ID></ItemHeader><Thickness>0</Thickness><Density>1300</Density><ThermalCond>0.57</ThermalCond><ThermalRes>0</ThermalRes><HeatCapacity>1</HeatCapacity><SteamDiffCond>0</SteamDiffCond><SteamDiffRes>0</SteamDiffRes><SteamDiffResNum>10</SteamDiffResNum><SteamSDValue>0</SteamSDValue><InitialHumidity>0</InitialHumidity><PermitHumidity>0</PermitHumidity></WinWatt32Material><WinWatt32Material Type="Normal"><ItemHeader><ItemName>Mészhomok vakolat</ItemName><ItemPath>MSZ EN ISO 10456\Vakolatok</ItemPath><ID>1339</ID></ItemHeader><Thickness>0</Thickness><Density>1600</Density><ThermalCond>0.8</ThermalCond><ThermalRes>0</ThermalRes><HeatCapacity>1</HeatCapacity><SteamDiffCond>0</SteamDiffCond><SteamDiffRes>0</SteamDiffRes><SteamDiffResNum>10</SteamDiffResNum><SteamSDValue>0</SteamSDValue><InitialHumidity>0</InitialHumidity><PermitHumidity>0</PermitHumidity></WinWatt32Material></WinWatt32Project>
