<?xml version="1.0" encoding="ISO-8859-2" ?>
<WinWattDB>

<WinWattDBRadiator DTLog="Yes">
  <ItemHeader>
    <Date><Year>2002</Year><Month>5</Month><Day>20</Day></Date>
    <ItemPath>BUDERUS</ItemPath>
    <ItemName>Buderus Logatrend VK-Plan</ItemName>
    <SecurityCode Language="hun">Buderus_-1748896414</SecurityCode>
    <BinSecurityCode>Buderus_-1087822138</BinSecurityCode>
    <HomePage></HomePage></ItemHeader>
  <DTOrigin>60</DTOrigin>
  <DimensionArray Type="Height" >
    <DimensionString Value="300" >300</DimensionString>
    <DimensionString Value="400" >400</DimensionString>
    <DimensionString Value="500" >500</DimensionString>
    <DimensionString Value="600" >600</DimensionString>
    <DimensionString Value="900" >900</DimensionString>
  </DimensionArray>
  <DimensionArray Type="Width" >
    <DimensionString Value="58" >10</DimensionString>
    <DimensionString Value="58" >11</DimensionString>
    <DimensionString Value="64" >21</DimensionString>
    <DimensionString Value="98" >22</DimensionString>
    <DimensionString Value="153" >33</DimensionString>
  </DimensionArray>
  <DimensionArray Type="Length" >
    <DimensionString Value="400" EstimateCode="04" >400</DimensionString>
    <DimensionString Value="500" EstimateCode="05" >500</DimensionString>
    <DimensionString Value="600" EstimateCode="06" >600</DimensionString>
    <DimensionString Value="700" EstimateCode="07" >700</DimensionString>
    <DimensionString Value="800" EstimateCode="08" >800</DimensionString>
    <DimensionString Value="900" EstimateCode="09" >900</DimensionString>
    <DimensionString Value="1000" EstimateCode="10" >1000</DimensionString>
    <DimensionString Value="1200" EstimateCode="12" >1200</DimensionString>
    <DimensionString Value="1400" EstimateCode="14" >1400</DimensionString>
    <DimensionString Value="1600" EstimateCode="16" >1600</DimensionString>
    <DimensionString Value="1800" EstimateCode="18" >1800</DimensionString>
    <DimensionString Value="2000" EstimateCode="20" >2000</DimensionString>
    <DimensionString Value="2300" EstimateCode="23" >2300</DimensionString>
    <DimensionString Value="2600" EstimateCode="26" >2600</DimensionString>
    <DimensionString Value="3000" EstimateCode="30" >3000</DimensionString>
  </DimensionArray>
  <RadiatorMainType>	<MainTypeName>VK-Plan 10/300/</MainTypeName>	<DimensionIndex>0</DimensionIndex>	<DimensionIndex>0</DimensionIndex>	<kvValue>2.6</kvValue>		<RadiatorSubTypeMacro From="0" To="14" NotCurrents="0,1,2,3,4,5,6,7,8,9,10,11,12,13,14">	<Name>VK-Plan 10/300/{S}</Name>	<Power>443.85</Power>	<Surface>0.6385</Surface>	<Volume>1.2</Volume>	<Exponent>1.28</Exponent>	<EstimateCode>BUDERUS_7358_1{E}</EstimateCode>	</RadiatorSubTypeMacro>	</RadiatorMainType>
  <RadiatorMainType>	<MainTypeName>VK-Plan 11/300/</MainTypeName>	<DimensionIndex>0</DimensionIndex>	<DimensionIndex>1</DimensionIndex>	<kvValue>2.6</kvValue>		<RadiatorSubTypeMacro From="0" To="14" NotCurrents="0,1,2,3,4,5,6,7,8,9,10,11,12,13,14">	<Name>VK-Plan 11/300/{S}</Name>	<Power>625.77</Power>	<Surface>1.831</Surface>	<Volume>1.2</Volume>	<Exponent>1.26</Exponent>	<EstimateCode>BUDERUS_7358_4{E}</EstimateCode>	</RadiatorSubTypeMacro>	</RadiatorMainType>
  <RadiatorMainType>	<MainTypeName>VK-Plan 21/300/</MainTypeName>	<DimensionIndex>0</DimensionIndex>	<DimensionIndex>2</DimensionIndex>	<kvValue>4.1</kvValue>		<RadiatorSubTypeMacro From="0" To="14" NotCurrents="0,1,2,3,4,5,6,7,8,9,10,11,12,13,14">	<Name>VK-Plan 21/300/{S}</Name>	<Power>918.46</Power>	<Surface>2.512</Surface>	<Volume>3.3</Volume>	<Exponent>1.31</Exponent>	<EstimateCode>BUDERUS_7358_3{E}</EstimateCode>	</RadiatorSubTypeMacro>	</RadiatorMainType>
  <RadiatorMainType>	<MainTypeName>VK-Plan 22/300/</MainTypeName>	<DimensionIndex>0</DimensionIndex>	<DimensionIndex>3</DimensionIndex>	<kvValue>4.1</kvValue>		<RadiatorSubTypeMacro From="0" To="14" NotCurrents="0,1,2,3,5,12,13,14">			<Name>VK-Plan 22/300/{S}</Name>	<Power>1199.6</Power>	<Surface>3.719</Surface>	<Volume>3.3</Volume>	<Exponent>1.3</Exponent>	<EstimateCode>BUDERUS_7358_6{E}</EstimateCode>	</RadiatorSubTypeMacro>	</RadiatorMainType>
  <RadiatorMainType>	<MainTypeName>VK-Plan 33/300/</MainTypeName>	<DimensionIndex>0</DimensionIndex>	<DimensionIndex>4</DimensionIndex>	<kvValue>4.1</kvValue>		<RadiatorSubTypeMacro From="0" To="14" NotCurrents="0,1,2,3,5,12,13,14">			<Name>VK-Plan 33/300/{S}</Name>	<Power>1700.8</Power>	<Surface>5.612</Surface>	<Volume>5.4</Volume>	<Exponent>1.31</Exponent>	<EstimateCode>BUDERUS_7358_7{E}</EstimateCode>	</RadiatorSubTypeMacro>	</RadiatorMainType>
  <RadiatorMainType>	<MainTypeName>VK-Plan 10/400/</MainTypeName>	<DimensionIndex>1</DimensionIndex>	<DimensionIndex>0</DimensionIndex>	<kvValue>2.6</kvValue>		<RadiatorSubTypeMacro From="0" To="14" NotCurrents="0,1,2,3,4,5,6,7,8,9,10,11,12,13,14">	<Name>VK-Plan 10/400/{S}</Name>	<Power>537.69</Power>	<Surface>0.85</Surface>		<Volume>1.5</Volume>	<Exponent>1.32</Exponent>	<EstimateCode>BUDERUS_7359_1{E}</EstimateCode>	</RadiatorSubTypeMacro>	</RadiatorMainType>
  <RadiatorMainType>	<MainTypeName>VK-Plan 11/400/</MainTypeName>	<DimensionIndex>1</DimensionIndex>	<DimensionIndex>1</DimensionIndex>	<kvValue>2.6</kvValue>		<RadiatorSubTypeMacro From="0" To="14" NotCurrents="0,1,2,3,4,5,6,7,8,9,10,11,12,13,14">	<Name>VK-Plan 11/400/{S}</Name>	<Power>786.15</Power>	<Surface>2.438</Surface>	<Volume>1.5</Volume>	<Exponent>1.31</Exponent>	<EstimateCode>BUDERUS_7359_4{E}</EstimateCode>	</RadiatorSubTypeMacro>	</RadiatorMainType>
  <RadiatorMainType>	<MainTypeName>VK-Plan 21/400/</MainTypeName>	<DimensionIndex>1</DimensionIndex>	<DimensionIndex>2</DimensionIndex>	<kvValue>4.1</kvValue>		<RadiatorSubTypeMacro From="0" To="14" NotCurrents="0,1,2,3,5,8,9,10,11,12,13,14">		<Name>VK-Plan 21/400/{S}</Name>	<Power>1148.8</Power>	<Surface>3.35</Surface>		<Volume>4</Volume>	<Exponent>1.31</Exponent>	<EstimateCode>BUDERUS_7359_3{E}</EstimateCode>	</RadiatorSubTypeMacro>	</RadiatorMainType>
  <RadiatorMainType>	<MainTypeName>VK-Plan 22/400/</MainTypeName>	<DimensionIndex>1</DimensionIndex>	<DimensionIndex>3</DimensionIndex>	<kvValue>4.1</kvValue>		<RadiatorSubTypeMacro From="0" To="14" NotCurrents="0,1,2,3,5,12,13,14">			<Name>VK-Plan 22/400/{S}</Name>	<Power>1463.8</Power>	<Surface>4.962</Surface>	<Volume>4.1</Volume>	<Exponent>1.33</Exponent>	<EstimateCode>BUDERUS_7359_6{E}</EstimateCode>	</RadiatorSubTypeMacro>	</RadiatorMainType>
  <RadiatorMainType>	<MainTypeName>VK-Plan 33/400/</MainTypeName>	<DimensionIndex>1</DimensionIndex>	<DimensionIndex>4</DimensionIndex>	<kvValue>4.1</kvValue>		<RadiatorSubTypeMacro From="0" To="14" NotCurrents="0,1,2,3,4,5,6,7,8,9,10,11,12,13,14">	<Name>VK-Plan 33/400/{S}</Name>	<Power>2131.2</Power>	<Surface>7.481</Surface>	<Volume>6.9</Volume>	<Exponent>1.35</Exponent>	<EstimateCode>BUDERUS_7359_7{E}</EstimateCode>	</RadiatorSubTypeMacro>	</RadiatorMainType>
  <RadiatorMainType>	<MainTypeName>VK-Plan 10/500/</MainTypeName>	<DimensionIndex>2</DimensionIndex>	<DimensionIndex>0</DimensionIndex>	<kvValue>2.6</kvValue>		<RadiatorSubTypeMacro From="0" To="14" NotCurrents="0,1,2,3,4,5,6,7,8,9,10,11,12,13,14">	<Name>VK-Plan 10/500/{S}</Name>	<Power>667.69</Power>	<Surface>1.112</Surface>	<Volume>1.7</Volume>	<Exponent>1.33</Exponent>	<EstimateCode>BUDERUS_7365_1{E}</EstimateCode>	</RadiatorSubTypeMacro>	</RadiatorMainType>
  <RadiatorMainType>	<MainTypeName>VK-Plan 11/500/</MainTypeName>	<DimensionIndex>2</DimensionIndex>	<DimensionIndex>1</DimensionIndex>	<kvValue>2.6</kvValue>		<RadiatorSubTypeMacro From="0" To="14" NotCurrents="12,13,14">					<Name>VK-Plan 11/500/{S}</Name>	<Power>965.77</Power>	<Surface>3.031</Surface>	<Volume>1.7</Volume>	<Exponent>1.3</Exponent>	<EstimateCode>BUDERUS_7365_4{E}</EstimateCode>	</RadiatorSubTypeMacro>	</RadiatorMainType>
  <RadiatorMainType>	<MainTypeName>VK-Plan 21/500/</MainTypeName>	<DimensionIndex>2</DimensionIndex>	<DimensionIndex>2</DimensionIndex>	<kvValue>4.1</kvValue>		<RadiatorSubTypeMacro From="0" To="14" NotCurrents="0,12,13,14">				<Name>VK-Plan 21/500/{S}</Name>	<Power>1371.9</Power>	<Surface>4.712</Surface>	<Volume>4.8</Volume>	<Exponent>1.31</Exponent>	<EstimateCode>BUDERUS_7365_3{E}</EstimateCode>	</RadiatorSubTypeMacro>	</RadiatorMainType>
  <RadiatorMainType>	<MainTypeName>VK-Plan 22/500/</MainTypeName>	<DimensionIndex>2</DimensionIndex>	<DimensionIndex>3</DimensionIndex>	<kvValue>4.1</kvValue>		<RadiatorSubTypeMacro From="0" To="14" NotCurrents="13,14">					<Name>VK-Plan 22/500/{S}</Name>	<Power>1771.9</Power>	<Surface>6.119</Surface>	<Volume>5</Volume>	<Exponent>1.32</Exponent>	<EstimateCode>BUDERUS_7365_6{E}</EstimateCode>	</RadiatorSubTypeMacro>	</RadiatorMainType>
  <RadiatorMainType>	<MainTypeName>VK-Plan 33/500/</MainTypeName>	<DimensionIndex>2</DimensionIndex>	<DimensionIndex>4</DimensionIndex>	<kvValue>4.1</kvValue>		<RadiatorSubTypeMacro From="0" To="14" NotCurrents="0,1,10,11,12,13,14">			<Name>VK-Plan 33/500/{S}</Name>	<Power>2545.8</Power>	<Surface>9.212</Surface>	<Volume>8.3</Volume>	<Exponent>1.34</Exponent>	<EstimateCode>BUDERUS_7365_7{E}</EstimateCode>	</RadiatorSubTypeMacro>	</RadiatorMainType>
  <RadiatorMainType>	<MainTypeName>VK-Plan 10/600/</MainTypeName>	<DimensionIndex>3</DimensionIndex>	<DimensionIndex>0</DimensionIndex>	<kvValue>2.6</kvValue>		<RadiatorSubTypeMacro From="0" To="14" NotCurrents="0,1,2,3,4,5,6,7,8,9,10,11,12,13,14">	<Name>VK-Plan 10/600/{S}</Name>	<Power>792.69</Power>	<Surface>1.281</Surface>	<Volume>1.9</Volume>	<Exponent>1.33</Exponent>	<EstimateCode>BUDERUS_7366_1{E}</EstimateCode>	</RadiatorSubTypeMacro>	</RadiatorMainType>
  <RadiatorMainType>	<MainTypeName>VK-Plan 11/600/</MainTypeName>	<DimensionIndex>3</DimensionIndex>	<DimensionIndex>1</DimensionIndex>	<kvValue>2.6</kvValue>		<RadiatorSubTypeMacro From="0" To="14" NotCurrents="13,14">					<Name>VK-Plan 11/600/{S}</Name>	<Power>1143.1</Power>	<Surface>3.662</Surface>	<Volume>1.9</Volume>	<Exponent>1.3</Exponent>	<EstimateCode>BUDERUS_7366_4{E}</EstimateCode>	</RadiatorSubTypeMacro>	</RadiatorMainType>
  <RadiatorMainType>	<MainTypeName>VK-Plan 21/600/</MainTypeName>	<DimensionIndex>3</DimensionIndex>	<DimensionIndex>2</DimensionIndex>	<kvValue>4.1</kvValue>		<RadiatorSubTypeMacro From="0" To="14" NotCurrents="12,13,14">					<Name>VK-Plan 21/600/{S}</Name>	<Power>1583.8</Power>	<Surface>5.019</Surface>	<Volume>5.5</Volume>	<Exponent>1.31</Exponent>	<EstimateCode>BUDERUS_7366_3{E}</EstimateCode>	</RadiatorSubTypeMacro>	</RadiatorMainType>
  <RadiatorMainType>	<MainTypeName>VK-Plan 22/600/</MainTypeName>	<DimensionIndex>3</DimensionIndex>	<DimensionIndex>3</DimensionIndex>	<kvValue>4.1</kvValue>		<RadiatorSubTypeMacro From="0" To="14" NotCurrents="13,14">					<Name>VK-Plan 22/600/{S}</Name>	<Power>2059.6</Power>	<Surface>7.438</Surface>	<Volume>5.7</Volume>	<Exponent>1.31</Exponent>	<EstimateCode>BUDERUS_7366_6{E}</EstimateCode>	</RadiatorSubTypeMacro>	</RadiatorMainType>
  <RadiatorMainType>	<MainTypeName>VK-Plan 33/600/</MainTypeName>	<DimensionIndex>3</DimensionIndex>	<DimensionIndex>4</DimensionIndex>	<kvValue>4.1</kvValue>		<RadiatorSubTypeMacro From="0" To="14" NotCurrents="0,12,13,14">				<Name>VK-Plan 33/600/{S}</Name>	<Power>2936.9</Power>	<Surface>11.22</Surface>	<Volume>9.7</Volume>	<Exponent>1.34</Exponent>	<EstimateCode>BUDERUS_7366_7{E}</EstimateCode>	</RadiatorSubTypeMacro>	</RadiatorMainType>
  <RadiatorMainType>	<MainTypeName>VK-Plan 10/900/</MainTypeName>	<DimensionIndex>4</DimensionIndex>	<DimensionIndex>0</DimensionIndex>	<kvValue>2.6</kvValue>		<RadiatorSubTypeMacro From="0" To="14" NotCurrents="0,1,2,3,4,5,6,7,8,9,10,11,12,13,14">	<Name>VK-Plan 10/900/{S}</Name>	<Power>1156.5</Power>	<Surface>1.919</Surface>	<Volume>2.6</Volume>	<Exponent>1.33</Exponent>	<EstimateCode>BUDERUS_7367_1{E}</EstimateCode>	</RadiatorSubTypeMacro>	</RadiatorMainType>
  <RadiatorMainType>	<MainTypeName>VK-Plan 11/900/</MainTypeName>	<DimensionIndex>4</DimensionIndex>	<DimensionIndex>1</DimensionIndex>	<kvValue>2.6</kvValue>		<RadiatorSubTypeMacro From="0" To="14" NotCurrents="8,9,10,11,12,13,14">			<Name>VK-Plan 11/900/{S}</Name>	<Power>1649.2</Power>	<Surface>5.719</Surface>	<Volume>2.6</Volume>	<Exponent>1.29</Exponent>	<EstimateCode>BUDERUS_7367_4{E}</EstimateCode>	</RadiatorSubTypeMacro>	</RadiatorMainType>
  <RadiatorMainType>	<MainTypeName>VK-Plan 21/900/</MainTypeName>	<DimensionIndex>4</DimensionIndex>	<DimensionIndex>2</DimensionIndex>	<kvValue>4.1</kvValue>		<RadiatorSubTypeMacro From="0" To="14" NotCurrents="6,7,8,9,10,11,12,13,14">			<Name>VK-Plan 21/900/{S}</Name>	<Power>2184.2</Power>	<Surface>7.769</Surface>	<Volume>7.9</Volume>	<Exponent>1.31</Exponent>	<EstimateCode>BUDERUS_7367_3{E}</EstimateCode>	</RadiatorSubTypeMacro>	</RadiatorMainType>
  <RadiatorMainType>	<MainTypeName>VK-Plan 22/900/</MainTypeName>	<DimensionIndex>4</DimensionIndex>	<DimensionIndex>3</DimensionIndex>	<kvValue>4.1</kvValue>		<RadiatorSubTypeMacro From="0" To="14" NotCurrents="8,9,10,11,12,13,14">			<Name>VK-Plan 22/900/{S}</Name>	<Power>2813.5</Power>	<Surface>11.63</Surface>	<Volume>8.2</Volume>	<Exponent>1.29</Exponent>	<EstimateCode>BUDERUS_7367_6{E}</EstimateCode>	</RadiatorSubTypeMacro>	</RadiatorMainType>
  <RadiatorMainType>	<MainTypeName>VK-Plan 33/900/</MainTypeName>	<DimensionIndex>4</DimensionIndex>	<DimensionIndex>4</DimensionIndex>	<kvValue>4.1</kvValue>		<RadiatorSubTypeMacro From="0" To="14" NotCurrents="7,8,9,10,11,12,13,14">			<Name>VK-Plan 33/900/{S}</Name>	<Power>3975.4</Power>	<Surface>17.53</Surface>	<Volume>14</Volume>	<Exponent>1.32</Exponent>	<EstimateCode>BUDERUS_7367_7{E}</EstimateCode>	</RadiatorSubTypeMacro>	</RadiatorMainType>
</WinWattDBRadiator>

<WinWattDBRadiator DTLog="Yes">
  <ItemHeader>
    <Date><Year>2002</Year><Month>5</Month><Day>20</Day></Date>
    <ItemPath>BUDERUS</ItemPath>
    <ItemName>Buderus Logatrend K-Plan</ItemName>
    <SecurityCode Language="hun">Buderus_-1645503578</SecurityCode>
    <BinSecurityCode>Buderus_-1087822138</BinSecurityCode>
    <HomePage></HomePage></ItemHeader>
  <DTOrigin>60</DTOrigin>
  <DimensionArray Type="Height" >
    <DimensionString Value="300" >300</DimensionString>
    <DimensionString Value="400" >400</DimensionString>
    <DimensionString Value="500" >500</DimensionString>
    <DimensionString Value="600" >600</DimensionString>
    <DimensionString Value="900" >900</DimensionString>
  </DimensionArray>
  <DimensionArray Type="Width" >
    <DimensionString Value="58" >10</DimensionString>
    <DimensionString Value="58" >11</DimensionString>
    <DimensionString Value="64" >21</DimensionString>
    <DimensionString Value="98" >22</DimensionString>
    <DimensionString Value="153" >33</DimensionString>
  </DimensionArray>
  <DimensionArray Type="Length" >
    <DimensionString Value="400" EstimateCode="04" >400</DimensionString>
    <DimensionString Value="500" EstimateCode="05" >500</DimensionString>
    <DimensionString Value="600" EstimateCode="06" >600</DimensionString>
    <DimensionString Value="700" EstimateCode="07" >700</DimensionString>
    <DimensionString Value="800" EstimateCode="08" >800</DimensionString>
    <DimensionString Value="900" EstimateCode="09" >900</DimensionString>
    <DimensionString Value="1000" EstimateCode="10" >1000</DimensionString>
    <DimensionString Value="1200" EstimateCode="12" >1200</DimensionString>
    <DimensionString Value="1400" EstimateCode="14" >1400</DimensionString>
    <DimensionString Value="1600" EstimateCode="16" >1600</DimensionString>
    <DimensionString Value="1800" EstimateCode="18" >1800</DimensionString>
    <DimensionString Value="2000" EstimateCode="20" >2000</DimensionString>
    <DimensionString Value="2300" EstimateCode="23" >2300</DimensionString>
    <DimensionString Value="2600" EstimateCode="26" >2600</DimensionString>
    <DimensionString Value="3000" EstimateCode="30" >3000</DimensionString>
  </DimensionArray>
  <RadiatorMainType>	<MainTypeName>K-Plan 10/300/</MainTypeName>	<DimensionIndex>0</DimensionIndex>	<DimensionIndex>0</DimensionIndex>	<kvValue>2.6</kvValue>		<RadiatorSubTypeMacro From="0" To="14" NotCurrents="0,1,2,3,4,5,6,7,8,9,10,11,12,13,14">	<Name>K-Plan 10/300/{S}</Name>	<Power>443.85</Power>	<Surface>0.6385</Surface>	<Volume>1.2</Volume>	<Exponent>1.28</Exponent>	<EstimateCode>BUDERUS_6698_1{E}</EstimateCode>	</RadiatorSubTypeMacro>	</RadiatorMainType>
  <RadiatorMainType>	<MainTypeName>K-Plan 11/300/</MainTypeName>	<DimensionIndex>0</DimensionIndex>	<DimensionIndex>1</DimensionIndex>	<kvValue>2.6</kvValue>		<RadiatorSubTypeMacro From="0" To="14" NotCurrents="0,1,2,3,4,5,6,7,8,9,10,11,12,13,14">	<Name>K-Plan 11/300/{S}</Name>	<Power>625.77</Power>	<Surface>1.831</Surface>	<Volume>1.2</Volume>	<Exponent>1.26</Exponent>	<EstimateCode>BUDERUS_6698_4{E}</EstimateCode>	</RadiatorSubTypeMacro>	</RadiatorMainType>
  <RadiatorMainType>	<MainTypeName>K-Plan 21/300/</MainTypeName>	<DimensionIndex>0</DimensionIndex>	<DimensionIndex>2</DimensionIndex>	<kvValue>4.1</kvValue>		<RadiatorSubTypeMacro From="0" To="14" NotCurrents="0,1,2,3,4,5,6,7,8,9,10,11,12,13,14">	<Name>K-Plan 21/300/{S}</Name>	<Power>918.46</Power>	<Surface>2.512</Surface>	<Volume>3.3</Volume>	<Exponent>1.31</Exponent>	<EstimateCode>BUDERUS_6698_3{E}</EstimateCode>	</RadiatorSubTypeMacro>	</RadiatorMainType>
  <RadiatorMainType>	<MainTypeName>K-Plan 22/300/</MainTypeName>	<DimensionIndex>0</DimensionIndex>	<DimensionIndex>3</DimensionIndex>	<kvValue>4.1</kvValue>		<RadiatorSubTypeMacro From="0" To="14" NotCurrents="0,1,2,3,5,12,13,14">			<Name>K-Plan 22/300/{S}</Name>	<Power>1199.6</Power>	<Surface>3.719</Surface>	<Volume>3.3</Volume>	<Exponent>1.3</Exponent>	<EstimateCode>BUDERUS_6698_6{E}</EstimateCode>	</RadiatorSubTypeMacro>	</RadiatorMainType>
  <RadiatorMainType>	<MainTypeName>K-Plan 33/300/</MainTypeName>	<DimensionIndex>0</DimensionIndex>	<DimensionIndex>4</DimensionIndex>	<kvValue>4.1</kvValue>		<RadiatorSubTypeMacro From="0" To="14" NotCurrents="0,1,2,3,5,12,13,14">			<Name>K-Plan 33/300/{S}</Name>	<Power>1700.8</Power>	<Surface>5.612</Surface>	<Volume>5.4</Volume>	<Exponent>1.31</Exponent>	<EstimateCode>BUDERUS_6698_7{E}</EstimateCode>	</RadiatorSubTypeMacro>	</RadiatorMainType>
  <RadiatorMainType>	<MainTypeName>K-Plan 10/400/</MainTypeName>	<DimensionIndex>1</DimensionIndex>	<DimensionIndex>0</DimensionIndex>	<kvValue>2.6</kvValue>		<RadiatorSubTypeMacro From="0" To="14" NotCurrents="0,1,2,3,4,5,6,7,8,9,10,11,12,13,14">	<Name>K-Plan 10/400/{S}</Name>	<Power>537.69</Power>	<Surface>0.85</Surface>		<Volume>1.5</Volume>	<Exponent>1.32</Exponent>	<EstimateCode>BUDERUS_6699_1{E}</EstimateCode>	</RadiatorSubTypeMacro>	</RadiatorMainType>
  <RadiatorMainType>	<MainTypeName>K-Plan 11/400/</MainTypeName>	<DimensionIndex>1</DimensionIndex>	<DimensionIndex>1</DimensionIndex>	<kvValue>2.6</kvValue>		<RadiatorSubTypeMacro From="0" To="14" NotCurrents="0,1,2,3,4,5,6,7,8,9,10,11,12,13,14">	<Name>K-Plan 11/400/{S}</Name>	<Power>786.15</Power>	<Surface>2.438</Surface>	<Volume>1.5</Volume>	<Exponent>1.31</Exponent>	<EstimateCode>BUDERUS_6699_4{E}</EstimateCode>	</RadiatorSubTypeMacro>	</RadiatorMainType>
  <RadiatorMainType>	<MainTypeName>K-Plan 21/400/</MainTypeName>	<DimensionIndex>1</DimensionIndex>	<DimensionIndex>2</DimensionIndex>	<kvValue>4.1</kvValue>		<RadiatorSubTypeMacro From="0" To="14" NotCurrents="0,1,2,3,5,8,9,10,11,12,13,14">		<Name>K-Plan 21/400/{S}</Name>	<Power>1148.8</Power>	<Surface>3.35</Surface>		<Volume>4</Volume>	<Exponent>1.31</Exponent>	<EstimateCode>BUDERUS_6699_3{E}</EstimateCode>	</RadiatorSubTypeMacro>	</RadiatorMainType>
  <RadiatorMainType>	<MainTypeName>K-Plan 22/400/</MainTypeName>	<DimensionIndex>1</DimensionIndex>	<DimensionIndex>3</DimensionIndex>	<kvValue>4.1</kvValue>		<RadiatorSubTypeMacro From="0" To="14" NotCurrents="0,1,2,3,5,12,13,14">			<Name>K-Plan 22/400/{S}</Name>	<Power>1463.8</Power>	<Surface>4.962</Surface>	<Volume>4.1</Volume>	<Exponent>1.33</Exponent>	<EstimateCode>BUDERUS_6699_6{E}</EstimateCode>	</RadiatorSubTypeMacro>	</RadiatorMainType>
  <RadiatorMainType>	<MainTypeName>K-Plan 33/400/</MainTypeName>	<DimensionIndex>1</DimensionIndex>	<DimensionIndex>4</DimensionIndex>	<kvValue>4.1</kvValue>		<RadiatorSubTypeMacro From="0" To="14" NotCurrents="0,1,2,3,4,5,6,7,8,9,10,11,12,13,14">	<Name>K-Plan 33/400/{S}</Name>	<Power>2131.2</Power>	<Surface>7.481</Surface>	<Volume>6.9</Volume>	<Exponent>1.35</Exponent>	<EstimateCode>BUDERUS_6699_7{E}</EstimateCode>	</RadiatorSubTypeMacro>	</RadiatorMainType>
  <RadiatorMainType>	<MainTypeName>K-Plan 10/500/</MainTypeName>	<DimensionIndex>2</DimensionIndex>	<DimensionIndex>0</DimensionIndex>	<kvValue>2.6</kvValue>		<RadiatorSubTypeMacro From="0" To="14" NotCurrents="0,1,2,3,4,5,6,7,8,9,10,11,12,13,14">	<Name>K-Plan 10/500/{S}</Name>	<Power>667.69</Power>	<Surface>1.112</Surface>	<Volume>1.7</Volume>	<Exponent>1.33</Exponent>	<EstimateCode>BUDERUS_6701_1{E}</EstimateCode>	</RadiatorSubTypeMacro>	</RadiatorMainType>
  <RadiatorMainType>	<MainTypeName>K-Plan 11/500/</MainTypeName>	<DimensionIndex>2</DimensionIndex>	<DimensionIndex>1</DimensionIndex>	<kvValue>2.6</kvValue>		<RadiatorSubTypeMacro From="0" To="14" NotCurrents="12,13,14">					<Name>K-Plan 11/500/{S}</Name>	<Power>965.77</Power>	<Surface>3.031</Surface>	<Volume>1.7</Volume>	<Exponent>1.3</Exponent>	<EstimateCode>BUDERUS_6701_4{E}</EstimateCode>	</RadiatorSubTypeMacro>	</RadiatorMainType>
  <RadiatorMainType>	<MainTypeName>K-Plan 21/500/</MainTypeName>	<DimensionIndex>2</DimensionIndex>	<DimensionIndex>2</DimensionIndex>	<kvValue>4.1</kvValue>		<RadiatorSubTypeMacro From="0" To="14" NotCurrents="0,12,13,14">				<Name>K-Plan 21/500/{S}</Name>	<Power>1371.9</Power>	<Surface>4.712</Surface>	<Volume>4.8</Volume>	<Exponent>1.31</Exponent>	<EstimateCode>BUDERUS_6701_3{E}</EstimateCode>	</RadiatorSubTypeMacro>	</RadiatorMainType>
  <RadiatorMainType>	<MainTypeName>K-Plan 22/500/</MainTypeName>	<DimensionIndex>2</DimensionIndex>	<DimensionIndex>3</DimensionIndex>	<kvValue>4.1</kvValue>		<RadiatorSubTypeMacro From="0" To="14" NotCurrents="13,14">					<Name>K-Plan 22/500/{S}</Name>	<Power>1771.9</Power>	<Surface>6.119</Surface>	<Volume>5</Volume>	<Exponent>1.32</Exponent>	<EstimateCode>BUDERUS_6701_6{E}</EstimateCode>	</RadiatorSubTypeMacro>	</RadiatorMainType>
  <RadiatorMainType>	<MainTypeName>K-Plan 33/500/</MainTypeName>	<DimensionIndex>2</DimensionIndex>	<DimensionIndex>4</DimensionIndex>	<kvValue>4.1</kvValue>		<RadiatorSubTypeMacro From="0" To="14" NotCurrents="0,1,10,11,12,13,14">			<Name>K-Plan 33/500/{S}</Name>	<Power>2545.8</Power>	<Surface>9.212</Surface>	<Volume>8.3</Volume>	<Exponent>1.34</Exponent>	<EstimateCode>BUDERUS_6701_7{E}</EstimateCode>	</RadiatorSubTypeMacro>	</RadiatorMainType>
  <RadiatorMainType>	<MainTypeName>K-Plan 10/600/</MainTypeName>	<DimensionIndex>3</DimensionIndex>	<DimensionIndex>0</DimensionIndex>	<kvValue>2.6</kvValue>		<RadiatorSubTypeMacro From="0" To="14" NotCurrents="0,1,2,3,4,5,6,7,8,9,10,11,12,13,14">	<Name>K-Plan 10/600/{S}</Name>	<Power>792.69</Power>	<Surface>1.281</Surface>	<Volume>1.9</Volume>	<Exponent>1.33</Exponent>	<EstimateCode>BUDERUS_6702_1{E}</EstimateCode>	</RadiatorSubTypeMacro>	</RadiatorMainType>
  <RadiatorMainType>	<MainTypeName>K-Plan 11/600/</MainTypeName>	<DimensionIndex>3</DimensionIndex>	<DimensionIndex>1</DimensionIndex>	<kvValue>2.6</kvValue>		<RadiatorSubTypeMacro From="0" To="14" NotCurrents="13,14">					<Name>K-Plan 11/600/{S}</Name>	<Power>1143.1</Power>	<Surface>3.662</Surface>	<Volume>1.9</Volume>	<Exponent>1.3</Exponent>	<EstimateCode>BUDERUS_6702_4{E}</EstimateCode>	</RadiatorSubTypeMacro>	</RadiatorMainType>
  <RadiatorMainType>	<MainTypeName>K-Plan 21/600/</MainTypeName>	<DimensionIndex>3</DimensionIndex>	<DimensionIndex>2</DimensionIndex>	<kvValue>4.1</kvValue>		<RadiatorSubTypeMacro From="0" To="14" NotCurrents="12,13,14">					<Name>K-Plan 21/600/{S}</Name>	<Power>1583.8</Power>	<Surface>5.019</Surface>	<Volume>5.5</Volume>	<Exponent>1.31</Exponent>	<EstimateCode>BUDERUS_6702_3{E}</EstimateCode>	</RadiatorSubTypeMacro>	</RadiatorMainType>
  <RadiatorMainType>	<MainTypeName>K-Plan 22/600/</MainTypeName>	<DimensionIndex>3</DimensionIndex>	<DimensionIndex>3</DimensionIndex>	<kvValue>4.1</kvValue>		<RadiatorSubTypeMacro From="0" To="14" NotCurrents="13,14">					<Name>K-Plan 22/600/{S}</Name>	<Power>2059.6</Power>	<Surface>7.438</Surface>	<Volume>5.7</Volume>	<Exponent>1.31</Exponent>	<EstimateCode>BUDERUS_6702_6{E}</EstimateCode>	</RadiatorSubTypeMacro>	</RadiatorMainType>
  <RadiatorMainType>	<MainTypeName>K-Plan 33/600/</MainTypeName>	<DimensionIndex>3</DimensionIndex>	<DimensionIndex>4</DimensionIndex>	<kvValue>4.1</kvValue>		<RadiatorSubTypeMacro From="0" To="14" NotCurrents="0,12,13,14">				<Name>K-Plan 33/600/{S}</Name>	<Power>2936.9</Power>	<Surface>11.22</Surface>	<Volume>9.7</Volume>	<Exponent>1.34</Exponent>	<EstimateCode>BUDERUS_6702_7{E}</EstimateCode>	</RadiatorSubTypeMacro>	</RadiatorMainType>
  <RadiatorMainType>	<MainTypeName>K-Plan 10/900/</MainTypeName>	<DimensionIndex>4</DimensionIndex>	<DimensionIndex>0</DimensionIndex>	<kvValue>2.6</kvValue>		<RadiatorSubTypeMacro From="0" To="14" NotCurrents="0,1,2,3,4,5,6,7,8,9,10,11,12,13,14">	<Name>K-Plan 10/900/{S}</Name>	<Power>1156.5</Power>	<Surface>1.919</Surface>	<Volume>2.6</Volume>	<Exponent>1.33</Exponent>	<EstimateCode>BUDERUS_6703_1{E}</EstimateCode>	</RadiatorSubTypeMacro>	</RadiatorMainType>
  <RadiatorMainType>	<MainTypeName>K-Plan 11/900/</MainTypeName>	<DimensionIndex>4</DimensionIndex>	<DimensionIndex>1</DimensionIndex>	<kvValue>2.6</kvValue>		<RadiatorSubTypeMacro From="0" To="14" NotCurrents="8,9,10,11,12,13,14">			<Name>K-Plan 11/900/{S}</Name>	<Power>1649.2</Power>	<Surface>5.719</Surface>	<Volume>2.6</Volume>	<Exponent>1.29</Exponent>	<EstimateCode>BUDERUS_6703_4{E}</EstimateCode>	</RadiatorSubTypeMacro>	</RadiatorMainType>
  <RadiatorMainType>	<MainTypeName>K-Plan 21/900/</MainTypeName>	<DimensionIndex>4</DimensionIndex>	<DimensionIndex>2</DimensionIndex>	<kvValue>4.1</kvValue>		<RadiatorSubTypeMacro From="0" To="14" NotCurrents="6,7,8,9,10,11,12,13,14">			<Name>K-Plan 21/900/{S}</Name>	<Power>2184.2</Power>	<Surface>7.769</Surface>	<Volume>7.9</Volume>	<Exponent>1.31</Exponent>	<EstimateCode>BUDERUS_6703_3{E}</EstimateCode>	</RadiatorSubTypeMacro>	</RadiatorMainType>
  <RadiatorMainType>	<MainTypeName>K-Plan 22/900/</MainTypeName>	<DimensionIndex>4</DimensionIndex>	<DimensionIndex>3</DimensionIndex>	<kvValue>4.1</kvValue>		<RadiatorSubTypeMacro From="0" To="14" NotCurrents="8,9,10,11,12,13,14">			<Name>K-Plan 22/900/{S}</Name>	<Power>2813.5</Power>	<Surface>11.63</Surface>	<Volume>8.2</Volume>	<Exponent>1.29</Exponent>	<EstimateCode>BUDERUS_6703_6{E}</EstimateCode>	</RadiatorSubTypeMacro>	</RadiatorMainType>
  <RadiatorMainType>	<MainTypeName>K-Plan 33/900/</MainTypeName>	<DimensionIndex>4</DimensionIndex>	<DimensionIndex>4</DimensionIndex>	<kvValue>4.1</kvValue>		<RadiatorSubTypeMacro From="0" To="14" NotCurrents="7,8,9,10,11,12,13,14">			<Name>K-Plan 33/900/{S}</Name>	<Power>3975.4</Power>	<Surface>17.53</Surface>	<Volume>14</Volume>	<Exponent>1.32</Exponent>	<EstimateCode>BUDERUS_6703_7{E}</EstimateCode>	</RadiatorSubTypeMacro>	</RadiatorMainType>
</WinWattDBRadiator>

</WinWattDB>
