<?xml version="1.0" encoding="ISO-8859-2" ?>
<WinWattDB>

<WinWattDBRadiator DTLog="Yes">
  <ItemHeader>
    <Date><Year>2002</Year><Month>5</Month><Day>20</Day></Date>
    <ItemPath>BUDERUS</ItemPath>
    <ItemName>Buderus Logatrend VK-Profil</ItemName>
    <SecurityCode Language="hun">Buderus_-1079423507</SecurityCode>
    <BinSecurityCode>Buderus_520729587</BinSecurityCode>
    <HomePage></HomePage></ItemHeader>
  <DTOrigin>60</DTOrigin>
  <DimensionArray Type="Height" >
    <DimensionString Value="300" >300</DimensionString>
    <DimensionString Value="400" >400</DimensionString>
    <DimensionString Value="500" >500</DimensionString>
    <DimensionString Value="600" >600</DimensionString>
    <DimensionString Value="900" >900</DimensionString>
  </DimensionArray>
  <DimensionArray Type="Width" >
    <DimensionString Value="65" >10</DimensionString>
    <DimensionString Value="65" >11</DimensionString>
    <DimensionString Value="66" >21</DimensionString>
    <DimensionString Value="100" >22</DimensionString>
    <DimensionString Value="155" >33</DimensionString>
  </DimensionArray>
  <DimensionArray Type="Length" >
    <DimensionString Value="400" EstimateCode="04" >400</DimensionString>
    <DimensionString Value="500" EstimateCode="05" >500</DimensionString>
    <DimensionString Value="600" EstimateCode="06" >600</DimensionString>
    <DimensionString Value="700" EstimateCode="07" >700</DimensionString>
    <DimensionString Value="800" EstimateCode="08" >800</DimensionString>
    <DimensionString Value="900" EstimateCode="09" >900</DimensionString>
    <DimensionString Value="1000" EstimateCode="10" >1000</DimensionString>
    <DimensionString Value="1200" EstimateCode="12" >1200</DimensionString>
    <DimensionString Value="1400" EstimateCode="14" >1400</DimensionString>
    <DimensionString Value="1600" EstimateCode="16" >1600</DimensionString>
    <DimensionString Value="1800" EstimateCode="18" >1800</DimensionString>
    <DimensionString Value="2000" EstimateCode="20" >2000</DimensionString>
    <DimensionString Value="2300" EstimateCode="23" >2300</DimensionString>
    <DimensionString Value="2600" EstimateCode="26" >2600</DimensionString>
    <DimensionString Value="3000" EstimateCode="30" >3000</DimensionString>
  </DimensionArray>
  <RadiatorMainType>	<MainTypeName>VK-Profil 10/300/</MainTypeName>	<DimensionIndex>0</DimensionIndex>	<DimensionIndex>0</DimensionIndex>	<kvValue>2.9</kvValue>		<RadiatorSubTypeMacro From="0" To="14" NotCurrents="0,1,2,3,4,5,6,7,8,9,10,11,12,13,14">	<Name>VK-Profil 10/300/{S}</Name>	<Power>429.62</Power>	<Surface>0.7</Surface>		<Volume>2.1</Volume>	<Exponent>1.31</Exponent>	<EstimateCode>BUDERUS_7298_1{E}</EstimateCode>	</RadiatorSubTypeMacro>	</RadiatorMainType>
  <RadiatorMainType>	<MainTypeName>VK-Profil 11/300/</MainTypeName>	<DimensionIndex>0</DimensionIndex>	<DimensionIndex>1</DimensionIndex>	<kvValue>2.9</kvValue>		<RadiatorSubTypeMacro From="0" To="14" NotCurrents="0,1,2,5,9,12,13,14">			<Name>VK-Profil 11/300/{S}</Name>	<Power>675.38</Power>	<Surface>1.838</Surface>	<Volume>2.1</Volume>	<Exponent>1.28</Exponent>	<EstimateCode>BUDERUS_7298_4{E}</EstimateCode>	</RadiatorSubTypeMacro>	</RadiatorMainType>
  <RadiatorMainType>	<MainTypeName>VK-Profil 21/300/</MainTypeName>	<DimensionIndex>0</DimensionIndex>	<DimensionIndex>2</DimensionIndex>	<kvValue>4.2</kvValue>		<RadiatorSubTypeMacro From="0" To="14" NotCurrents="0,1,2,3,5,8,12,13,14">			<Name>VK-Profil 21/300/{S}</Name>	<Power>931.54</Power>	<Surface>2.5</Surface>		<Volume>4.2</Volume>	<Exponent>1.29</Exponent>	<EstimateCode>BUDERUS_7298_3{E}</EstimateCode>	</RadiatorSubTypeMacro>	</RadiatorMainType>
  <RadiatorMainType>	<MainTypeName>VK-Profil 22/300/</MainTypeName>	<DimensionIndex>0</DimensionIndex>	<DimensionIndex>3</DimensionIndex>	<kvValue>4.2</kvValue>		<RadiatorSubTypeMacro From="0" To="14" NotCurrents="0,1,2,14">					<Name>VK-Profil 22/300/{S}</Name>	<Power>1255.4</Power>	<Surface>3.681</Surface>	<Volume>4.2</Volume>	<Exponent>1.29</Exponent>	<EstimateCode>BUDERUS_7298_6{E}</EstimateCode>	</RadiatorSubTypeMacro>	</RadiatorMainType>
  <RadiatorMainType>	<MainTypeName>VK-Profil 33/300/</MainTypeName>	<DimensionIndex>0</DimensionIndex>	<DimensionIndex>4</DimensionIndex>	<kvValue>4.2</kvValue>		<RadiatorSubTypeMacro From="0" To="14" NotCurrents="0,1,2,3">					<Name>VK-Profil 33/300/{S}</Name>	<Power>1813.8</Power>	<Surface>5.519</Surface>	<Volume>6.4</Volume>	<Exponent>1.31</Exponent>	<EstimateCode>BUDERUS_7298_7{E}</EstimateCode>	</RadiatorSubTypeMacro>	</RadiatorMainType>
  <RadiatorMainType>	<MainTypeName>VK-Profil 10/400/</MainTypeName>	<DimensionIndex>1</DimensionIndex>	<DimensionIndex>0</DimensionIndex>	<kvValue>2.9</kvValue>		<RadiatorSubTypeMacro From="0" To="14" NotCurrents="0,1,2,3,4,5,6,7,8,9,10,11,12,13,14">	<Name>VK-Profil 10/400/{S}</Name>	<Power>555</Power>	<Surface>0.9385</Surface>	<Volume>2.7</Volume>	<Exponent>1.29</Exponent>	<EstimateCode>BUDERUS_7299_1{E}</EstimateCode>	</RadiatorSubTypeMacro>	</RadiatorMainType>
  <RadiatorMainType>	<MainTypeName>VK-Profil 11/400/</MainTypeName>	<DimensionIndex>1</DimensionIndex>	<DimensionIndex>1</DimensionIndex>	<kvValue>2.9</kvValue>		<RadiatorSubTypeMacro From="0" To="14" NotCurrents="0,1,2,5,9,12,13,14">			<Name>VK-Profil 11/400/{S}</Name>	<Power>863.46</Power>	<Surface>2.462</Surface>	<Volume>2.7</Volume>	<Exponent>1.28</Exponent>	<EstimateCode>BUDERUS_7299_4{E}</EstimateCode>	</RadiatorSubTypeMacro>	</RadiatorMainType>
  <RadiatorMainType>	<MainTypeName>VK-Profil 21/400/</MainTypeName>	<DimensionIndex>1</DimensionIndex>	<DimensionIndex>2</DimensionIndex>	<kvValue>4.2</kvValue>		<RadiatorSubTypeMacro From="0" To="14" NotCurrents="0,1,2,3,5,8,12,13,14">			<Name>VK-Profil 21/400/{S}</Name>	<Power>1163.5</Power>	<Surface>3.331</Surface>	<Volume>5.2</Volume>	<Exponent>1.3</Exponent>	<EstimateCode>BUDERUS_7299_3{E}</EstimateCode>	</RadiatorSubTypeMacro>	</RadiatorMainType>
  <RadiatorMainType>	<MainTypeName>VK-Profil 22/400/</MainTypeName>	<DimensionIndex>1</DimensionIndex>	<DimensionIndex>3</DimensionIndex>	<kvValue>4.2</kvValue>		<RadiatorSubTypeMacro From="0" To="14" NotCurrents="0,1,2,14">					<Name>VK-Profil 22/400/{S}</Name>	<Power>1584.2</Power>	<Surface>4.9</Surface>		<Volume>5.2</Volume>	<Exponent>1.3</Exponent>	<EstimateCode>BUDERUS_7299_6{E}</EstimateCode>	</RadiatorSubTypeMacro>	</RadiatorMainType>
  <RadiatorMainType>	<MainTypeName>VK-Profil 33/400/</MainTypeName>	<DimensionIndex>1</DimensionIndex>	<DimensionIndex>4</DimensionIndex>	<kvValue>4.2</kvValue>		<RadiatorSubTypeMacro From="0" To="14" NotCurrents="0,1,2,3">					<Name>VK-Profil 33/400/{S}</Name>	<Power>2265.4</Power>	<Surface>7.362</Surface>	<Volume>7.9</Volume>	<Exponent>1.32</Exponent>	<EstimateCode>BUDERUS_7299_7{E}</EstimateCode>	</RadiatorSubTypeMacro>	</RadiatorMainType>
  <RadiatorMainType>	<MainTypeName>VK-Profil 10/500/</MainTypeName>	<DimensionIndex>2</DimensionIndex>	<DimensionIndex>0</DimensionIndex>	<kvValue>2.9</kvValue>		<RadiatorSubTypeMacro From="0" To="14" NotCurrents="0,1,2,3,4,5,6,7,8,9,10,11,12,13,14">	<Name>VK-Profil 10/500/{S}</Name>	<Power>675.77</Power>	<Surface>1.169</Surface>	<Volume>3.2</Volume>	<Exponent>1.27</Exponent>	<EstimateCode>BUDERUS_7306_1{E}</EstimateCode>	</RadiatorSubTypeMacro>	</RadiatorMainType>
  <RadiatorMainType>	<MainTypeName>VK-Profil 11/500/</MainTypeName>	<DimensionIndex>2</DimensionIndex>	<DimensionIndex>1</DimensionIndex>	<kvValue>2.9</kvValue>		<RadiatorSubTypeMacro From="0" To="14" NotCurrents="13,14">					<Name>VK-Profil 11/500/{S}</Name>	<Power>1039.2</Power>	<Surface>3.081</Surface>	<Volume>3.2</Volume>	<Exponent>1.29</Exponent>	<EstimateCode>BUDERUS_7306_4{E}</EstimateCode>	</RadiatorSubTypeMacro>	</RadiatorMainType>
  <RadiatorMainType>	<MainTypeName>VK-Profil 22/500/</MainTypeName>	<DimensionIndex>2</DimensionIndex>	<DimensionIndex>2</DimensionIndex>	<kvValue>4.2</kvValue>		<RadiatorSubTypeMacro From="0" To="14" NotCurrents="13,14">					<Name>VK-Profil 21/500/{S}</Name>	<Power>1386.9</Power>	<Surface>4.181</Surface>	<Volume>6.3</Volume>	<Exponent>1.31</Exponent>	<EstimateCode>BUDERUS_7306_3{E}</EstimateCode>	</RadiatorSubTypeMacro>	</RadiatorMainType>
  <RadiatorMainType>	<MainTypeName>VK-Profil 22/500/</MainTypeName>	<DimensionIndex>2</DimensionIndex>	<DimensionIndex>3</DimensionIndex>	<kvValue>4.2</kvValue>		<RadiatorSubTypeMacro From="0" To="14">								<Name>VK-Profil 22/500/{S}</Name>	<Power>1900.8</Power>	<Surface>6.162</Surface>	<Volume>6.3</Volume>	<Exponent>1.32</Exponent>	<EstimateCode>BUDERUS_7306_6{E}</EstimateCode>	</RadiatorSubTypeMacro>	</RadiatorMainType>
  <RadiatorMainType>	<MainTypeName>VK-Profil 33/500/</MainTypeName>	<DimensionIndex>2</DimensionIndex>	<DimensionIndex>4</DimensionIndex>	<kvValue>4.2</kvValue>		<RadiatorSubTypeMacro From="0" To="14" NotCurrents="0,12,13,14">				<Name>VK-Profil 33/500/{S}</Name>	<Power>2686.5</Power>	<Surface>9.25</Surface>		<Volume>9.4</Volume>	<Exponent>1.32</Exponent>	<EstimateCode>BUDERUS_7306_7{E}</EstimateCode>	</RadiatorSubTypeMacro>	</RadiatorMainType>
  <RadiatorMainType>	<MainTypeName>VK-Profil 10/600/</MainTypeName>	<DimensionIndex>3</DimensionIndex>	<DimensionIndex>0</DimensionIndex>	<kvValue>2.9</kvValue>		<RadiatorSubTypeMacro From="0" To="14" NotCurrents="0,1,2,3,4,5,6,7,8,9,10,11,12,13,14">	<Name>VK-Profil 10/600/{S}</Name>	<Power>788.85</Power>	<Surface>1.4</Surface>		<Volume>3.8</Volume>	<Exponent>1.25</Exponent>	<EstimateCode>BUDERUS_7307_1{E}</EstimateCode>	</RadiatorSubTypeMacro>	</RadiatorMainType>
  <RadiatorMainType>	<MainTypeName>VK-Profil 11/600/</MainTypeName>	<DimensionIndex>3</DimensionIndex>	<DimensionIndex>1</DimensionIndex>	<kvValue>2.9</kvValue>		<RadiatorSubTypeMacro From="0" To="14" NotCurrents="13,14">					<Name>VK-Profil 11/600/{S}</Name>	<Power>1207.3</Power>	<Surface>3.719</Surface>	<Volume>3.8</Volume>	<Exponent>1.3</Exponent>	<EstimateCode>BUDERUS_7307_4{E}</EstimateCode>	</RadiatorSubTypeMacro>	</RadiatorMainType>
  <RadiatorMainType>	<MainTypeName>VK-Profil 21/600/</MainTypeName>	<DimensionIndex>3</DimensionIndex>	<DimensionIndex>2</DimensionIndex>	<kvValue>4.2</kvValue>		<RadiatorSubTypeMacro From="0" To="14" NotCurrents="13,14">					<Name>VK-Profil 21/600/{S}</Name>	<Power>1603.8</Power>	<Surface>5.038</Surface>	<Volume>7.3</Volume>	<Exponent>1.31</Exponent>	<EstimateCode>BUDERUS_7307_3{E}</EstimateCode>	</RadiatorSubTypeMacro>	</RadiatorMainType>
  <RadiatorMainType>	<MainTypeName>VK-Profil 22/600/</MainTypeName>	<DimensionIndex>3</DimensionIndex>	<DimensionIndex>3</DimensionIndex>	<kvValue>4.2</kvValue>		<RadiatorSubTypeMacro From="0" To="14">								<Name>VK-Profil 22/600/{S}</Name>	<Power>2201.2</Power>	<Surface>7.438</Surface>	<Volume>7.3</Volume>	<Exponent>1.33</Exponent>	<EstimateCode>BUDERUS_7307_6{E}</EstimateCode>	</RadiatorSubTypeMacro>	</RadiatorMainType>
  <RadiatorMainType>	<MainTypeName>VK-Profil 33/600/</MainTypeName>	<DimensionIndex>3</DimensionIndex>	<DimensionIndex>4</DimensionIndex>	<kvValue>4.2</kvValue>		<RadiatorSubTypeMacro From="0" To="14" NotCurrents="12,13,14">					<Name>VK-Profil 33/600/{S}</Name>	<Power>3096.2</Power>	<Surface>11.16</Surface>	<Volume>10.9</Volume>	<Exponent>1.33</Exponent>	<EstimateCode>BUDERUS_7307_7{E}</EstimateCode>	</RadiatorSubTypeMacro>	</RadiatorMainType>
  <RadiatorMainType>	<MainTypeName>VK-Profil 10/900/</MainTypeName>	<DimensionIndex>4</DimensionIndex>	<DimensionIndex>0</DimensionIndex>	<kvValue>2.9</kvValue>		<RadiatorSubTypeMacro From="0" To="14" NotCurrents="0,1,2,3,4,5,6,7,8,9,10,11,12,13,14">	<Name>VK-Profil 10/900/{S}</Name>	<Power>1120</Power>	<Surface>2.112</Surface>	<Volume>5.4</Volume>	<Exponent>1.26</Exponent>	<EstimateCode>BUDERUS_7308_1{E}</EstimateCode>	</RadiatorSubTypeMacro>	</RadiatorMainType>
  <RadiatorMainType>	<MainTypeName>VK-Profil 11/900/</MainTypeName>	<DimensionIndex>4</DimensionIndex>	<DimensionIndex>1</DimensionIndex>	<kvValue>2.9</kvValue>		<RadiatorSubTypeMacro From="0" To="14" NotCurrents="8,9,10,11,12,13,14">			<Name>VK-Profil 11/900/{S}</Name>	<Power>1648.8</Power>	<Surface>5.631</Surface>	<Volume>5.4</Volume>	<Exponent>1.3</Exponent>	<EstimateCode>BUDERUS_7308_4{E}</EstimateCode>	</RadiatorSubTypeMacro>	</RadiatorMainType>
  <RadiatorMainType>	<MainTypeName>VK-Profil 21/900/</MainTypeName>	<DimensionIndex>4</DimensionIndex>	<DimensionIndex>2</DimensionIndex>	<kvValue>4.2</kvValue>		<RadiatorSubTypeMacro From="0" To="14" NotCurrents="7,8,9,10,11,12,13,14">			<Name>VK-Profil 21/900/{S}</Name>	<Power>2248.8</Power>	<Surface>7.619</Surface>	<Volume>10.4</Volume>	<Exponent>1.32</Exponent>	<EstimateCode>BUDERUS_7308_3{E}</EstimateCode>	</RadiatorSubTypeMacro>	</RadiatorMainType>
  <RadiatorMainType>	<MainTypeName>VK-Profil 22/900/</MainTypeName>	<DimensionIndex>4</DimensionIndex>	<DimensionIndex>3</DimensionIndex>	<kvValue>4.2</kvValue>		<RadiatorSubTypeMacro From="0" To="14" NotCurrents="9,10,11,12,13,14">				<Name>VK-Profil 22/900/{S}</Name>	<Power>3038.5</Power>	<Surface>11.26</Surface>	<Volume>10.4</Volume>	<Exponent>1.34</Exponent>	<EstimateCode>BUDERUS_7308_6{E}</EstimateCode>	</RadiatorSubTypeMacro>	</RadiatorMainType>
  <RadiatorMainType>	<MainTypeName>VK-Profil 33/900/</MainTypeName>	<DimensionIndex>4</DimensionIndex>	<DimensionIndex>4</DimensionIndex>	<kvValue>4.2</kvValue>		<RadiatorSubTypeMacro From="0" To="14" NotCurrents="8,9,10,11,12,13,14">			<Name>VK-Profil 33/900/{S}</Name>	<Power>4226.2</Power>	<Surface>16.9</Surface>		<Volume>15.4</Volume>	<Exponent>1.33</Exponent>	<EstimateCode>BUDERUS_7308_7{E}</EstimateCode>	</RadiatorSubTypeMacro>	</RadiatorMainType>
</WinWattDBRadiator>
<WinWattDBRadiator DTLog="Yes">
  <ItemHeader>
    <Date><Year>2002</Year><Month>5</Month><Day>20</Day></Date>
    <ItemPath>BUDERUS</ItemPath>
    <ItemName>Buderus Logatrend K-Profil</ItemName>
    <SecurityCode Language="hun">Buderus_-1894161572</SecurityCode>
    <BinSecurityCode>Buderus_520729587</BinSecurityCode>
    <HomePage></HomePage></ItemHeader>
  <DTOrigin>60</DTOrigin>
  <DimensionArray Type="Height" >
    <DimensionString Value="300" >300</DimensionString>
    <DimensionString Value="400" >400</DimensionString>
    <DimensionString Value="500" >500</DimensionString>
    <DimensionString Value="600" >600</DimensionString>
    <DimensionString Value="900" >900</DimensionString>
  </DimensionArray>
  <DimensionArray Type="Width" >
    <DimensionString Value="65" >10</DimensionString>
    <DimensionString Value="65" >11</DimensionString>
    <DimensionString Value="66" >21</DimensionString>
    <DimensionString Value="100" >22</DimensionString>
    <DimensionString Value="155" >33</DimensionString>
  </DimensionArray>
  <DimensionArray Type="Length" >
    <DimensionString Value="400" EstimateCode="04" >400</DimensionString>
    <DimensionString Value="500" EstimateCode="05" >500</DimensionString>
    <DimensionString Value="600" EstimateCode="06" >600</DimensionString>
    <DimensionString Value="700" EstimateCode="07" >700</DimensionString>
    <DimensionString Value="800" EstimateCode="08" >800</DimensionString>
    <DimensionString Value="900" EstimateCode="09" >900</DimensionString>
    <DimensionString Value="1000" EstimateCode="10" >1000</DimensionString>
    <DimensionString Value="1200" EstimateCode="12" >1200</DimensionString>
    <DimensionString Value="1400" EstimateCode="14" >1400</DimensionString>
    <DimensionString Value="1600" EstimateCode="16" >1600</DimensionString>
    <DimensionString Value="1800" EstimateCode="18" >1800</DimensionString>
    <DimensionString Value="2000" EstimateCode="20" >2000</DimensionString>
    <DimensionString Value="2300" EstimateCode="23" >2300</DimensionString>
    <DimensionString Value="2600" EstimateCode="26" >2600</DimensionString>
    <DimensionString Value="3000" EstimateCode="30" >3000</DimensionString>
  </DimensionArray>
  <RadiatorMainType>	<MainTypeName>K-Profil 10/300/</MainTypeName>	<DimensionIndex>0</DimensionIndex>	<DimensionIndex>0</DimensionIndex>	<kvValue>2.9</kvValue>		<RadiatorSubTypeMacro From="0" To="14" NotCurrents="0,1,2,3,4,5,6,7,8,9,10,11,12,13,14">	<Name>K-Profil 10/300/{S}</Name>	<Power>429.62</Power>	<Surface>0.7</Surface>		<Volume>2.1</Volume>	<Exponent>1.31</Exponent>	<EstimateCode>BUDERUS_6450_1{E}</EstimateCode>	</RadiatorSubTypeMacro>	</RadiatorMainType>
  <RadiatorMainType>	<MainTypeName>K-Profil 11/300/</MainTypeName>	<DimensionIndex>0</DimensionIndex>	<DimensionIndex>1</DimensionIndex>	<kvValue>2.9</kvValue>		<RadiatorSubTypeMacro From="0" To="14" NotCurrents="0,1,2,5,9,12,13,14">			<Name>K-Profil 11/300/{S}</Name>	<Power>675.38</Power>	<Surface>1.838</Surface>	<Volume>2.1</Volume>	<Exponent>1.28</Exponent>	<EstimateCode>BUDERUS_6450_4{E}</EstimateCode>	</RadiatorSubTypeMacro>	</RadiatorMainType>
  <RadiatorMainType>	<MainTypeName>K-Profil 21/300/</MainTypeName>	<DimensionIndex>0</DimensionIndex>	<DimensionIndex>2</DimensionIndex>	<kvValue>4.2</kvValue>		<RadiatorSubTypeMacro From="0" To="14" NotCurrents="0,1,2,3,5,8,12,13,14">			<Name>K-Profil 21/300/{S}</Name>	<Power>931.54</Power>	<Surface>2.5</Surface>		<Volume>4.2</Volume>	<Exponent>1.29</Exponent>	<EstimateCode>BUDERUS_6450_3{E}</EstimateCode>	</RadiatorSubTypeMacro>	</RadiatorMainType>
  <RadiatorMainType>	<MainTypeName>K-Profil 22/300/</MainTypeName>	<DimensionIndex>0</DimensionIndex>	<DimensionIndex>3</DimensionIndex>	<kvValue>4.2</kvValue>		<RadiatorSubTypeMacro From="0" To="14" NotCurrents="0,1,2,14">					<Name>K-Profil 22/300/{S}</Name>	<Power>1255.4</Power>	<Surface>3.681</Surface>	<Volume>4.2</Volume>	<Exponent>1.29</Exponent>	<EstimateCode>BUDERUS_6450_6{E}</EstimateCode>	</RadiatorSubTypeMacro>	</RadiatorMainType>
  <RadiatorMainType>	<MainTypeName>K-Profil 33/300/</MainTypeName>	<DimensionIndex>0</DimensionIndex>	<DimensionIndex>4</DimensionIndex>	<kvValue>4.2</kvValue>		<RadiatorSubTypeMacro From="0" To="14" NotCurrents="0,1,2,3">					<Name>K-Profil 33/300/{S}</Name>	<Power>1813.8</Power>	<Surface>5.519</Surface>	<Volume>6.4</Volume>	<Exponent>1.31</Exponent>	<EstimateCode>BUDERUS_6450_7{E}</EstimateCode>	</RadiatorSubTypeMacro>	</RadiatorMainType>
  <RadiatorMainType>	<MainTypeName>K-Profil 10/400/</MainTypeName>	<DimensionIndex>1</DimensionIndex>	<DimensionIndex>0</DimensionIndex>	<kvValue>2.9</kvValue>		<RadiatorSubTypeMacro From="0" To="14" NotCurrents="0,1,2,3,4,5,6,7,8,9,10,11,12,13,14">	<Name>K-Profil 10/400/{S}</Name>	<Power>555</Power>	<Surface>0.9385</Surface>	<Volume>2.7</Volume>	<Exponent>1.29</Exponent>	<EstimateCode>BUDERUS_6451_1{E}</EstimateCode>	</RadiatorSubTypeMacro>	</RadiatorMainType>
  <RadiatorMainType>	<MainTypeName>K-Profil 11/400/</MainTypeName>	<DimensionIndex>1</DimensionIndex>	<DimensionIndex>1</DimensionIndex>	<kvValue>2.9</kvValue>		<RadiatorSubTypeMacro From="0" To="14" NotCurrents="0,1,2,5,9,12,13,14">			<Name>K-Profil 11/400/{S}</Name>	<Power>863.46</Power>	<Surface>2.462</Surface>	<Volume>2.7</Volume>	<Exponent>1.28</Exponent>	<EstimateCode>BUDERUS_6451_4{E}</EstimateCode>	</RadiatorSubTypeMacro>	</RadiatorMainType>
  <RadiatorMainType>	<MainTypeName>K-Profil 21/400/</MainTypeName>	<DimensionIndex>1</DimensionIndex>	<DimensionIndex>2</DimensionIndex>	<kvValue>4.2</kvValue>		<RadiatorSubTypeMacro From="0" To="14" NotCurrents="0,1,2,3,5,8,12,13,14">			<Name>K-Profil 21/400/{S}</Name>	<Power>1163.5</Power>	<Surface>3.331</Surface>	<Volume>5.2</Volume>	<Exponent>1.3</Exponent>	<EstimateCode>BUDERUS_6451_3{E}</EstimateCode>	</RadiatorSubTypeMacro>	</RadiatorMainType>
  <RadiatorMainType>	<MainTypeName>K-Profil 22/400/</MainTypeName>	<DimensionIndex>1</DimensionIndex>	<DimensionIndex>3</DimensionIndex>	<kvValue>4.2</kvValue>		<RadiatorSubTypeMacro From="0" To="14" NotCurrents="0,1,2,14">					<Name>K-Profil 22/400/{S}</Name>	<Power>1584.2</Power>	<Surface>4.9</Surface>		<Volume>5.2</Volume>	<Exponent>1.3</Exponent>	<EstimateCode>BUDERUS_6451_6{E}</EstimateCode>	</RadiatorSubTypeMacro>	</RadiatorMainType>
  <RadiatorMainType>	<MainTypeName>K-Profil 33/400/</MainTypeName>	<DimensionIndex>1</DimensionIndex>	<DimensionIndex>4</DimensionIndex>	<kvValue>4.2</kvValue>		<RadiatorSubTypeMacro From="0" To="14" NotCurrents="0,1,2,3">					<Name>K-Profil 33/400/{S}</Name>	<Power>2265.4</Power>	<Surface>7.362</Surface>	<Volume>7.9</Volume>	<Exponent>1.32</Exponent>	<EstimateCode>BUDERUS_6451_7{E}</EstimateCode>	</RadiatorSubTypeMacro>	</RadiatorMainType>
  <RadiatorMainType>	<MainTypeName>K-Profil 10/500/</MainTypeName>	<DimensionIndex>2</DimensionIndex>	<DimensionIndex>0</DimensionIndex>	<kvValue>2.9</kvValue>		<RadiatorSubTypeMacro From="0" To="14" NotCurrents="0,1,2,3,4,5,6,7,8,9,10,11,12,13,14">	<Name>K-Profil 10/500/{S}</Name>	<Power>675.77</Power>	<Surface>1.169</Surface>	<Volume>3.2</Volume>	<Exponent>1.27</Exponent>	<EstimateCode>BUDERUS_6445_1{E}</EstimateCode>	</RadiatorSubTypeMacro>	</RadiatorMainType>
  <RadiatorMainType>	<MainTypeName>K-Profil 11/500/</MainTypeName>	<DimensionIndex>2</DimensionIndex>	<DimensionIndex>1</DimensionIndex>	<kvValue>2.9</kvValue>		<RadiatorSubTypeMacro From="0" To="14" NotCurrents="13,14">					<Name>K-Profil 11/500/{S}</Name>	<Power>1039.2</Power>	<Surface>3.081</Surface>	<Volume>3.2</Volume>	<Exponent>1.29</Exponent>	<EstimateCode>BUDERUS_6445_4{E}</EstimateCode>	</RadiatorSubTypeMacro>	</RadiatorMainType>
  <RadiatorMainType>	<MainTypeName>K-Profil 22/500/</MainTypeName>	<DimensionIndex>2</DimensionIndex>	<DimensionIndex>2</DimensionIndex>	<kvValue>4.2</kvValue>		<RadiatorSubTypeMacro From="0" To="14" NotCurrents="13,14">					<Name>K-Profil 21/500/{S}</Name>	<Power>1386.9</Power>	<Surface>4.181</Surface>	<Volume>6.3</Volume>	<Exponent>1.31</Exponent>	<EstimateCode>BUDERUS_6445_3{E}</EstimateCode>	</RadiatorSubTypeMacro>	</RadiatorMainType>
  <RadiatorMainType>	<MainTypeName>K-Profil 22/500/</MainTypeName>	<DimensionIndex>2</DimensionIndex>	<DimensionIndex>3</DimensionIndex>	<kvValue>4.2</kvValue>		<RadiatorSubTypeMacro From="0" To="14">								<Name>K-Profil 22/500/{S}</Name>	<Power>1900.8</Power>	<Surface>6.162</Surface>	<Volume>6.3</Volume>	<Exponent>1.32</Exponent>	<EstimateCode>BUDERUS_6445_6{E}</EstimateCode>	</RadiatorSubTypeMacro>	</RadiatorMainType>
  <RadiatorMainType>	<MainTypeName>K-Profil 33/500/</MainTypeName>	<DimensionIndex>2</DimensionIndex>	<DimensionIndex>4</DimensionIndex>	<kvValue>4.2</kvValue>		<RadiatorSubTypeMacro From="0" To="14" NotCurrents="0,12,13,14">				<Name>K-Profil 33/500/{S}</Name>	<Power>2686.5</Power>	<Surface>9.25</Surface>		<Volume>9.4</Volume>	<Exponent>1.32</Exponent>	<EstimateCode>BUDERUS_6445_7{E}</EstimateCode>	</RadiatorSubTypeMacro>	</RadiatorMainType>
  <RadiatorMainType>	<MainTypeName>K-Profil 10/600/</MainTypeName>	<DimensionIndex>3</DimensionIndex>	<DimensionIndex>0</DimensionIndex>	<kvValue>2.9</kvValue>		<RadiatorSubTypeMacro From="0" To="14" NotCurrents="0,1,2,3,4,5,6,7,8,9,10,11,12,13,14">	<Name>K-Profil 10/600/{S}</Name>	<Power>788.85</Power>	<Surface>1.4</Surface>		<Volume>3.8</Volume>	<Exponent>1.25</Exponent>	<EstimateCode>BUDERUS_6446_1{E}</EstimateCode>	</RadiatorSubTypeMacro>	</RadiatorMainType>
  <RadiatorMainType>	<MainTypeName>K-Profil 11/600/</MainTypeName>	<DimensionIndex>3</DimensionIndex>	<DimensionIndex>1</DimensionIndex>	<kvValue>2.9</kvValue>		<RadiatorSubTypeMacro From="0" To="14" NotCurrents="13,14">					<Name>K-Profil 11/600/{S}</Name>	<Power>1207.3</Power>	<Surface>3.719</Surface>	<Volume>3.8</Volume>	<Exponent>1.3</Exponent>	<EstimateCode>BUDERUS_6446_4{E}</EstimateCode>	</RadiatorSubTypeMacro>	</RadiatorMainType>
  <RadiatorMainType>	<MainTypeName>K-Profil 21/600/</MainTypeName>	<DimensionIndex>3</DimensionIndex>	<DimensionIndex>2</DimensionIndex>	<kvValue>4.2</kvValue>		<RadiatorSubTypeMacro From="0" To="14" NotCurrents="13,14">					<Name>K-Profil 21/600/{S}</Name>	<Power>1603.8</Power>	<Surface>5.038</Surface>	<Volume>7.3</Volume>	<Exponent>1.31</Exponent>	<EstimateCode>BUDERUS_6446_3{E}</EstimateCode>	</RadiatorSubTypeMacro>	</RadiatorMainType>
  <RadiatorMainType>	<MainTypeName>K-Profil 22/600/</MainTypeName>	<DimensionIndex>3</DimensionIndex>	<DimensionIndex>3</DimensionIndex>	<kvValue>4.2</kvValue>		<RadiatorSubTypeMacro From="0" To="14">								<Name>K-Profil 22/600/{S}</Name>	<Power>2201.2</Power>	<Surface>7.438</Surface>	<Volume>7.3</Volume>	<Exponent>1.33</Exponent>	<EstimateCode>BUDERUS_6446_6{E}</EstimateCode>	</RadiatorSubTypeMacro>	</RadiatorMainType>
  <RadiatorMainType>	<MainTypeName>K-Profil 33/600/</MainTypeName>	<DimensionIndex>3</DimensionIndex>	<DimensionIndex>4</DimensionIndex>	<kvValue>4.2</kvValue>		<RadiatorSubTypeMacro From="0" To="14" NotCurrents="12,13,14">					<Name>K-Profil 33/600/{S}</Name>	<Power>3096.2</Power>	<Surface>11.16</Surface>	<Volume>10.9</Volume>	<Exponent>1.33</Exponent>	<EstimateCode>BUDERUS_6446_7{E}</EstimateCode>	</RadiatorSubTypeMacro>	</RadiatorMainType>
  <RadiatorMainType>	<MainTypeName>K-Profil 10/900/</MainTypeName>	<DimensionIndex>4</DimensionIndex>	<DimensionIndex>0</DimensionIndex>	<kvValue>2.9</kvValue>		<RadiatorSubTypeMacro From="0" To="14" NotCurrents="0,1,2,3,4,5,6,7,8,9,10,11,12,13,14">	<Name>K-Profil 10/900/{S}</Name>	<Power>1120</Power>	<Surface>2.112</Surface>	<Volume>5.4</Volume>	<Exponent>1.26</Exponent>	<EstimateCode>BUDERUS_6447_1{E}</EstimateCode>	</RadiatorSubTypeMacro>	</RadiatorMainType>
  <RadiatorMainType>	<MainTypeName>K-Profil 11/900/</MainTypeName>	<DimensionIndex>4</DimensionIndex>	<DimensionIndex>1</DimensionIndex>	<kvValue>2.9</kvValue>		<RadiatorSubTypeMacro From="0" To="14" NotCurrents="8,9,10,11,12,13,14">			<Name>K-Profil 11/900/{S}</Name>	<Power>1648.8</Power>	<Surface>5.631</Surface>	<Volume>5.4</Volume>	<Exponent>1.3</Exponent>	<EstimateCode>BUDERUS_6447_4{E}</EstimateCode>	</RadiatorSubTypeMacro>	</RadiatorMainType>
  <RadiatorMainType>	<MainTypeName>K-Profil 21/900/</MainTypeName>	<DimensionIndex>4</DimensionIndex>	<DimensionIndex>2</DimensionIndex>	<kvValue>4.2</kvValue>		<RadiatorSubTypeMacro From="0" To="14" NotCurrents="7,8,9,10,11,12,13,14">			<Name>K-Profil 21/900/{S}</Name>	<Power>2248.8</Power>	<Surface>7.619</Surface>	<Volume>10.4</Volume>	<Exponent>1.32</Exponent>	<EstimateCode>BUDERUS_6447_3{E}</EstimateCode>	</RadiatorSubTypeMacro>	</RadiatorMainType>
  <RadiatorMainType>	<MainTypeName>K-Profil 22/900/</MainTypeName>	<DimensionIndex>4</DimensionIndex>	<DimensionIndex>3</DimensionIndex>	<kvValue>4.2</kvValue>		<RadiatorSubTypeMacro From="0" To="14" NotCurrents="9,10,11,12,13,14">				<Name>K-Profil 22/900/{S}</Name>	<Power>3038.5</Power>	<Surface>11.26</Surface>	<Volume>10.4</Volume>	<Exponent>1.34</Exponent>	<EstimateCode>BUDERUS_6447_6{E}</EstimateCode>	</RadiatorSubTypeMacro>	</RadiatorMainType>
  <RadiatorMainType>	<MainTypeName>K-Profil 33/900/</MainTypeName>	<DimensionIndex>4</DimensionIndex>	<DimensionIndex>4</DimensionIndex>	<kvValue>4.2</kvValue>		<RadiatorSubTypeMacro From="0" To="14" NotCurrents="8,9,10,11,12,13,14">			<Name>K-Profil 33/900/{S}</Name>	<Power>4226.2</Power>	<Surface>16.9</Surface>		<Volume>15.4</Volume>	<Exponent>1.33</Exponent>	<EstimateCode>BUDERUS_6447_7{E}</EstimateCode>	</RadiatorSubTypeMacro>	</RadiatorMainType>
</WinWattDBRadiator>

</WinWattDB>
