<?xml version="1.0" encoding="ISO-8859-2" ?>
<WinWattDB>

<WinWattDBRadiator DTLog="Yes">
  <ItemHeader>
    <Date><Year>1997</Year><Month>6</Month><Day>19</Day></Date>
    <ItemPath>TKM</ItemPath>
    <ItemName>TKM DE LUXE</ItemName>
    <HomePage></HomePage></ItemHeader>
  <DTOrigin>60</DTOrigin>
  <DimensionArray>
    <DimensionString>710</DimensionString>
    <DimensionString>1270</DimensionString>
    <DimensionString>1830</DimensionString>
  </DimensionArray>
  <DimensionArray>
    <DimensionString>55</DimensionString>
    <DimensionString>65</DimensionString>
    <DimensionString>80</DimensionString>
  </DimensionArray>
  <RadiatorMainType>
    <MainTypeName>TKM DE LUXE 80/</MainTypeName><DimensionIndex>0</DimensionIndex><kvValue>0</kvValue>
    <RadiatorSubType><Name>TKM DE LUXE 80/55</Name>	<DimensionIndex>0</DimensionIndex>	<Power>478</Power>	<Surface>0.64</Surface>	<Volume>2.01</Volume>	<Exponent>1.2</Exponent>	<Current>1</Current>	<Length>505</Length>	<Height>710</Height>	<Width>50</Width>	<EstimateCode></EstimateCode></RadiatorSubType>
    <RadiatorSubType><Name>TKM DE LUXE 80/65</Name>	<DimensionIndex>1</DimensionIndex>	<Power>569</Power>	<Surface>0.76</Surface>	<Volume>2.38</Volume>	<Exponent>1.2</Exponent>	<Current>1</Current>	<Length>605</Length>	<Height>710</Height>	<Width>50</Width>	<EstimateCode></EstimateCode></RadiatorSubType>
    <RadiatorSubType><Name>TKM DE LUXE 80/80</Name>	<DimensionIndex>2</DimensionIndex>	<Power>680</Power>	<Surface>0.94</Surface>	<Volume>2.93</Volume>	<Exponent>1.2</Exponent>	<Current>1</Current>	<Length>755</Length>	<Height>710</Height>	<Width>50</Width>	<EstimateCode></EstimateCode></RadiatorSubType>
  </RadiatorMainType>
  <RadiatorMainType>
    <MainTypeName>TKM DE LUXE 122/</MainTypeName><DimensionIndex>1</DimensionIndex><kvValue>0</kvValue>
    <RadiatorSubType><Name>TKM DE LUXE 122/55</Name>	<DimensionIndex>0</DimensionIndex>	<Power>764</Power>	<Surface>1.24</Surface>	<Volume>3.22</Volume>	<Exponent>1.23</Exponent>	<Current>1</Current>	<Length>505</Length>	<Height>1270</Height>	<Width>50</Width>	<EstimateCode></EstimateCode></RadiatorSubType>
    <RadiatorSubType><Name>TKM DE LUXE 122/65</Name>	<DimensionIndex>1</DimensionIndex>	<Power>889</Power>	<Surface>1.47</Surface>	<Volume>3.8</Volume>	<Exponent>1.23</Exponent>	<Current>1</Current>	<Length>605</Length>	<Height>1270</Height>	<Width>50</Width>	<EstimateCode></EstimateCode></RadiatorSubType>
    <RadiatorSubType><Name>TKM DE LUXE 122/80</Name>	<DimensionIndex>2</DimensionIndex>	<Power>1090</Power>	<Surface>1.81</Surface>	<Volume>4.68</Volume>	<Exponent>1.23</Exponent>	<Current>1</Current>	<Length>755</Length>	<Height>1270</Height>	<Width>50</Width>	<EstimateCode></EstimateCode></RadiatorSubType>
  </RadiatorMainType>
  <RadiatorMainType>
    <MainTypeName>TKM DE LUXE 178/</MainTypeName><DimensionIndex>2</DimensionIndex><kvValue>0</kvValue>
    <RadiatorSubType><Name>TKM DE LUXE 178/55</Name>	<DimensionIndex>0</DimensionIndex>	<Power>1052</Power>	<Surface>1.79</Surface>	<Volume>4.44</Volume>	<Exponent>1.23</Exponent>	<Current>1</Current>	<Length>505</Length>	<Height>1830</Height>	<Width>50</Width>	<EstimateCode></EstimateCode></RadiatorSubType>
    <RadiatorSubType><Name>TKM DE LUXE 178/65</Name>	<DimensionIndex>1</DimensionIndex>	<Power>1232</Power>	<Surface>2.11</Surface>	<Volume>5.25</Volume>	<Exponent>1.23</Exponent>	<Current>1</Current>	<Length>605</Length>	<Height>1830</Height>	<Width>50</Width>	<EstimateCode></EstimateCode></RadiatorSubType>
    <RadiatorSubType><Name>TKM DE LUXE 178/80</Name>	<DimensionIndex>2</DimensionIndex>	<Power>1518</Power>	<Surface>2.6</Surface>	<Volume>6.46</Volume>	<Exponent>1.23</Exponent>	<Current>1</Current>	<Length>755</Length>	<Height>1830</Height>	<Width>50</Width>	<EstimateCode></EstimateCode></RadiatorSubType>
  </RadiatorMainType>
</WinWattDBRadiator>

</WinWattDB>
