<?xml version="1.0" encoding="ISO-8859-2" ?>
<WinWattDB>

<WinWattDBGlobalMacro>
	<Macro ID="$laprad1" Language="hun">laprad.</Macro>
	<Macro ID="$laprad1" Language="sky">doskov� rad.</Macro>
	<Macro ID="$laprad1" Language="rom">Radiator plan</Macro>
</WinWattDBGlobalMacro>

<WinWattDBRadiator DTLog="Yes">
  <ItemHeader>
    <Date><Year>1997</Year><Month>6</Month><Day>19</Day></Date>
    <ItemPath>TKM</ItemPath>
    <ItemName>TKM II-Plus $laprad1</ItemName>
    <HomePage></HomePage></ItemHeader>
  <DTOrigin>60</DTOrigin>
  <DimensionArray Type="Height" >
    <DimensionString Value="320" >320</DimensionString>
    <DimensionString Value="400" >400</DimensionString>
    <DimensionString Value="480" >480</DimensionString>
    <DimensionString Value="600" >600</DimensionString>
    <DimensionString Value="800" >800</DimensionString>
    <DimensionString Value="1000" >1000</DimensionString>
  </DimensionArray>
  <DimensionArray Type="Width" >
    <DimensionString Value="50" >E</DimensionString>
    <DimensionString Value="50" >EK</DimensionString>
    <DimensionString Value="50" >EKc</DimensionString>
    <DimensionString Value="98" >EKE</DimensionString>
    <DimensionString Value="98" >DK</DimensionString>
    <DimensionString Value="159" >DKEK</DimensionString>
    <DimensionString Value="98" >D</DimensionString>
  </DimensionArray>
  <DimensionArray Type="Length" >
    <DimensionString Value="480" >48</DimensionString>
    <DimensionString Value="640" >64</DimensionString>
    <DimensionString Value="800" >80</DimensionString>
    <DimensionString Value="960" >96</DimensionString>
    <DimensionString Value="1120" >112</DimensionString>
    <DimensionString Value="1280" >128</DimensionString>
    <DimensionString Value="1440" >144</DimensionString>
    <DimensionString Value="1600" >160</DimensionString>
    <DimensionString Value="1760" >176</DimensionString>
    <DimensionString Value="1920" >192</DimensionString>
    <DimensionString Value="2080" >208</DimensionString>
    <DimensionString Value="2240" >224</DimensionString>
    <DimensionString Value="2400" >240</DimensionString>
    <DimensionString Value="2560" >256</DimensionString>
    <DimensionString Value="2720" >272</DimensionString>
    <DimensionString Value="2880" >288</DimensionString>
    <DimensionString Value="2960" >296</DimensionString>
    <DimensionString Value="3040" >304</DimensionString>
  </DimensionArray>
  <RadiatorMainType>	<MainTypeName>TKM II-Plus E-40-</MainTypeName>		<DimensionIndex>1</DimensionIndex>	<DimensionIndex>0</DimensionIndex>	<kvValue>0</kvValue>		<RadiatorSubTypeMacro From="0" To="16" PowerCorrection="-6.774">			<Name>TKM II-Plus E-40-{S}</Name>	<Power>614.11</Power>	<Surface>0</Surface>	<Volume>2.137</Volume>	<Exponent>1.3</Exponent>	<EstimateCode></EstimateCode>	</RadiatorSubTypeMacro>	</RadiatorMainType>
  <RadiatorMainType>	<MainTypeName>TKM II-Plus E-48-</MainTypeName>		<DimensionIndex>2</DimensionIndex>	<DimensionIndex>0</DimensionIndex>	<kvValue>0</kvValue>		<RadiatorSubTypeMacro From="0" To="16" PowerCorrection="-7">				<Name>TKM II-Plus E-48-{S}</Name>	<Power>712.5</Power>	<Surface>0</Surface>	<Volume>2.52</Volume>	<Exponent>1.3</Exponent>	<EstimateCode></EstimateCode>	</RadiatorSubTypeMacro>	</RadiatorMainType>
  <RadiatorMainType>	<MainTypeName>TKM II-Plus E-60-</MainTypeName>		<DimensionIndex>3</DimensionIndex>	<DimensionIndex>0</DimensionIndex>	<kvValue>0</kvValue>		<RadiatorSubTypeMacro From="0" To="16" PowerCorrection="-8.806">			<Name>TKM II-Plus E-60-{S}</Name>	<Power>862.1</Power>	<Surface>0</Surface>	<Volume>3.282</Volume>	<Exponent>1.3</Exponent>	<EstimateCode></EstimateCode>	</RadiatorSubTypeMacro>	</RadiatorMainType>
  <RadiatorMainType>	<MainTypeName>TKM II-Plus E-80-</MainTypeName>		<DimensionIndex>4</DimensionIndex>	<DimensionIndex>0</DimensionIndex>	<kvValue>0</kvValue>		<RadiatorSubTypeMacro From="0" To="8" PowerCorrection="-11.5">				<Name>TKM II-Plus E-80-{S}</Name>	<Power>1109.4</Power>	<Surface>0</Surface>	<Volume>3.93</Volume>	<Exponent>1.3</Exponent>	<EstimateCode></EstimateCode>	</RadiatorSubTypeMacro>	</RadiatorMainType>
  <RadiatorMainType>	<MainTypeName>TKM II-Plus E-100-</MainTypeName>		<DimensionIndex>5</DimensionIndex>	<DimensionIndex>0</DimensionIndex>	<kvValue>0</kvValue>		<RadiatorSubTypeMacro From="0" To="3" PowerCorrection="-14">				<Name>TKM II-Plus E-100-{S}</Name>	<Power>1360.4</Power>	<Surface>0</Surface>	<Volume>4.583</Volume>	<Exponent>1.3</Exponent>	<EstimateCode></EstimateCode>	</RadiatorSubTypeMacro>	</RadiatorMainType>
  <RadiatorMainType>	<MainTypeName>TKM II-Plus EK-32-</MainTypeName>		<DimensionIndex>0</DimensionIndex>	<DimensionIndex>1</DimensionIndex>	<kvValue>0</kvValue>		<RadiatorSubTypeMacro From="0" To="16" PowerCorrection="-7.419">			<Name>TKM II-Plus EK-32-{S}</Name>	<Power>711.29</Power>	<Surface>0</Surface>	<Volume>1.899</Volume>	<Exponent>1.31</Exponent>	<EstimateCode></EstimateCode>	</RadiatorSubTypeMacro>	</RadiatorMainType>
  <RadiatorMainType>	<MainTypeName>TKM II-Plus EK-40-</MainTypeName>		<DimensionIndex>1</DimensionIndex>	<DimensionIndex>1</DimensionIndex>	<kvValue>0</kvValue>		<RadiatorSubTypeMacro From="0" To="16" PowerCorrection="-8.516">			<Name>TKM II-Plus EK-40-{S}</Name>	<Power>867.74</Power>	<Surface>0</Surface>	<Volume>2.363</Volume>	<Exponent>1.3</Exponent>	<EstimateCode></EstimateCode>	</RadiatorSubTypeMacro>	</RadiatorMainType>
  <RadiatorMainType>	<MainTypeName>TKM II-Plus EK-48-</MainTypeName>		<DimensionIndex>2</DimensionIndex>	<DimensionIndex>1</DimensionIndex>	<kvValue>0</kvValue>		<RadiatorSubTypeMacro From="0" To="16" PowerCorrection="-9.871">			<Name>TKM II-Plus EK-48-{S}</Name>	<Power>1020.6</Power>	<Surface>0</Surface>	<Volume>2.823</Volume>	<Exponent>1.31</Exponent>	<EstimateCode></EstimateCode>	</RadiatorSubTypeMacro>	</RadiatorMainType>
  <RadiatorMainType>	<MainTypeName>TKM II-Plus EK-60-</MainTypeName>		<DimensionIndex>3</DimensionIndex>	<DimensionIndex>1</DimensionIndex>	<kvValue>0</kvValue>		<RadiatorSubTypeMacro From="0" To="16" PowerCorrection="-12.48">			<Name>TKM II-Plus EK-60-{S}</Name>	<Power>1244.8</Power>	<Surface>0</Surface>	<Volume>3.282</Volume>	<Exponent>1.32</Exponent>	<EstimateCode></EstimateCode>	</RadiatorSubTypeMacro>	</RadiatorMainType>
  <RadiatorMainType>	<MainTypeName>TKM II-Plus EK-80-</MainTypeName>		<DimensionIndex>4</DimensionIndex>	<DimensionIndex>1</DimensionIndex>	<kvValue>0</kvValue>		<RadiatorSubTypeMacro From="0" To="8" PowerCorrection="-16.37">				<Name>TKM II-Plus EK-80-{S}</Name>	<Power>1607</Power>	<Surface>0</Surface>	<Volume>3.93</Volume>	<Exponent>1.33</Exponent>	<EstimateCode></EstimateCode>	</RadiatorSubTypeMacro>	</RadiatorMainType>
  <RadiatorMainType>	<MainTypeName>TKM II-Plus EK-100-</MainTypeName>	<DimensionIndex>5</DimensionIndex>	<DimensionIndex>1</DimensionIndex>	<kvValue>0</kvValue>		<RadiatorSubTypeMacro From="0" To="4" PowerCorrection="-20.5">				<Name>TKM II-Plus EK-100-{S}</Name>	<Power>1946.9</Power>	<Surface>0</Surface>	<Volume>4.578</Volume>	<Exponent>1.33</Exponent>	<EstimateCode></EstimateCode>	</RadiatorSubTypeMacro>	</RadiatorMainType>
  <RadiatorMainType>	<MainTypeName>TKM II-Plus EKc-48-</MainTypeName>	<DimensionIndex>2</DimensionIndex>	<DimensionIndex>2</DimensionIndex>	<kvValue>0</kvValue>		<RadiatorSubTypeMacro From="0" To="16" PowerCorrection="-9.742">			<Name>TKM II-Plus EKc-48-{S}</Name>	<Power>1016.1</Power>	<Surface>0</Surface>	<Volume>2.823</Volume>	<Exponent>1.31</Exponent>	<EstimateCode></EstimateCode>	</RadiatorSubTypeMacro>	</RadiatorMainType>
  <RadiatorMainType>	<MainTypeName>TKM II-Plus EKc-60-</MainTypeName>	<DimensionIndex>3</DimensionIndex>	<DimensionIndex>2</DimensionIndex>	<kvValue>0</kvValue>		<RadiatorSubTypeMacro From="0" To="16" PowerCorrection="-12.26">			<Name>TKM II-Plus EKc-60-{S}</Name>	<Power>1233.9</Power>	<Surface>0</Surface>	<Volume>3.282</Volume>	<Exponent>1.32</Exponent>	<EstimateCode></EstimateCode>	</RadiatorSubTypeMacro>	</RadiatorMainType>
  <RadiatorMainType>	<MainTypeName>TKM II-Plus EKc-80-</MainTypeName>	<DimensionIndex>4</DimensionIndex>	<DimensionIndex>2</DimensionIndex>	<kvValue>0</kvValue>		<RadiatorSubTypeMacro From="0" To="8" PowerCorrection="-15.87">				<Name>TKM II-Plus EKc-80-{S}</Name>	<Power>1585.2</Power>	<Surface>0</Surface>	<Volume>3.93</Volume>	<Exponent>1.33</Exponent>	<EstimateCode></EstimateCode>	</RadiatorSubTypeMacro>	</RadiatorMainType>
  <RadiatorMainType>	<MainTypeName>TKM II-Plus EKc-100-</MainTypeName>	<DimensionIndex>5</DimensionIndex>	<DimensionIndex>2</DimensionIndex>	<kvValue>0</kvValue>		<RadiatorSubTypeMacro From="0" To="5" PowerCorrection="-18.2">				<Name>TKM II-Plus EKc-100-{S}</Name>	<Power>1915</Power>	<Surface>0</Surface>	<Volume>4.575</Volume>	<Exponent>1.33</Exponent>	<EstimateCode></EstimateCode>	</RadiatorSubTypeMacro>	</RadiatorMainType>
  <RadiatorMainType>	<MainTypeName>TKM II-Plus EKE-32-</MainTypeName>	<DimensionIndex>0</DimensionIndex>	<DimensionIndex>3</DimensionIndex>	<kvValue>0</kvValue>		<RadiatorSubTypeMacro From="0" To="16" PowerCorrection="-11">				<Name>TKM II-Plus EKE-32-{S}</Name>	<Power>1100</Power>	<Surface>0</Surface>	<Volume>3.802</Volume>	<Exponent>1.3</Exponent>	<EstimateCode></EstimateCode>	</RadiatorSubTypeMacro>	</RadiatorMainType>
  <RadiatorMainType>	<MainTypeName>TKM II-Plus EKE-40-</MainTypeName>	<DimensionIndex>1</DimensionIndex>	<DimensionIndex>3</DimensionIndex>	<kvValue>0</kvValue>		<RadiatorSubTypeMacro From="0" To="16" PowerCorrection="-14.06">			<Name>TKM II-Plus EKE-40-{S}</Name>	<Power>1333.5</Power>	<Surface>0</Surface>	<Volume>4.802</Volume>	<Exponent>1.3</Exponent>	<EstimateCode></EstimateCode>	</RadiatorSubTypeMacro>	</RadiatorMainType>
  <RadiatorMainType>	<MainTypeName>TKM II-Plus EKE-48-</MainTypeName>	<DimensionIndex>2</DimensionIndex>	<DimensionIndex>3</DimensionIndex>	<kvValue>0</kvValue>		<RadiatorSubTypeMacro From="0" To="16" PowerCorrection="-16.16">			<Name>TKM II-Plus EKE-48-{S}</Name>	<Power>1552.4</Power>	<Surface>0</Surface>	<Volume>5.02</Volume>	<Exponent>1.32</Exponent>	<EstimateCode></EstimateCode>	</RadiatorSubTypeMacro>	</RadiatorMainType>
  <RadiatorMainType>	<MainTypeName>TKM II-Plus EKE-60-</MainTypeName>	<DimensionIndex>3</DimensionIndex>	<DimensionIndex>3</DimensionIndex>	<kvValue>0</kvValue>		<RadiatorSubTypeMacro From="0" To="16" PowerCorrection="-19">				<Name>TKM II-Plus EKE-60-{S}</Name>	<Power>1875</Power>	<Surface>0</Surface>	<Volume>6.44</Volume>	<Exponent>1.33</Exponent>	<EstimateCode></EstimateCode>	</RadiatorSubTypeMacro>	</RadiatorMainType>
  <RadiatorMainType>	<MainTypeName>TKM II-Plus EKE-80-</MainTypeName>	<DimensionIndex>4</DimensionIndex>	<DimensionIndex>3</DimensionIndex>	<kvValue>0</kvValue>		<RadiatorSubTypeMacro From="0" To="8" PowerCorrection="-24">				<Name>TKM II-Plus EKE-80-{S}</Name>	<Power>2387.5</Power>	<Surface>0</Surface>	<Volume>7.852</Volume>	<Exponent>1.34</Exponent>	<EstimateCode></EstimateCode>	</RadiatorSubTypeMacro>	</RadiatorMainType>
  <RadiatorMainType>	<MainTypeName>TKM II-Plus EKE-100-</MainTypeName>	<DimensionIndex>5</DimensionIndex>	<DimensionIndex>3</DimensionIndex>	<kvValue>0</kvValue>		<RadiatorSubTypeMacro From="0" To="2" PowerCorrection="-28.5">				<Name>TKM II-Plus EKE-100-{S}</Name>	<Power>2853.1</Power>	<Surface>0</Surface>	<Volume>9.281</Volume>	<Exponent>1.34</Exponent>	<EstimateCode></EstimateCode>	</RadiatorSubTypeMacro>	</RadiatorMainType>
  <RadiatorMainType>	<MainTypeName>TKM II-Plus DK-32-</MainTypeName>		<DimensionIndex>0</DimensionIndex>	<DimensionIndex>4</DimensionIndex>	<kvValue>0</kvValue>		<RadiatorSubTypeMacro From="0" To="16" PowerCorrection="-12.84">			<Name>TKM II-Plus DK-32-{S}</Name>	<Power>1297.6</Power>	<Surface>0</Surface>	<Volume>3.621</Volume>	<Exponent>1.32</Exponent>	<EstimateCode></EstimateCode>	</RadiatorSubTypeMacro>	</RadiatorMainType>
  <RadiatorMainType>	<MainTypeName>TKM II-Plus DK-40-</MainTypeName>		<DimensionIndex>1</DimensionIndex>	<DimensionIndex>4</DimensionIndex>	<kvValue>0</kvValue>		<RadiatorSubTypeMacro From="0" To="16" PowerCorrection="-15.84">			<Name>TKM II-Plus DK-40-{S}</Name>	<Power>1585.1</Power>	<Surface>0</Surface>	<Volume>4.532</Volume>	<Exponent>1.33</Exponent>	<EstimateCode></EstimateCode>	</RadiatorSubTypeMacro>	</RadiatorMainType>
  <RadiatorMainType>	<MainTypeName>TKM II-Plus DK-48-</MainTypeName>		<DimensionIndex>2</DimensionIndex>	<DimensionIndex>4</DimensionIndex>	<kvValue>0</kvValue>		<RadiatorSubTypeMacro From="0" To="16" PowerCorrection="-18.97">			<Name>TKM II-Plus DK-48-{S}</Name>	<Power>1839.5</Power>	<Surface>0</Surface>	<Volume>5.48</Volume>	<Exponent>1.35</Exponent>	<EstimateCode></EstimateCode>	</RadiatorSubTypeMacro>	</RadiatorMainType>
  <RadiatorMainType>	<MainTypeName>TKM II-Plus DK-60-</MainTypeName>		<DimensionIndex>3</DimensionIndex>	<DimensionIndex>4</DimensionIndex>	<kvValue>0</kvValue>		<RadiatorSubTypeMacro From="0" To="16" PowerCorrection="-22.45">			<Name>TKM II-Plus DK-60-{S}</Name>	<Power>2209.3</Power>	<Surface>0</Surface>	<Volume>6.407</Volume>	<Exponent>1.35</Exponent>	<EstimateCode></EstimateCode>	</RadiatorSubTypeMacro>	</RadiatorMainType>
  <RadiatorMainType>	<MainTypeName>TKM II-Plus DK-80-</MainTypeName>		<DimensionIndex>4</DimensionIndex>	<DimensionIndex>4</DimensionIndex>	<kvValue>0</kvValue>		<RadiatorSubTypeMacro From="0" To="11" PowerCorrection="-28.82">			<Name>TKM II-Plus DK-80-{S}</Name>	<Power>2795.5</Power>	<Surface>0</Surface>	<Volume>7.653</Volume>	<Exponent>1.37</Exponent>	<EstimateCode></EstimateCode>	</RadiatorSubTypeMacro>	</RadiatorMainType>
  <RadiatorMainType>	<MainTypeName>TKM II-Plus DK-100-</MainTypeName>	<DimensionIndex>5</DimensionIndex>	<DimensionIndex>4</DimensionIndex>	<kvValue>0</kvValue>		<RadiatorSubTypeMacro From="0" To="5" PowerCorrection="-33.4">				<Name>TKM II-Plus DK-100-{S}</Name>	<Power>3342.5</Power>	<Surface>0</Surface>	<Volume>9.475</Volume>	<Exponent>1.37</Exponent>	<EstimateCode></EstimateCode>	</RadiatorSubTypeMacro>	</RadiatorMainType>
  <RadiatorMainType>	<MainTypeName>TKM II-Plus DKEK-32-</MainTypeName>	<DimensionIndex>0</DimensionIndex>	<DimensionIndex>5</DimensionIndex>	<kvValue>0</kvValue>		<RadiatorSubTypeMacro From="0" To="16" PowerCorrection="-17.84">			<Name>TKM II-Plus DKEK-32-{S}</Name>	<Power>1822.6</Power>	<Surface>0</Surface>	<Volume>5.351</Volume>	<Exponent>1.34</Exponent>	<EstimateCode></EstimateCode>	</RadiatorSubTypeMacro>	</RadiatorMainType>
  <RadiatorMainType>	<MainTypeName>TKM II-Plus DKEK-40-</MainTypeName>	<DimensionIndex>1</DimensionIndex>	<DimensionIndex>5</DimensionIndex>	<kvValue>0</kvValue>		<RadiatorSubTypeMacro From="0" To="16" PowerCorrection="-22.29">			<Name>TKM II-Plus DKEK-40-{S}</Name>	<Power>2256.9</Power>	<Surface>0</Surface>	<Volume>6.75</Volume>	<Exponent>1.35</Exponent>	<EstimateCode></EstimateCode>	</RadiatorSubTypeMacro>	</RadiatorMainType>
  <RadiatorMainType>	<MainTypeName>TKM II-Plus DKEK-48-</MainTypeName>	<DimensionIndex>2</DimensionIndex>	<DimensionIndex>5</DimensionIndex>	<kvValue>0</kvValue>		<RadiatorSubTypeMacro From="0" To="16" PowerCorrection="-26">				<Name>TKM II-Plus DKEK-48-{S}</Name>	<Power>2612.5</Power>	<Surface>0</Surface>	<Volume>8.149</Volume>	<Exponent>1.36</Exponent>	<EstimateCode></EstimateCode>	</RadiatorSubTypeMacro>	</RadiatorMainType>
  <RadiatorMainType>	<MainTypeName>TKM II-Plus DKEK-60-</MainTypeName>	<DimensionIndex>3</DimensionIndex>	<DimensionIndex>5</DimensionIndex>	<kvValue>0</kvValue>		<RadiatorSubTypeMacro From="0" To="16" PowerCorrection="-30.68">			<Name>TKM II-Plus DKEK-60-{S}</Name>	<Power>3132.7</Power>	<Surface>0</Surface>	<Volume>9.552</Volume>	<Exponent>1.37</Exponent>	<EstimateCode></EstimateCode>	</RadiatorSubTypeMacro>	</RadiatorMainType>
  <RadiatorMainType>	<MainTypeName>TKM II-Plus DKEK-80-</MainTypeName>	<DimensionIndex>4</DimensionIndex>	<DimensionIndex>5</DimensionIndex>	<kvValue>0</kvValue>		<RadiatorSubTypeMacro From="0" To="7" PowerCorrection="-38.29">				<Name>TKM II-Plus DKEK-80-{S}</Name>	<Power>3952.7</Power>	<Surface>0</Surface>	<Volume>11.7</Volume>	<Exponent>1.38</Exponent>	<EstimateCode></EstimateCode>	</RadiatorSubTypeMacro>	</RadiatorMainType>
  <RadiatorMainType>	<MainTypeName>TKM II-Plus DKEK-100-</MainTypeName>	<DimensionIndex>5</DimensionIndex>	<DimensionIndex>5</DimensionIndex>	<kvValue>0</kvValue>		<RadiatorSubTypeMacro From="0" To="2" PowerCorrection="-45.5">				<Name>TKM II-Plus DKEK-100-{S}</Name>	<Power>4684.4</Power>	<Surface>0</Surface>	<Volume>13.91</Volume>	<Exponent>1.38</Exponent>	<EstimateCode></EstimateCode>	</RadiatorSubTypeMacro>	</RadiatorMainType>
  <RadiatorMainType>	<MainTypeName>TKM II-Plus D-48-</MainTypeName>		<DimensionIndex>2</DimensionIndex>	<DimensionIndex>6</DimensionIndex>	<kvValue>0</kvValue>		<RadiatorSubTypeMacro From="0" To="17" PowerCorrection="-11.75" Exceptions="16">	<Name>TKM II-Plus D-48-{S}</Name>	<Power>1145.3</Power>	<Surface>0</Surface>	<Volume>5.48</Volume>	<Exponent>1.3</Exponent>	<EstimateCode></EstimateCode>	</RadiatorSubTypeMacro>	</RadiatorMainType>
  <RadiatorMainType>	<MainTypeName>TKM II-Plus D-60-</MainTypeName>		<DimensionIndex>3</DimensionIndex>	<DimensionIndex>6</DimensionIndex>	<kvValue>0</kvValue>		<RadiatorSubTypeMacro From="0" To="17" PowerCorrection="-13.81" Exceptions="16">	<Name>TKM II-Plus D-60-{S}</Name>	<Power>1387.1</Power>	<Surface>0</Surface>	<Volume>6.41</Volume>	<Exponent>1.3</Exponent>	<EstimateCode></EstimateCode>	</RadiatorSubTypeMacro>	</RadiatorMainType>
  <RadiatorMainType>	<MainTypeName>TKM II-Plus D-80-</MainTypeName>		<DimensionIndex>4</DimensionIndex>	<DimensionIndex>6</DimensionIndex>	<kvValue>0</kvValue>		<RadiatorSubTypeMacro From="0" To="7" PowerCorrection="-17">				<Name>TKM II-Plus D-80-{S}</Name>	<Power>1787.5</Power>	<Surface>0</Surface>	<Volume>7.652</Volume>	<Exponent>1.3</Exponent>	<EstimateCode></EstimateCode>	</RadiatorSubTypeMacro>	</RadiatorMainType>
</WinWattDBRadiator>

</WinWattDB>
