<?xml version="1.0" encoding="ISO-8859-2" ?>
<WinWattDB>

<WinWattDBRadiator DTLog="Yes">
  <ItemHeader>
    <Date><Year>1997</Year><Month>6</Month><Day>19</Day></Date>
    <ItemPath>TKM</ItemPath>
    <ItemName>TKM Konvektor</ItemName>
    <HomePage></HomePage></ItemHeader>
  <DTOrigin>60</DTOrigin>
  <DimensionArray Type="Height" >
    <DimensionString Value="70" >70</DimensionString>
    <DimensionString Value="140" >140</DimensionString>
    <DimensionString Value="210" >210</DimensionString>
    <DimensionString Value="280" >280</DimensionString>
  </DimensionArray>
  <DimensionArray Type="Width" >
    <DimensionString Value="41" >/1</DimensionString>
    <DimensionString Value="71" >/2</DimensionString>
    <DimensionString Value="82" >-II/0</DimensionString>
    <DimensionString Value="112" >-II/1</DimensionString>
    <DimensionString Value="142" >-II/2</DimensionString>
    <DimensionString Value="153" >-III/0</DimensionString>
    <DimensionString Value="183" >-III/1</DimensionString>
    <DimensionString Value="213" >-III/2</DimensionString>
    <DimensionString Value="224" >-IV/0</DimensionString>
    <DimensionString Value="254" >-IV/1</DimensionString>
    <DimensionString Value="284" >-IV/2</DimensionString>
    <DimensionString Value="295" >-V/0</DimensionString>
    <DimensionString Value="52" >/1-B</DimensionString>
    <DimensionString Value="123" >-II/1-B</DimensionString>
    <DimensionString Value="194" >-III/1-B</DimensionString>
    <DimensionString Value="265" >-IV/1-B</DimensionString>
    <DimensionString Value="336" >-V/1-B</DimensionString>
  </DimensionArray>
  <DimensionArray Type="Length" >
    <DimensionString Value="500" >50</DimensionString>
    <DimensionString Value="600" >60</DimensionString>
    <DimensionString Value="700" >70</DimensionString>
    <DimensionString Value="800" >80</DimensionString>
    <DimensionString Value="900" >90</DimensionString>
    <DimensionString Value="1000" >100</DimensionString>
    <DimensionString Value="1100" >110</DimensionString>
    <DimensionString Value="1200" >120</DimensionString>
    <DimensionString Value="1300" >130</DimensionString>
    <DimensionString Value="1400" >140</DimensionString>
    <DimensionString Value="1500" >150</DimensionString>
    <DimensionString Value="1600" >160</DimensionString>
    <DimensionString Value="1700" >170</DimensionString>
    <DimensionString Value="1800" >180</DimensionString>
    <DimensionString Value="1900" >190</DimensionString>
    <DimensionString Value="2000" >200</DimensionString>
    <DimensionString Value="2200" >220</DimensionString>
    <DimensionString Value="2400" >240</DimensionString>
    <DimensionString Value="2600" >260</DimensionString>
    <DimensionString Value="2800" >280</DimensionString>
    <DimensionString Value="3000" >300</DimensionString>
    <DimensionString Value="3200" >320</DimensionString>
    <DimensionString Value="3400" >340</DimensionString>
    <DimensionString Value="3600" >360</DimensionString>
    <DimensionString Value="3800" >380</DimensionString>
    <DimensionString Value="4000" >400</DimensionString>
    <DimensionString Value="4200" >420</DimensionString>
    <DimensionString Value="4400" >440</DimensionString>
    <DimensionString Value="4600" >460</DimensionString>
    <DimensionString Value="4800" >480</DimensionString>
    <DimensionString Value="5000" >500</DimensionString>
    <DimensionString Value="5200" >520</DimensionString>
    <DimensionString Value="5400" >540</DimensionString>
    <DimensionString Value="5600" >560</DimensionString>
    <DimensionString Value="5800" >580</DimensionString>
    <DimensionString Value="6000" >600</DimensionString>
  </DimensionArray>
  <RadiatorMainType>	<MainTypeName>TKM C 7/1-</MainTypeName>		<DimensionIndex>0</DimensionIndex>	<DimensionIndex>0</DimensionIndex>	<kvValue>0</kvValue>		<RadiatorSubTypeMacro From="0" To="35">	<Name>TKM C 7/1-{S}</Name>		<Power>253.09</Power>	<Surface>0.5309</Surface>	<Volume>0.6</Volume>	<Exponent>1.17</Exponent>	<EstimateCode></EstimateCode>	</RadiatorSubTypeMacro>	</RadiatorMainType>
  <RadiatorMainType>	<MainTypeName>TKM C 7/2-</MainTypeName>		<DimensionIndex>0</DimensionIndex>	<DimensionIndex>1</DimensionIndex>	<kvValue>0</kvValue>		<RadiatorSubTypeMacro From="0" To="35">	<Name>TKM C 7/2-{S}</Name>		<Power>353.09</Power>	<Surface>0.8855</Surface>	<Volume>0.6</Volume>	<Exponent>1.18</Exponent>	<EstimateCode></EstimateCode>	</RadiatorSubTypeMacro>	</RadiatorMainType>
  <RadiatorMainType>	<MainTypeName>TKM C 7-II/0-</MainTypeName>	<DimensionIndex>0</DimensionIndex>	<DimensionIndex>2</DimensionIndex>	<kvValue>0</kvValue>		<RadiatorSubTypeMacro From="0" To="35">	<Name>TKM C 7-II/0-{S}</Name>		<Power>480</Power>	<Surface>1.007</Surface>	<Volume>1.2</Volume>	<Exponent>1.19</Exponent>	<EstimateCode></EstimateCode>	</RadiatorSubTypeMacro>	</RadiatorMainType>
  <RadiatorMainType>	<MainTypeName>TKM C 7-II/1-</MainTypeName>	<DimensionIndex>0</DimensionIndex>	<DimensionIndex>3</DimensionIndex>	<kvValue>0</kvValue>		<RadiatorSubTypeMacro From="0" To="35">	<Name>TKM C 7-II/1-{S}</Name>		<Power>572</Power>	<Surface>1.362</Surface>	<Volume>1.2</Volume>	<Exponent>1.16</Exponent>	<EstimateCode></EstimateCode>	</RadiatorSubTypeMacro>	</RadiatorMainType>
  <RadiatorMainType>	<MainTypeName>TKM C 7-II/2-</MainTypeName>	<DimensionIndex>0</DimensionIndex>	<DimensionIndex>4</DimensionIndex>	<kvValue>0</kvValue>		<RadiatorSubTypeMacro From="0" To="35">	<Name>TKM C 7-II/2-{S}</Name>		<Power>667.09</Power>	<Surface>1.715</Surface>	<Volume>1.2</Volume>	<Exponent>1.15</Exponent>	<EstimateCode></EstimateCode>	</RadiatorSubTypeMacro>	</RadiatorMainType>
  <RadiatorMainType>	<MainTypeName>TKM C 7-III/0-</MainTypeName>	<DimensionIndex>0</DimensionIndex>	<DimensionIndex>5</DimensionIndex>	<kvValue>0</kvValue>		<RadiatorSubTypeMacro From="0" To="35">	<Name>TKM C 7-III/0-{S}</Name>		<Power>776</Power>	<Surface>1.84</Surface>		<Volume>1.749</Volume>	<Exponent>1.16</Exponent>	<EstimateCode></EstimateCode>	</RadiatorSubTypeMacro>	</RadiatorMainType>
  <RadiatorMainType>	<MainTypeName>TKM C 7-III/1-</MainTypeName>	<DimensionIndex>0</DimensionIndex>	<DimensionIndex>6</DimensionIndex>	<kvValue>0</kvValue>		<RadiatorSubTypeMacro From="0" To="35">	<Name>TKM C 7-III/1-{S}</Name>		<Power>837.09</Power>	<Surface>2.193</Surface>	<Volume>1.749</Volume>	<Exponent>1.14</Exponent>	<EstimateCode></EstimateCode>	</RadiatorSubTypeMacro>	</RadiatorMainType>
  <RadiatorMainType>	<MainTypeName>TKM C 7-III/2-</MainTypeName>	<DimensionIndex>0</DimensionIndex>	<DimensionIndex>7</DimensionIndex>	<kvValue>0</kvValue>		<RadiatorSubTypeMacro From="0" To="35">	<Name>TKM C 7-III/2-{S}</Name>		<Power>952.91</Power>	<Surface>2.549</Surface>	<Volume>1.749</Volume>	<Exponent>1.13</Exponent>	<EstimateCode></EstimateCode>	</RadiatorSubTypeMacro>	</RadiatorMainType>
  <RadiatorMainType>	<MainTypeName>TKM C 7-IV/0-</MainTypeName>	<DimensionIndex>0</DimensionIndex>	<DimensionIndex>8</DimensionIndex>	<kvValue>0</kvValue>		<RadiatorSubTypeMacro From="0" To="35">	<Name>TKM C 7-IV/0-{S}</Name>		<Power>1054</Power>	<Surface>2.684</Surface>	<Volume>2.4</Volume>	<Exponent>1.16</Exponent>	<EstimateCode></EstimateCode>	</RadiatorSubTypeMacro>	</RadiatorMainType>
  <RadiatorMainType>	<MainTypeName>TKM C 7-IV/1-</MainTypeName>	<DimensionIndex>0</DimensionIndex>	<DimensionIndex>9</DimensionIndex>	<kvValue>0</kvValue>		<RadiatorSubTypeMacro From="0" To="35">	<Name>TKM C 7-IV/1-{S}</Name>		<Power>1102</Power>	<Surface>3.038</Surface>	<Volume>2.4</Volume>	<Exponent>1.13</Exponent>	<EstimateCode></EstimateCode>	</RadiatorSubTypeMacro>	</RadiatorMainType>
  <RadiatorMainType>	<MainTypeName>TKM C 7-IV/2-</MainTypeName>	<DimensionIndex>0</DimensionIndex>	<DimensionIndex>10</DimensionIndex>	<kvValue>0</kvValue>		<RadiatorSubTypeMacro From="0" To="35">	<Name>TKM C 7-IV/2-{S}</Name>		<Power>1202.9</Power>	<Surface>3.391</Surface>	<Volume>2.4</Volume>	<Exponent>1.11</Exponent>	<EstimateCode></EstimateCode>	</RadiatorSubTypeMacro>	</RadiatorMainType>
  <RadiatorMainType>	<MainTypeName>TKM C 7-V/0-</MainTypeName>	<DimensionIndex>0</DimensionIndex>	<DimensionIndex>11</DimensionIndex>	<kvValue>0</kvValue>		<RadiatorSubTypeMacro From="0" To="35">	<Name>TKM C 7-V/0-{S}</Name>		<Power>1330</Power>	<Surface>0</Surface>		<Volume>0</Volume>	<Exponent>1.1</Exponent>	<EstimateCode></EstimateCode>	</RadiatorSubTypeMacro>	</RadiatorMainType>
  <RadiatorMainType>	<MainTypeName>TKM C 14/1-</MainTypeName>	<DimensionIndex>1</DimensionIndex>	<DimensionIndex>0</DimensionIndex>	<kvValue>0</kvValue>		<RadiatorSubTypeMacro From="0" To="35">	<Name>TKM C 14/1-{S}</Name>		<Power>422</Power>	<Surface>1.131</Surface>	<Volume>1.171</Volume>	<Exponent>1.27</Exponent>	<EstimateCode></EstimateCode>	</RadiatorSubTypeMacro>	</RadiatorMainType>
  <RadiatorMainType>	<MainTypeName>TKM C 14/2-</MainTypeName>	<DimensionIndex>1</DimensionIndex>	<DimensionIndex>1</DimensionIndex>	<kvValue>0</kvValue>		<RadiatorSubTypeMacro From="0" To="35">	<Name>TKM C 14/2-{S}</Name>		<Power>586</Power>	<Surface>1.936</Surface>	<Volume>1.171</Volume>	<Exponent>1.27</Exponent>	<EstimateCode></EstimateCode>	</RadiatorSubTypeMacro>	</RadiatorMainType>
  <RadiatorMainType>	<MainTypeName>TKM C 14-II/0-</MainTypeName>	<DimensionIndex>1</DimensionIndex>	<DimensionIndex>2</DimensionIndex>	<kvValue>0</kvValue>		<RadiatorSubTypeMacro From="0" To="35">	<Name>TKM C 14-II/0-{S}</Name>		<Power>802</Power>	<Surface>2.142</Surface>	<Volume>2.289</Volume>	<Exponent>1.27</Exponent>	<EstimateCode></EstimateCode>	</RadiatorSubTypeMacro>	</RadiatorMainType>
  <RadiatorMainType>	<MainTypeName>TKM C 14-II/1-</MainTypeName>	<DimensionIndex>1</DimensionIndex>	<DimensionIndex>3</DimensionIndex>	<kvValue>0</kvValue>		<RadiatorSubTypeMacro From="0" To="35">	<Name>TKM C 14-II/1-{S}</Name>		<Power>938.91</Power>	<Surface>2.947</Surface>	<Volume>2.289</Volume>	<Exponent>1.27</Exponent>	<EstimateCode></EstimateCode>	</RadiatorSubTypeMacro>	</RadiatorMainType>
  <RadiatorMainType>	<MainTypeName>TKM C 14-II/2-</MainTypeName>	<DimensionIndex>1</DimensionIndex>	<DimensionIndex>4</DimensionIndex>	<kvValue>0</kvValue>		<RadiatorSubTypeMacro From="0" To="35">	<Name>TKM C 14-II/2-{S}</Name>		<Power>1112</Power>	<Surface>3.751</Surface>	<Volume>2.289</Volume>	<Exponent>1.29</Exponent>	<EstimateCode></EstimateCode>	</RadiatorSubTypeMacro>	</RadiatorMainType>
  <RadiatorMainType>	<MainTypeName>TKM C 14-III/0-</MainTypeName>	<DimensionIndex>1</DimensionIndex>	<DimensionIndex>5</DimensionIndex>	<kvValue>0</kvValue>		<RadiatorSubTypeMacro From="0" To="35">	<Name>TKM C 14-III/0-{S}</Name>		<Power>1304.9</Power>	<Surface>3.96</Surface>		<Volume>3.569</Volume>	<Exponent>1.27</Exponent>	<EstimateCode></EstimateCode>	</RadiatorSubTypeMacro>	</RadiatorMainType>
  <RadiatorMainType>	<MainTypeName>TKM C 14-III/1-</MainTypeName>	<DimensionIndex>1</DimensionIndex>	<DimensionIndex>6</DimensionIndex>	<kvValue>0</kvValue>		<RadiatorSubTypeMacro From="0" To="35">	<Name>TKM C 14-III/1-{S}</Name>		<Power>1429.1</Power>	<Surface>4.765</Surface>	<Volume>3.569</Volume>	<Exponent>1.27</Exponent>	<EstimateCode></EstimateCode>	</RadiatorSubTypeMacro>	</RadiatorMainType>
  <RadiatorMainType>	<MainTypeName>TKM C 14-III/2-</MainTypeName>	<DimensionIndex>1</DimensionIndex>	<DimensionIndex>7</DimensionIndex>	<kvValue>0</kvValue>		<RadiatorSubTypeMacro From="0" To="35">	<Name>TKM C 14-III/2-{S}</Name>		<Power>1614.9</Power>	<Surface>5.569</Surface>	<Volume>3.569</Volume>	<Exponent>1.29</Exponent>	<EstimateCode></EstimateCode>	</RadiatorSubTypeMacro>	</RadiatorMainType>
  <RadiatorMainType>	<MainTypeName>TKM C 14-IV/0-</MainTypeName>	<DimensionIndex>1</DimensionIndex>	<DimensionIndex>8</DimensionIndex>	<kvValue>0</kvValue>		<RadiatorSubTypeMacro From="0" To="35">	<Name>TKM C 14-IV/0-{S}</Name>		<Power>1786</Power>	<Surface>5.798</Surface>	<Volume>4.84</Volume>	<Exponent>1.29</Exponent>	<EstimateCode></EstimateCode>	</RadiatorSubTypeMacro>	</RadiatorMainType>
  <RadiatorMainType>	<MainTypeName>TKM C 14-IV/1-</MainTypeName>	<DimensionIndex>1</DimensionIndex>	<DimensionIndex>9</DimensionIndex>	<kvValue>0</kvValue>		<RadiatorSubTypeMacro From="0" To="35">	<Name>TKM C 14-IV/1-{S}</Name>		<Power>1919.1</Power>	<Surface>6.602</Surface>	<Volume>4.84</Volume>	<Exponent>1.26</Exponent>	<EstimateCode></EstimateCode>	</RadiatorSubTypeMacro>	</RadiatorMainType>
  <RadiatorMainType>	<MainTypeName>TKM C 14-IV/2-</MainTypeName>	<DimensionIndex>1</DimensionIndex>	<DimensionIndex>10</DimensionIndex>	<kvValue>0</kvValue>		<RadiatorSubTypeMacro From="0" To="35">	<Name>TKM C 14-IV/2-{S}</Name>		<Power>2117.1</Power>	<Surface>7.407</Surface>	<Volume>4.84</Volume>	<Exponent>1.29</Exponent>	<EstimateCode></EstimateCode>	</RadiatorSubTypeMacro>	</RadiatorMainType>
  <RadiatorMainType>	<MainTypeName>TKM C 14-V/0-</MainTypeName>	<DimensionIndex>1</DimensionIndex>	<DimensionIndex>11</DimensionIndex>	<kvValue>0</kvValue>		<RadiatorSubTypeMacro From="0" To="35">	<Name>TKM C 14-V/0-{S}</Name>		<Power>2299.1</Power>	<Surface>0</Surface>		<Volume>0</Volume>	<Exponent>1.28</Exponent>	<EstimateCode></EstimateCode>	</RadiatorSubTypeMacro>	</RadiatorMainType>
  <RadiatorMainType>	<MainTypeName>TKM C 21/1-</MainTypeName>	<DimensionIndex>2</DimensionIndex>	<DimensionIndex>0</DimensionIndex>	<kvValue>0</kvValue>		<RadiatorSubTypeMacro From="0" To="35">	<Name>TKM C 21/1-{S}</Name>		<Power>551.09</Power>	<Surface>1.731</Surface>	<Volume>1.76</Volume>	<Exponent>1.3</Exponent>	<EstimateCode></EstimateCode>	</RadiatorSubTypeMacro>	</RadiatorMainType>
  <RadiatorMainType>	<MainTypeName>TKM C 21/2-</MainTypeName>	<DimensionIndex>2</DimensionIndex>	<DimensionIndex>1</DimensionIndex>	<kvValue>0</kvValue>		<RadiatorSubTypeMacro From="0" To="35">	<Name>TKM C 21/2-{S}</Name>		<Power>770</Power>	<Surface>2.989</Surface>	<Volume>1.76</Volume>	<Exponent>1.28</Exponent>	<EstimateCode></EstimateCode>	</RadiatorSubTypeMacro>	</RadiatorMainType>
  <RadiatorMainType>	<MainTypeName>TKM C 21-II/0-</MainTypeName>	<DimensionIndex>2</DimensionIndex>	<DimensionIndex>2</DimensionIndex>	<kvValue>0</kvValue>		<RadiatorSubTypeMacro From="0" To="35">	<Name>TKM C 21-II/0-{S}</Name>		<Power>980</Power>	<Surface>3.278</Surface>	<Volume>3.549</Volume>	<Exponent>1.28</Exponent>	<EstimateCode></EstimateCode>	</RadiatorSubTypeMacro>	</RadiatorMainType>
  <RadiatorMainType>	<MainTypeName>TKM C 21-II/1-</MainTypeName>	<DimensionIndex>2</DimensionIndex>	<DimensionIndex>3</DimensionIndex>	<kvValue>0</kvValue>		<RadiatorSubTypeMacro From="0" To="35">	<Name>TKM C 21-II/1-{S}</Name>		<Power>1182.9</Power>	<Surface>4.533</Surface>	<Volume>3.549</Volume>	<Exponent>1.3</Exponent>	<EstimateCode></EstimateCode>	</RadiatorSubTypeMacro>	</RadiatorMainType>
  <RadiatorMainType>	<MainTypeName>TKM C 21-II/2-</MainTypeName>	<DimensionIndex>2</DimensionIndex>	<DimensionIndex>4</DimensionIndex>	<kvValue>0</kvValue>		<RadiatorSubTypeMacro From="0" To="35">	<Name>TKM C 21-II/2-{S}</Name>		<Power>1434.9</Power>	<Surface>5.789</Surface>	<Volume>3.549</Volume>	<Exponent>1.31</Exponent>	<EstimateCode></EstimateCode>	</RadiatorSubTypeMacro>	</RadiatorMainType>
  <RadiatorMainType>	<MainTypeName>TKM C 21-III/0-</MainTypeName>	<DimensionIndex>2</DimensionIndex>	<DimensionIndex>5</DimensionIndex>	<kvValue>0</kvValue>		<RadiatorSubTypeMacro From="0" To="35">	<Name>TKM C 21-III/0-{S}</Name>		<Power>1647.1</Power>	<Surface>6.08</Surface>		<Volume>5.431</Volume>	<Exponent>1.28</Exponent>	<EstimateCode></EstimateCode>	</RadiatorSubTypeMacro>	</RadiatorMainType>
  <RadiatorMainType>	<MainTypeName>TKM C 21-III/1-</MainTypeName>	<DimensionIndex>2</DimensionIndex>	<DimensionIndex>6</DimensionIndex>	<kvValue>0</kvValue>		<RadiatorSubTypeMacro From="0" To="35">	<Name>TKM C 21-III/1-{S}</Name>		<Power>1834.9</Power>	<Surface>7.336</Surface>	<Volume>5.431</Volume>	<Exponent>1.32</Exponent>	<EstimateCode></EstimateCode>	</RadiatorSubTypeMacro>	</RadiatorMainType>
  <RadiatorMainType>	<MainTypeName>TKM C 21-III/2-</MainTypeName>	<DimensionIndex>2</DimensionIndex>	<DimensionIndex>7</DimensionIndex>	<kvValue>0</kvValue>		<RadiatorSubTypeMacro From="0" To="35">	<Name>TKM C 21-III/2-{S}</Name>		<Power>2074.9</Power>	<Surface>8.591</Surface>	<Volume>5.431</Volume>	<Exponent>1.32</Exponent>	<EstimateCode></EstimateCode>	</RadiatorSubTypeMacro>	</RadiatorMainType>
  <RadiatorMainType>	<MainTypeName>TKM C 21-IV/0-</MainTypeName>	<DimensionIndex>2</DimensionIndex>	<DimensionIndex>8</DimensionIndex>	<kvValue>0</kvValue>		<RadiatorSubTypeMacro From="0" To="35">	<Name>TKM C 21-IV/0-{S}</Name>		<Power>2310</Power>	<Surface>8.911</Surface>	<Volume>7.34</Volume>	<Exponent>1.34</Exponent>	<EstimateCode></EstimateCode>	</RadiatorSubTypeMacro>	</RadiatorMainType>
  <RadiatorMainType>	<MainTypeName>TKM C 21-IV/1-</MainTypeName>	<DimensionIndex>2</DimensionIndex>	<DimensionIndex>9</DimensionIndex>	<kvValue>0</kvValue>		<RadiatorSubTypeMacro From="0" To="35">	<Name>TKM C 21-IV/1-{S}</Name>		<Power>2487.1</Power>	<Surface>10.17</Surface>	<Volume>7.34</Volume>	<Exponent>1.34</Exponent>	<EstimateCode></EstimateCode>	</RadiatorSubTypeMacro>	</RadiatorMainType>
  <RadiatorMainType>	<MainTypeName>TKM C 21-IV/2-</MainTypeName>	<DimensionIndex>2</DimensionIndex>	<DimensionIndex>10</DimensionIndex>	<kvValue>0</kvValue>		<RadiatorSubTypeMacro From="0" To="35">	<Name>TKM C 21-IV/2-{S}</Name>		<Power>2714</Power>	<Surface>11.42</Surface>	<Volume>7.34</Volume>	<Exponent>1.33</Exponent>	<EstimateCode></EstimateCode>	</RadiatorSubTypeMacro>	</RadiatorMainType>
  <RadiatorMainType>	<MainTypeName>TKM C 21-V/0-</MainTypeName>	<DimensionIndex>2</DimensionIndex>	<DimensionIndex>11</DimensionIndex>	<kvValue>0</kvValue>		<RadiatorSubTypeMacro From="0" To="35">	<Name>TKM C 21-V/0-{S}</Name>		<Power>2983.1</Power>	<Surface>0</Surface>		<Volume>0</Volume>	<Exponent>1.32</Exponent>	<EstimateCode></EstimateCode>	</RadiatorSubTypeMacro>	</RadiatorMainType>
  <RadiatorMainType>	<MainTypeName>TKM C 28/1-</MainTypeName>	<DimensionIndex>3</DimensionIndex>	<DimensionIndex>0</DimensionIndex>	<kvValue>0</kvValue>		<RadiatorSubTypeMacro From="0" To="35">	<Name>TKM C 28/1-{S}</Name>		<Power>680</Power>	<Surface>2.331</Surface>	<Volume>2.351</Volume>	<Exponent>1.33</Exponent>	<EstimateCode></EstimateCode>	</RadiatorSubTypeMacro>	</RadiatorMainType>
  <RadiatorMainType>	<MainTypeName>TKM C 28/2-</MainTypeName>	<DimensionIndex>3</DimensionIndex>	<DimensionIndex>1</DimensionIndex>	<kvValue>0</kvValue>		<RadiatorSubTypeMacro From="0" To="35">	<Name>TKM C 28/2-{S}</Name>		<Power>952.91</Power>	<Surface>4.038</Surface>	<Volume>2.351</Volume>	<Exponent>1.29</Exponent>	<EstimateCode></EstimateCode>	</RadiatorSubTypeMacro>	</RadiatorMainType>
  <RadiatorMainType>	<MainTypeName>TKM C 28-II/0-</MainTypeName>	<DimensionIndex>3</DimensionIndex>	<DimensionIndex>2</DimensionIndex>	<kvValue>0</kvValue>		<RadiatorSubTypeMacro From="0" To="35">	<Name>TKM C 28-II/0-{S}</Name>		<Power>1158</Power>	<Surface>4.413</Surface>	<Volume>4.771</Volume>	<Exponent>1.28</Exponent>	<EstimateCode></EstimateCode>	</RadiatorSubTypeMacro>	</RadiatorMainType>
  <RadiatorMainType>	<MainTypeName>TKM C 28-II/1-</MainTypeName>	<DimensionIndex>3</DimensionIndex>	<DimensionIndex>3</DimensionIndex>	<kvValue>0</kvValue>		<RadiatorSubTypeMacro From="0" To="35">	<Name>TKM C 28-II/1-{S}</Name>		<Power>1426</Power>	<Surface>6.12</Surface>		<Volume>4.771</Volume>	<Exponent>1.32</Exponent>	<EstimateCode></EstimateCode>	</RadiatorSubTypeMacro>	</RadiatorMainType>
  <RadiatorMainType>	<MainTypeName>TKM C 28-II/2-</MainTypeName>	<DimensionIndex>3</DimensionIndex>	<DimensionIndex>4</DimensionIndex>	<kvValue>0</kvValue>		<RadiatorSubTypeMacro From="0" To="35">	<Name>TKM C 28-II/2-{S}</Name>		<Power>1758</Power>	<Surface>7.827</Surface>	<Volume>4.771</Volume>	<Exponent>1.32</Exponent>	<EstimateCode></EstimateCode>	</RadiatorSubTypeMacro>	</RadiatorMainType>
  <RadiatorMainType>	<MainTypeName>TKM C 28-III/0-</MainTypeName>	<DimensionIndex>3</DimensionIndex>	<DimensionIndex>5</DimensionIndex>	<kvValue>0</kvValue>		<RadiatorSubTypeMacro From="0" To="35">	<Name>TKM C 28-III/0-{S}</Name>		<Power>1989.1</Power>	<Surface>8.2</Surface>		<Volume>7.291</Volume>	<Exponent>1.28</Exponent>	<EstimateCode></EstimateCode>	</RadiatorSubTypeMacro>	</RadiatorMainType>
  <RadiatorMainType>	<MainTypeName>TKM C 28-III/1-</MainTypeName>	<DimensionIndex>3</DimensionIndex>	<DimensionIndex>6</DimensionIndex>	<kvValue>0</kvValue>		<RadiatorSubTypeMacro From="0" To="35">	<Name>TKM C 28-III/1-{S}</Name>		<Power>2240</Power>	<Surface>9.907</Surface>	<Volume>7.291</Volume>	<Exponent>1.37</Exponent>	<EstimateCode></EstimateCode>	</RadiatorSubTypeMacro>	</RadiatorMainType>
  <RadiatorMainType>	<MainTypeName>TKM C 28-III/2-</MainTypeName>	<DimensionIndex>3</DimensionIndex>	<DimensionIndex>7</DimensionIndex>	<kvValue>0</kvValue>		<RadiatorSubTypeMacro From="0" To="35">	<Name>TKM C 28-III/2-{S}</Name>		<Power>2534.9</Power>	<Surface>11.61</Surface>	<Volume>7.291</Volume>	<Exponent>1.35</Exponent>	<EstimateCode></EstimateCode>	</RadiatorSubTypeMacro>	</RadiatorMainType>
  <RadiatorMainType>	<MainTypeName>TKM C 28-IV/0-</MainTypeName>	<DimensionIndex>3</DimensionIndex>	<DimensionIndex>8</DimensionIndex>	<kvValue>0</kvValue>		<RadiatorSubTypeMacro From="0" To="35">	<Name>TKM C 28-IV/0-{S}</Name>		<Power>2833.1</Power>	<Surface>12.03</Surface>	<Volume>9.829</Volume>	<Exponent>1.38</Exponent>	<EstimateCode></EstimateCode>	</RadiatorSubTypeMacro>	</RadiatorMainType>
  <RadiatorMainType>	<MainTypeName>TKM C 28-IV/1-</MainTypeName>	<DimensionIndex>3</DimensionIndex>	<DimensionIndex>9</DimensionIndex>	<kvValue>0</kvValue>		<RadiatorSubTypeMacro From="0" To="35">	<Name>TKM C 28-IV/1-{S}</Name>		<Power>3054</Power>	<Surface>13.73</Surface>	<Volume>9.829</Volume>	<Exponent>1.41</Exponent>	<EstimateCode></EstimateCode>	</RadiatorSubTypeMacro>	</RadiatorMainType>
  <RadiatorMainType>	<MainTypeName>TKM C 28-IV/2-</MainTypeName>	<DimensionIndex>3</DimensionIndex>	<DimensionIndex>10</DimensionIndex>	<kvValue>0</kvValue>		<RadiatorSubTypeMacro From="0" To="35">	<Name>TKM C 28-IV/2-{S}</Name>		<Power>3310.9</Power>	<Surface>15.44</Surface>	<Volume>9.829</Volume>	<Exponent>1.37</Exponent>	<EstimateCode></EstimateCode>	</RadiatorSubTypeMacro>	</RadiatorMainType>
  <RadiatorMainType>	<MainTypeName>TKM C 28-V/0-</MainTypeName>	<DimensionIndex>3</DimensionIndex>	<DimensionIndex>11</DimensionIndex>	<kvValue>0</kvValue>		<RadiatorSubTypeMacro From="0" To="35">	<Name>TKM C 28-V/0-{S}</Name>		<Power>3666</Power>	<Surface>0</Surface>		<Volume>0</Volume>	<Exponent>1.36</Exponent>	<EstimateCode></EstimateCode>	</RadiatorSubTypeMacro>	</RadiatorMainType>
  <RadiatorMainType>	<MainTypeName>TKM C 28/1-B-</MainTypeName>	<DimensionIndex>3</DimensionIndex>	<DimensionIndex>12</DimensionIndex>	<kvValue>0</kvValue>		<RadiatorSubTypeMacro From="0" To="35">	<Name>TKM C 28/1-B-{S}</Name>		<Power>682</Power>	<Surface>0</Surface>		<Volume>0</Volume>	<Exponent>1.33</Exponent>	<EstimateCode></EstimateCode>	</RadiatorSubTypeMacro>	</RadiatorMainType>
  <RadiatorMainType>	<MainTypeName>TKM C 28-II/1-B-</MainTypeName>	<DimensionIndex>3</DimensionIndex>	<DimensionIndex>13</DimensionIndex>	<kvValue>0</kvValue>		<RadiatorSubTypeMacro From="0" To="35">	<Name>TKM C 28-II/1-B-{S}</Name>	<Power>1388</Power>	<Surface>0</Surface>		<Volume>0</Volume>	<Exponent>1.3</Exponent>	<EstimateCode></EstimateCode>	</RadiatorSubTypeMacro>	</RadiatorMainType>
  <RadiatorMainType>	<MainTypeName>TKM C 28-III/1-B-</MainTypeName>	<DimensionIndex>3</DimensionIndex>	<DimensionIndex>14</DimensionIndex>	<kvValue>0</kvValue>		<RadiatorSubTypeMacro From="0" To="35">	<Name>TKM C 28-III/1-B-{S}</Name>	<Power>2187.1</Power>	<Surface>0</Surface>		<Volume>0</Volume>	<Exponent>1.32</Exponent>	<EstimateCode></EstimateCode>	</RadiatorSubTypeMacro>	</RadiatorMainType>
  <RadiatorMainType>	<MainTypeName>TKM C 28-IV/1-B-</MainTypeName>	<DimensionIndex>3</DimensionIndex>	<DimensionIndex>15</DimensionIndex>	<kvValue>0</kvValue>		<RadiatorSubTypeMacro From="0" To="35">	<Name>TKM C 28-IV/1-B-{S}</Name>	<Power>2986</Power>	<Surface>0</Surface>		<Volume>0</Volume>	<Exponent>1.34</Exponent>	<EstimateCode></EstimateCode>	</RadiatorSubTypeMacro>	</RadiatorMainType>
  <RadiatorMainType>	<MainTypeName>TKM C 28-V/1-B-</MainTypeName>	<DimensionIndex>3</DimensionIndex>	<DimensionIndex>16</DimensionIndex>	<kvValue>0</kvValue>		<RadiatorSubTypeMacro From="0" To="35">	<Name>TKM C 28-V/1-B-{S}</Name>		<Power>3834</Power>	<Surface>0</Surface>		<Volume>0</Volume>	<Exponent>1.37</Exponent>	<EstimateCode></EstimateCode>	</RadiatorSubTypeMacro>	</RadiatorMainType>
  <RadiatorMainType>	<MainTypeName>TKM C 7/1-B-</MainTypeName>	<DimensionIndex>0</DimensionIndex>	<DimensionIndex>12</DimensionIndex>	<kvValue>0</kvValue>		<RadiatorSubTypeMacro From="0" To="35">	<Name>TKM C 7/1-B-{S}</Name>		<Power>254</Power>	<Surface>0</Surface>		<Volume>0</Volume>	<Exponent>1.17</Exponent>	<EstimateCode></EstimateCode>	</RadiatorSubTypeMacro>	</RadiatorMainType>
  <RadiatorMainType>	<MainTypeName>TKM C 7-II/1-B-</MainTypeName>	<DimensionIndex>0</DimensionIndex>	<DimensionIndex>13</DimensionIndex>	<kvValue>0</kvValue>		<RadiatorSubTypeMacro From="0" To="35">	<Name>TKM C 7-II/1-B-{S}</Name>		<Power>551.09</Power>	<Surface>0</Surface>		<Volume>0</Volume>	<Exponent>1.2</Exponent>	<EstimateCode></EstimateCode>	</RadiatorSubTypeMacro>	</RadiatorMainType>
  <RadiatorMainType>	<MainTypeName>TKM C 7-III/1-B-</MainTypeName>	<DimensionIndex>0</DimensionIndex>	<DimensionIndex>14</DimensionIndex>	<kvValue>0</kvValue>		<RadiatorSubTypeMacro From="0" To="35">	<Name>TKM C 7-III/1-B-{S}</Name>	<Power>846</Power>	<Surface>0</Surface>		<Volume>0</Volume>	<Exponent>1.19</Exponent>	<EstimateCode></EstimateCode>	</RadiatorSubTypeMacro>	</RadiatorMainType>
  <RadiatorMainType>	<MainTypeName>TKM C 7-IV/1-B-</MainTypeName>	<DimensionIndex>0</DimensionIndex>	<DimensionIndex>15</DimensionIndex>	<kvValue>0</kvValue>		<RadiatorSubTypeMacro From="0" To="35">	<Name>TKM C 7-IV/1-B-{S}</Name>		<Power>1141.1</Power>	<Surface>0</Surface>		<Volume>0</Volume>	<Exponent>1.18</Exponent>	<EstimateCode></EstimateCode>	</RadiatorSubTypeMacro>	</RadiatorMainType>
  <RadiatorMainType>	<MainTypeName>TKM C 7-V/1-B-</MainTypeName>	<DimensionIndex>0</DimensionIndex>	<DimensionIndex>16</DimensionIndex>	<kvValue>0</kvValue>		<RadiatorSubTypeMacro From="0" To="35">	<Name>TKM C 7-V/1-B-{S}</Name>		<Power>1464.9</Power>	<Surface>0</Surface>		<Volume>0</Volume>	<Exponent>1.21</Exponent>	<EstimateCode></EstimateCode>	</RadiatorSubTypeMacro>	</RadiatorMainType>
  <RadiatorMainType>	<MainTypeName>TKM C 14/1-B-</MainTypeName>	<DimensionIndex>1</DimensionIndex>	<DimensionIndex>12</DimensionIndex>	<kvValue>0</kvValue>		<RadiatorSubTypeMacro From="0" To="35">	<Name>TKM C 14/1-B-{S}</Name>		<Power>423.09</Power>	<Surface>0</Surface>		<Volume>0</Volume>	<Exponent>1.27</Exponent>	<EstimateCode></EstimateCode>	</RadiatorSubTypeMacro>	</RadiatorMainType>
  <RadiatorMainType>	<MainTypeName>TKM C 14-II/1-B-</MainTypeName>	<DimensionIndex>1</DimensionIndex>	<DimensionIndex>13</DimensionIndex>	<kvValue>0</kvValue>		<RadiatorSubTypeMacro From="0" To="35">	<Name>TKM C 14-II/1-B-{S}</Name>	<Power>938.91</Power>	<Surface>0</Surface>		<Volume>0</Volume>	<Exponent>1.25</Exponent>	<EstimateCode></EstimateCode>	</RadiatorSubTypeMacro>	</RadiatorMainType>
  <RadiatorMainType>	<MainTypeName>TKM C 14-III/1-B-</MainTypeName>	<DimensionIndex>1</DimensionIndex>	<DimensionIndex>14</DimensionIndex>	<kvValue>0</kvValue>		<RadiatorSubTypeMacro From="0" To="35">	<Name>TKM C 14-III/1-B-{S}</Name>	<Power>1419.1</Power>	<Surface>0</Surface>		<Volume>0</Volume>	<Exponent>1.24</Exponent>	<EstimateCode></EstimateCode>	</RadiatorSubTypeMacro>	</RadiatorMainType>
  <RadiatorMainType>	<MainTypeName>TKM C 14-IV/1-B-</MainTypeName>	<DimensionIndex>1</DimensionIndex>	<DimensionIndex>15</DimensionIndex>	<kvValue>0</kvValue>		<RadiatorSubTypeMacro From="0" To="35">	<Name>TKM C 14-IV/1-B-{S}</Name>	<Power>1898</Power>	<Surface>0</Surface>		<Volume>0</Volume>	<Exponent>1.24</Exponent>	<EstimateCode></EstimateCode>	</RadiatorSubTypeMacro>	</RadiatorMainType>
  <RadiatorMainType>	<MainTypeName>TKM C 14-V/1-B-</MainTypeName>	<DimensionIndex>1</DimensionIndex>	<DimensionIndex>16</DimensionIndex>	<kvValue>0</kvValue>		<RadiatorSubTypeMacro From="0" To="35">	<Name>TKM C 14-V/1-B-{S}</Name>		<Power>2437.1</Power>	<Surface>0</Surface>		<Volume>0</Volume>	<Exponent>1.27</Exponent>	<EstimateCode></EstimateCode>	</RadiatorSubTypeMacro>	</RadiatorMainType>
  <RadiatorMainType>	<MainTypeName>TKM C 21/1-B-</MainTypeName>	<DimensionIndex>2</DimensionIndex>	<DimensionIndex>12</DimensionIndex>	<kvValue>0</kvValue>		<RadiatorSubTypeMacro From="0" To="35">	<Name>TKM C 21/1-B-{S}</Name>		<Power>553.09</Power>	<Surface>0</Surface>		<Volume>0</Volume>	<Exponent>1.29</Exponent>	<EstimateCode></EstimateCode>	</RadiatorSubTypeMacro>	</RadiatorMainType>
  <RadiatorMainType>	<MainTypeName>TKM C 21-II/1-B-</MainTypeName>	<DimensionIndex>2</DimensionIndex>	<DimensionIndex>13</DimensionIndex>	<kvValue>0</kvValue>		<RadiatorSubTypeMacro From="0" To="35">	<Name>TKM C 21-II/1-B-{S}</Name>	<Power>1218</Power>	<Surface>0</Surface>		<Volume>0</Volume>	<Exponent>1.28</Exponent>	<EstimateCode></EstimateCode>	</RadiatorSubTypeMacro>	</RadiatorMainType>
  <RadiatorMainType>	<MainTypeName>TKM C 21-III/1-B-</MainTypeName>	<DimensionIndex>2</DimensionIndex>	<DimensionIndex>14</DimensionIndex>	<kvValue>0</kvValue>		<RadiatorSubTypeMacro From="0" To="35">	<Name>TKM C 21-III/1-B-{S}</Name>	<Power>1866</Power>	<Surface>0</Surface>		<Volume>0</Volume>	<Exponent>1.29</Exponent>	<EstimateCode></EstimateCode>	</RadiatorSubTypeMacro>	</RadiatorMainType>
  <RadiatorMainType>	<MainTypeName>TKM C 21-IV/1-B-</MainTypeName>	<DimensionIndex>2</DimensionIndex>	<DimensionIndex>15</DimensionIndex>	<kvValue>0</kvValue>		<RadiatorSubTypeMacro From="0" To="35">	<Name>TKM C 21-IV/1-B-{S}</Name>	<Power>2512.9</Power>	<Surface>0</Surface>		<Volume>0</Volume>	<Exponent>1.29</Exponent>	<EstimateCode></EstimateCode>	</RadiatorSubTypeMacro>	</RadiatorMainType>
  <RadiatorMainType>	<MainTypeName>TKM C 21-V/1-B-</MainTypeName>	<DimensionIndex>2</DimensionIndex>	<DimensionIndex>16</DimensionIndex>	<kvValue>0</kvValue>		<RadiatorSubTypeMacro From="0" To="35">	<Name>TKM C 21-V/1-B-{S}</Name>		<Power>3226.9</Power>	<Surface>0</Surface>		<Volume>0</Volume>	<Exponent>1.32</Exponent>	<EstimateCode></EstimateCode>	</RadiatorSubTypeMacro>	</RadiatorMainType>
</WinWattDBRadiator>

</WinWattDB>
