<?xml version="1.0" encoding="ISO-8859-2" ?>
<WinWattDB>

<WinWattDBGlobalMacro>
	<Macro ID="$laprad" Language="hun">laprad.</Macro>
	<Macro ID="$laprad" Language="sky">doskov� rad.</Macro>
	<Macro ID="$laprad" Language="rom">Radiator plan</Macro>
</WinWattDBGlobalMacro>

<WinWattDBRadiator DTLog="Yes">
  <ItemHeader>
    <Date><Year>1997</Year><Month>6</Month><Day>19</Day></Date>
    <ItemPath>TKM</ItemPath>
    <ItemName>TKM Plus $laprad</ItemName>
    <HomePage></HomePage></ItemHeader>
  <DTOrigin>60</DTOrigin>
  <DimensionArray Type="Height" >
    <DimensionString Value="320" >320</DimensionString>
    <DimensionString Value="400" >400</DimensionString>
    <DimensionString Value="480" >480</DimensionString>
    <DimensionString Value="600" >600</DimensionString>
    <DimensionString>800</DimensionString>
    <DimensionString Value="1000" >1000</DimensionString>
  </DimensionArray>
  <DimensionArray Type="Width" >
    <DimensionString Value="50" >11</DimensionString>
    <DimensionString Value="98" >21</DimensionString>
    <DimensionString Value="98" >22</DimensionString>
    <DimensionString Value="159" >33</DimensionString>
  </DimensionArray>
  <DimensionArray Type="Length" >
    <DimensionString Value="480" >48</DimensionString>
    <DimensionString Value="640" >64</DimensionString>
    <DimensionString Value="800" >80</DimensionString>
    <DimensionString Value="960" >96</DimensionString>
    <DimensionString Value="1120" >112</DimensionString>
    <DimensionString Value="1280" >128</DimensionString>
    <DimensionString Value="1440" >144</DimensionString>
    <DimensionString Value="1600" >160</DimensionString>
    <DimensionString Value="1760" >176</DimensionString>
    <DimensionString Value="1920" >192</DimensionString>
    <DimensionString Value="2080" >208</DimensionString>
    <DimensionString Value="2240" >224</DimensionString>
    <DimensionString Value="2400" >240</DimensionString>
    <DimensionString Value="2560" >256</DimensionString>
    <DimensionString Value="2720" >272</DimensionString>
    <DimensionString Value="2880" >288</DimensionString>
    <DimensionString Value="2960" >296</DimensionString>
  </DimensionArray>
  <RadiatorMainType>	<MainTypeName>TKM Plus 11-40-</MainTypeName>	<DimensionIndex>1</DimensionIndex>	<DimensionIndex>0</DimensionIndex>	<kvValue>0</kvValue>		<RadiatorSubTypeMacro From="0" To="9" PowerCorrection="-9.333">		<Name>TKM Plus 11-40-{S}</Name>		<Power>867.36</Power>	<Surface>0</Surface>	<Volume>2.563</Volume>	<Exponent>1.3</Exponent>	<EstimateCode></EstimateCode>	</RadiatorSubTypeMacro>	</RadiatorMainType>
  <RadiatorMainType>	<MainTypeName>TKM Plus 11-48-</MainTypeName>	<DimensionIndex>2</DimensionIndex>	<DimensionIndex>0</DimensionIndex>	<kvValue>0</kvValue>		<RadiatorSubTypeMacro From="0" To="16" PowerCorrection="-9.742">	<Name>TKM Plus 11-48-{S}</Name>		<Power>1016.1</Power>	<Surface>0</Surface>	<Volume>2.823</Volume>	<Exponent>1.31</Exponent>	<EstimateCode></EstimateCode>	</RadiatorSubTypeMacro>	</RadiatorMainType>
  <RadiatorMainType>	<MainTypeName>TKM Plus 11-60-</MainTypeName>	<DimensionIndex>3</DimensionIndex>	<DimensionIndex>0</DimensionIndex>	<kvValue>0</kvValue>		<RadiatorSubTypeMacro From="0" To="16" PowerCorrection="-12.26">	<Name>TKM Plus 11-60-{S}</Name>		<Power>1233.9</Power>	<Surface>0</Surface>	<Volume>3.282</Volume>	<Exponent>1.32</Exponent>	<EstimateCode></EstimateCode>	</RadiatorSubTypeMacro>	</RadiatorMainType>
  <RadiatorMainType>	<MainTypeName>TKM Plus 11-100-</MainTypeName>	<DimensionIndex>5</DimensionIndex>	<DimensionIndex>0</DimensionIndex>	<kvValue>0</kvValue>		<RadiatorSubTypeMacro From="0" To="7" PowerCorrection="-18.71">		<Name>TKM Plus 11-100-{S}</Name>	<Power>1916.1</Power>	<Surface>0</Surface>	<Volume>4.58</Volume>	<Exponent>1.33</Exponent>	<EstimateCode></EstimateCode>	</RadiatorSubTypeMacro>	</RadiatorMainType>
  <RadiatorMainType>	<MainTypeName>TKM Plus 21-48-</MainTypeName>	<DimensionIndex>2</DimensionIndex>	<DimensionIndex>1</DimensionIndex>	<kvValue>0</kvValue>		<RadiatorSubTypeMacro From="0" To="10" PowerCorrection="-16.2">		<Name>TKM Plus 21-48-{S}</Name>		<Power>1552.5</Power>	<Surface>0</Surface>	<Volume>5.019</Volume>	<Exponent>1.32</Exponent>	<EstimateCode></EstimateCode>	</RadiatorSubTypeMacro>	</RadiatorMainType>
  <RadiatorMainType>	<MainTypeName>TKM Plus 21-60-</MainTypeName>	<DimensionIndex>3</DimensionIndex>	<DimensionIndex>1</DimensionIndex>	<kvValue>0</kvValue>		<RadiatorSubTypeMacro From="0" To="10" PowerCorrection="-19">		<Name>TKM Plus 21-60-{S}</Name>		<Power>1875</Power>	<Surface>0</Surface>	<Volume>6.444</Volume>	<Exponent>1.33</Exponent>	<EstimateCode></EstimateCode>	</RadiatorSubTypeMacro>	</RadiatorMainType>
  <RadiatorMainType>	<MainTypeName>TKM Plus 21-100-</MainTypeName>	<DimensionIndex>5</DimensionIndex>	<DimensionIndex>1</DimensionIndex>	<kvValue>0</kvValue>		<RadiatorSubTypeMacro From="0" To="2" PowerCorrection="-28.5">		<Name>TKM Plus 21-100-{S}</Name>	<Power>2853.1</Power>	<Surface>0</Surface>	<Volume>9.281</Volume>	<Exponent>1.34</Exponent>	<EstimateCode></EstimateCode>	</RadiatorSubTypeMacro>	</RadiatorMainType>
  <RadiatorMainType>	<MainTypeName>TKM Plus 22-32-</MainTypeName>	<DimensionIndex>0</DimensionIndex>	<DimensionIndex>2</DimensionIndex>	<kvValue>0</kvValue>		<RadiatorSubTypeMacro From="0" To="16" PowerCorrection="-12.84">	<Name>TKM Plus 22-32-{S}</Name>		<Power>1297.6</Power>	<Surface>0</Surface>	<Volume>3.621</Volume>	<Exponent>1.32</Exponent>	<EstimateCode></EstimateCode>	</RadiatorSubTypeMacro>	</RadiatorMainType>
  <RadiatorMainType>	<MainTypeName>TKM Plus 22-40-</MainTypeName>	<DimensionIndex>1</DimensionIndex>	<DimensionIndex>2</DimensionIndex>	<kvValue>0</kvValue>		<RadiatorSubTypeMacro From="0" To="16" PowerCorrection="-15.84">	<Name>TKM Plus 22-40-{S}</Name>		<Power>1585.1</Power>	<Surface>0</Surface>	<Volume>4.532</Volume>	<Exponent>1.33</Exponent>	<EstimateCode></EstimateCode>	</RadiatorSubTypeMacro>	</RadiatorMainType>
  <RadiatorMainType>	<MainTypeName>TKM Plus 22-48-</MainTypeName>	<DimensionIndex>2</DimensionIndex>	<DimensionIndex>2</DimensionIndex>	<kvValue>0</kvValue>		<RadiatorSubTypeMacro From="0" To="12" PowerCorrection="-19">		<Name>TKM Plus 22-48-{S}</Name>		<Power>1839.6</Power>	<Surface>0</Surface>	<Volume>5.479</Volume>	<Exponent>1.35</Exponent>	<EstimateCode></EstimateCode>	</RadiatorSubTypeMacro>	</RadiatorMainType>
  <RadiatorMainType>	<MainTypeName>TKM Plus 22-60-</MainTypeName>	<DimensionIndex>3</DimensionIndex>	<DimensionIndex>2</DimensionIndex>	<kvValue>0</kvValue>		<RadiatorSubTypeMacro From="0" To="12" PowerCorrection="-22.5">		<Name>TKM Plus 22-60-{S}</Name>		<Power>2209.4</Power>	<Surface>0</Surface>	<Volume>6.406</Volume>	<Exponent>1.35</Exponent>	<EstimateCode></EstimateCode>	</RadiatorSubTypeMacro>	</RadiatorMainType>
  <RadiatorMainType>	<MainTypeName>TKM Plus 22-100-</MainTypeName>	<DimensionIndex>5</DimensionIndex>	<DimensionIndex>2</DimensionIndex>	<kvValue>0</kvValue>		<RadiatorSubTypeMacro From="0" To="7" PowerCorrection="-33.57">		<Name>TKM Plus 22-100-{S}</Name>	<Power>3342.9</Power>	<Surface>0</Surface>	<Volume>9.482</Volume>	<Exponent>1.37</Exponent>	<EstimateCode></EstimateCode>	</RadiatorSubTypeMacro>	</RadiatorMainType>
  <RadiatorMainType>	<MainTypeName>TKM Plus 33-32-</MainTypeName>	<DimensionIndex>0</DimensionIndex>	<DimensionIndex>3</DimensionIndex>	<kvValue>0</kvValue>		<RadiatorSubTypeMacro From="0" To="16" PowerCorrection="-17.84">	<Name>TKM Plus 33-32-{S}</Name>		<Power>1822.6</Power>	<Surface>0</Surface>	<Volume>5.351</Volume>	<Exponent>1.34</Exponent>	<EstimateCode></EstimateCode>	</RadiatorSubTypeMacro>	</RadiatorMainType>
  <RadiatorMainType>	<MainTypeName>TKM Plus 33-40-</MainTypeName>	<DimensionIndex>1</DimensionIndex>	<DimensionIndex>3</DimensionIndex>	<kvValue>0</kvValue>		<RadiatorSubTypeMacro From="0" To="12" PowerCorrection="-22.25">	<Name>TKM Plus 33-40-{S}</Name>		<Power>2256.8</Power>	<Surface>0</Surface>	<Volume>6.75</Volume>	<Exponent>1.35</Exponent>	<EstimateCode></EstimateCode>	</RadiatorSubTypeMacro>	</RadiatorMainType>
  <RadiatorMainType>	<MainTypeName>TKM Plus 33-48-</MainTypeName>	<DimensionIndex>2</DimensionIndex>	<DimensionIndex>3</DimensionIndex>	<kvValue>0</kvValue>		<RadiatorSubTypeMacro From="0" To="12" PowerCorrection="-26.25">	<Name>TKM Plus 33-48-{S}</Name>		<Power>2613</Power>	<Surface>0</Surface>	<Volume>8.151</Volume>	<Exponent>1.36</Exponent>	<EstimateCode></EstimateCode>	</RadiatorSubTypeMacro>	</RadiatorMainType>
  <RadiatorMainType>	<MainTypeName>TKM Plus 33-60-</MainTypeName>	<DimensionIndex>3</DimensionIndex>	<DimensionIndex>3</DimensionIndex>	<kvValue>0</kvValue>		<RadiatorSubTypeMacro From="0" To="12" PowerCorrection="-30.75">	<Name>TKM Plus 33-60-{S}</Name>		<Power>3132.8</Power>	<Surface>0</Surface>	<Volume>9.552</Volume>	<Exponent>1.37</Exponent>	<EstimateCode></EstimateCode>	</RadiatorSubTypeMacro>	</RadiatorMainType>
  <RadiatorMainType>	<MainTypeName>TKM Plus 33-100-</MainTypeName>	<DimensionIndex>5</DimensionIndex>	<DimensionIndex>3</DimensionIndex>	<kvValue>0</kvValue>		<RadiatorSubTypeMacro From="0" To="5" PowerCorrection="-46.4">		<Name>TKM Plus 33-100-{S}</Name>	<Power>4686.3</Power>	<Surface>0</Surface>	<Volume>13.9</Volume>	<Exponent>1.38</Exponent>	<EstimateCode></EstimateCode>	</RadiatorSubTypeMacro>	</RadiatorMainType>
</WinWattDBRadiator>

</WinWattDB>
