<?xml version="1.0" encoding="ISO-8859-2" ?>
<WinWattDB>

<WinWattDBRadiator DTLog="Yes">
  <ItemHeader>
    <Date><Year>1997</Year><Month>6</Month><Day>19</Day></Date>
    <ItemPath>TKM</ItemPath>
    <ItemName>TKM ROWA</ItemName>
    <HomePage></HomePage></ItemHeader>
  <DTOrigin>60</DTOrigin>
  <DimensionArray>
    <DimensionString>816</DimensionString>
    <DimensionString>1232</DimensionString>
    <DimensionString>1840</DimensionString>
  </DimensionArray>
  <DimensionArray>
    <DimensionString>50</DimensionString>
    <DimensionString>60</DimensionString>
    <DimensionString>75</DimensionString>
  </DimensionArray>
  <RadiatorMainType>
    <MainTypeName>TKM ROWA 80/</MainTypeName><DimensionIndex>0</DimensionIndex><kvValue>0</kvValue>
    <RadiatorSubType><Name>TKM ROWA 80/50</Name>	<DimensionIndex>0</DimensionIndex>	<Power>517</Power>	<Surface>0.8</Surface>	<Volume>3.29</Volume>	<Exponent>1.22</Exponent>	<Current>1</Current>	<Length>500</Length>	<Height>816</Height>	<Width>30</Width>	<EstimateCode></EstimateCode></RadiatorSubType>
    <RadiatorSubType><Name>TKM ROWA 80/60</Name>	<DimensionIndex>1</DimensionIndex>	<Power>611</Power>	<Surface>0.96</Surface>	<Volume>3.95</Volume>	<Exponent>1.22</Exponent>	<Current>1</Current>	<Length>600</Length>	<Height>816</Height>	<Width>30</Width>	<EstimateCode></EstimateCode></RadiatorSubType>
    <RadiatorSubType><Name>TKM ROWA 80/75</Name>	<DimensionIndex>2</DimensionIndex>	<Power>754</Power>	<Surface>1.2</Surface>	<Volume>4.94</Volume>	<Exponent>1.22</Exponent>	<Current>1</Current>	<Length>750</Length>	<Height>816</Height>	<Width>30</Width>	<EstimateCode></EstimateCode></RadiatorSubType>
  </RadiatorMainType>
  <RadiatorMainType>
    <MainTypeName>TKM ROWA 120/</MainTypeName><DimensionIndex>1</DimensionIndex><kvValue>0</kvValue>
    <RadiatorSubType><Name>TKM ROWA 120/50</Name>	<DimensionIndex>0</DimensionIndex>	<Power>732</Power>	<Surface>1.17</Surface>	<Volume>4.71</Volume>	<Exponent>1.21</Exponent>	<Current>1</Current>	<Length>500</Length>	<Height>1232</Height>	<Width>30</Width>	<EstimateCode></EstimateCode></RadiatorSubType>
    <RadiatorSubType><Name>TKM ROWA 120/60</Name>	<DimensionIndex>1</DimensionIndex>	<Power>868</Power>	<Surface>1.41</Surface>	<Volume>5.65</Volume>	<Exponent>1.21</Exponent>	<Current>1</Current>	<Length>600</Length>	<Height>1232</Height>	<Width>30</Width>	<EstimateCode></EstimateCode></RadiatorSubType>
    <RadiatorSubType><Name>TKM ROWA 120/75</Name>	<DimensionIndex>2</DimensionIndex>	<Power>1072</Power>	<Surface>1.76</Surface>	<Volume>7.06</Volume>	<Exponent>1.21</Exponent>	<Current>1</Current>	<Length>750</Length>	<Height>1232</Height>	<Width>30</Width>	<EstimateCode></EstimateCode></RadiatorSubType>
  </RadiatorMainType>
  <RadiatorMainType>
    <MainTypeName>TKM ROWA 180/</MainTypeName><DimensionIndex>2</DimensionIndex><kvValue>0</kvValue>
    <RadiatorSubType><Name>TKM ROWA 180/50</Name>	<DimensionIndex>0</DimensionIndex>	<Power>1116</Power>	<Surface>1.74</Surface>	<Volume>7.01</Volume>	<Exponent>1.24</Exponent>	<Current>1</Current>	<Length>500</Length>	<Height>1840</Height>	<Width>30</Width>	<EstimateCode></EstimateCode></RadiatorSubType>
    <RadiatorSubType><Name>TKM ROWA 180/60</Name>	<DimensionIndex>1</DimensionIndex>	<Power>1306</Power>	<Surface>2.09</Surface>	<Volume>8.41</Volume>	<Exponent>1.24</Exponent>	<Current>1</Current>	<Length>600</Length>	<Height>1840</Height>	<Width>30</Width>	<EstimateCode></EstimateCode></RadiatorSubType>
    <RadiatorSubType><Name>TKM ROWA 180/75</Name>	<DimensionIndex>2</DimensionIndex>	<Power>1593</Power>	<Surface>2.61</Surface>	<Volume>10.51</Volume>	<Exponent>1.24</Exponent>	<Current>1</Current>	<Length>750</Length>	<Height>1840</Height>	<Width>30</Width>	<EstimateCode></EstimateCode></RadiatorSubType>
  </RadiatorMainType>
</WinWattDBRadiator>

</WinWattDB>
