<?xml version="1.0" encoding="ISO-8859-2" ?>
<WinWattDB>

<WinWattDBTube>
  <ItemHeader>
    <Date><Year>1997</Year><Month>11</Month><Day>11</Day></Date>
    <ItemPath>Alpex</ItemPath>
    <ItemName>Alpex Therm</ItemName>
    <HomePage></HomePage></ItemHeader>
  <NameBase>"Alpex Therm %s"</NameBase>
  <ThermalCond>0</ThermalCond>
  <TubeSubType><SizeName>14x2.0</SizeName>	<DN>14</DN>	<d1>10</d1>	<d2>0</d2>	<ValveDN>10</ValveDN>	<SpeedLimit>0.35</SpeedLimit>	<Roughness>0.007</Roughness>	<EstimateCode></EstimateCode></TubeSubType>
  <TubeSubType><SizeName>16x2.0</SizeName>	<DN>16</DN>	<d1>12</d1>	<d2>0</d2>	<ValveDN>15</ValveDN>	<SpeedLimit>0.4</SpeedLimit>	<Roughness>0.007</Roughness>	<EstimateCode></EstimateCode></TubeSubType>
  <TubeSubType><SizeName>18x2.0</SizeName>	<DN>18</DN>	<d1>14</d1>	<d2>0</d2>	<ValveDN>15</ValveDN>	<SpeedLimit>0.55</SpeedLimit>	<Roughness>0.007</Roughness>	<EstimateCode></EstimateCode></TubeSubType>
  <TubeSubType><SizeName>20x2.0</SizeName>	<DN>20</DN>	<d1>16</d1>	<d2>0</d2>	<ValveDN>15</ValveDN>	<SpeedLimit>0.6</SpeedLimit>	<Roughness>0.007</Roughness>	<EstimateCode></EstimateCode></TubeSubType>
</WinWattDBTube>

<WinWattDBTube>
  <ItemHeader>
    <Date><Year>1997</Year><Month>11</Month><Day>11</Day></Date>
    <ItemPath>Alpex</ItemPath>
    <ItemName>Alpex San</ItemName>
    <HomePage></HomePage></ItemHeader>
  <NameBase>"Alpex San %s"</NameBase>
  <ThermalCond>0</ThermalCond>
  <TubeSubType><SizeName>26x3.0</SizeName>	<DN>26</DN>	<d1>20</d1>	<d2>0</d2>	<ValveDN>20</ValveDN>	<SpeedLimit>0.7</SpeedLimit>	<Roughness>0.007</Roughness>	<EstimateCode></EstimateCode></TubeSubType>
  <TubeSubType><SizeName>32x3.0</SizeName>	<DN>32</DN>	<d1>26</d1>	<d2>0</d2>	<ValveDN>25</ValveDN>	<SpeedLimit>0.8</SpeedLimit>	<Roughness>0.007</Roughness>	<EstimateCode></EstimateCode></TubeSubType>
</WinWattDBTube>


</WinWattDB>
