<?xml version="1.0" encoding="ISO-8859-2" ?>
<WinWattDB>

<WinWattDBIsolation>
  <ItemHeader>
    <Date><Year>2002</Year><Month>11</Month><Day>1</Day></Date>
    <ItemPath>ARMSTRONG</ItemPath>
    <ItemName>Tubolit DG 9 mm</ItemName>
     <HomePage></HomePage></ItemHeader>
   <NameBase>"Tubolit DG 9 mm "</NameBase>
  <ThermalCond>0,038</ThermalCond>
  <IsolationSubType><SizeName>DN 12</SizeName>	<d2max>12</d2max>	<Thickness>9</Thickness>	<EstimateCode>ARMSTRONG_DG_9x12</EstimateCode></IsolationSubType>
  <IsolationSubType><SizeName>DN 15</SizeName>	<d2max>15</d2max>	<Thickness>9</Thickness>	<EstimateCode>ARMSTRONG_DG_9x15</EstimateCode></IsolationSubType>
  <IsolationSubType><SizeName>DN 18</SizeName>	<d2max>18</d2max>	<Thickness>9</Thickness>	<EstimateCode>ARMSTRONG_DG_9x18</EstimateCode></IsolationSubType>
  <IsolationSubType><SizeName>DN 22</SizeName>	<d2max>22</d2max>	<Thickness>9</Thickness>	<EstimateCode>ARMSTRONG_DG_9x22</EstimateCode></IsolationSubType>
  <IsolationSubType><SizeName>DN 28</SizeName>	<d2max>28</d2max>	<Thickness>9</Thickness>	<EstimateCode>ARMSTRONG_DG_9x28</EstimateCode></IsolationSubType>
  <IsolationSubType><SizeName>DN 35</SizeName>	<d2max>35</d2max>	<Thickness>9</Thickness>	<EstimateCode>ARMSTRONG_DG_9x35</EstimateCode></IsolationSubType>
  <IsolationSubType><SizeName>DN 42</SizeName>	<d2max>42</d2max>	<Thickness>9</Thickness>	<EstimateCode>ARMSTRONG_DG_9x42</EstimateCode></IsolationSubType>
  <IsolationSubType><SizeName>DN 48</SizeName>	<d2max>48</d2max>	<Thickness>9</Thickness>	<EstimateCode>ARMSTRONG_DG_9x48</EstimateCode></IsolationSubType>
  <IsolationSubType><SizeName>DN 54</SizeName>	<d2max>54</d2max>	<Thickness>9</Thickness>	<EstimateCode>ARMSTRONG_DG_9x54</EstimateCode></IsolationSubType>
  <IsolationSubType><SizeName>DN 60</SizeName>	<d2max>60</d2max>	<Thickness>9</Thickness>	<EstimateCode>ARMSTRONG_DG_9x60</EstimateCode></IsolationSubType>
  <IsolationSubType><SizeName>DN 76</SizeName>	<d2max>76</d2max>	<Thickness>9</Thickness>	<EstimateCode>ARMSTRONG_DG_9x76</EstimateCode></IsolationSubType>
  <IsolationSubType><SizeName>DN 89</SizeName>	<d2max>89</d2max>	<Thickness>9</Thickness>	<EstimateCode>ARMSTRONG_DG_9x89</EstimateCode></IsolationSubType>
</WinWattDBIsolation>

<WinWattDBIsolation>
  <ItemHeader>
    <Date><Year>2002</Year><Month>11</Month><Day>1</Day></Date>
    <ItemPath>ARMSTRONG</ItemPath>
    <ItemName>Tubolit DG 13 mm</ItemName>
     <HomePage></HomePage></ItemHeader>
   <NameBase>"Tubolit DG 13 mm "</NameBase>
  <ThermalCond>0,038</ThermalCond>
  <IsolationSubType><SizeName>DN 12</SizeName>	<d2max>12</d2max>	<Thickness>13</Thickness>	<EstimateCode>ARMSTRONG_DG_13x12</EstimateCode></IsolationSubType>
  <IsolationSubType><SizeName>DN 15</SizeName>	<d2max>15</d2max>	<Thickness>13</Thickness>	<EstimateCode>ARMSTRONG_DG_13x15</EstimateCode></IsolationSubType>
  <IsolationSubType><SizeName>DN 18</SizeName>	<d2max>18</d2max>	<Thickness>13</Thickness>	<EstimateCode>ARMSTRONG_DG_13x18</EstimateCode></IsolationSubType>
  <IsolationSubType><SizeName>DN 22</SizeName>	<d2max>22</d2max>	<Thickness>13</Thickness>	<EstimateCode>ARMSTRONG_DG_13x22</EstimateCode></IsolationSubType>
  <IsolationSubType><SizeName>DN 28</SizeName>	<d2max>28</d2max>	<Thickness>13</Thickness>	<EstimateCode>ARMSTRONG_DG_13x28</EstimateCode></IsolationSubType>
  <IsolationSubType><SizeName>DN 35</SizeName>	<d2max>35</d2max>	<Thickness>13</Thickness>	<EstimateCode>ARMSTRONG_DG_13x35</EstimateCode></IsolationSubType>
  <IsolationSubType><SizeName>DN 42</SizeName>	<d2max>42</d2max>	<Thickness>13</Thickness>	<EstimateCode>ARMSTRONG_DG_13x42</EstimateCode></IsolationSubType>
  <IsolationSubType><SizeName>DN 48</SizeName>	<d2max>48</d2max>	<Thickness>13</Thickness>	<EstimateCode>ARMSTRONG_DG_13x48</EstimateCode></IsolationSubType>
  <IsolationSubType><SizeName>DN 54</SizeName>	<d2max>54</d2max>	<Thickness>13</Thickness>	<EstimateCode>ARMSTRONG_DG_13x54</EstimateCode></IsolationSubType>
  <IsolationSubType><SizeName>DN 60</SizeName>	<d2max>60</d2max>	<Thickness>13</Thickness>	<EstimateCode>ARMSTRONG_DG_13x60</EstimateCode></IsolationSubType>
  <IsolationSubType><SizeName>DN 76</SizeName>	<d2max>76</d2max>	<Thickness>13</Thickness>	<EstimateCode>ARMSTRONG_DG_13x76</EstimateCode></IsolationSubType>
  <IsolationSubType><SizeName>DN 89</SizeName>	<d2max>89</d2max>	<Thickness>13</Thickness>	<EstimateCode>ARMSTRONG_DG_13x89</EstimateCode></IsolationSubType>
  <IsolationSubType><SizeName>DN 110</SizeName>	<d2max>110</d2max>	<Thickness>13</Thickness>	<EstimateCode>ARMSTRONG_DG_13x110</EstimateCode></IsolationSubType>
  <IsolationSubType><SizeName>DN 140</SizeName>	<d2max>140</d2max>	<Thickness>13</Thickness>	<EstimateCode>ARMSTRONG_DG_13x140</EstimateCode></IsolationSubType>
</WinWattDBIsolation>

<WinWattDBIsolation>
  <ItemHeader>
    <Date><Year>2002</Year><Month>11</Month><Day>1</Day></Date>
    <ItemPath>ARMSTRONG</ItemPath>
    <ItemName>Tubolit DG 20 mm</ItemName>
     <HomePage></HomePage></ItemHeader>
   <NameBase>"Tubolit DG 20 mm "</NameBase>
  <ThermalCond>0,038</ThermalCond>
  <IsolationSubType><SizeName>DN 15</SizeName>	<d2max>15</d2max>	<Thickness>20</Thickness>	<EstimateCode>ARMSTRONG_DG_20x15</EstimateCode></IsolationSubType>
  <IsolationSubType><SizeName>DN 18</SizeName>	<d2max>18</d2max>	<Thickness>20</Thickness>	<EstimateCode>ARMSTRONG_DG_20x18</EstimateCode></IsolationSubType>
  <IsolationSubType><SizeName>DN 22</SizeName>	<d2max>22</d2max>	<Thickness>20</Thickness>	<EstimateCode>ARMSTRONG_DG_20x22</EstimateCode></IsolationSubType>
  <IsolationSubType><SizeName>DN 28</SizeName>	<d2max>28</d2max>	<Thickness>20</Thickness>	<EstimateCode>ARMSTRONG_DG_20x28</EstimateCode></IsolationSubType>
  <IsolationSubType><SizeName>DN 35</SizeName>	<d2max>35</d2max>	<Thickness>20</Thickness>	<EstimateCode>ARMSTRONG_DG_20x35</EstimateCode></IsolationSubType>
  <IsolationSubType><SizeName>DN 42</SizeName>	<d2max>42</d2max>	<Thickness>20</Thickness>	<EstimateCode>ARMSTRONG_DG_20x42</EstimateCode></IsolationSubType>
  <IsolationSubType><SizeName>DN 48</SizeName>	<d2max>48</d2max>	<Thickness>20</Thickness>	<EstimateCode>ARMSTRONG_DG_20x48</EstimateCode></IsolationSubType>
  <IsolationSubType><SizeName>DN 54</SizeName>	<d2max>54</d2max>	<Thickness>20</Thickness>	<EstimateCode>ARMSTRONG_DG_20x54</EstimateCode></IsolationSubType>
  <IsolationSubType><SizeName>DN 60</SizeName>	<d2max>60</d2max>	<Thickness>20</Thickness>	<EstimateCode>ARMSTRONG_DG_20x60</EstimateCode></IsolationSubType>
  <IsolationSubType><SizeName>DN 76</SizeName>	<d2max>76</d2max>	<Thickness>20</Thickness>	<EstimateCode>ARMSTRONG_DG_20x76</EstimateCode></IsolationSubType>
  <IsolationSubType><SizeName>DN 89</SizeName>	<d2max>89</d2max>	<Thickness>20</Thickness>	<EstimateCode>ARMSTRONG_DG_20x89</EstimateCode></IsolationSubType>
  <IsolationSubType><SizeName>DN 110</SizeName>	<d2max>110</d2max>	<Thickness>20</Thickness>	<EstimateCode>ARMSTRONG_DG_20x110</EstimateCode></IsolationSubType>
  <IsolationSubType><SizeName>DN 114</SizeName>	<d2max>114</d2max>	<Thickness>20</Thickness>	<EstimateCode>ARMSTRONG_DG_20x114</EstimateCode></IsolationSubType>
</WinWattDBIsolation>


<WinWattDBIsolation>
  <ItemHeader>
    <Date><Year>2002</Year><Month>11</Month><Day>1</Day></Date>
    <ItemPath>ARMSTRONG</ItemPath>
    <ItemName>Tubolit ZT 13 mm</ItemName>
     <HomePage></HomePage></ItemHeader>
   <NameBase>"Tubolit ZT 13 mm "</NameBase>
  <ThermalCond>0,038</ThermalCond>
  <IsolationSubType><SizeName>DN 12</SizeName>	<d2max>12</d2max>	<Thickness>13</Thickness>	<EstimateCode>ARMSTRONG_ZT_13x12</EstimateCode></IsolationSubType>
  <IsolationSubType><SizeName>DN 15</SizeName>	<d2max>15</d2max>	<Thickness>13</Thickness>	<EstimateCode>ARMSTRONG_ZT_13x15</EstimateCode></IsolationSubType>
  <IsolationSubType><SizeName>DN 18</SizeName>	<d2max>18</d2max>	<Thickness>13</Thickness>	<EstimateCode>ARMSTRONG_ZT_13x18</EstimateCode></IsolationSubType>
  <IsolationSubType><SizeName>DN 22</SizeName>	<d2max>22</d2max>	<Thickness>13</Thickness>	<EstimateCode>ARMSTRONG_ZT_13x22</EstimateCode></IsolationSubType>
  <IsolationSubType><SizeName>DN 28</SizeName>	<d2max>28</d2max>	<Thickness>13</Thickness>	<EstimateCode>ARMSTRONG_ZT_13x28</EstimateCode></IsolationSubType>
  <IsolationSubType><SizeName>DN 35</SizeName>	<d2max>35</d2max>	<Thickness>13</Thickness>	<EstimateCode>ARMSTRONG_ZT_13x35</EstimateCode></IsolationSubType>
  <IsolationSubType><SizeName>DN 42</SizeName>	<d2max>42</d2max>	<Thickness>13</Thickness>	<EstimateCode>ARMSTRONG_ZT_13x42</EstimateCode></IsolationSubType>
  <IsolationSubType><SizeName>DN 48</SizeName>	<d2max>48</d2max>	<Thickness>13</Thickness>	<EstimateCode>ARMSTRONG_ZT_13x48</EstimateCode></IsolationSubType>
  <IsolationSubType><SizeName>DN 54</SizeName>	<d2max>54</d2max>	<Thickness>13</Thickness>	<EstimateCode>ARMSTRONG_ZT_13x54</EstimateCode></IsolationSubType>
  <IsolationSubType><SizeName>DN 60</SizeName>	<d2max>60</d2max>	<Thickness>13</Thickness>	<EstimateCode>ARMSTRONG_ZT_13x60</EstimateCode></IsolationSubType>
  <IsolationSubType><SizeName>DN 76</SizeName>	<d2max>76</d2max>	<Thickness>13</Thickness>	<EstimateCode>ARMSTRONG_ZT_13x76</EstimateCode></IsolationSubType>
  <IsolationSubType><SizeName>DN 89</SizeName>	<d2max>89</d2max>	<Thickness>13</Thickness>	<EstimateCode>ARMSTRONG_ZT_13x89</EstimateCode></IsolationSubType>
</WinWattDBIsolation>

<WinWattDBIsolation>
  <ItemHeader>
    <Date><Year>2002</Year><Month>11</Month><Day>1</Day></Date>
    <ItemPath>ARMSTRONG</ItemPath>
    <ItemName>Armaflex SH 9 mm</ItemName>
     <HomePage></HomePage></ItemHeader>
   <NameBase>"Armaflex SH 9 mm "</NameBase>
  <ThermalCond>0,038</ThermalCond>
  <IsolationSubType><SizeName>DN 12</SizeName>	<d2max>12</d2max>	<Thickness>9</Thickness>	<EstimateCode>ARMSTRONG_SH_9x12</EstimateCode></IsolationSubType>
  <IsolationSubType><SizeName>DN 15</SizeName>	<d2max>15</d2max>	<Thickness>9</Thickness>	<EstimateCode>ARMSTRONG_SH_9x15</EstimateCode></IsolationSubType>
  <IsolationSubType><SizeName>DN 18</SizeName>	<d2max>18</d2max>	<Thickness>9</Thickness>	<EstimateCode>ARMSTRONG_SH_9x18</EstimateCode></IsolationSubType>
  <IsolationSubType><SizeName>DN 22</SizeName>	<d2max>22</d2max>	<Thickness>9</Thickness>	<EstimateCode>ARMSTRONG_SH_9x22</EstimateCode></IsolationSubType>
  <IsolationSubType><SizeName>DN 28</SizeName>	<d2max>28</d2max>	<Thickness>9</Thickness>	<EstimateCode>ARMSTRONG_SH_9x28</EstimateCode></IsolationSubType>
  <IsolationSubType><SizeName>DN 35</SizeName>	<d2max>35</d2max>	<Thickness>9</Thickness>	<EstimateCode>ARMSTRONG_SH_9x35</EstimateCode></IsolationSubType>
  <IsolationSubType><SizeName>DN 42</SizeName>	<d2max>42</d2max>	<Thickness>9</Thickness>	<EstimateCode>ARMSTRONG_SH_9x42</EstimateCode></IsolationSubType>
  <IsolationSubType><SizeName>DN 48</SizeName>	<d2max>48</d2max>	<Thickness>9</Thickness>	<EstimateCode>ARMSTRONG_SH_9x48</EstimateCode></IsolationSubType>
  <IsolationSubType><SizeName>DN 54</SizeName>	<d2max>54</d2max>	<Thickness>9</Thickness>	<EstimateCode>ARMSTRONG_SH_9x54</EstimateCode></IsolationSubType>
  <IsolationSubType><SizeName>DN 57</SizeName>	<d2max>57</d2max>	<Thickness>9</Thickness>	<EstimateCode>ARMSTRONG_SH_9x57</EstimateCode></IsolationSubType>
  <IsolationSubType><SizeName>DN 60</SizeName>	<d2max>60</d2max>	<Thickness>9</Thickness>	<EstimateCode>ARMSTRONG_SH_9x60</EstimateCode></IsolationSubType>
  <IsolationSubType><SizeName>DN 64</SizeName>	<d2max>64</d2max>	<Thickness>9</Thickness>	<EstimateCode>ARMSTRONG_SH_9x64</EstimateCode></IsolationSubType>
  <IsolationSubType><SizeName>DN 70</SizeName>	<d2max>70</d2max>	<Thickness>9</Thickness>	<EstimateCode>ARMSTRONG_SH_9x70</EstimateCode></IsolationSubType>
  <IsolationSubType><SizeName>DN 76</SizeName>	<d2max>76</d2max>	<Thickness>9</Thickness>	<EstimateCode>ARMSTRONG_SH_9x76</EstimateCode></IsolationSubType>
  <IsolationSubType><SizeName>DN 89</SizeName>	<d2max>89</d2max>	<Thickness>9</Thickness>	<EstimateCode>ARMSTRONG_SH_9x89</EstimateCode></IsolationSubType>
  <IsolationSubType><SizeName>DN 108</SizeName>	<d2max>108</d2max>	<Thickness>9</Thickness>	<EstimateCode>ARMSTRONG_SH_9x108</EstimateCode></IsolationSubType>
  <IsolationSubType><SizeName>DN 114</SizeName>	<d2max>114</d2max>	<Thickness>9</Thickness>	<EstimateCode>ARMSTRONG_SH_9x114</EstimateCode></IsolationSubType>
</WinWattDBIsolation>

<WinWattDBIsolation>
  <ItemHeader>
    <Date><Year>2002</Year><Month>11</Month><Day>1</Day></Date>
    <ItemPath>ARMSTRONG</ItemPath>
    <ItemName>Armaflex SH 13 mm</ItemName>
     <HomePage></HomePage></ItemHeader>
   <NameBase>"Armaflex SH 13 mm "</NameBase>
  <ThermalCond>0,038</ThermalCond>
  <IsolationSubType><SizeName>DN 10</SizeName>	<d2max>10</d2max>	<Thickness>13</Thickness>	<EstimateCode>ARMSTRONG_SH_13x10</EstimateCode></IsolationSubType>
  <IsolationSubType><SizeName>DN 12</SizeName>	<d2max>12</d2max>	<Thickness>13</Thickness>	<EstimateCode>ARMSTRONG_SH_13x12</EstimateCode></IsolationSubType>
  <IsolationSubType><SizeName>DN 15</SizeName>	<d2max>15</d2max>	<Thickness>13</Thickness>	<EstimateCode>ARMSTRONG_SH_13x15</EstimateCode></IsolationSubType>
  <IsolationSubType><SizeName>DN 18</SizeName>	<d2max>18</d2max>	<Thickness>13</Thickness>	<EstimateCode>ARMSTRONG_SH_13x18</EstimateCode></IsolationSubType>
  <IsolationSubType><SizeName>DN 22</SizeName>	<d2max>22</d2max>	<Thickness>13</Thickness>	<EstimateCode>ARMSTRONG_SH_13x22</EstimateCode></IsolationSubType>
  <IsolationSubType><SizeName>DN 28</SizeName>	<d2max>28</d2max>	<Thickness>13</Thickness>	<EstimateCode>ARMSTRONG_SH_13x28</EstimateCode></IsolationSubType>
  <IsolationSubType><SizeName>DN 35</SizeName>	<d2max>35</d2max>	<Thickness>13</Thickness>	<EstimateCode>ARMSTRONG_SH_13x35</EstimateCode></IsolationSubType>
  <IsolationSubType><SizeName>DN 42</SizeName>	<d2max>42</d2max>	<Thickness>13</Thickness>	<EstimateCode>ARMSTRONG_SH_13x42</EstimateCode></IsolationSubType>
  <IsolationSubType><SizeName>DN 45</SizeName>	<d2max>45</d2max>	<Thickness>13</Thickness>	<EstimateCode>ARMSTRONG_SH_13x45</EstimateCode></IsolationSubType>
  <IsolationSubType><SizeName>DN 48</SizeName>	<d2max>48</d2max>	<Thickness>13</Thickness>	<EstimateCode>ARMSTRONG_SH_13x48</EstimateCode></IsolationSubType>
  <IsolationSubType><SizeName>DN 54</SizeName>	<d2max>54</d2max>	<Thickness>13</Thickness>	<EstimateCode>ARMSTRONG_SH_13x54</EstimateCode></IsolationSubType>
  <IsolationSubType><SizeName>DN 57</SizeName>	<d2max>57</d2max>	<Thickness>13</Thickness>	<EstimateCode>ARMSTRONG_SH_13x57</EstimateCode></IsolationSubType>
  <IsolationSubType><SizeName>DN 60</SizeName>	<d2max>60</d2max>	<Thickness>13</Thickness>	<EstimateCode>ARMSTRONG_SH_13x60</EstimateCode></IsolationSubType>
  <IsolationSubType><SizeName>DN 64</SizeName>	<d2max>64</d2max>	<Thickness>13</Thickness>	<EstimateCode>ARMSTRONG_SH_13x64</EstimateCode></IsolationSubType>
  <IsolationSubType><SizeName>DN 70</SizeName>	<d2max>70</d2max>	<Thickness>13</Thickness>	<EstimateCode>ARMSTRONG_SH_13x70</EstimateCode></IsolationSubType>
  <IsolationSubType><SizeName>DN 76</SizeName>	<d2max>76</d2max>	<Thickness>13</Thickness>	<EstimateCode>ARMSTRONG_SH_13x76</EstimateCode></IsolationSubType>
  <IsolationSubType><SizeName>DN 89</SizeName>	<d2max>89</d2max>	<Thickness>13</Thickness>	<EstimateCode>ARMSTRONG_SH_13x89</EstimateCode></IsolationSubType>
  <IsolationSubType><SizeName>DN 108</SizeName>	<d2max>108</d2max>	<Thickness>13</Thickness>	<EstimateCode>ARMSTRONG_SH_13x108</EstimateCode></IsolationSubType>
  <IsolationSubType><SizeName>DN 114</SizeName>	<d2max>114</d2max>	<Thickness>13</Thickness>	<EstimateCode>ARMSTRONG_SH_13x114</EstimateCode></IsolationSubType>
</WinWattDBIsolation>                                                              

<WinWattDBIsolation>
  <ItemHeader>
    <Date><Year>2002</Year><Month>11</Month><Day>1</Day></Date>
    <ItemPath>ARMSTRONG</ItemPath>
    <ItemName>Armaflex SH 19 mm</ItemName>
     <HomePage></HomePage></ItemHeader>
   <NameBase>"Armaflex SH 19 mm "</NameBase>
  <ThermalCond>0,038</ThermalCond>
  <IsolationSubType><SizeName>DN 15</SizeName>	<d2max>15</d2max>	<Thickness>19</Thickness>	<EstimateCode>ARMSTRONG_SH_19x15</EstimateCode></IsolationSubType>
  <IsolationSubType><SizeName>DN 18</SizeName>	<d2max>18</d2max>	<Thickness>19</Thickness>	<EstimateCode>ARMSTRONG_SH_19x18</EstimateCode></IsolationSubType>
  <IsolationSubType><SizeName>DN 22</SizeName>	<d2max>22</d2max>	<Thickness>19</Thickness>	<EstimateCode>ARMSTRONG_SH_19x22</EstimateCode></IsolationSubType>
  <IsolationSubType><SizeName>DN 28</SizeName>	<d2max>28</d2max>	<Thickness>19</Thickness>	<EstimateCode>ARMSTRONG_SH_19x28</EstimateCode></IsolationSubType>
  <IsolationSubType><SizeName>DN 35</SizeName>	<d2max>35</d2max>	<Thickness>19</Thickness>	<EstimateCode>ARMSTRONG_SH_19x35</EstimateCode></IsolationSubType>
  <IsolationSubType><SizeName>DN 42</SizeName>	<d2max>42</d2max>	<Thickness>19</Thickness>	<EstimateCode>ARMSTRONG_SH_19x42</EstimateCode></IsolationSubType>
  <IsolationSubType><SizeName>DN 45</SizeName>	<d2max>45</d2max>	<Thickness>19</Thickness>	<EstimateCode>ARMSTRONG_SH_19x45</EstimateCode></IsolationSubType>
  <IsolationSubType><SizeName>DN 48</SizeName>	<d2max>48</d2max>	<Thickness>19</Thickness>	<EstimateCode>ARMSTRONG_SH_19x48</EstimateCode></IsolationSubType>
  <IsolationSubType><SizeName>DN 54</SizeName>	<d2max>54</d2max>	<Thickness>19</Thickness>	<EstimateCode>ARMSTRONG_SH_19x54</EstimateCode></IsolationSubType>
  <IsolationSubType><SizeName>DN 57</SizeName>	<d2max>57</d2max>	<Thickness>19</Thickness>	<EstimateCode>ARMSTRONG_SH_19x57</EstimateCode></IsolationSubType>
  <IsolationSubType><SizeName>DN 60</SizeName>	<d2max>60</d2max>	<Thickness>19</Thickness>	<EstimateCode>ARMSTRONG_SH_19x60</EstimateCode></IsolationSubType>
  <IsolationSubType><SizeName>DN 64</SizeName>	<d2max>64</d2max>	<Thickness>19</Thickness>	<EstimateCode>ARMSTRONG_SH_19x64</EstimateCode></IsolationSubType>
  <IsolationSubType><SizeName>DN 70</SizeName>	<d2max>70</d2max>	<Thickness>19</Thickness>	<EstimateCode>ARMSTRONG_SH_19x70</EstimateCode></IsolationSubType>
  <IsolationSubType><SizeName>DN 76</SizeName>	<d2max>76</d2max>	<Thickness>19</Thickness>	<EstimateCode>ARMSTRONG_SH_19x76</EstimateCode></IsolationSubType>
  <IsolationSubType><SizeName>DN 89</SizeName>	<d2max>89</d2max>	<Thickness>19</Thickness>	<EstimateCode>ARMSTRONG_SH_19x89</EstimateCode></IsolationSubType>
  <IsolationSubType><SizeName>DN 108</SizeName>	<d2max>108</d2max>	<Thickness>19</Thickness>	<EstimateCode>ARMSTRONG_SH_19x108</EstimateCode></IsolationSubType>
  <IsolationSubType><SizeName>DN 114</SizeName>	<d2max>114</d2max>	<Thickness>19</Thickness>	<EstimateCode>ARMSTRONG_SH_19x114</EstimateCode></IsolationSubType>
</WinWattDBIsolation>                                                              

<WinWattDBIsolation>
  <ItemHeader>
    <Date><Year>2002</Year><Month>11</Month><Day>1</Day></Date>
    <ItemPath>ARMSTRONG</ItemPath>
    <ItemName>AC/Accoflex 6 mm</ItemName>
     <HomePage></HomePage></ItemHeader>
   <NameBase>"AC/Accoflex 6 mm "</NameBase>
  <ThermalCond>0,035</ThermalCond>
  <IsolationSubType><SizeName>DN 6</SizeName>	<d2max>6</d2max>	<Thickness>6</Thickness>	<EstimateCode>ARMSTRONG_AC_6x6</EstimateCode></IsolationSubType>
  <IsolationSubType><SizeName>DN 10</SizeName>	<d2max>10</d2max>	<Thickness>6</Thickness>	<EstimateCode>ARMSTRONG_AC_6x10</EstimateCode></IsolationSubType>
  <IsolationSubType><SizeName>DN 12</SizeName>	<d2max>12</d2max>	<Thickness>6</Thickness>	<EstimateCode>ARMSTRONG_AC_6x12</EstimateCode></IsolationSubType>
  <IsolationSubType><SizeName>DN 15</SizeName>	<d2max>15</d2max>	<Thickness>6</Thickness>	<EstimateCode>ARMSTRONG_AC_6x15</EstimateCode></IsolationSubType>
  <IsolationSubType><SizeName>DN 18</SizeName>	<d2max>18</d2max>	<Thickness>6</Thickness>	<EstimateCode>ARMSTRONG_AC_6x18</EstimateCode></IsolationSubType>
  <IsolationSubType><SizeName>DN 22</SizeName>	<d2max>22</d2max>	<Thickness>6</Thickness>	<EstimateCode>ARMSTRONG_AC_6x22</EstimateCode></IsolationSubType>
  <IsolationSubType><SizeName>DN 28</SizeName>	<d2max>28</d2max>	<Thickness>6</Thickness>	<EstimateCode>ARMSTRONG_AC_6x28</EstimateCode></IsolationSubType>
  <IsolationSubType><SizeName>DN 35</SizeName>	<d2max>35</d2max>	<Thickness>6</Thickness>	<EstimateCode>ARMSTRONG_AC_6x35</EstimateCode></IsolationSubType>
</WinWattDBIsolation>                                                              

<WinWattDBIsolation>
  <ItemHeader>
    <Date><Year>2002</Year><Month>11</Month><Day>1</Day></Date>
    <ItemPath>ARMSTRONG</ItemPath>
    <ItemName>AC/Accoflex 9 mm</ItemName>
     <HomePage></HomePage></ItemHeader>
   <NameBase>"AC/Accoflex 9 mm "</NameBase>
  <ThermalCond>0,035</ThermalCond>
  <IsolationSubType><SizeName>DN 6</SizeName>	<d2max>6</d2max>	<Thickness>9</Thickness>	<EstimateCode>ARMSTRONG_AC_9x6</EstimateCode></IsolationSubType>
  <IsolationSubType><SizeName>DN 8</SizeName>	<d2max>8</d2max>	<Thickness>9</Thickness>	<EstimateCode>ARMSTRONG_AC_9x8</EstimateCode></IsolationSubType>
  <IsolationSubType><SizeName>DN 10</SizeName>	<d2max>10</d2max>	<Thickness>9</Thickness>	<EstimateCode>ARMSTRONG_AC_9x10</EstimateCode></IsolationSubType>
  <IsolationSubType><SizeName>DN 12</SizeName>	<d2max>12</d2max>	<Thickness>9</Thickness>	<EstimateCode>ARMSTRONG_AC_9x12</EstimateCode></IsolationSubType>
  <IsolationSubType><SizeName>DN 15</SizeName>	<d2max>15</d2max>	<Thickness>9</Thickness>	<EstimateCode>ARMSTRONG_AC_9x15</EstimateCode></IsolationSubType>
  <IsolationSubType><SizeName>DN 18</SizeName>	<d2max>18</d2max>	<Thickness>9</Thickness>	<EstimateCode>ARMSTRONG_AC_9x18</EstimateCode></IsolationSubType>
  <IsolationSubType><SizeName>DN 22</SizeName>	<d2max>22</d2max>	<Thickness>9</Thickness>	<EstimateCode>ARMSTRONG_AC_9x22</EstimateCode></IsolationSubType>
  <IsolationSubType><SizeName>DN 28</SizeName>	<d2max>28</d2max>	<Thickness>9</Thickness>	<EstimateCode>ARMSTRONG_AC_9x28</EstimateCode></IsolationSubType>
  <IsolationSubType><SizeName>DN 30</SizeName>	<d2max>30</d2max>	<Thickness>9</Thickness>	<EstimateCode>ARMSTRONG_AC_9x30</EstimateCode></IsolationSubType>
  <IsolationSubType><SizeName>DN 35</SizeName>	<d2max>35</d2max>	<Thickness>9</Thickness>	<EstimateCode>ARMSTRONG_AC_9x35</EstimateCode></IsolationSubType>
  <IsolationSubType><SizeName>DN 42</SizeName>	<d2max>42</d2max>	<Thickness>9</Thickness>	<EstimateCode>ARMSTRONG_AC_9x42</EstimateCode></IsolationSubType>
  <IsolationSubType><SizeName>DN 48</SizeName>	<d2max>48</d2max>	<Thickness>9</Thickness>	<EstimateCode>ARMSTRONG_AC_9x48</EstimateCode></IsolationSubType>
  <IsolationSubType><SizeName>DN 54</SizeName>	<d2max>54</d2max>	<Thickness>9</Thickness>	<EstimateCode>ARMSTRONG_AC_9x54</EstimateCode></IsolationSubType>
  <IsolationSubType><SizeName>DN 60</SizeName>	<d2max>60</d2max>	<Thickness>9</Thickness>	<EstimateCode>ARMSTRONG_AC_9x60</EstimateCode></IsolationSubType>
  <IsolationSubType><SizeName>DN 64</SizeName>	<d2max>64</d2max>	<Thickness>9</Thickness>	<EstimateCode>ARMSTRONG_AC_9x64</EstimateCode></IsolationSubType>
  <IsolationSubType><SizeName>DN 70</SizeName>	<d2max>70</d2max>	<Thickness>9</Thickness>	<EstimateCode>ARMSTRONG_AC_9x70</EstimateCode></IsolationSubType>
  <IsolationSubType><SizeName>DN 76</SizeName>	<d2max>76</d2max>	<Thickness>9</Thickness>	<EstimateCode>ARMSTRONG_AC_9x76</EstimateCode></IsolationSubType>
  <IsolationSubType><SizeName>DN 89</SizeName>	<d2max>89</d2max>	<Thickness>9</Thickness>	<EstimateCode>ARMSTRONG_AC_9x89</EstimateCode></IsolationSubType>
  <IsolationSubType><SizeName>DN 102</SizeName>	<d2max>102</d2max>	<Thickness>9</Thickness>	<EstimateCode>ARMSTRONG_AC_9x102</EstimateCode></IsolationSubType>
  <IsolationSubType><SizeName>DN 114</SizeName>	<d2max>114</d2max>	<Thickness>9</Thickness>	<EstimateCode>ARMSTRONG_AC_9x114</EstimateCode></IsolationSubType>
  <IsolationSubType><SizeName>DN 140</SizeName>	<d2max>140</d2max>	<Thickness>9</Thickness>	<EstimateCode>ARMSTRONG_AC_9x144</EstimateCode></IsolationSubType>
</WinWattDBIsolation>

<WinWattDBIsolation>
  <ItemHeader>
    <Date><Year>2002</Year><Month>11</Month><Day>1</Day></Date>
    <ItemPath>ARMSTRONG</ItemPath>
    <ItemName>AC/Accoflex 13 mm</ItemName>
     <HomePage></HomePage></ItemHeader>
   <NameBase>"AC/Accoflex 13 mm "</NameBase>
  <ThermalCond>0,035</ThermalCond>
  <IsolationSubType><SizeName>DN 6</SizeName>	<d2max>6</d2max>	<Thickness>13</Thickness>	<EstimateCode>ARMSTRONG_AC_13x6</EstimateCode></IsolationSubType>
  <IsolationSubType><SizeName>DN 8</SizeName>	<d2max>8</d2max>	<Thickness>13</Thickness>	<EstimateCode>ARMSTRONG_AC_13x8</EstimateCode></IsolationSubType>
  <IsolationSubType><SizeName>DN 10</SizeName>	<d2max>10</d2max>	<Thickness>13</Thickness>	<EstimateCode>ARMSTRONG_AC_13x10</EstimateCode></IsolationSubType>
  <IsolationSubType><SizeName>DN 12</SizeName>	<d2max>12</d2max>	<Thickness>13</Thickness>	<EstimateCode>ARMSTRONG_AC_13x12</EstimateCode></IsolationSubType>
  <IsolationSubType><SizeName>DN 15</SizeName>	<d2max>15</d2max>	<Thickness>13</Thickness>	<EstimateCode>ARMSTRONG_AC_13x15</EstimateCode></IsolationSubType>
  <IsolationSubType><SizeName>DN 18</SizeName>	<d2max>18</d2max>	<Thickness>13</Thickness>	<EstimateCode>ARMSTRONG_AC_13x18</EstimateCode></IsolationSubType>
  <IsolationSubType><SizeName>DN 22</SizeName>	<d2max>22</d2max>	<Thickness>13</Thickness>	<EstimateCode>ARMSTRONG_AC_13x22</EstimateCode></IsolationSubType>
  <IsolationSubType><SizeName>DN 28</SizeName>	<d2max>28</d2max>	<Thickness>13</Thickness>	<EstimateCode>ARMSTRONG_AC_13x28</EstimateCode></IsolationSubType>
  <IsolationSubType><SizeName>DN 30</SizeName>	<d2max>30</d2max>	<Thickness>13</Thickness>	<EstimateCode>ARMSTRONG_AC_13x30</EstimateCode></IsolationSubType>
  <IsolationSubType><SizeName>DN 35</SizeName>	<d2max>35</d2max>	<Thickness>13</Thickness>	<EstimateCode>ARMSTRONG_AC_13x35</EstimateCode></IsolationSubType>
  <IsolationSubType><SizeName>DN 42</SizeName>	<d2max>42</d2max>	<Thickness>13</Thickness>	<EstimateCode>ARMSTRONG_AC_13x42</EstimateCode></IsolationSubType>
  <IsolationSubType><SizeName>DN 48</SizeName>	<d2max>48</d2max>	<Thickness>13</Thickness>	<EstimateCode>ARMSTRONG_AC_13x48</EstimateCode></IsolationSubType>
  <IsolationSubType><SizeName>DN 54</SizeName>	<d2max>54</d2max>	<Thickness>13</Thickness>	<EstimateCode>ARMSTRONG_AC_13x54</EstimateCode></IsolationSubType>
  <IsolationSubType><SizeName>DN 60</SizeName>	<d2max>60</d2max>	<Thickness>13</Thickness>	<EstimateCode>ARMSTRONG_AC_13x60</EstimateCode></IsolationSubType>
  <IsolationSubType><SizeName>DN 64</SizeName>	<d2max>64</d2max>	<Thickness>13</Thickness>	<EstimateCode>ARMSTRONG_AC_13x64</EstimateCode></IsolationSubType>
  <IsolationSubType><SizeName>DN 70</SizeName>	<d2max>70</d2max>	<Thickness>13</Thickness>	<EstimateCode>ARMSTRONG_AC_13x70</EstimateCode></IsolationSubType>
  <IsolationSubType><SizeName>DN 76</SizeName>	<d2max>76</d2max>	<Thickness>13</Thickness>	<EstimateCode>ARMSTRONG_AC_13x76</EstimateCode></IsolationSubType>
  <IsolationSubType><SizeName>DN 89</SizeName>	<d2max>89</d2max>	<Thickness>13</Thickness>	<EstimateCode>ARMSTRONG_AC_13x89</EstimateCode></IsolationSubType>
  <IsolationSubType><SizeName>DN 102</SizeName>	<d2max>102</d2max>	<Thickness>13</Thickness>	<EstimateCode>ARMSTRONG_AC_13x102</EstimateCode></IsolationSubType>
  <IsolationSubType><SizeName>DN 108</SizeName>	<d2max>108</d2max>	<Thickness>13</Thickness>	<EstimateCode>ARMSTRONG_AC_13x108</EstimateCode></IsolationSubType>
  <IsolationSubType><SizeName>DN 114</SizeName>	<d2max>114</d2max>	<Thickness>13</Thickness>	<EstimateCode>ARMSTRONG_AC_13x114</EstimateCode></IsolationSubType>
  <IsolationSubType><SizeName>DN 125</SizeName>	<d2max>125</d2max>	<Thickness>13</Thickness>	<EstimateCode>ARMSTRONG_AC_13x125</EstimateCode></IsolationSubType>
  <IsolationSubType><SizeName>DN 133</SizeName>	<d2max>133</d2max>	<Thickness>13</Thickness>	<EstimateCode>ARMSTRONG_AC_13x133</EstimateCode></IsolationSubType>
  <IsolationSubType><SizeName>DN 140</SizeName>	<d2max>140</d2max>	<Thickness>13</Thickness>	<EstimateCode>ARMSTRONG_AC_13x140</EstimateCode></IsolationSubType>
  <IsolationSubType><SizeName>DN 160</SizeName>	<d2max>160</d2max>	<Thickness>13</Thickness>	<EstimateCode>ARMSTRONG_AC_13x160</EstimateCode></IsolationSubType>
</WinWattDBIsolation>

<WinWattDBIsolation>
  <ItemHeader>
    <Date><Year>2002</Year><Month>11</Month><Day>1</Day></Date>
    <ItemPath>ARMSTRONG</ItemPath>
    <ItemName>AC/Accoflex 19 mm</ItemName>
     <HomePage></HomePage></ItemHeader>
   <NameBase>"AC/Accoflex 19 mm "</NameBase>
  <ThermalCond>0,035</ThermalCond>
  <IsolationSubType><SizeName>DN 10</SizeName>	<d2max>10</d2max>	<Thickness>19</Thickness>	<EstimateCode>ARMSTRONG_AC_19x10</EstimateCode></IsolationSubType>
  <IsolationSubType><SizeName>DN 12</SizeName>	<d2max>12</d2max>	<Thickness>19</Thickness>	<EstimateCode>ARMSTRONG_AC_19x12</EstimateCode></IsolationSubType>
  <IsolationSubType><SizeName>DN 15</SizeName>	<d2max>15</d2max>	<Thickness>19</Thickness>	<EstimateCode>ARMSTRONG_AC_19x15</EstimateCode></IsolationSubType>
  <IsolationSubType><SizeName>DN 18</SizeName>	<d2max>18</d2max>	<Thickness>19</Thickness>	<EstimateCode>ARMSTRONG_AC_19x18</EstimateCode></IsolationSubType>
  <IsolationSubType><SizeName>DN 22</SizeName>	<d2max>22</d2max>	<Thickness>19</Thickness>	<EstimateCode>ARMSTRONG_AC_19x22</EstimateCode></IsolationSubType>
  <IsolationSubType><SizeName>DN 28</SizeName>	<d2max>28</d2max>	<Thickness>19</Thickness>	<EstimateCode>ARMSTRONG_AC_19x28</EstimateCode></IsolationSubType>
  <IsolationSubType><SizeName>DN 30</SizeName>	<d2max>30</d2max>	<Thickness>19</Thickness>	<EstimateCode>ARMSTRONG_AC_19x30</EstimateCode></IsolationSubType>
  <IsolationSubType><SizeName>DN 35</SizeName>	<d2max>35</d2max>	<Thickness>19</Thickness>	<EstimateCode>ARMSTRONG_AC_19x35</EstimateCode></IsolationSubType>
  <IsolationSubType><SizeName>DN 42</SizeName>	<d2max>42</d2max>	<Thickness>19</Thickness>	<EstimateCode>ARMSTRONG_AC_19x42</EstimateCode></IsolationSubType>
  <IsolationSubType><SizeName>DN 48</SizeName>	<d2max>48</d2max>	<Thickness>19</Thickness>	<EstimateCode>ARMSTRONG_AC_19x48</EstimateCode></IsolationSubType>
  <IsolationSubType><SizeName>DN 54</SizeName>	<d2max>54</d2max>	<Thickness>19</Thickness>	<EstimateCode>ARMSTRONG_AC_19x54</EstimateCode></IsolationSubType>
  <IsolationSubType><SizeName>DN 60</SizeName>	<d2max>60</d2max>	<Thickness>19</Thickness>	<EstimateCode>ARMSTRONG_AC_19x60</EstimateCode></IsolationSubType>
  <IsolationSubType><SizeName>DN 64</SizeName>	<d2max>64</d2max>	<Thickness>19</Thickness>	<EstimateCode>ARMSTRONG_AC_19x64</EstimateCode></IsolationSubType>
  <IsolationSubType><SizeName>DN 70</SizeName>	<d2max>70</d2max>	<Thickness>19</Thickness>	<EstimateCode>ARMSTRONG_AC_19x70</EstimateCode></IsolationSubType>
  <IsolationSubType><SizeName>DN 76</SizeName>	<d2max>76</d2max>	<Thickness>19</Thickness>	<EstimateCode>ARMSTRONG_AC_19x76</EstimateCode></IsolationSubType>
  <IsolationSubType><SizeName>DN 80</SizeName>	<d2max>80</d2max>	<Thickness>19</Thickness>	<EstimateCode>ARMSTRONG_AC_19x80</EstimateCode></IsolationSubType>
  <IsolationSubType><SizeName>DN 89</SizeName>	<d2max>89</d2max>	<Thickness>19</Thickness>	<EstimateCode>ARMSTRONG_AC_19x89</EstimateCode></IsolationSubType>
  <IsolationSubType><SizeName>DN 102</SizeName>	<d2max>102</d2max>	<Thickness>19</Thickness>	<EstimateCode>ARMSTRONG_AC_19x102</EstimateCode></IsolationSubType>
  <IsolationSubType><SizeName>DN 108</SizeName>	<d2max>108</d2max>	<Thickness>19</Thickness>	<EstimateCode>ARMSTRONG_AC_19x108</EstimateCode></IsolationSubType>
  <IsolationSubType><SizeName>DN 114</SizeName>	<d2max>114</d2max>	<Thickness>19</Thickness>	<EstimateCode>ARMSTRONG_AC_19x114</EstimateCode></IsolationSubType>
  <IsolationSubType><SizeName>DN 125</SizeName>	<d2max>125</d2max>	<Thickness>19</Thickness>	<EstimateCode>ARMSTRONG_AC_19x125</EstimateCode></IsolationSubType>
  <IsolationSubType><SizeName>DN 133</SizeName>	<d2max>133</d2max>	<Thickness>19</Thickness>	<EstimateCode>ARMSTRONG_AC_19x133</EstimateCode></IsolationSubType>
  <IsolationSubType><SizeName>DN 140</SizeName>	<d2max>140</d2max>	<Thickness>19</Thickness>	<EstimateCode>ARMSTRONG_AC_19x140</EstimateCode></IsolationSubType>
  <IsolationSubType><SizeName>DN 160</SizeName>	<d2max>160</d2max>	<Thickness>19</Thickness>	<EstimateCode>ARMSTRONG_AC_19x160</EstimateCode></IsolationSubType>
</WinWattDBIsolation>

<WinWattDBIsolation>
  <ItemHeader>
    <Date><Year>2002</Year><Month>11</Month><Day>1</Day></Date>
    <ItemPath>ARMSTRONG</ItemPath>
    <ItemName>AC/Accoflex 32 mm</ItemName>
     <HomePage></HomePage></ItemHeader>
   <NameBase>"AC/Accoflex 32 mm "</NameBase>
  <ThermalCond>0,035</ThermalCond>
  <IsolationSubType><SizeName>DN 18</SizeName>	<d2max>18</d2max>	<Thickness>32</Thickness>	<EstimateCode>ARMSTRONG_AC_32x18</EstimateCode></IsolationSubType>
  <IsolationSubType><SizeName>DN 22</SizeName>	<d2max>22</d2max>	<Thickness>32</Thickness>	<EstimateCode>ARMSTRONG_AC_32x22</EstimateCode></IsolationSubType>
  <IsolationSubType><SizeName>DN 28</SizeName>	<d2max>28</d2max>	<Thickness>32</Thickness>	<EstimateCode>ARMSTRONG_AC_32x28</EstimateCode></IsolationSubType>
  <IsolationSubType><SizeName>DN 35</SizeName>	<d2max>35</d2max>	<Thickness>32</Thickness>	<EstimateCode>ARMSTRONG_AC_32x35</EstimateCode></IsolationSubType>
  <IsolationSubType><SizeName>DN 42</SizeName>	<d2max>42</d2max>	<Thickness>32</Thickness>	<EstimateCode>ARMSTRONG_AC_32x42</EstimateCode></IsolationSubType>
  <IsolationSubType><SizeName>DN 48</SizeName>	<d2max>48</d2max>	<Thickness>32</Thickness>	<EstimateCode>ARMSTRONG_AC_32x48</EstimateCode></IsolationSubType>
  <IsolationSubType><SizeName>DN 54</SizeName>	<d2max>54</d2max>	<Thickness>32</Thickness>	<EstimateCode>ARMSTRONG_AC_32x54</EstimateCode></IsolationSubType>
  <IsolationSubType><SizeName>DN 60</SizeName>	<d2max>60</d2max>	<Thickness>32</Thickness>	<EstimateCode>ARMSTRONG_AC_32x60</EstimateCode></IsolationSubType>
  <IsolationSubType><SizeName>DN 64</SizeName>	<d2max>64</d2max>	<Thickness>32</Thickness>	<EstimateCode>ARMSTRONG_AC_32x64</EstimateCode></IsolationSubType>
  <IsolationSubType><SizeName>DN 70</SizeName>	<d2max>70</d2max>	<Thickness>32</Thickness>	<EstimateCode>ARMSTRONG_AC_32x70</EstimateCode></IsolationSubType>
  <IsolationSubType><SizeName>DN 76</SizeName>	<d2max>76</d2max>	<Thickness>32</Thickness>	<EstimateCode>ARMSTRONG_AC_32x76</EstimateCode></IsolationSubType>
  <IsolationSubType><SizeName>DN 80</SizeName>	<d2max>80</d2max>	<Thickness>32</Thickness>	<EstimateCode>ARMSTRONG_AC_32x80</EstimateCode></IsolationSubType>
  <IsolationSubType><SizeName>DN 89</SizeName>	<d2max>89</d2max>	<Thickness>32</Thickness>	<EstimateCode>ARMSTRONG_AC_32x89</EstimateCode></IsolationSubType>
  <IsolationSubType><SizeName>DN 102</SizeName>	<d2max>102</d2max>	<Thickness>32</Thickness>	<EstimateCode>ARMSTRONG_AC_32x102</EstimateCode></IsolationSubType>
  <IsolationSubType><SizeName>DN 114</SizeName>	<d2max>114</d2max>	<Thickness>32</Thickness>	<EstimateCode>ARMSTRONG_AC_32x114</EstimateCode></IsolationSubType>
  <IsolationSubType><SizeName>DN 140</SizeName>	<d2max>140</d2max>	<Thickness>32</Thickness>	<EstimateCode>ARMSTRONG_AC_32x140</EstimateCode></IsolationSubType>
  <IsolationSubType><SizeName>DN 160</SizeName>	<d2max>160</d2max>	<Thickness>32</Thickness>	<EstimateCode>ARMSTRONG_AC_32x160</EstimateCode></IsolationSubType>
</WinWattDBIsolation>                                                              
</WinWattDB>                                                                       
                                                                                   
                                                                                   
                                                                                  