<?xml version="1.0" encoding="ISO-8859-2" ?>
<WinWattDB>

<WinWattDBIsolation>
  <ItemHeader>
    <Date><Year>2006</Year><Month>2</Month><Day>25</Day></Date>
    <ItemPath>KAIMANN</ItemPath>
    <ItemName>Kaiflex ST 6</ItemName>
     <HomePage></HomePage></ItemHeader>
   <NameBase>"Kaiflex ST "</NameBase>
  <ThermalCond>0,036</ThermalCond>
  <IsolationSubType><SizeName>6x06</SizeName>	<d2max>8,5</d2max>	<Thickness>6,0</Thickness>	<EstimateCode>Kaiflex_ST_6x06</EstimateCode></IsolationSubType>
  <IsolationSubType><SizeName>6x08</SizeName>	<d2max>10,5</d2max>	<Thickness>6,5</Thickness>	<EstimateCode>Kaiflex_ST_6x08</EstimateCode></IsolationSubType>
  <IsolationSubType><SizeName>6x10</SizeName>	<d2max>13,5</d2max>	<Thickness>6,5</Thickness>	<EstimateCode>Kaiflex_ST_6x10</EstimateCode></IsolationSubType>
  <IsolationSubType><SizeName>6x12</SizeName>	<d2max>14,5</d2max>	<Thickness>7,0</Thickness>	<EstimateCode>Kaiflex_ST_6x12</EstimateCode></IsolationSubType>
  <IsolationSubType><SizeName>6x15</SizeName>	<d2max>17,5</d2max>	<Thickness>7,0</Thickness>	<EstimateCode>Kaiflex_ST_6x15</EstimateCode></IsolationSubType>
  <IsolationSubType><SizeName>6x18</SizeName>	<d2max>20,5</d2max>	<Thickness>7,0</Thickness>	<EstimateCode>Kaiflex_ST_6x18</EstimateCode></IsolationSubType>
  <IsolationSubType><SizeName>6x22</SizeName>	<d2max>24,5</d2max>	<Thickness>7,5</Thickness>	<EstimateCode>Kaiflex_ST_6x22</EstimateCode></IsolationSubType>
  <IsolationSubType><SizeName>6x25</SizeName>	<d2max>27,5</d2max>	<Thickness>7,5</Thickness>	<EstimateCode>Kaiflex_ST_6x25</EstimateCode></IsolationSubType>
  <IsolationSubType><SizeName>6x28</SizeName>	<d2max>30,5</d2max>	<Thickness>7,5</Thickness>	<EstimateCode>Kaiflex_ST_6x28</EstimateCode></IsolationSubType>
  <IsolationSubType><SizeName>6x30</SizeName>	<d2max>33,0</d2max>	<Thickness>7,5</Thickness>	<EstimateCode>Kaiflex_ST_6x30</EstimateCode></IsolationSubType>
  <IsolationSubType><SizeName>6x35</SizeName>	<d2max>38,0</d2max>	<Thickness>7,5</Thickness>	<EstimateCode>Kaiflex_ST_6x35</EstimateCode></IsolationSubType>
</WinWattDBIsolation>

<WinWattDBIsolation>
  <ItemHeader>
    <Date><Year>2006</Year><Month>2</Month><Day>25</Day></Date>
    <ItemPath>KAIMANN</ItemPath>
    <ItemName>Kaiflex ST 9</ItemName>
     <HomePage></HomePage></ItemHeader>
   <NameBase>"Kaiflex ST "</NameBase>
  <ThermalCond>0,036</ThermalCond>
  <IsolationSubType><SizeName>9x06</SizeName>	<d2max>8,5</d2max>	<Thickness>9,0</Thickness>	<EstimateCode>Kaiflex_ST_9x06</EstimateCode></IsolationSubType>
  <IsolationSubType><SizeName>9x08</SizeName>	<d2max>10,5</d2max>	<Thickness>9,0</Thickness>	<EstimateCode>Kaiflex_ST_9x08</EstimateCode></IsolationSubType>
  <IsolationSubType><SizeName>9x10</SizeName>	<d2max>13,5</d2max>	<Thickness>9,0</Thickness>	<EstimateCode>Kaiflex_ST_9x10</EstimateCode></IsolationSubType>
  <IsolationSubType><SizeName>9x12</SizeName>	<d2max>14,5</d2max>	<Thickness>9,5</Thickness>	<EstimateCode>Kaiflex_ST_9x12</EstimateCode></IsolationSubType>
  <IsolationSubType><SizeName>9x15</SizeName>	<d2max>17,5</d2max>	<Thickness>9,5</Thickness>	<EstimateCode>Kaiflex_ST_9x15</EstimateCode></IsolationSubType>
  <IsolationSubType><SizeName>9x18</SizeName>	<d2max>20,5</d2max>	<Thickness>10,0</Thickness>	<EstimateCode>Kaiflex_ST_9x18</EstimateCode></IsolationSubType>
  <IsolationSubType><SizeName>9x22</SizeName>	<d2max>24,5</d2max>	<Thickness>10,0</Thickness>	<EstimateCode>Kaiflex_ST_9x22</EstimateCode></IsolationSubType>
  <IsolationSubType><SizeName>9x25</SizeName>	<d2max>27,5</d2max>	<Thickness>10,5</Thickness>	<EstimateCode>Kaiflex_ST_9x25</EstimateCode></IsolationSubType>
  <IsolationSubType><SizeName>9x28</SizeName>	<d2max>30,5</d2max>	<Thickness>10,5</Thickness>	<EstimateCode>Kaiflex_ST_9x28</EstimateCode></IsolationSubType>
  <IsolationSubType><SizeName>9x30</SizeName>	<d2max>33,0</d2max>	<Thickness>10,5</Thickness>	<EstimateCode>Kaiflex_ST_9x30</EstimateCode></IsolationSubType>
  <IsolationSubType><SizeName>9x35</SizeName>	<d2max>38,0</d2max>	<Thickness>11,0</Thickness>	<EstimateCode>Kaiflex_ST_9x35</EstimateCode></IsolationSubType>
  <IsolationSubType><SizeName>9x38</SizeName>	<d2max>41,0</d2max>	<Thickness>11,0</Thickness>	<EstimateCode>Kaiflex_ST_9x38</EstimateCode></IsolationSubType>
  <IsolationSubType><SizeName>9x42</SizeName>	<d2max>45,5</d2max>	<Thickness>11,0</Thickness>	<EstimateCode>Kaiflex_ST_9x42</EstimateCode></IsolationSubType>
  <IsolationSubType><SizeName>9x45</SizeName>	<d2max>47,5</d2max>	<Thickness>11,0</Thickness>	<EstimateCode>Kaiflex_ST_9x45</EstimateCode></IsolationSubType>
  <IsolationSubType><SizeName>9x48</SizeName>	<d2max>51,5</d2max>	<Thickness>11,0</Thickness>	<EstimateCode>Kaiflex_ST_9x48</EstimateCode></IsolationSubType>
  <IsolationSubType><SizeName>9x54</SizeName>	<d2max>57,0</d2max>	<Thickness>11,5</Thickness>	<EstimateCode>Kaiflex_ST_9x54</EstimateCode></IsolationSubType>
  <IsolationSubType><SizeName>9x57</SizeName>	<d2max>60,0</d2max>	<Thickness>11,5</Thickness>	<EstimateCode>Kaiflex_ST_9x57</EstimateCode></IsolationSubType>
  <IsolationSubType><SizeName>9x60</SizeName>	<d2max>63,5</d2max>	<Thickness>11,5</Thickness>	<EstimateCode>Kaiflex_ST_9x60</EstimateCode></IsolationSubType>
  <IsolationSubType><SizeName>9x64</SizeName>	<d2max>67,5</d2max>	<Thickness>11,5</Thickness>	<EstimateCode>Kaiflex_ST_9x64</EstimateCode></IsolationSubType>
  <IsolationSubType><SizeName>9x70</SizeName>	<d2max>73,5</d2max>	<Thickness>11,5</Thickness>	<EstimateCode>Kaiflex_ST_9x70</EstimateCode></IsolationSubType>
  <IsolationSubType><SizeName>9x76</SizeName>	<d2max>79,5</d2max>	<Thickness>11,5</Thickness>	<EstimateCode>Kaiflex_ST_9x76</EstimateCode></IsolationSubType>
  <IsolationSubType><SizeName>9x80</SizeName>	<d2max>84,0</d2max>	<Thickness>11,5</Thickness>	<EstimateCode>Kaiflex_ST_9x80</EstimateCode></IsolationSubType>
  <IsolationSubType><SizeName>9x89</SizeName>	<d2max>93,5</d2max>	<Thickness>11,5</Thickness>	<EstimateCode>Kaiflex_ST_9x89</EstimateCode></IsolationSubType>
  <IsolationSubType><SizeName>9x102</SizeName>	<d2max>108,0</d2max>	<Thickness>12,0</Thickness>	<EstimateCode>Kaiflex_ST_9x102</EstimateCode></IsolationSubType>
  <IsolationSubType><SizeName>9x108</SizeName>	<d2max>113,0</d2max>	<Thickness>12,0</Thickness>	<EstimateCode>Kaiflex_ST_9x108</EstimateCode></IsolationSubType>
  <IsolationSubType><SizeName>9x114</SizeName>	<d2max>120,0</d2max>	<Thickness>12,0</Thickness>	<EstimateCode>Kaiflex_ST_9x114</EstimateCode></IsolationSubType>
  <IsolationSubType><SizeName>9x125</SizeName>	<d2max>131,0</d2max>	<Thickness>12,0</Thickness>	<EstimateCode>Kaiflex_ST_9x125</EstimateCode></IsolationSubType>
  <IsolationSubType><SizeName>9x133</SizeName>	<d2max>139,0</d2max>	<Thickness>12,0</Thickness>	<EstimateCode>Kaiflex_ST_9x133</EstimateCode></IsolationSubType>
  <IsolationSubType><SizeName>9x140</SizeName>	<d2max>146,0</d2max>	<Thickness>12,0</Thickness>	<EstimateCode>Kaiflex_ST_9x140</EstimateCode></IsolationSubType>
  <IsolationSubType><SizeName>9x160</SizeName>	<d2max>167,0</d2max>	<Thickness>12,0</Thickness>	<EstimateCode>Kaiflex_ST_9x160</EstimateCode></IsolationSubType>
</WinWattDBIsolation>

<WinWattDBIsolation>
  <ItemHeader>
    <Date><Year>2006</Year><Month>2</Month><Day>25</Day></Date>
    <ItemPath>KAIMANN</ItemPath>
    <ItemName>Kaiflex ST 13</ItemName>
     <HomePage></HomePage></ItemHeader>
   <NameBase>"Kaiflex ST "</NameBase>
  <ThermalCond>0,036</ThermalCond>
  <IsolationSubType><SizeName>13x06</SizeName>	<d2max>8,5</d2max>	<Thickness>13,0</Thickness>	<EstimateCode>Kaiflex_ST_13x06</EstimateCode></IsolationSubType>
  <IsolationSubType><SizeName>13x08</SizeName>	<d2max>10,5</d2max>	<Thickness>13,0</Thickness>	<EstimateCode>Kaiflex_ST_13x08</EstimateCode></IsolationSubType>
  <IsolationSubType><SizeName>13x10</SizeName>	<d2max>13,5</d2max>	<Thickness>13,0</Thickness>	<EstimateCode>Kaiflex_ST_13x10</EstimateCode></IsolationSubType>
  <IsolationSubType><SizeName>13x12</SizeName>	<d2max>14,5</d2max>	<Thickness>13,0</Thickness>	<EstimateCode>Kaiflex_ST_13x12</EstimateCode></IsolationSubType>
  <IsolationSubType><SizeName>13x15</SizeName>	<d2max>17,5</d2max>	<Thickness>13,0</Thickness>	<EstimateCode>Kaiflex_ST_13x15</EstimateCode></IsolationSubType>
  <IsolationSubType><SizeName>13x18</SizeName>	<d2max>20,5</d2max>	<Thickness>13,0</Thickness>	<EstimateCode>Kaiflex_ST_13x18</EstimateCode></IsolationSubType>
  <IsolationSubType><SizeName>13x22</SizeName>	<d2max>24,5</d2max>	<Thickness>13,0</Thickness>	<EstimateCode>Kaiflex_ST_13x22</EstimateCode></IsolationSubType>
  <IsolationSubType><SizeName>13x25</SizeName>	<d2max>27,5</d2max>	<Thickness>13,0</Thickness>	<EstimateCode>Kaiflex_ST_13x25</EstimateCode></IsolationSubType>
  <IsolationSubType><SizeName>13x28</SizeName>	<d2max>30,5</d2max>	<Thickness>13,5</Thickness>	<EstimateCode>Kaiflex_ST_13x28</EstimateCode></IsolationSubType>
  <IsolationSubType><SizeName>13x30</SizeName>	<d2max>33,0</d2max>	<Thickness>13,5</Thickness>	<EstimateCode>Kaiflex_ST_13x30</EstimateCode></IsolationSubType>
  <IsolationSubType><SizeName>13x35</SizeName>	<d2max>38,0</d2max>	<Thickness>14,0</Thickness>	<EstimateCode>Kaiflex_ST_13x35</EstimateCode></IsolationSubType>
  <IsolationSubType><SizeName>13x42</SizeName>	<d2max>45,5</d2max>	<Thickness>14,5</Thickness>	<EstimateCode>Kaiflex_ST_13x42</EstimateCode></IsolationSubType>
  <IsolationSubType><SizeName>13x45</SizeName>	<d2max>47,5</d2max>	<Thickness>14,5</Thickness>	<EstimateCode>Kaiflex_ST_13x45</EstimateCode></IsolationSubType>
  <IsolationSubType><SizeName>13x48</SizeName>	<d2max>51,5</d2max>	<Thickness>14,5</Thickness>	<EstimateCode>Kaiflex_ST_13x48</EstimateCode></IsolationSubType>
  <IsolationSubType><SizeName>13x54</SizeName>	<d2max>57,0</d2max>	<Thickness>14,5</Thickness>	<EstimateCode>Kaiflex_ST_13x54</EstimateCode></IsolationSubType>
  <IsolationSubType><SizeName>13x57</SizeName>	<d2max>60,0</d2max>	<Thickness>15,0</Thickness>	<EstimateCode>Kaiflex_ST_13x57</EstimateCode></IsolationSubType>
  <IsolationSubType><SizeName>13x60</SizeName>	<d2max>63,5</d2max>	<Thickness>15,0</Thickness>	<EstimateCode>Kaiflex_ST_13x60</EstimateCode></IsolationSubType>
  <IsolationSubType><SizeName>13x64</SizeName>	<d2max>67,5</d2max>	<Thickness>15,0</Thickness>	<EstimateCode>Kaiflex_ST_13x64</EstimateCode></IsolationSubType>
  <IsolationSubType><SizeName>13x70</SizeName>	<d2max>73,5</d2max>	<Thickness>15,0</Thickness>	<EstimateCode>Kaiflex_ST_13x70</EstimateCode></IsolationSubType>
  <IsolationSubType><SizeName>13x76</SizeName>	<d2max>79,5</d2max>	<Thickness>15,0</Thickness>	<EstimateCode>Kaiflex_ST_13x76</EstimateCode></IsolationSubType>
  <IsolationSubType><SizeName>13x80</SizeName>	<d2max>84,0</d2max>	<Thickness>15,5</Thickness>	<EstimateCode>Kaiflex_ST_13x80</EstimateCode></IsolationSubType>
  <IsolationSubType><SizeName>13x89</SizeName>	<d2max>93,5</d2max>	<Thickness>15,5</Thickness>	<EstimateCode>Kaiflex_ST_13x89</EstimateCode></IsolationSubType>
  <IsolationSubType><SizeName>13x102</SizeName>	<d2max>108,0</d2max>	<Thickness>15,5</Thickness>	<EstimateCode>Kaiflex_ST_13x102</EstimateCode></IsolationSubType>
  <IsolationSubType><SizeName>13x108</SizeName>	<d2max>113,0</d2max>	<Thickness>15,5</Thickness>	<EstimateCode>Kaiflex_ST_13x108</EstimateCode></IsolationSubType>
  <IsolationSubType><SizeName>13x114</SizeName>	<d2max>120,0</d2max>	<Thickness>16,0</Thickness>	<EstimateCode>Kaiflex_ST_13x114</EstimateCode></IsolationSubType>
  <IsolationSubType><SizeName>13x125</SizeName>	<d2max>131,0</d2max>	<Thickness>16,0</Thickness>	<EstimateCode>Kaiflex_ST_13x125</EstimateCode></IsolationSubType>
  <IsolationSubType><SizeName>13x133</SizeName>	<d2max>139,0</d2max>	<Thickness>16,0</Thickness>	<EstimateCode>Kaiflex_ST_13x133</EstimateCode></IsolationSubType>
  <IsolationSubType><SizeName>13x140</SizeName>	<d2max>146,0</d2max>	<Thickness>16,0</Thickness>	<EstimateCode>Kaiflex_ST_13x140</EstimateCode></IsolationSubType>
  <IsolationSubType><SizeName>13x160</SizeName>	<d2max>167,0</d2max>	<Thickness>16,0</Thickness>	<EstimateCode>Kaiflex_ST_13x160</EstimateCode></IsolationSubType>
</WinWattDBIsolation>

<WinWattDBIsolation>
  <ItemHeader>
    <Date><Year>2006</Year><Month>2</Month><Day>25</Day></Date>
    <ItemPath>KAIMANN</ItemPath>
    <ItemName>Kaiflex ST 19</ItemName>
     <HomePage></HomePage></ItemHeader>
   <NameBase>"Kaiflex ST "</NameBase>
  <ThermalCond>0,036</ThermalCond>
  <IsolationSubType><SizeName>19x10</SizeName>	<d2max>13,5</d2max>	<Thickness>19,0</Thickness>	<EstimateCode>Kaiflex_ST_19x10</EstimateCode></IsolationSubType>
  <IsolationSubType><SizeName>19x12</SizeName>	<d2max>14,5</d2max>	<Thickness>19,0</Thickness>	<EstimateCode>Kaiflex_ST_19x12</EstimateCode></IsolationSubType>
  <IsolationSubType><SizeName>19x15</SizeName>	<d2max>17,5</d2max>	<Thickness>19,0</Thickness>	<EstimateCode>Kaiflex_ST_19x15</EstimateCode></IsolationSubType>
  <IsolationSubType><SizeName>19x18</SizeName>	<d2max>20,5</d2max>	<Thickness>19,0</Thickness>	<EstimateCode>Kaiflex_ST_19x18</EstimateCode></IsolationSubType>
  <IsolationSubType><SizeName>19x22</SizeName>	<d2max>24,5</d2max>	<Thickness>19,5</Thickness>	<EstimateCode>Kaiflex_ST_19x22</EstimateCode></IsolationSubType>
  <IsolationSubType><SizeName>19x25</SizeName>	<d2max>27,5</d2max>	<Thickness>19,5</Thickness>	<EstimateCode>Kaiflex_ST_19x25</EstimateCode></IsolationSubType>
  <IsolationSubType><SizeName>19x28</SizeName>	<d2max>30,5</d2max>	<Thickness>19,5</Thickness>	<EstimateCode>Kaiflex_ST_19x28</EstimateCode></IsolationSubType>
  <IsolationSubType><SizeName>19x30</SizeName>	<d2max>33,0</d2max>	<Thickness>20,0</Thickness>	<EstimateCode>Kaiflex_ST_19x30</EstimateCode></IsolationSubType>
  <IsolationSubType><SizeName>19x35</SizeName>	<d2max>38,0</d2max>	<Thickness>20,0</Thickness>	<EstimateCode>Kaiflex_ST_19x35</EstimateCode></IsolationSubType>
  <IsolationSubType><SizeName>19x42</SizeName>	<d2max>45,5</d2max>	<Thickness>20,0</Thickness>	<EstimateCode>Kaiflex_ST_19x42</EstimateCode></IsolationSubType>
  <IsolationSubType><SizeName>19x45</SizeName>	<d2max>47,5</d2max>	<Thickness>20,5</Thickness>	<EstimateCode>Kaiflex_ST_19x45</EstimateCode></IsolationSubType>
  <IsolationSubType><SizeName>19x48</SizeName>	<d2max>51,5</d2max>	<Thickness>20,5</Thickness>	<EstimateCode>Kaiflex_ST_19x48</EstimateCode></IsolationSubType>
  <IsolationSubType><SizeName>19x54</SizeName>	<d2max>57,0</d2max>	<Thickness>20,5</Thickness>	<EstimateCode>Kaiflex_ST_19x54</EstimateCode></IsolationSubType>
  <IsolationSubType><SizeName>19x57</SizeName>	<d2max>60,0</d2max>	<Thickness>21,0</Thickness>	<EstimateCode>Kaiflex_ST_19x57</EstimateCode></IsolationSubType>
  <IsolationSubType><SizeName>19x60</SizeName>	<d2max>63,5</d2max>	<Thickness>21,0</Thickness>	<EstimateCode>Kaiflex_ST_19x60</EstimateCode></IsolationSubType>
  <IsolationSubType><SizeName>19x64</SizeName>	<d2max>67,5</d2max>	<Thickness>21,0</Thickness>	<EstimateCode>Kaiflex_ST_19x64</EstimateCode></IsolationSubType>
  <IsolationSubType><SizeName>19x70</SizeName>	<d2max>73,5</d2max>	<Thickness>21,5</Thickness>	<EstimateCode>Kaiflex_ST_19x70</EstimateCode></IsolationSubType>
  <IsolationSubType><SizeName>19x76</SizeName>	<d2max>79,5</d2max>	<Thickness>21,5</Thickness>	<EstimateCode>Kaiflex_ST_19x76</EstimateCode></IsolationSubType>
  <IsolationSubType><SizeName>19x80</SizeName>	<d2max>84,0</d2max>	<Thickness>22,0</Thickness>	<EstimateCode>Kaiflex_ST_19x80</EstimateCode></IsolationSubType>
  <IsolationSubType><SizeName>19x89</SizeName>	<d2max>93,5</d2max>	<Thickness>22,0</Thickness>	<EstimateCode>Kaiflex_ST_19x89</EstimateCode></IsolationSubType>
  <IsolationSubType><SizeName>19x102</SizeName>	<d2max>108,0</d2max>	<Thickness>22,5</Thickness>	<EstimateCode>Kaiflex_ST_19x102</EstimateCode></IsolationSubType>
  <IsolationSubType><SizeName>19x108</SizeName>	<d2max>113,0</d2max>	<Thickness>22,5</Thickness>	<EstimateCode>Kaiflex_ST_19x108</EstimateCode></IsolationSubType>
  <IsolationSubType><SizeName>19x114</SizeName>	<d2max>120,0</d2max>	<Thickness>23,0</Thickness>	<EstimateCode>Kaiflex_ST_19x114</EstimateCode></IsolationSubType>
  <IsolationSubType><SizeName>19x125</SizeName>	<d2max>131,0</d2max>	<Thickness>23,0</Thickness>	<EstimateCode>Kaiflex_ST_19x125</EstimateCode></IsolationSubType>
  <IsolationSubType><SizeName>19x133</SizeName>	<d2max>139,0</d2max>	<Thickness>23,0</Thickness>	<EstimateCode>Kaiflex_ST_19x133</EstimateCode></IsolationSubType>
  <IsolationSubType><SizeName>19x140</SizeName>	<d2max>146,0</d2max>	<Thickness>23,5</Thickness>	<EstimateCode>Kaiflex_ST_19x140</EstimateCode></IsolationSubType>
  <IsolationSubType><SizeName>19x160</SizeName>	<d2max>167,0</d2max>	<Thickness>23,5</Thickness>	<EstimateCode>Kaiflex_ST_19x160</EstimateCode></IsolationSubType>
</WinWattDBIsolation>

<WinWattDBIsolation>
  <ItemHeader>
    <Date><Year>2006</Year><Month>2</Month><Day>25</Day></Date>
    <ItemPath>KAIMANN</ItemPath>
    <ItemName>Kaiflex ST 25</ItemName>
     <HomePage></HomePage></ItemHeader>
   <NameBase>"Kaiflex ST "</NameBase>
  <ThermalCond>0,036</ThermalCond>
  <IsolationSubType><SizeName>25x18</SizeName>	<d2max>20,5</d2max>	<Thickness>25,0</Thickness>	<EstimateCode>Kaiflex_ST_25x18</EstimateCode></IsolationSubType>
  <IsolationSubType><SizeName>25x22</SizeName>	<d2max>24,5</d2max>	<Thickness>25,0</Thickness>	<EstimateCode>Kaiflex_ST_25x22</EstimateCode></IsolationSubType>
  <IsolationSubType><SizeName>25x28</SizeName>	<d2max>30,5</d2max>	<Thickness>25,0</Thickness>	<EstimateCode>Kaiflex_ST_25x28</EstimateCode></IsolationSubType>
  <IsolationSubType><SizeName>25x35</SizeName>	<d2max>38,0</d2max>	<Thickness>25,5</Thickness>	<EstimateCode>Kaiflex_ST_25x35</EstimateCode></IsolationSubType>
  <IsolationSubType><SizeName>25x42</SizeName>	<d2max>45,5</d2max>	<Thickness>26,0</Thickness>	<EstimateCode>Kaiflex_ST_25x42</EstimateCode></IsolationSubType>
  <IsolationSubType><SizeName>25x48</SizeName>	<d2max>51,5</d2max>	<Thickness>26,5</Thickness>	<EstimateCode>Kaiflex_ST_25x48</EstimateCode></IsolationSubType>
  <IsolationSubType><SizeName>25x54</SizeName>	<d2max>57,0</d2max>	<Thickness>26,5</Thickness>	<EstimateCode>Kaiflex_ST_25x54</EstimateCode></IsolationSubType>
  <IsolationSubType><SizeName>25x60</SizeName>	<d2max>63,5</d2max>	<Thickness>27,0</Thickness>	<EstimateCode>Kaiflex_ST_25x60</EstimateCode></IsolationSubType>
  <IsolationSubType><SizeName>25x64</SizeName>	<d2max>67,5</d2max>	<Thickness>27,0</Thickness>	<EstimateCode>Kaiflex_ST_25x64</EstimateCode></IsolationSubType>
  <IsolationSubType><SizeName>25x70</SizeName>	<d2max>73,5</d2max>	<Thickness>27,5</Thickness>	<EstimateCode>Kaiflex_ST_25x70</EstimateCode></IsolationSubType>
  <IsolationSubType><SizeName>25x76</SizeName>	<d2max>79,5</d2max>	<Thickness>27,5</Thickness>	<EstimateCode>Kaiflex_ST_25x76</EstimateCode></IsolationSubType>
  <IsolationSubType><SizeName>25x89</SizeName>	<d2max>93,5</d2max>	<Thickness>28,0</Thickness>	<EstimateCode>Kaiflex_ST_25x89</EstimateCode></IsolationSubType>
  <IsolationSubType><SizeName>25x108</SizeName>	<d2max>113,0</d2max>	<Thickness>28,5</Thickness>	<EstimateCode>Kaiflex_ST_25x108</EstimateCode></IsolationSubType>
  <IsolationSubType><SizeName>25x114</SizeName>	<d2max>120,0</d2max>	<Thickness>29,0</Thickness>	<EstimateCode>Kaiflex_ST_25x114</EstimateCode></IsolationSubType>
  <IsolationSubType><SizeName>25x140</SizeName>	<d2max>146,0</d2max>	<Thickness>29,5</Thickness>	<EstimateCode>Kaiflex_ST_25x140</EstimateCode></IsolationSubType>
</WinWattDBIsolation>

<WinWattDBIsolation>
  <ItemHeader>
    <Date><Year>2006</Year><Month>2</Month><Day>25</Day></Date>
    <ItemPath>KAIMANN</ItemPath>
    <ItemName>Kaiflex ST 32</ItemName>
     <HomePage></HomePage></ItemHeader>
   <NameBase>"Kaiflex ST "</NameBase>
  <ThermalCond>0,036</ThermalCond>
  <IsolationSubType><SizeName>32x18</SizeName>	<d2max>20,5</d2max>	<Thickness>32,0</Thickness>	<EstimateCode>Kaiflex_ST_32x18</EstimateCode></IsolationSubType>
  <IsolationSubType><SizeName>32x22</SizeName>	<d2max>24,5</d2max>	<Thickness>32,0</Thickness>	<EstimateCode>Kaiflex_ST_32x22</EstimateCode></IsolationSubType>
  <IsolationSubType><SizeName>32x28</SizeName>	<d2max>30,5</d2max>	<Thickness>32,5</Thickness>	<EstimateCode>Kaiflex_ST_32x28</EstimateCode></IsolationSubType>
  <IsolationSubType><SizeName>32x35</SizeName>	<d2max>38,0</d2max>	<Thickness>32,5</Thickness>	<EstimateCode>Kaiflex_ST_32x35</EstimateCode></IsolationSubType>
  <IsolationSubType><SizeName>32x42</SizeName>	<d2max>45,5</d2max>	<Thickness>33,0</Thickness>	<EstimateCode>Kaiflex_ST_32x42</EstimateCode></IsolationSubType>
  <IsolationSubType><SizeName>32x48</SizeName>	<d2max>51,5</d2max>	<Thickness>33,0</Thickness>	<EstimateCode>Kaiflex_ST_32x48</EstimateCode></IsolationSubType>
  <IsolationSubType><SizeName>32x54</SizeName>	<d2max>57,0</d2max>	<Thickness>33,5</Thickness>	<EstimateCode>Kaiflex_ST_32x54</EstimateCode></IsolationSubType>
  <IsolationSubType><SizeName>32x57</SizeName>	<d2max>60,0</d2max>	<Thickness>33,5</Thickness>	<EstimateCode>Kaiflex_ST_32x57</EstimateCode></IsolationSubType>
  <IsolationSubType><SizeName>32x60</SizeName>	<d2max>63,5</d2max>	<Thickness>34,0</Thickness>	<EstimateCode>Kaiflex_ST_32x60</EstimateCode></IsolationSubType>
  <IsolationSubType><SizeName>32x64</SizeName>	<d2max>67,5</d2max>	<Thickness>34,0</Thickness>	<EstimateCode>Kaiflex_ST_32x64</EstimateCode></IsolationSubType>
  <IsolationSubType><SizeName>32x70</SizeName>	<d2max>73,5</d2max>	<Thickness>34,5</Thickness>	<EstimateCode>Kaiflex_ST_32x70</EstimateCode></IsolationSubType>
  <IsolationSubType><SizeName>32x76</SizeName>	<d2max>79,5</d2max>	<Thickness>34,5</Thickness>	<EstimateCode>Kaiflex_ST_32x76</EstimateCode></IsolationSubType>
  <IsolationSubType><SizeName>32x80</SizeName>	<d2max>84,0</d2max>	<Thickness>35,0</Thickness>	<EstimateCode>Kaiflex_ST_32x80</EstimateCode></IsolationSubType>
  <IsolationSubType><SizeName>32x89</SizeName>	<d2max>93,5</d2max>	<Thickness>35,0</Thickness>	<EstimateCode>Kaiflex_ST_32x89</EstimateCode></IsolationSubType>
  <IsolationSubType><SizeName>32x102</SizeName>	<d2max>108,0</d2max>	<Thickness>35,5</Thickness>	<EstimateCode>Kaiflex_ST_32x102</EstimateCode></IsolationSubType>
  <IsolationSubType><SizeName>32x108</SizeName>	<d2max>113,0</d2max>	<Thickness>35,5</Thickness>	<EstimateCode>Kaiflex_ST_32x108</EstimateCode></IsolationSubType>
  <IsolationSubType><SizeName>32x114</SizeName>	<d2max>120,0</d2max>	<Thickness>36,0</Thickness>	<EstimateCode>Kaiflex_ST_32x114</EstimateCode></IsolationSubType>
  <IsolationSubType><SizeName>32x133</SizeName>	<d2max>139,0</d2max>	<Thickness>36,0</Thickness>	<EstimateCode>Kaiflex_ST_32x133</EstimateCode></IsolationSubType>
  <IsolationSubType><SizeName>32x140</SizeName>	<d2max>146,0</d2max>	<Thickness>36,5</Thickness>	<EstimateCode>Kaiflex_ST_32x140</EstimateCode></IsolationSubType>
  <IsolationSubType><SizeName>32x160</SizeName>	<d2max>167,0</d2max>	<Thickness>37,0</Thickness>	<EstimateCode>Kaiflex_ST_32x160</EstimateCode></IsolationSubType>
</WinWattDBIsolation>


<WinWattDBIsolation>
  <ItemHeader>
    <Date><Year>2006</Year><Month>2</Month><Day>25</Day></Date>
    <ItemPath>KAIMANN</ItemPath>
    <ItemName>Kaiflex MT 9</ItemName>
     <HomePage></HomePage></ItemHeader>
   <NameBase>"Kaiflex MT "</NameBase>
  <ThermalCond>0,040</ThermalCond>
  <IsolationSubType><SizeName>9x10</SizeName>	<d2max>13,5</d2max>	<Thickness>9,0</Thickness>	<EstimateCode>Kaiflex_MT_9x10</EstimateCode></IsolationSubType>
  <IsolationSubType><SizeName>9x12</SizeName>	<d2max>14,5</d2max>	<Thickness>9,0</Thickness>	<EstimateCode>Kaiflex_MT_9x12</EstimateCode></IsolationSubType>
  <IsolationSubType><SizeName>9x15</SizeName>	<d2max>17,5</d2max>	<Thickness>9,0</Thickness>	<EstimateCode>Kaiflex_MT_9x15</EstimateCode></IsolationSubType>
  <IsolationSubType><SizeName>9x18</SizeName>	<d2max>20,5</d2max>	<Thickness>9,0</Thickness>	<EstimateCode>Kaiflex_MT_9x18</EstimateCode></IsolationSubType>
  <IsolationSubType><SizeName>9x22</SizeName>	<d2max>24,5</d2max>	<Thickness>9,0</Thickness>	<EstimateCode>Kaiflex_MT_9x22</EstimateCode></IsolationSubType>
  <IsolationSubType><SizeName>9x28</SizeName>	<d2max>30,5</d2max>	<Thickness>9,0</Thickness>	<EstimateCode>Kaiflex_MT_9x28</EstimateCode></IsolationSubType>
  <IsolationSubType><SizeName>9x35</SizeName>	<d2max>38,0</d2max>	<Thickness>9,0</Thickness>	<EstimateCode>Kaiflex_MT_9x35</EstimateCode></IsolationSubType>
  <IsolationSubType><SizeName>9x42</SizeName>	<d2max>45,5</d2max>	<Thickness>9,0</Thickness>	<EstimateCode>Kaiflex_MT_9x42</EstimateCode></IsolationSubType>
  <IsolationSubType><SizeName>9x48</SizeName>	<d2max>51,5</d2max>	<Thickness>9,0</Thickness>	<EstimateCode>Kaiflex_MT_9x48</EstimateCode></IsolationSubType>
  <IsolationSubType><SizeName>9x54</SizeName>	<d2max>57,0</d2max>	<Thickness>9,0</Thickness>	<EstimateCode>Kaiflex_MT_9x54</EstimateCode></IsolationSubType>
  <IsolationSubType><SizeName>9x57</SizeName>	<d2max>60,0</d2max>	<Thickness>9,0</Thickness>	<EstimateCode>Kaiflex_MT_9x57</EstimateCode></IsolationSubType>
  <IsolationSubType><SizeName>9x60</SizeName>	<d2max>63,5</d2max>	<Thickness>9,0</Thickness>	<EstimateCode>Kaiflex_MT_9x60</EstimateCode></IsolationSubType>
  <IsolationSubType><SizeName>9x76</SizeName>	<d2max>79,5</d2max>	<Thickness>9,0</Thickness>	<EstimateCode>Kaiflex_MT_9x76</EstimateCode></IsolationSubType>
  <IsolationSubType><SizeName>9x89</SizeName>	<d2max>93,5</d2max>	<Thickness>9,0</Thickness>	<EstimateCode>Kaiflex_MT_9x89</EstimateCode></IsolationSubType>
</WinWattDBIsolation>

<WinWattDBIsolation>
  <ItemHeader>
    <Date><Year>2006</Year><Month>2</Month><Day>25</Day></Date>
    <ItemPath>KAIMANN</ItemPath>
    <ItemName>Kaiflex MT 13</ItemName>
     <HomePage></HomePage></ItemHeader>
   <NameBase>"Kaiflex MT "</NameBase>
  <ThermalCond>0,040</ThermalCond>
  <IsolationSubType><SizeName>13x10</SizeName>	<d2max>13,5</d2max>	<Thickness>13,0</Thickness>	<EstimateCode>Kaiflex_MT_13x10</EstimateCode></IsolationSubType>
  <IsolationSubType><SizeName>13x12</SizeName>	<d2max>14,5</d2max>	<Thickness>13,0</Thickness>	<EstimateCode>Kaiflex_MT_13x12</EstimateCode></IsolationSubType>
  <IsolationSubType><SizeName>13x15</SizeName>	<d2max>17,5</d2max>	<Thickness>13,0</Thickness>	<EstimateCode>Kaiflex_MT_13x15</EstimateCode></IsolationSubType>
  <IsolationSubType><SizeName>13x18</SizeName>	<d2max>20,5</d2max>	<Thickness>13,0</Thickness>	<EstimateCode>Kaiflex_MT_13x18</EstimateCode></IsolationSubType>
  <IsolationSubType><SizeName>13x22</SizeName>	<d2max>24,5</d2max>	<Thickness>13,0</Thickness>	<EstimateCode>Kaiflex_MT_13x22</EstimateCode></IsolationSubType>
  <IsolationSubType><SizeName>13x28</SizeName>	<d2max>30,5</d2max>	<Thickness>13,0</Thickness>	<EstimateCode>Kaiflex_MT_13x28</EstimateCode></IsolationSubType>
  <IsolationSubType><SizeName>13x35</SizeName>	<d2max>38,0</d2max>	<Thickness>13,0</Thickness>	<EstimateCode>Kaiflex_MT_13x35</EstimateCode></IsolationSubType>
  <IsolationSubType><SizeName>13x42</SizeName>	<d2max>45,5</d2max>	<Thickness>13,0</Thickness>	<EstimateCode>Kaiflex_MT_13x42</EstimateCode></IsolationSubType>
  <IsolationSubType><SizeName>13x48</SizeName>	<d2max>51,5</d2max>	<Thickness>13,0</Thickness>	<EstimateCode>Kaiflex_MT_13x48</EstimateCode></IsolationSubType>
  <IsolationSubType><SizeName>13x54</SizeName>	<d2max>57,0</d2max>	<Thickness>13,0</Thickness>	<EstimateCode>Kaiflex_MT_13x54</EstimateCode></IsolationSubType>
  <IsolationSubType><SizeName>13x57</SizeName>	<d2max>60,0</d2max>	<Thickness>13,0</Thickness>	<EstimateCode>Kaiflex_MT_13x57</EstimateCode></IsolationSubType>
  <IsolationSubType><SizeName>13x60</SizeName>	<d2max>63,5</d2max>	<Thickness>13,0</Thickness>	<EstimateCode>Kaiflex_MT_13x60</EstimateCode></IsolationSubType>
  <IsolationSubType><SizeName>13x76</SizeName>	<d2max>79,5</d2max>	<Thickness>13,0</Thickness>	<EstimateCode>Kaiflex_MT_13x76</EstimateCode></IsolationSubType>
  <IsolationSubType><SizeName>13x89</SizeName>	<d2max>93,5</d2max>	<Thickness>13,0</Thickness>	<EstimateCode>Kaiflex_MT_13x89</EstimateCode></IsolationSubType>
</WinWattDBIsolation>

<WinWattDBIsolation>
  <ItemHeader>
    <Date><Year>2006</Year><Month>2</Month><Day>25</Day></Date>
    <ItemPath>KAIMANN</ItemPath>
    <ItemName>Kaiflex MT 19</ItemName>
     <HomePage></HomePage></ItemHeader>
   <NameBase>"Kaiflex MT "</NameBase>
  <ThermalCond>0,040</ThermalCond>
  <IsolationSubType><SizeName>19x12</SizeName>	<d2max>14,5</d2max>	<Thickness>19,0</Thickness>	<EstimateCode>Kaiflex_MT_19x12</EstimateCode></IsolationSubType>
  <IsolationSubType><SizeName>19x15</SizeName>	<d2max>17,5</d2max>	<Thickness>19,0</Thickness>	<EstimateCode>Kaiflex_MT_19x15</EstimateCode></IsolationSubType>
  <IsolationSubType><SizeName>19x18</SizeName>	<d2max>20,5</d2max>	<Thickness>19,0</Thickness>	<EstimateCode>Kaiflex_MT_19x18</EstimateCode></IsolationSubType>
  <IsolationSubType><SizeName>19x22</SizeName>	<d2max>24,5</d2max>	<Thickness>19,0</Thickness>	<EstimateCode>Kaiflex_MT_19x22</EstimateCode></IsolationSubType>
  <IsolationSubType><SizeName>19x28</SizeName>	<d2max>30,5</d2max>	<Thickness>19,0</Thickness>	<EstimateCode>Kaiflex_MT_19x28</EstimateCode></IsolationSubType>
  <IsolationSubType><SizeName>19x35</SizeName>	<d2max>38,0</d2max>	<Thickness>19,0</Thickness>	<EstimateCode>Kaiflex_MT_19x35</EstimateCode></IsolationSubType>
  <IsolationSubType><SizeName>19x42</SizeName>	<d2max>45,5</d2max>	<Thickness>19,0</Thickness>	<EstimateCode>Kaiflex_MT_19x42</EstimateCode></IsolationSubType>
  <IsolationSubType><SizeName>19x48</SizeName>	<d2max>51,5</d2max>	<Thickness>19,0</Thickness>	<EstimateCode>Kaiflex_MT_19x48</EstimateCode></IsolationSubType>
  <IsolationSubType><SizeName>19x54</SizeName>	<d2max>57,0</d2max>	<Thickness>19,0</Thickness>	<EstimateCode>Kaiflex_MT_19x54</EstimateCode></IsolationSubType>
  <IsolationSubType><SizeName>19x57</SizeName>	<d2max>60,0</d2max>	<Thickness>19,0</Thickness>	<EstimateCode>Kaiflex_MT_19x57</EstimateCode></IsolationSubType>
  <IsolationSubType><SizeName>19x60</SizeName>	<d2max>63,5</d2max>	<Thickness>19,0</Thickness>	<EstimateCode>Kaiflex_MT_19x60</EstimateCode></IsolationSubType>
  <IsolationSubType><SizeName>19x76</SizeName>	<d2max>79,5</d2max>	<Thickness>19,0</Thickness>	<EstimateCode>Kaiflex_MT_19x76</EstimateCode></IsolationSubType>
  <IsolationSubType><SizeName>19x89</SizeName>	<d2max>93,5</d2max>	<Thickness>19,0</Thickness>	<EstimateCode>Kaiflex_MT_19x89</EstimateCode></IsolationSubType>
</WinWattDBIsolation>

<WinWattDBIsolation>
  <ItemHeader>
    <Date><Year>2006</Year><Month>2</Month><Day>25</Day></Date>
    <ItemPath>KAIMANN</ItemPath>
    <ItemName>Kaiflex MT 25</ItemName>
     <HomePage></HomePage></ItemHeader>
   <NameBase>"Kaiflex MT "</NameBase>
  <ThermalCond>0,040</ThermalCond>
  <IsolationSubType><SizeName>25x12</SizeName>	<d2max>14,5</d2max>	<Thickness>25,0</Thickness>	<EstimateCode>Kaiflex_MT_25x12</EstimateCode></IsolationSubType>
  <IsolationSubType><SizeName>25x15</SizeName>	<d2max>17,5</d2max>	<Thickness>25,0</Thickness>	<EstimateCode>Kaiflex_MT_25x15</EstimateCode></IsolationSubType>
  <IsolationSubType><SizeName>25x18</SizeName>	<d2max>20,5</d2max>	<Thickness>25,0</Thickness>	<EstimateCode>Kaiflex_MT_25x18</EstimateCode></IsolationSubType>
  <IsolationSubType><SizeName>25x22</SizeName>	<d2max>24,5</d2max>	<Thickness>25,0</Thickness>	<EstimateCode>Kaiflex_MT_25x22</EstimateCode></IsolationSubType>
  <IsolationSubType><SizeName>25x28</SizeName>	<d2max>30,5</d2max>	<Thickness>25,0</Thickness>	<EstimateCode>Kaiflex_MT_25x28</EstimateCode></IsolationSubType>
  <IsolationSubType><SizeName>25x35</SizeName>	<d2max>38,0</d2max>	<Thickness>25,0</Thickness>	<EstimateCode>Kaiflex_MT_25x35</EstimateCode></IsolationSubType>
  <IsolationSubType><SizeName>25x42</SizeName>	<d2max>45,5</d2max>	<Thickness>25,0</Thickness>	<EstimateCode>Kaiflex_MT_25x42</EstimateCode></IsolationSubType>
  <IsolationSubType><SizeName>25x48</SizeName>	<d2max>51,5</d2max>	<Thickness>25,0</Thickness>	<EstimateCode>Kaiflex_MT_25x48</EstimateCode></IsolationSubType>
  <IsolationSubType><SizeName>25x54</SizeName>	<d2max>57,0</d2max>	<Thickness>25,0</Thickness>	<EstimateCode>Kaiflex_MT_25x54</EstimateCode></IsolationSubType>
  <IsolationSubType><SizeName>25x57</SizeName>	<d2max>60,0</d2max>	<Thickness>25,0</Thickness>	<EstimateCode>Kaiflex_MT_25x57</EstimateCode></IsolationSubType>
  <IsolationSubType><SizeName>25x60</SizeName>	<d2max>63,5</d2max>	<Thickness>25,0</Thickness>	<EstimateCode>Kaiflex_MT_25x60</EstimateCode></IsolationSubType>
  <IsolationSubType><SizeName>25x76</SizeName>	<d2max>79,5</d2max>	<Thickness>25,0</Thickness>	<EstimateCode>Kaiflex_MT_25x76</EstimateCode></IsolationSubType>
  <IsolationSubType><SizeName>25x89</SizeName>	<d2max>93,5</d2max>	<Thickness>25,0</Thickness>	<EstimateCode>Kaiflex_MT_25x89</EstimateCode></IsolationSubType>
</WinWattDBIsolation>


<WinWattDBIsolation>
  <ItemHeader>
    <Date><Year>2006</Year><Month>2</Month><Day>25</Day></Date>
    <ItemPath>KAIMANN</ItemPath>
    <ItemName>Kaiflex PE 5</ItemName>
     <HomePage></HomePage></ItemHeader>
   <NameBase>"Kaiflex PE "</NameBase>
  <ThermalCond>0,040</ThermalCond>
  <IsolationSubType><SizeName>5x15</SizeName>	<d2max>17,5</d2max>	<Thickness>5,0</Thickness>	<EstimateCode>Kaiflex_PE_5x15</EstimateCode></IsolationSubType>
  <IsolationSubType><SizeName>5x18</SizeName>	<d2max>20,5</d2max>	<Thickness>5,0</Thickness>	<EstimateCode>Kaiflex_PE_5x18</EstimateCode></IsolationSubType>
  <IsolationSubType><SizeName>5x22</SizeName>	<d2max>24,5</d2max>	<Thickness>5,0</Thickness>	<EstimateCode>Kaiflex_PE_5x22</EstimateCode></IsolationSubType>
  <IsolationSubType><SizeName>5x28</SizeName>	<d2max>30,5</d2max>	<Thickness>5,0</Thickness>	<EstimateCode>Kaiflex_PE_5x28</EstimateCode></IsolationSubType>
  <IsolationSubType><SizeName>5x35</SizeName>	<d2max>38,0</d2max>	<Thickness>5,0</Thickness>	<EstimateCode>Kaiflex_PE_5x35</EstimateCode></IsolationSubType>
</WinWattDBIsolation>

<WinWattDBIsolation>
  <ItemHeader>
    <Date><Year>2006</Year><Month>2</Month><Day>25</Day></Date>
    <ItemPath>KAIMANN</ItemPath>
    <ItemName>Kaiflex PE 9</ItemName>
     <HomePage></HomePage></ItemHeader>
   <NameBase>"Kaiflex PE "</NameBase>
  <ThermalCond>0,040</ThermalCond>
  <IsolationSubType><SizeName>9x12</SizeName>	<d2max>14,5</d2max>	<Thickness>9,0</Thickness>	<EstimateCode>Kaiflex_PE_9x12</EstimateCode></IsolationSubType>
  <IsolationSubType><SizeName>9x15</SizeName>	<d2max>17,5</d2max>	<Thickness>9,0</Thickness>	<EstimateCode>Kaiflex_PE_9x15</EstimateCode></IsolationSubType>
  <IsolationSubType><SizeName>9x18</SizeName>	<d2max>20,5</d2max>	<Thickness>9,0</Thickness>	<EstimateCode>Kaiflex_PE_9x18</EstimateCode></IsolationSubType>
  <IsolationSubType><SizeName>9x22</SizeName>	<d2max>24,5</d2max>	<Thickness>9,0</Thickness>	<EstimateCode>Kaiflex_PE_9x22</EstimateCode></IsolationSubType>
  <IsolationSubType><SizeName>9x28</SizeName>	<d2max>30,5</d2max>	<Thickness>9,0</Thickness>	<EstimateCode>Kaiflex_PE_9x28</EstimateCode></IsolationSubType>
  <IsolationSubType><SizeName>9x35</SizeName>	<d2max>38,0</d2max>	<Thickness>9,0</Thickness>	<EstimateCode>Kaiflex_PE_9x35</EstimateCode></IsolationSubType>
  <IsolationSubType><SizeName>9x42</SizeName>	<d2max>45,5</d2max>	<Thickness>9,0</Thickness>	<EstimateCode>Kaiflex_PE_9x42</EstimateCode></IsolationSubType>
  <IsolationSubType><SizeName>9x48</SizeName>	<d2max>51,5</d2max>	<Thickness>9,0</Thickness>	<EstimateCode>Kaiflex_PE_9x48</EstimateCode></IsolationSubType>
  <IsolationSubType><SizeName>9x54</SizeName>	<d2max>57,0</d2max>	<Thickness>9,0</Thickness>	<EstimateCode>Kaiflex_PE_9x54</EstimateCode></IsolationSubType>
  <IsolationSubType><SizeName>9x57</SizeName>	<d2max>60,0</d2max>	<Thickness>9,0</Thickness>	<EstimateCode>Kaiflex_PE_9x57</EstimateCode></IsolationSubType>
  <IsolationSubType><SizeName>9x60</SizeName>	<d2max>63,5</d2max>	<Thickness>9,0</Thickness>	<EstimateCode>Kaiflex_PE_9x60</EstimateCode></IsolationSubType>
  <IsolationSubType><SizeName>9x76</SizeName>	<d2max>79,5</d2max>	<Thickness>9,0</Thickness>	<EstimateCode>Kaiflex_PE_9x76</EstimateCode></IsolationSubType>
  <IsolationSubType><SizeName>9x89</SizeName>	<d2max>93,5</d2max>	<Thickness>9,0</Thickness>	<EstimateCode>Kaiflex_PE_9x89</EstimateCode></IsolationSubType>
  <IsolationSubType><SizeName>9x108</SizeName>	<d2max>113,0</d2max>	<Thickness>9,0</Thickness>	<EstimateCode>Kaiflex_PE_9x108</EstimateCode></IsolationSubType>
  <IsolationSubType><SizeName>9x114</SizeName>	<d2max>120,0</d2max>	<Thickness>9,0</Thickness>	<EstimateCode>Kaiflex_PE_9x114</EstimateCode></IsolationSubType>
</WinWattDBIsolation>

<WinWattDBIsolation>
  <ItemHeader>
    <Date><Year>2006</Year><Month>2</Month><Day>25</Day></Date>
    <ItemPath>KAIMANN</ItemPath>
    <ItemName>Kaiflex PE 13</ItemName>
     <HomePage></HomePage></ItemHeader>
   <NameBase>"Kaiflex PE "</NameBase>
  <ThermalCond>0,040</ThermalCond>
  <IsolationSubType><SizeName>13x12</SizeName>	<d2max>14,5</d2max>	<Thickness>13,0</Thickness>	<EstimateCode>Kaiflex_PE_13x12</EstimateCode></IsolationSubType>
  <IsolationSubType><SizeName>13x15</SizeName>	<d2max>17,5</d2max>	<Thickness>13,0</Thickness>	<EstimateCode>Kaiflex_PE_13x15</EstimateCode></IsolationSubType>
  <IsolationSubType><SizeName>13x18</SizeName>	<d2max>20,5</d2max>	<Thickness>13,0</Thickness>	<EstimateCode>Kaiflex_PE_13x18</EstimateCode></IsolationSubType>
  <IsolationSubType><SizeName>13x22</SizeName>	<d2max>24,5</d2max>	<Thickness>13,0</Thickness>	<EstimateCode>Kaiflex_PE_13x22</EstimateCode></IsolationSubType>
  <IsolationSubType><SizeName>13x28</SizeName>	<d2max>30,5</d2max>	<Thickness>13,0</Thickness>	<EstimateCode>Kaiflex_PE_13x28</EstimateCode></IsolationSubType>
  <IsolationSubType><SizeName>13x35</SizeName>	<d2max>38,0</d2max>	<Thickness>13,0</Thickness>	<EstimateCode>Kaiflex_PE_13x35</EstimateCode></IsolationSubType>
  <IsolationSubType><SizeName>13x42</SizeName>	<d2max>45,5</d2max>	<Thickness>13,0</Thickness>	<EstimateCode>Kaiflex_PE_13x42</EstimateCode></IsolationSubType>
  <IsolationSubType><SizeName>13x48</SizeName>	<d2max>51,5</d2max>	<Thickness>13,0</Thickness>	<EstimateCode>Kaiflex_PE_13x48</EstimateCode></IsolationSubType>
  <IsolationSubType><SizeName>13x54</SizeName>	<d2max>57,0</d2max>	<Thickness>13,0</Thickness>	<EstimateCode>Kaiflex_PE_13x54</EstimateCode></IsolationSubType>
  <IsolationSubType><SizeName>13x60</SizeName>	<d2max>63,5</d2max>	<Thickness>13,0</Thickness>	<EstimateCode>Kaiflex_PE_13x60</EstimateCode></IsolationSubType>
  <IsolationSubType><SizeName>13x76</SizeName>	<d2max>79,5</d2max>	<Thickness>13,0</Thickness>	<EstimateCode>Kaiflex_PE_13x76</EstimateCode></IsolationSubType>
  <IsolationSubType><SizeName>13x89</SizeName>	<d2max>93,5</d2max>	<Thickness>13,0</Thickness>	<EstimateCode>Kaiflex_PE_13x89</EstimateCode></IsolationSubType>
  <IsolationSubType><SizeName>13x108</SizeName>	<d2max>113,0</d2max>	<Thickness>13,0</Thickness>	<EstimateCode>Kaiflex_PE_13x108</EstimateCode></IsolationSubType>
  <IsolationSubType><SizeName>13x114</SizeName>	<d2max>120,0</d2max>	<Thickness>13,0</Thickness>	<EstimateCode>Kaiflex_PE_13x114</EstimateCode></IsolationSubType>
</WinWattDBIsolation>

<WinWattDBIsolation>
  <ItemHeader>
    <Date><Year>2006</Year><Month>2</Month><Day>25</Day></Date>
    <ItemPath>KAIMANN</ItemPath>
    <ItemName>Kaiflex PE 20</ItemName>
     <HomePage></HomePage></ItemHeader>
   <NameBase>"Kaiflex PE "</NameBase>
  <ThermalCond>0,040</ThermalCond>
  <IsolationSubType><SizeName>20x15</SizeName>	<d2max>17,5</d2max>	<Thickness>20,0</Thickness>	<EstimateCode>Kaiflex_PE_20x15</EstimateCode></IsolationSubType>
  <IsolationSubType><SizeName>20x18</SizeName>	<d2max>20,5</d2max>	<Thickness>20,0</Thickness>	<EstimateCode>Kaiflex_PE_20x18</EstimateCode></IsolationSubType>
  <IsolationSubType><SizeName>20x22</SizeName>	<d2max>24,5</d2max>	<Thickness>20,0</Thickness>	<EstimateCode>Kaiflex_PE_20x22</EstimateCode></IsolationSubType>
  <IsolationSubType><SizeName>20x28</SizeName>	<d2max>30,5</d2max>	<Thickness>20,0</Thickness>	<EstimateCode>Kaiflex_PE_20x28</EstimateCode></IsolationSubType>
  <IsolationSubType><SizeName>20x35</SizeName>	<d2max>38,0</d2max>	<Thickness>20,0</Thickness>	<EstimateCode>Kaiflex_PE_20x35</EstimateCode></IsolationSubType>
  <IsolationSubType><SizeName>20x42</SizeName>	<d2max>45,5</d2max>	<Thickness>20,0</Thickness>	<EstimateCode>Kaiflex_PE_20x42</EstimateCode></IsolationSubType>
  <IsolationSubType><SizeName>20x48</SizeName>	<d2max>51,5</d2max>	<Thickness>20,0</Thickness>	<EstimateCode>Kaiflex_PE_20x48</EstimateCode></IsolationSubType>
  <IsolationSubType><SizeName>20x54</SizeName>	<d2max>57,0</d2max>	<Thickness>20,0</Thickness>	<EstimateCode>Kaiflex_PE_20x54</EstimateCode></IsolationSubType>
  <IsolationSubType><SizeName>20x60</SizeName>	<d2max>63,5</d2max>	<Thickness>20,0</Thickness>	<EstimateCode>Kaiflex_PE_20x60</EstimateCode></IsolationSubType>
  <IsolationSubType><SizeName>20x76</SizeName>	<d2max>79,5</d2max>	<Thickness>20,0</Thickness>	<EstimateCode>Kaiflex_PE_20x76</EstimateCode></IsolationSubType>
  <IsolationSubType><SizeName>20x89</SizeName>	<d2max>93,5</d2max>	<Thickness>20,0</Thickness>	<EstimateCode>Kaiflex_PE_20x89</EstimateCode></IsolationSubType>
  <IsolationSubType><SizeName>20x108</SizeName>	<d2max>113,0</d2max>	<Thickness>20,0</Thickness>	<EstimateCode>Kaiflex_PE_20x108</EstimateCode></IsolationSubType>
  <IsolationSubType><SizeName>20x114</SizeName>	<d2max>120,0</d2max>	<Thickness>20,0</Thickness>	<EstimateCode>Kaiflex_PE_20x114</EstimateCode></IsolationSubType>
</WinWattDBIsolation>


<WinWattDBIsolation>
  <ItemHeader>
    <Date><Year>2006</Year><Month>2</Month><Day>25</Day></Date>
    <ItemPath>KAIMANN</ItemPath>
    <ItemName>Kaiflex PE-RO 9</ItemName>
     <HomePage></HomePage></ItemHeader>
   <NameBase>"Kaiflex PE-RO "</NameBase>
  <ThermalCond>0,040</ThermalCond>
  <IsolationSubType><SizeName>9x12</SizeName>	<d2max>14,5</d2max>	<Thickness>9,0</Thickness>	<EstimateCode>Kaiflex_PE-RO_9x12</EstimateCode></IsolationSubType>
  <IsolationSubType><SizeName>9x15</SizeName>	<d2max>17,5</d2max>	<Thickness>9,0</Thickness>	<EstimateCode>Kaiflex_PE-RO_9x15</EstimateCode></IsolationSubType>
  <IsolationSubType><SizeName>9x18</SizeName>	<d2max>20,5</d2max>	<Thickness>9,0</Thickness>	<EstimateCode>Kaiflex_PE-RO_9x18</EstimateCode></IsolationSubType>
  <IsolationSubType><SizeName>9x22</SizeName>	<d2max>24,5</d2max>	<Thickness>9,0</Thickness>	<EstimateCode>Kaiflex_PE-RO_9x22</EstimateCode></IsolationSubType>
  <IsolationSubType><SizeName>9x28</SizeName>	<d2max>30,5</d2max>	<Thickness>9,0</Thickness>	<EstimateCode>Kaiflex_PE-RO_9x28</EstimateCode></IsolationSubType>
  <IsolationSubType><SizeName>9x35</SizeName>	<d2max>38,0</d2max>	<Thickness>9,0</Thickness>	<EstimateCode>Kaiflex_PE-RO_9x35</EstimateCode></IsolationSubType>
  <IsolationSubType><SizeName>9x42</SizeName>	<d2max>45,5</d2max>	<Thickness>9,0</Thickness>	<EstimateCode>Kaiflex_PE-RO_9x42</EstimateCode></IsolationSubType>
</WinWattDBIsolation>

<WinWattDBIsolation>
  <ItemHeader>
    <Date><Year>2006</Year><Month>2</Month><Day>25</Day></Date>
    <ItemPath>KAIMANN</ItemPath>
    <ItemName>Kaiflex PE-RO 13</ItemName>
     <HomePage></HomePage></ItemHeader>
   <NameBase>"Kaiflex PE-RO "</NameBase>
  <ThermalCond>0,040</ThermalCond>
  <IsolationSubType><SizeName>13x12</SizeName>	<d2max>14,5</d2max>	<Thickness>13,0</Thickness>	<EstimateCode>Kaiflex_PE-RO_13x12</EstimateCode></IsolationSubType>
  <IsolationSubType><SizeName>13x15</SizeName>	<d2max>17,5</d2max>	<Thickness>13,0</Thickness>	<EstimateCode>Kaiflex_PE-RO_13x15</EstimateCode></IsolationSubType>
  <IsolationSubType><SizeName>13x18</SizeName>	<d2max>20,5</d2max>	<Thickness>13,0</Thickness>	<EstimateCode>Kaiflex_PE-RO_13x18</EstimateCode></IsolationSubType>
  <IsolationSubType><SizeName>13x22</SizeName>	<d2max>24,5</d2max>	<Thickness>13,0</Thickness>	<EstimateCode>Kaiflex_PE-RO_13x22</EstimateCode></IsolationSubType>
  <IsolationSubType><SizeName>13x28</SizeName>	<d2max>30,5</d2max>	<Thickness>13,0</Thickness>	<EstimateCode>Kaiflex_PE-RO_13x28</EstimateCode></IsolationSubType>
</WinWattDBIsolation>

<WinWattDBIsolation>
  <ItemHeader>
    <Date><Year>2006</Year><Month>2</Month><Day>25</Day></Date>
    <ItemPath>KAIMANN</ItemPath>
    <ItemName>Kaiflex PE-RO 20</ItemName>
     <HomePage></HomePage></ItemHeader>
   <NameBase>"Kaiflex PE-RO "</NameBase>
  <ThermalCond>0,040</ThermalCond>
  <IsolationSubType><SizeName>20x28</SizeName>	<d2max>30,5</d2max>	<Thickness>20,0</Thickness>	<EstimateCode>Kaiflex_PE-RO_20x28</EstimateCode></IsolationSubType>
  <IsolationSubType><SizeName>20x35</SizeName>	<d2max>38,0</d2max>	<Thickness>20,0</Thickness>	<EstimateCode>Kaiflex_PE-RO_20x35</EstimateCode></IsolationSubType>
  <IsolationSubType><SizeName>20x42</SizeName>	<d2max>45,5</d2max>	<Thickness>20,0</Thickness>	<EstimateCode>Kaiflex_PE-RO_20x42</EstimateCode></IsolationSubType>
</WinWattDBIsolation>

<WinWattDBIsolation>
  <ItemHeader>
    <Date><Year>2006</Year><Month>2</Month><Day>25</Day></Date>
    <ItemPath>KAIMANN</ItemPath>
    <ItemName>Kaiflex PE-DH 13</ItemName>
     <HomePage></HomePage></ItemHeader>
   <NameBase>"Kaiflex PE-DH "</NameBase>
  <ThermalCond>0,040</ThermalCond>
  <IsolationSubType><SizeName>13x15</SizeName>	<d2max>17,5</d2max>	<Thickness>13,0</Thickness>	<EstimateCode>Kaiflex_PE-DH_13x15</EstimateCode></IsolationSubType>
  <IsolationSubType><SizeName>13x18</SizeName>	<d2max>20,5</d2max>	<Thickness>13,0</Thickness>	<EstimateCode>Kaiflex_PE-DH_13x18</EstimateCode></IsolationSubType>
  <IsolationSubType><SizeName>13x22</SizeName>	<d2max>24,5</d2max>	<Thickness>13,0</Thickness>	<EstimateCode>Kaiflex_PE-DH_13x22</EstimateCode></IsolationSubType>
  <IsolationSubType><SizeName>13x28</SizeName>	<d2max>30,5</d2max>	<Thickness>13,0</Thickness>	<EstimateCode>Kaiflex_PE-DH_13x28</EstimateCode></IsolationSubType>
</WinWattDBIsolation>

<WinWattDBIsolation>
  <ItemHeader>
    <Date><Year>2006</Year><Month>2</Month><Day>25</Day></Date>
    <ItemPath>KAIMANN</ItemPath>
    <ItemName>Kaiflex PE-DH 25-27</ItemName>
     <HomePage></HomePage></ItemHeader>
   <NameBase>"Kaiflex PE-DH "</NameBase>
  <ThermalCond>0,040</ThermalCond>
  <IsolationSubType><SizeName>27x15</SizeName>	<d2max>17,5</d2max>	<Thickness>27,0</Thickness>	<EstimateCode>Kaiflex_PE-DH_27x15</EstimateCode></IsolationSubType>
  <IsolationSubType><SizeName>26x18</SizeName>	<d2max>20,5</d2max>	<Thickness>26,0</Thickness>	<EstimateCode>Kaiflex_PE-DH_26x18</EstimateCode></IsolationSubType>
  <IsolationSubType><SizeName>26x22</SizeName>	<d2max>24,5</d2max>	<Thickness>26,0</Thickness>	<EstimateCode>Kaiflex_PE-DH_26x22</EstimateCode></IsolationSubType>
  <IsolationSubType><SizeName>25x28</SizeName>	<d2max>30,5</d2max>	<Thickness>25,0</Thickness>	<EstimateCode>Kaiflex_PE-DH_25x28</EstimateCode></IsolationSubType>
</WinWattDBIsolation>


<WinWattDBIsolation>
  <ItemHeader>
    <Date><Year>2006</Year><Month>2</Month><Day>25</Day></Date>
    <ItemPath>KAIMANN</ItemPath>
    <ItemName>Kaiflex PE-DWS 4</ItemName>
     <HomePage></HomePage></ItemHeader>
   <NameBase>"Kaiflex PE-DWS "</NameBase>
  <ThermalCond>0,040</ThermalCond>
  <IsolationSubType><SizeName>4x15</SizeName>	<d2max>17,5</d2max>	<Thickness>4,0</Thickness>	<EstimateCode>Kaiflex_PE-DWS_4x15</EstimateCode></IsolationSubType>
  <IsolationSubType><SizeName>4x18</SizeName>	<d2max>20,5</d2max>	<Thickness>4,0</Thickness>	<EstimateCode>Kaiflex_PE-DWS_4x18</EstimateCode></IsolationSubType>
  <IsolationSubType><SizeName>4x22</SizeName>	<d2max>24,5</d2max>	<Thickness>4,0</Thickness>	<EstimateCode>Kaiflex_PE-DWS_4x22</EstimateCode></IsolationSubType>
  <IsolationSubType><SizeName>4x28</SizeName>	<d2max>30,5</d2max>	<Thickness>4,0</Thickness>	<EstimateCode>Kaiflex_PE-DWS_4x28</EstimateCode></IsolationSubType>
  <IsolationSubType><SizeName>4x35</SizeName>	<d2max>38,0</d2max>	<Thickness>4,0</Thickness>	<EstimateCode>Kaiflex_PE-DWS_4x35</EstimateCode></IsolationSubType>
  <IsolationSubType><SizeName>4x42</SizeName>	<d2max>45,5</d2max>	<Thickness>4,0</Thickness>	<EstimateCode>Kaiflex_PE-DWS_4x42</EstimateCode></IsolationSubType>
</WinWattDBIsolation>


<WinWattDBIsolation>
  <ItemHeader>
    <Date><Year>2006</Year><Month>2</Month><Day>25</Day></Date>
    <ItemPath>KAIMANN</ItemPath>
    <ItemName>Kaiflex PUR 035-PVC</ItemName>
     <HomePage></HomePage></ItemHeader>
   <NameBase>"Kaiflex PUR 035-PVC "</NameBase>
  <ThermalCond>0,040</ThermalCond>
  <IsolationSubType><SizeName>20x15</SizeName>	<d2max>17,5</d2max>	<Thickness>20,0</Thickness>	<EstimateCode>Kaiflex_PUR035PVC_20x15</EstimateCode></IsolationSubType>
  <IsolationSubType><SizeName>20x18</SizeName>	<d2max>20,5</d2max>	<Thickness>20,0</Thickness>	<EstimateCode>Kaiflex_PUR035PVC_20x18</EstimateCode></IsolationSubType>
  <IsolationSubType><SizeName>20x22</SizeName>	<d2max>24,5</d2max>	<Thickness>20,0</Thickness>	<EstimateCode>Kaiflex_PUR035PVC_20x22</EstimateCode></IsolationSubType>
  <IsolationSubType><SizeName>20x28</SizeName>	<d2max>30,5</d2max>	<Thickness>20,0</Thickness>	<EstimateCode>Kaiflex_PUR035PVC_20x28</EstimateCode></IsolationSubType>
  <IsolationSubType><SizeName>30x35</SizeName>	<d2max>38,0</d2max>	<Thickness>30,0</Thickness>	<EstimateCode>Kaiflex_PUR035PVC_30x35</EstimateCode></IsolationSubType>
  <IsolationSubType><SizeName>30x42</SizeName>	<d2max>45,5</d2max>	<Thickness>30,0</Thickness>	<EstimateCode>Kaiflex_PUR035PVC_30x42</EstimateCode></IsolationSubType>
  <IsolationSubType><SizeName>40x48</SizeName>	<d2max>51,5</d2max>	<Thickness>40,0</Thickness>	<EstimateCode>Kaiflex_PUR035PVC_40x48</EstimateCode></IsolationSubType>
  <IsolationSubType><SizeName>50x60</SizeName>	<d2max>63,5</d2max>	<Thickness>50,0</Thickness>	<EstimateCode>Kaiflex_PUR035PVC_50x60</EstimateCode></IsolationSubType>
</WinWattDBIsolation>

<WinWattDBIsolation>
  <ItemHeader>
    <Date><Year>2006</Year><Month>2</Month><Day>25</Day></Date>
    <ItemPath>KAIMANN</ItemPath>
    <ItemName>Kaiflex PUR 035-ALU</ItemName>
     <HomePage></HomePage></ItemHeader>
   <NameBase>"Kaiflex PUR 035-ALU "</NameBase>
  <ThermalCond>0,040</ThermalCond>
  <IsolationSubType><SizeName>20x15</SizeName>	<d2max>17,5</d2max>	<Thickness>20,0</Thickness>	<EstimateCode>Kaiflex_PUR035ALU_20x15</EstimateCode></IsolationSubType>
  <IsolationSubType><SizeName>20x18</SizeName>	<d2max>20,5</d2max>	<Thickness>20,0</Thickness>	<EstimateCode>Kaiflex_PUR035ALU_20x18</EstimateCode></IsolationSubType>
  <IsolationSubType><SizeName>20x22</SizeName>	<d2max>24,5</d2max>	<Thickness>20,0</Thickness>	<EstimateCode>Kaiflex_PUR035ALU_20x22</EstimateCode></IsolationSubType>
  <IsolationSubType><SizeName>20x28</SizeName>	<d2max>30,5</d2max>	<Thickness>20,0</Thickness>	<EstimateCode>Kaiflex_PUR035ALU_20x28</EstimateCode></IsolationSubType>
  <IsolationSubType><SizeName>30x35</SizeName>	<d2max>38,0</d2max>	<Thickness>30,0</Thickness>	<EstimateCode>Kaiflex_PUR035ALU_30x35</EstimateCode></IsolationSubType>
  <IsolationSubType><SizeName>30x42</SizeName>	<d2max>45,5</d2max>	<Thickness>30,0</Thickness>	<EstimateCode>Kaiflex_PUR035ALU_30x42</EstimateCode></IsolationSubType>
  <IsolationSubType><SizeName>30x48</SizeName>	<d2max>51,5</d2max>	<Thickness>30,0</Thickness>	<EstimateCode>Kaiflex_PUR035ALU_30x48</EstimateCode></IsolationSubType>
  <IsolationSubType><SizeName>30x60</SizeName>	<d2max>63,5</d2max>	<Thickness>30,0</Thickness>	<EstimateCode>Kaiflex_PUR035ALU_30x60</EstimateCode></IsolationSubType>
  <IsolationSubType><SizeName>40x76</SizeName>	<d2max>79,5</d2max>	<Thickness>40,0</Thickness>	<EstimateCode>Kaiflex_PUR035ALU_40x76</EstimateCode></IsolationSubType>
</WinWattDBIsolation>


</WinWattDB>                                                                       
                                                                                