<?xml version="1.0" encoding="ISO-8859-2" ?>
<WinWattDB>

<WinWattDBMedium>
  <ItemHeader>
    <Date><Year>2001</Year><Month>8</Month><Day>14</Day></Date>
    <ItemPath>Standard mediums</ItemPath>
    <ItemName>IDS_AIR</ItemName>
    <HomePage></HomePage></ItemHeader>
  <TempMin>-40</TempMin><TempMax>200</TempMax>
  <Characteristic Mode="polinom"><Name>C</Name>	<PolinomValue>6,2761E-12</PolinomValue>	<PolinomValue>-3,3948E-9</PolinomValue>	<PolinomValue>6,5256E-7</PolinomValue>	<PolinomValue>-5,0547E-5</PolinomValue>	<PolinomValue>0,000919</PolinomValue>	<PolinomValue>0,1767</PolinomValue>	<PolinomValue>1007,9</PolinomValue>	</Characteristic>
  <Characteristic Mode="polinom"><Name>nu</Name>	<PolinomValue>9,0551E-20</PolinomValue>	<PolinomValue>-5,3686E-17</PolinomValue>	<PolinomValue>1,0665E-14</PolinomValue>	<PolinomValue>-7,1212E-13</PolinomValue>	<PolinomValue>8,688E-11</PolinomValue>	<PolinomValue>9,1143E-8</PolinomValue>	<PolinomValue>1,3813E-5</PolinomValue>	</Characteristic>
  <Characteristic Mode="polinom"><Name>lambda</Name>	<PolinomValue>1,0507E-15</PolinomValue>	<PolinomValue>-5,2185E-13</PolinomValue>	<PolinomValue>7,959E-11</PolinomValue>	<PolinomValue>-1,589E-9</PolinomValue>	<PolinomValue>-5,9463E-7</PolinomValue>	<PolinomValue>0,00011079</PolinomValue>	<PolinomValue>0,0224</PolinomValue>	</Characteristic>
  <Characteristic Mode="polinom"><Name>ro</Name>	<PolinomValue> 5,72089E-16</PolinomValue>	<PolinomValue>-4,91162E-13</PolinomValue>	<PolinomValue>2,05833E-10</PolinomValue>	<PolinomValue>-6,27861E-8</PolinomValue>	<PolinomValue>1,73459E-5</PolinomValue>	<PolinomValue>-4,73430E-3</PolinomValue>	<PolinomValue>1,29300</PolinomValue>	</Characteristic>
  <Characteristic Mode="polinom"><Name>Pr</Name>	<PolinomValue>0</PolinomValue>	<PolinomValue>0</PolinomValue>	<PolinomValue>0</PolinomValue>	<PolinomValue>0</PolinomValue>	<PolinomValue>0</PolinomValue>	<PolinomValue>0</PolinomValue>	<PolinomValue>0,71</PolinomValue>	</Characteristic>
</WinWattDBMedium>

</WinWattDB>
