<?xml version="1.0" encoding="ISO-8859-2" ?>
<WinWattDB>

<WinWattDBGlobalMacro>
                                                                  
	<Macro ID="$rad1" Language="hun">Kompakt radi�torok</Macro>    

	<Macro ID="$rad2" Language="hun">Szelepes radi�torok</Macro>    

</WinWattDBGlobalMacro>

<WinWattDBRadiator DTLog="No">
  <ItemHeader Extinct="yes">
    <Date><Year>2001</Year><Month>7</Month><Day>15</Day></Date>
    <ItemPath>Vogel &amp; Noot</ItemPath>
    <ItemName>Vogel &amp; Noot $rad1</ItemName>
    <HomePage>//www.vogel-noot.hu</HomePage></ItemHeader>
  <DTOrigin>60</DTOrigin>
  <DimensionArray Type="Height" >
    <DimensionString Value="300" >300</DimensionString>
    <DimensionString Value="400" >400</DimensionString>
    <DimensionString Value="500" >500</DimensionString>
    <DimensionString Value="600" >600</DimensionString>
    <DimensionString Value="900" >900</DimensionString>
  </DimensionArray>
  <DimensionArray Type="Width" >
    <DimensionString Value="46" >10</DimensionString>
    <DimensionString Value="48" >11</DimensionString>
    <DimensionString Value="61" >11K</DimensionString>
    <DimensionString Value="80" >21K</DimensionString>
    <DimensionString Value="105" >22K</DimensionString>
    <DimensionString Value="166" >33K</DimensionString>
  </DimensionArray>
  <DimensionArray Type="Length" >
    <DimensionString Value="400" >400</DimensionString>
    <DimensionString Value="520" >520</DimensionString>
    <DimensionString Value="600" >600</DimensionString>
    <DimensionString Value="720" >720</DimensionString>
    <DimensionString Value="800" >800</DimensionString>
    <DimensionString Value="920" >920</DimensionString>
    <DimensionString Value="1000" >1000</DimensionString>
    <DimensionString Value="1120" >1120</DimensionString>
    <DimensionString Value="1200" >1200</DimensionString>
    <DimensionString Value="1320" >1320</DimensionString>
    <DimensionString Value="1400" >1400</DimensionString>
    <DimensionString Value="1600" >1600</DimensionString>
    <DimensionString Value="1800" >1800</DimensionString>
    <DimensionString Value="2000" >2000</DimensionString>
    <DimensionString Value="2200" >2200</DimensionString>
    <DimensionString Value="2400" >2400</DimensionString>
    <DimensionString Value="2600" >2600</DimensionString>
    <DimensionString Value="2800" >2800</DimensionString>
    <DimensionString Value="3000" >3000</DimensionString>
  </DimensionArray>
  <RadiatorMainType>	<MainTypeName>Vogel &amp; Noot 10 300-</MainTypeName>	<DimensionIndex>0</DimensionIndex>	<DimensionIndex>0</DimensionIndex>	<kvValue>2.52</kvValue>		<RadiatorSubTypeMacro From="0" To="18">	<Name>Vogel &amp; Noot 10 300-{S}</Name>	<Power>441.15</Power>	<Surface>0.75</Surface>		<Volume>2</Volume>	<Exponent>1.299</Exponent>	<EstimateCode>Vogel&amp;Noot_10_300-{S}</EstimateCode>	</RadiatorSubTypeMacro>	</RadiatorMainType>
  <RadiatorMainType>	<MainTypeName>Vogel &amp; Noot 10 400-</MainTypeName>	<DimensionIndex>1</DimensionIndex>	<DimensionIndex>0</DimensionIndex>	<kvValue>2.52</kvValue>		<RadiatorSubTypeMacro From="0" To="18">	<Name>Vogel &amp; Noot 10 400-{S}</Name>	<Power>561.92</Power>	<Surface>0.9692</Surface>	<Volume>2.6</Volume>	<Exponent>1.293</Exponent>	<EstimateCode>Vogel&amp;Noot_10_400-{S}</EstimateCode>	</RadiatorSubTypeMacro>	</RadiatorMainType>
  <RadiatorMainType>	<MainTypeName>Vogel &amp; Noot 10 500-</MainTypeName>	<DimensionIndex>2</DimensionIndex>	<DimensionIndex>0</DimensionIndex>	<kvValue>2.52</kvValue>		<RadiatorSubTypeMacro From="0" To="18">	<Name>Vogel &amp; Noot 10 500-{S}</Name>	<Power>678.85</Power>	<Surface>1.188</Surface>	<Volume>3.3</Volume>	<Exponent>1.297</Exponent>	<EstimateCode>Vogel&amp;Noot_10_500-{S}</EstimateCode>	</RadiatorSubTypeMacro>	</RadiatorMainType>
  <RadiatorMainType>	<MainTypeName>Vogel &amp; Noot 10 600-</MainTypeName>	<DimensionIndex>3</DimensionIndex>	<DimensionIndex>0</DimensionIndex>	<kvValue>2.52</kvValue>		<RadiatorSubTypeMacro From="0" To="18">	<Name>Vogel &amp; Noot 10 600-{S}</Name>	<Power>791.15</Power>	<Surface>1.346</Surface>	<Volume>3.7</Volume>	<Exponent>1.292</Exponent>	<EstimateCode>Vogel&amp;Noot_10_600-{S}</EstimateCode>	</RadiatorSubTypeMacro>	</RadiatorMainType>
  <RadiatorMainType>	<MainTypeName>Vogel &amp; Noot 10 900-</MainTypeName>	<DimensionIndex>4</DimensionIndex>	<DimensionIndex>0</DimensionIndex>	<kvValue>2.52</kvValue>		<RadiatorSubTypeMacro From="0" To="18">	<Name>Vogel &amp; Noot 10 900-{S}</Name>	<Power>1111.2</Power>	<Surface>2.008</Surface>	<Volume>5.1</Volume>	<Exponent>1.291</Exponent>	<EstimateCode>Vogel&amp;Noot_10_900-{S}</EstimateCode>	</RadiatorSubTypeMacro>	</RadiatorMainType>
  <RadiatorMainType>	<MainTypeName>Vogel &amp; Noot 11 300-</MainTypeName>	<DimensionIndex>0</DimensionIndex>	<DimensionIndex>1</DimensionIndex>	<kvValue>2.52</kvValue>		<RadiatorSubTypeMacro From="0" To="18">	<Name>Vogel &amp; Noot 11 300-{S}</Name>	<Power>736.15</Power>	<Surface>1.392</Surface>	<Volume>2</Volume>	<Exponent>1.316</Exponent>	<EstimateCode>Vogel&amp;Noot_11_300-{S}</EstimateCode>	</RadiatorSubTypeMacro>	</RadiatorMainType>
  <RadiatorMainType>	<MainTypeName>Vogel &amp; Noot 11 400-</MainTypeName>	<DimensionIndex>1</DimensionIndex>	<DimensionIndex>1</DimensionIndex>	<kvValue>2.52</kvValue>		<RadiatorSubTypeMacro From="0" To="18">	<Name>Vogel &amp; Noot 11 400-{S}</Name>	<Power>928.08</Power>	<Surface>1.769</Surface>	<Volume>2.6</Volume>	<Exponent>1.331</Exponent>	<EstimateCode>Vogel&amp;Noot_11_400-{S}</EstimateCode>	</RadiatorSubTypeMacro>	</RadiatorMainType>
  <RadiatorMainType>	<MainTypeName>Vogel &amp; Noot 11 500-</MainTypeName>	<DimensionIndex>2</DimensionIndex>	<DimensionIndex>1</DimensionIndex>	<kvValue>2.52</kvValue>		<RadiatorSubTypeMacro From="0" To="18">	<Name>Vogel &amp; Noot 11 500-{S}</Name>	<Power>1108.1</Power>	<Surface>2.146</Surface>	<Volume>3.3</Volume>	<Exponent>1.345</Exponent>	<EstimateCode>Vogel&amp;Noot_11_500-{S}</EstimateCode>	</RadiatorSubTypeMacro>	</RadiatorMainType>
  <RadiatorMainType>	<MainTypeName>Vogel &amp; Noot 11 600-</MainTypeName>	<DimensionIndex>3</DimensionIndex>	<DimensionIndex>1</DimensionIndex>	<kvValue>2.52</kvValue>		<RadiatorSubTypeMacro From="0" To="18">	<Name>Vogel &amp; Noot 11 600-{S}</Name>	<Power>1278.8</Power>	<Surface>2.492</Surface>	<Volume>3.7</Volume>	<Exponent>1.361</Exponent>	<EstimateCode>Vogel&amp;Noot_11_600-{S}</EstimateCode>	</RadiatorSubTypeMacro>	</RadiatorMainType>
  <RadiatorMainType>	<MainTypeName>Vogel &amp; Noot 11 900-</MainTypeName>	<DimensionIndex>4</DimensionIndex>	<DimensionIndex>1</DimensionIndex>	<kvValue>2.52</kvValue>		<RadiatorSubTypeMacro From="0" To="18">	<Name>Vogel &amp; Noot 11 900-{S}</Name>	<Power>1730.8</Power>	<Surface>3.369</Surface>	<Volume>5.1</Volume>	<Exponent>1.383</Exponent>	<EstimateCode>Vogel&amp;Noot_11_900-{S}</EstimateCode>	</RadiatorSubTypeMacro>	</RadiatorMainType>
  <RadiatorMainType>	<MainTypeName>Vogel &amp; Noot 11K 300-</MainTypeName>	<DimensionIndex>0</DimensionIndex>	<DimensionIndex>2</DimensionIndex>	<kvValue>2.52</kvValue>		<RadiatorSubTypeMacro From="0" To="18">	<Name>Vogel &amp; Noot 11K 300-{S}</Name>	<Power>723.85</Power>	<Surface>1.392</Surface>	<Volume>2</Volume>	<Exponent>1.36</Exponent>	<EstimateCode>Vogel&amp;Noot_11K_300-{S}</EstimateCode>	</RadiatorSubTypeMacro>	</RadiatorMainType>
  <RadiatorMainType>	<MainTypeName>Vogel &amp; Noot 11K 400-</MainTypeName>	<DimensionIndex>1</DimensionIndex>	<DimensionIndex>2</DimensionIndex>	<kvValue>2.52</kvValue>		<RadiatorSubTypeMacro From="0" To="18">	<Name>Vogel &amp; Noot 11K 400-{S}</Name>	<Power>906.92</Power>	<Surface>1.769</Surface>	<Volume>2.6</Volume>	<Exponent>1.359</Exponent>	<EstimateCode>Vogel&amp;Noot_11K_400-{S}</EstimateCode>	</RadiatorSubTypeMacro>	</RadiatorMainType>
  <RadiatorMainType>	<MainTypeName>Vogel &amp; Noot 11K 500-</MainTypeName>	<DimensionIndex>2</DimensionIndex>	<DimensionIndex>2</DimensionIndex>	<kvValue>2.52</kvValue>		<RadiatorSubTypeMacro From="0" To="18">	<Name>Vogel &amp; Noot 11K 500-{S}</Name>	<Power>1078.8</Power>	<Surface>2.146</Surface>	<Volume>3.3</Volume>	<Exponent>1.36</Exponent>	<EstimateCode>Vogel&amp;Noot_11K_500-{S}</EstimateCode>	</RadiatorSubTypeMacro>	</RadiatorMainType>
  <RadiatorMainType>	<MainTypeName>Vogel &amp; Noot 11K 600-</MainTypeName>	<DimensionIndex>3</DimensionIndex>	<DimensionIndex>2</DimensionIndex>	<kvValue>2.52</kvValue>		<RadiatorSubTypeMacro From="0" To="18">	<Name>Vogel &amp; Noot 11K 600-{S}</Name>	<Power>1243.8</Power>	<Surface>2.492</Surface>	<Volume>3.7</Volume>	<Exponent>1.359</Exponent>	<EstimateCode>Vogel&amp;Noot_11K_600-{S}</EstimateCode>	</RadiatorSubTypeMacro>	</RadiatorMainType>
  <RadiatorMainType>	<MainTypeName>Vogel &amp; Noot 11K 900-</MainTypeName>	<DimensionIndex>4</DimensionIndex>	<DimensionIndex>2</DimensionIndex>	<kvValue>2.52</kvValue>		<RadiatorSubTypeMacro From="0" To="18">	<Name>Vogel &amp; Noot 11K 900-{S}</Name>	<Power>1700</Power>	<Surface>3.369</Surface>	<Volume>5.1</Volume>	<Exponent>1.359</Exponent>	<EstimateCode>Vogel&amp;Noot_11K_900-{S}</EstimateCode>	</RadiatorSubTypeMacro>	</RadiatorMainType>
  <RadiatorMainType>	<MainTypeName>Vogel &amp; Noot 21K 300-</MainTypeName>	<DimensionIndex>0</DimensionIndex>	<DimensionIndex>3</DimensionIndex>	<kvValue>3.23</kvValue>		<RadiatorSubTypeMacro From="0" To="18">	<Name>Vogel &amp; Noot 21K 300-{S}</Name>	<Power>1073.1</Power>	<Surface>2.138</Surface>	<Volume>3.9</Volume>	<Exponent>1.356</Exponent>	<EstimateCode>Vogel&amp;Noot_21K_300-{S}</EstimateCode>	</RadiatorSubTypeMacro>	</RadiatorMainType>
  <RadiatorMainType>	<MainTypeName>Vogel &amp; Noot 21K 400-</MainTypeName>	<DimensionIndex>1</DimensionIndex>	<DimensionIndex>3</DimensionIndex>	<kvValue>3.23</kvValue>		<RadiatorSubTypeMacro From="0" To="18">	<Name>Vogel &amp; Noot 21K 400-{S}</Name>	<Power>1340</Power>	<Surface>2.731</Surface>	<Volume>5</Volume>	<Exponent>1.353</Exponent>	<EstimateCode>Vogel&amp;Noot_21K_400-{S}</EstimateCode>	</RadiatorSubTypeMacro>	</RadiatorMainType>
  <RadiatorMainType>	<MainTypeName>Vogel &amp; Noot 21K 500-</MainTypeName>	<DimensionIndex>2</DimensionIndex>	<DimensionIndex>3</DimensionIndex>	<kvValue>3.23</kvValue>		<RadiatorSubTypeMacro From="0" To="18">	<Name>Vogel &amp; Noot 21K 500-{S}</Name>	<Power>1588.8</Power>	<Surface>3.323</Surface>	<Volume>6.1</Volume>	<Exponent>1.35</Exponent>	<EstimateCode>Vogel&amp;Noot_21K_500-{S}</EstimateCode>	</RadiatorSubTypeMacro>	</RadiatorMainType>
  <RadiatorMainType>	<MainTypeName>Vogel &amp; Noot 21K 600-</MainTypeName>	<DimensionIndex>3</DimensionIndex>	<DimensionIndex>3</DimensionIndex>	<kvValue>3.23</kvValue>		<RadiatorSubTypeMacro From="0" To="18">	<Name>Vogel &amp; Noot 21K 600-{S}</Name>	<Power>1821.9</Power>	<Surface>3.823</Surface>	<Volume>7.1</Volume>	<Exponent>1.348</Exponent>	<EstimateCode>Vogel&amp;Noot_21K_600-{S}</EstimateCode>	</RadiatorSubTypeMacro>	</RadiatorMainType>
  <RadiatorMainType>	<MainTypeName>Vogel &amp; Noot 21K 900-</MainTypeName>	<DimensionIndex>4</DimensionIndex>	<DimensionIndex>3</DimensionIndex>	<kvValue>3.23</kvValue>		<RadiatorSubTypeMacro From="0" To="18">	<Name>Vogel &amp; Noot 21K 900-{S}</Name>	<Power>2453.8</Power>	<Surface>5.35</Surface>		<Volume>10.2</Volume>	<Exponent>1.34</Exponent>	<EstimateCode>Vogel&amp;Noot_21K_900-{S}</EstimateCode>	</RadiatorSubTypeMacro>	</RadiatorMainType>
  <RadiatorMainType>	<MainTypeName>Vogel &amp; Noot 22K 300-</MainTypeName>	<DimensionIndex>0</DimensionIndex>	<DimensionIndex>4</DimensionIndex>	<kvValue>3.23</kvValue>		<RadiatorSubTypeMacro From="0" To="18">	<Name>Vogel &amp; Noot 22K 300-{S}</Name>	<Power>1411.2</Power>	<Surface>3</Surface>		<Volume>3.9</Volume>	<Exponent>1.392</Exponent>	<EstimateCode>Vogel&amp;Noot_22K_300-{S}</EstimateCode>	</RadiatorSubTypeMacro>	</RadiatorMainType>
  <RadiatorMainType>	<MainTypeName>Vogel &amp; Noot 22K 400-</MainTypeName>	<DimensionIndex>1</DimensionIndex>	<DimensionIndex>4</DimensionIndex>	<kvValue>3.23</kvValue>		<RadiatorSubTypeMacro From="0" To="18">	<Name>Vogel &amp; Noot 22K 400-{S}</Name>	<Power>1748.1</Power>	<Surface>3.835</Surface>	<Volume>5</Volume>	<Exponent>1.39</Exponent>	<EstimateCode>Vogel&amp;Noot_22K_400-{S}</EstimateCode>	</RadiatorSubTypeMacro>	</RadiatorMainType>
  <RadiatorMainType>	<MainTypeName>Vogel &amp; Noot 22K 500-</MainTypeName>	<DimensionIndex>2</DimensionIndex>	<DimensionIndex>4</DimensionIndex>	<kvValue>3.23</kvValue>		<RadiatorSubTypeMacro From="0" To="18">	<Name>Vogel &amp; Noot 22K 500-{S}</Name>	<Power>2060</Power>	<Surface>4.662</Surface>	<Volume>6.1</Volume>	<Exponent>1.387</Exponent>	<EstimateCode>Vogel&amp;Noot_22K_500-{S}</EstimateCode>	</RadiatorSubTypeMacro>	</RadiatorMainType>
  <RadiatorMainType>	<MainTypeName>Vogel &amp; Noot 22K 600-</MainTypeName>	<DimensionIndex>3</DimensionIndex>	<DimensionIndex>4</DimensionIndex>	<kvValue>3.23</kvValue>		<RadiatorSubTypeMacro From="0" To="18">	<Name>Vogel &amp; Noot 22K 600-{S}</Name>	<Power>2350</Power>	<Surface>5.446</Surface>	<Volume>7.1</Volume>	<Exponent>1.384</Exponent>	<EstimateCode>Vogel&amp;Noot_22K_600-{S}</EstimateCode>	</RadiatorSubTypeMacro>	</RadiatorMainType>
  <RadiatorMainType>	<MainTypeName>Vogel &amp; Noot 22K 900-</MainTypeName>	<DimensionIndex>4</DimensionIndex>	<DimensionIndex>4</DimensionIndex>	<kvValue>3.23</kvValue>		<RadiatorSubTypeMacro From="0" To="18">	<Name>Vogel &amp; Noot 22K 900-{S}</Name>	<Power>3123.8</Power>	<Surface>7.385</Surface>	<Volume>10.2</Volume>	<Exponent>1.376</Exponent>	<EstimateCode>Vogel&amp;Noot_22K_900-{S}</EstimateCode>	</RadiatorSubTypeMacro>	</RadiatorMainType>
  <RadiatorMainType>	<MainTypeName>Vogel &amp; Noot 33K 300-</MainTypeName>	<DimensionIndex>0</DimensionIndex>	<DimensionIndex>5</DimensionIndex>	<kvValue>3.38</kvValue>		<RadiatorSubTypeMacro From="0" To="18">	<Name>Vogel &amp; Noot 33K 300-{S}</Name>	<Power>2016.2</Power>	<Surface>4.485</Surface>	<Volume>6</Volume>	<Exponent>1.402</Exponent>	<EstimateCode>Vogel&amp;Noot_33K_300-{S}</EstimateCode>	</RadiatorSubTypeMacro>	</RadiatorMainType>
  <RadiatorMainType>	<MainTypeName>Vogel &amp; Noot 33K 400-</MainTypeName>	<DimensionIndex>1</DimensionIndex>	<DimensionIndex>5</DimensionIndex>	<kvValue>3.38</kvValue>		<RadiatorSubTypeMacro From="0" To="18">	<Name>Vogel &amp; Noot 33K 400-{S}</Name>	<Power>2498.1</Power>	<Surface>5.731</Surface>	<Volume>7.6</Volume>	<Exponent>1.398</Exponent>	<EstimateCode>Vogel&amp;Noot_33K_400-{S}</EstimateCode>	</RadiatorSubTypeMacro>	</RadiatorMainType>
  <RadiatorMainType>	<MainTypeName>Vogel &amp; Noot 33K 500-</MainTypeName>	<DimensionIndex>2</DimensionIndex>	<DimensionIndex>5</DimensionIndex>	<kvValue>3.38</kvValue>		<RadiatorSubTypeMacro From="0" To="18">	<Name>Vogel &amp; Noot 33K 500-{S}</Name>	<Power>2935</Power>	<Surface>6.977</Surface>	<Volume>9.4</Volume>	<Exponent>1.392</Exponent>	<EstimateCode>Vogel&amp;Noot_33K_500-{S}</EstimateCode>	</RadiatorSubTypeMacro>	</RadiatorMainType>
  <RadiatorMainType>	<MainTypeName>Vogel &amp; Noot 33K 600-</MainTypeName>	<DimensionIndex>3</DimensionIndex>	<DimensionIndex>5</DimensionIndex>	<kvValue>3.38</kvValue>		<RadiatorSubTypeMacro From="0" To="18">	<Name>Vogel &amp; Noot 33K 600-{S}</Name>	<Power>3336.2</Power>	<Surface>8.112</Surface>	<Volume>10.8</Volume>	<Exponent>1.386</Exponent>	<EstimateCode>Vogel&amp;Noot_33K_600-{S}</EstimateCode>	</RadiatorSubTypeMacro>	</RadiatorMainType>
  <RadiatorMainType>	<MainTypeName>Vogel &amp; Noot 33K 900-</MainTypeName>	<DimensionIndex>4</DimensionIndex>	<DimensionIndex>5</DimensionIndex>	<kvValue>3.38</kvValue>		<RadiatorSubTypeMacro From="0" To="18">	<Name>Vogel &amp; Noot 33K 900-{S}</Name>	<Power>4366.2</Power>	<Surface>10.91</Surface>	<Volume>15.6</Volume>	<Exponent>1.372</Exponent>	<EstimateCode>Vogel&amp;Noot_33K_900-{S}</EstimateCode>	</RadiatorSubTypeMacro>	</RadiatorMainType>
</WinWattDBRadiator>


<WinWattDBRadiator DTLog="No">
  <ItemHeader Extinct="yes">
    <Date><Year>2001</Year><Month>7</Month><Day>15</Day></Date>
    <ItemPath>Vogel &amp; Noot</ItemPath>
    <ItemName>Vogel &amp; Noot $rad2</ItemName>
    <HomePage>//www.vogel-noot.hu</HomePage></ItemHeader>
  <DTOrigin>60</DTOrigin>
  <DimensionArray Type="Height" >
    <DimensionString Value="300" >300</DimensionString>
    <DimensionString Value="400" >400</DimensionString>
    <DimensionString Value="500" >500</DimensionString>
    <DimensionString Value="600" >600</DimensionString>
    <DimensionString Value="900" >900</DimensionString>
  </DimensionArray>
  <DimensionArray Type="Width" >
    <DimensionString Value="46" >10V</DimensionString>
    <DimensionString Value="61" >11KV</DimensionString>
    <DimensionString Value="80" >21KV</DimensionString>
    <DimensionString Value="105" >22KV</DimensionString>
    <DimensionString Value="166" >33KV</DimensionString>
  </DimensionArray>
  <DimensionArray Type="Length" >
    <DimensionString Value="400" >400</DimensionString>
    <DimensionString Value="520" >520</DimensionString>
    <DimensionString Value="600" >600</DimensionString>
    <DimensionString Value="720" >720</DimensionString>
    <DimensionString Value="800" >800</DimensionString>
    <DimensionString Value="920" >920</DimensionString>
    <DimensionString Value="1000" >1000</DimensionString>
    <DimensionString Value="1120" >1120</DimensionString>
    <DimensionString Value="1200" >1200</DimensionString>
    <DimensionString Value="1320" >1320</DimensionString>
    <DimensionString Value="1400" >1400</DimensionString>
    <DimensionString Value="1600" >1600</DimensionString>
    <DimensionString Value="1800" >1800</DimensionString>
    <DimensionString Value="2000" >2000</DimensionString>
    <DimensionString Value="2200" >2200</DimensionString>
    <DimensionString Value="2400" >2400</DimensionString>
    <DimensionString Value="2600" >2600</DimensionString>
    <DimensionString Value="2800" >2800</DimensionString>
    <DimensionString Value="3000" >3000</DimensionString>
  </DimensionArray>
  <RadiatorMainType>	<MainTypeName>Vogel &amp; Noot 10V 300-</MainTypeName>	<DimensionIndex>0</DimensionIndex>	<DimensionIndex>0</DimensionIndex>	<kvValue>2.52</kvValue>		<RadiatorSubTypeMacro From="0" To="18">	<Name>Vogel &amp; Noot 10V 300-{S}</Name>	<Power>441.15</Power>	<Surface>0.75</Surface>		<Volume>2</Volume>	<Exponent>1.299</Exponent>	<EstimateCode>Vogel&amp;Noot_10V_300-{S}</EstimateCode>		</RadiatorSubTypeMacro>	</RadiatorMainType>
  <RadiatorMainType>	<MainTypeName>Vogel &amp; Noot 10V 400-</MainTypeName>	<DimensionIndex>1</DimensionIndex>	<DimensionIndex>0</DimensionIndex>	<kvValue>2.52</kvValue>		<RadiatorSubTypeMacro From="0" To="18">	<Name>Vogel &amp; Noot 10V 400-{S}</Name>	<Power>561.92</Power>	<Surface>0.9692</Surface>	<Volume>2.6</Volume>	<Exponent>1.293</Exponent>	<EstimateCode>Vogel&amp;Noot_10V_400-{S}</EstimateCode>		</RadiatorSubTypeMacro>	</RadiatorMainType>
  <RadiatorMainType>	<MainTypeName>Vogel &amp; Noot 10V 500-</MainTypeName>	<DimensionIndex>2</DimensionIndex>	<DimensionIndex>0</DimensionIndex>	<kvValue>2.52</kvValue>		<RadiatorSubTypeMacro From="0" To="18">	<Name>Vogel &amp; Noot 10V 500-{S}</Name>	<Power>678.85</Power>	<Surface>1.188</Surface>	<Volume>3.3</Volume>	<Exponent>1.297</Exponent>	<EstimateCode>Vogel&amp;Noot_10V_500-{S}</EstimateCode>		</RadiatorSubTypeMacro>	</RadiatorMainType>
  <RadiatorMainType>	<MainTypeName>Vogel &amp; Noot 10V 600-</MainTypeName>	<DimensionIndex>3</DimensionIndex>	<DimensionIndex>0</DimensionIndex>	<kvValue>2.52</kvValue>		<RadiatorSubTypeMacro From="0" To="18">	<Name>Vogel &amp; Noot 10V 600-{S}</Name>	<Power>791.15</Power>	<Surface>1.346</Surface>	<Volume>3.7</Volume>	<Exponent>1.292</Exponent>	<EstimateCode>Vogel&amp;Noot_10V_600-{S}</EstimateCode>		</RadiatorSubTypeMacro>	</RadiatorMainType>
  <RadiatorMainType>	<MainTypeName>Vogel &amp; Noot 10V 900-</MainTypeName>	<DimensionIndex>4</DimensionIndex>	<DimensionIndex>0</DimensionIndex>	<kvValue>2.52</kvValue>		<RadiatorSubTypeMacro From="0" To="18">	<Name>Vogel &amp; Noot 10V 900-{S}</Name>	<Power>1111.2</Power>	<Surface>2.008</Surface>	<Volume>5.1</Volume>	<Exponent>1.291</Exponent>	<EstimateCode>Vogel&amp;Noot_10V_900-{S}</EstimateCode>		</RadiatorSubTypeMacro>	</RadiatorMainType>
  <RadiatorMainType>	<MainTypeName>Vogel &amp; Noot 11KV 300-</MainTypeName>	<DimensionIndex>0</DimensionIndex>	<DimensionIndex>1</DimensionIndex>	<kvValue>2.52</kvValue>		<RadiatorSubTypeMacro From="0" To="18">	<Name>Vogel &amp; Noot 11KV 300-{S}</Name>	<Power>723.85</Power>	<Surface>1.392</Surface>	<Volume>2</Volume>	<Exponent>1.36</Exponent>	<EstimateCode>Vogel&amp;Noot_11KV_300-{S}</EstimateCode>	</RadiatorSubTypeMacro>	</RadiatorMainType>
  <RadiatorMainType>	<MainTypeName>Vogel &amp; Noot 11KV 400-</MainTypeName>	<DimensionIndex>1</DimensionIndex>	<DimensionIndex>1</DimensionIndex>	<kvValue>2.52</kvValue>		<RadiatorSubTypeMacro From="0" To="18">	<Name>Vogel &amp; Noot 11KV 400-{S}</Name>	<Power>906.92</Power>	<Surface>1.769</Surface>	<Volume>2.6</Volume>	<Exponent>1.359</Exponent>	<EstimateCode>Vogel&amp;Noot_11KV_400-{S}</EstimateCode>	</RadiatorSubTypeMacro>	</RadiatorMainType>
  <RadiatorMainType>	<MainTypeName>Vogel &amp; Noot 11KV 500-</MainTypeName>	<DimensionIndex>2</DimensionIndex>	<DimensionIndex>1</DimensionIndex>	<kvValue>2.52</kvValue>		<RadiatorSubTypeMacro From="0" To="18">	<Name>Vogel &amp; Noot 11KV 500-{S}</Name>	<Power>1078.8</Power>	<Surface>2.146</Surface>	<Volume>3.3</Volume>	<Exponent>1.36</Exponent>	<EstimateCode>Vogel&amp;Noot_11KV_500-{S}</EstimateCode>	</RadiatorSubTypeMacro>	</RadiatorMainType>
  <RadiatorMainType>	<MainTypeName>Vogel &amp; Noot 11KV 600-</MainTypeName>	<DimensionIndex>3</DimensionIndex>	<DimensionIndex>1</DimensionIndex>	<kvValue>2.52</kvValue>		<RadiatorSubTypeMacro From="0" To="18">	<Name>Vogel &amp; Noot 11KV 600-{S}</Name>	<Power>1243.8</Power>	<Surface>2.492</Surface>	<Volume>3.7</Volume>	<Exponent>1.359</Exponent>	<EstimateCode>Vogel&amp;Noot_11KV_600-{S}</EstimateCode>	</RadiatorSubTypeMacro>	</RadiatorMainType>
  <RadiatorMainType>	<MainTypeName>Vogel &amp; Noot 11KV 900-</MainTypeName>	<DimensionIndex>4</DimensionIndex>	<DimensionIndex>1</DimensionIndex>	<kvValue>2.52</kvValue>		<RadiatorSubTypeMacro From="0" To="18">	<Name>Vogel &amp; Noot 11KV 900-{S}</Name>	<Power>1700</Power>	<Surface>3.369</Surface>	<Volume>5.1</Volume>	<Exponent>1.359</Exponent>	<EstimateCode>Vogel&amp;Noot_11KV_900-{S}</EstimateCode>	</RadiatorSubTypeMacro>	</RadiatorMainType>
  <RadiatorMainType>	<MainTypeName>Vogel &amp; Noot 21KV 300-</MainTypeName>	<DimensionIndex>0</DimensionIndex>	<DimensionIndex>2</DimensionIndex>	<kvValue>3.23</kvValue>		<RadiatorSubTypeMacro From="0" To="18">	<Name>Vogel &amp; Noot 21KV 300-{S}</Name>	<Power>1073.1</Power>	<Surface>2.138</Surface>	<Volume>3.9</Volume>	<Exponent>1.356</Exponent>	<EstimateCode>Vogel&amp;Noot_21KV_300-{S}</EstimateCode>	</RadiatorSubTypeMacro>	</RadiatorMainType>
  <RadiatorMainType>	<MainTypeName>Vogel &amp; Noot 21KV 400-</MainTypeName>	<DimensionIndex>1</DimensionIndex>	<DimensionIndex>2</DimensionIndex>	<kvValue>3.23</kvValue>		<RadiatorSubTypeMacro From="0" To="18">	<Name>Vogel &amp; Noot 21KV 400-{S}</Name>	<Power>1340</Power>	<Surface>2.731</Surface>	<Volume>5</Volume>	<Exponent>1.353</Exponent>	<EstimateCode>Vogel&amp;Noot_21KV_400-{S}</EstimateCode>	</RadiatorSubTypeMacro>	</RadiatorMainType>
  <RadiatorMainType>	<MainTypeName>Vogel &amp; Noot 21KV 500-</MainTypeName>	<DimensionIndex>2</DimensionIndex>	<DimensionIndex>2</DimensionIndex>	<kvValue>3.23</kvValue>		<RadiatorSubTypeMacro From="0" To="18">	<Name>Vogel &amp; Noot 21KV 500-{S}</Name>	<Power>1588.8</Power>	<Surface>3.323</Surface>	<Volume>6.1</Volume>	<Exponent>1.35</Exponent>	<EstimateCode>Vogel&amp;Noot_21KV_500-{S}</EstimateCode>	</RadiatorSubTypeMacro>	</RadiatorMainType>
  <RadiatorMainType>	<MainTypeName>Vogel &amp; Noot 21KV 600-</MainTypeName>	<DimensionIndex>3</DimensionIndex>	<DimensionIndex>2</DimensionIndex>	<kvValue>3.23</kvValue>		<RadiatorSubTypeMacro From="0" To="18">	<Name>Vogel &amp; Noot 21KV 600-{S}</Name>	<Power>1821.9</Power>	<Surface>3.823</Surface>	<Volume>7.1</Volume>	<Exponent>1.348</Exponent>	<EstimateCode>Vogel&amp;Noot_21KV_600-{S}</EstimateCode>	</RadiatorSubTypeMacro>	</RadiatorMainType>
  <RadiatorMainType>	<MainTypeName>Vogel &amp; Noot 21KV 900-</MainTypeName>	<DimensionIndex>4</DimensionIndex>	<DimensionIndex>2</DimensionIndex>	<kvValue>3.23</kvValue>		<RadiatorSubTypeMacro From="0" To="18">	<Name>Vogel &amp; Noot 21KV 900-{S}</Name>	<Power>2453.8</Power>	<Surface>5.35</Surface>		<Volume>10.2</Volume>	<Exponent>1.34</Exponent>	<EstimateCode>Vogel&amp;Noot_21KV_900-{S}</EstimateCode>	</RadiatorSubTypeMacro>	</RadiatorMainType>
  <RadiatorMainType>	<MainTypeName>Vogel &amp; Noot 22KV 300-</MainTypeName>	<DimensionIndex>0</DimensionIndex>	<DimensionIndex>3</DimensionIndex>	<kvValue>3.23</kvValue>		<RadiatorSubTypeMacro From="0" To="18">	<Name>Vogel &amp; Noot 22KV 300-{S}</Name>	<Power>1411.2</Power>	<Surface>3</Surface>		<Volume>3.9</Volume>	<Exponent>1.392</Exponent>	<EstimateCode>Vogel&amp;Noot_22KV_300-{S}</EstimateCode>	</RadiatorSubTypeMacro>	</RadiatorMainType>
  <RadiatorMainType>	<MainTypeName>Vogel &amp; Noot 22KV 400-</MainTypeName>	<DimensionIndex>1</DimensionIndex>	<DimensionIndex>3</DimensionIndex>	<kvValue>3.23</kvValue>		<RadiatorSubTypeMacro From="0" To="18">	<Name>Vogel &amp; Noot 22KV 400-{S}</Name>	<Power>1748.1</Power>	<Surface>3.835</Surface>	<Volume>5</Volume>	<Exponent>1.39</Exponent>	<EstimateCode>Vogel&amp;Noot_22KV_400-{S}</EstimateCode>	</RadiatorSubTypeMacro>	</RadiatorMainType>
  <RadiatorMainType>	<MainTypeName>Vogel &amp; Noot 22KV 500-</MainTypeName>	<DimensionIndex>2</DimensionIndex>	<DimensionIndex>3</DimensionIndex>	<kvValue>3.23</kvValue>		<RadiatorSubTypeMacro From="0" To="18">	<Name>Vogel &amp; Noot 22KV 500-{S}</Name>	<Power>2060</Power>	<Surface>4.662</Surface>	<Volume>6.1</Volume>	<Exponent>1.387</Exponent>	<EstimateCode>Vogel&amp;Noot_22KV_500-{S}</EstimateCode>	</RadiatorSubTypeMacro>	</RadiatorMainType>
  <RadiatorMainType>	<MainTypeName>Vogel &amp; Noot 22KV 600-</MainTypeName>	<DimensionIndex>3</DimensionIndex>	<DimensionIndex>3</DimensionIndex>	<kvValue>3.23</kvValue>		<RadiatorSubTypeMacro From="0" To="18">	<Name>Vogel &amp; Noot 22KV 600-{S}</Name>	<Power>2350</Power>	<Surface>5.446</Surface>	<Volume>7.1</Volume>	<Exponent>1.384</Exponent>	<EstimateCode>Vogel&amp;Noot_22KV_600-{S}</EstimateCode>	</RadiatorSubTypeMacro>	</RadiatorMainType>
  <RadiatorMainType>	<MainTypeName>Vogel &amp; Noot 22KV 900-</MainTypeName>	<DimensionIndex>4</DimensionIndex>	<DimensionIndex>3</DimensionIndex>	<kvValue>3.23</kvValue>		<RadiatorSubTypeMacro From="0" To="18">	<Name>Vogel &amp; Noot 22KV 900-{S}</Name>	<Power>3123.8</Power>	<Surface>7.385</Surface>	<Volume>10.2</Volume>	<Exponent>1.376</Exponent>	<EstimateCode>Vogel&amp;Noot_22KV_900-{S}</EstimateCode>	</RadiatorSubTypeMacro>	</RadiatorMainType>
  <RadiatorMainType>	<MainTypeName>Vogel &amp; Noot 33KV 300-</MainTypeName>	<DimensionIndex>0</DimensionIndex>	<DimensionIndex>4</DimensionIndex>	<kvValue>3.38</kvValue>		<RadiatorSubTypeMacro From="0" To="18">	<Name>Vogel &amp; Noot 33KV 300-{S}</Name>	<Power>2016.2</Power>	<Surface>4.485</Surface>	<Volume>6</Volume>	<Exponent>1.402</Exponent>	<EstimateCode>Vogel&amp;Noot_33KV_300-{S}</EstimateCode>	</RadiatorSubTypeMacro>	</RadiatorMainType>
  <RadiatorMainType>	<MainTypeName>Vogel &amp; Noot 33KV 400-</MainTypeName>	<DimensionIndex>1</DimensionIndex>	<DimensionIndex>4</DimensionIndex>	<kvValue>3.38</kvValue>		<RadiatorSubTypeMacro From="0" To="18">	<Name>Vogel &amp; Noot 33KV 400-{S}</Name>	<Power>2498.1</Power>	<Surface>5.731</Surface>	<Volume>7.6</Volume>	<Exponent>1.398</Exponent>	<EstimateCode>Vogel&amp;Noot_33KV_400-{S}</EstimateCode>	</RadiatorSubTypeMacro>	</RadiatorMainType>
  <RadiatorMainType>	<MainTypeName>Vogel &amp; Noot 33KV 500-</MainTypeName>	<DimensionIndex>2</DimensionIndex>	<DimensionIndex>4</DimensionIndex>	<kvValue>3.38</kvValue>		<RadiatorSubTypeMacro From="0" To="18">	<Name>Vogel &amp; Noot 33KV 500-{S}</Name>	<Power>2935</Power>	<Surface>6.977</Surface>	<Volume>9.4</Volume>	<Exponent>1.392</Exponent>	<EstimateCode>Vogel&amp;Noot_33KV_500-{S}</EstimateCode>	</RadiatorSubTypeMacro>	</RadiatorMainType>
  <RadiatorMainType>	<MainTypeName>Vogel &amp; Noot 33KV 600-</MainTypeName>	<DimensionIndex>3</DimensionIndex>	<DimensionIndex>4</DimensionIndex>	<kvValue>3.38</kvValue>		<RadiatorSubTypeMacro From="0" To="18">	<Name>Vogel &amp; Noot 33KV 600-{S}</Name>	<Power>3336.2</Power>	<Surface>8.112</Surface>	<Volume>10.8</Volume>	<Exponent>1.386</Exponent>	<EstimateCode>Vogel&amp;Noot_33KV_600-{S}</EstimateCode>	</RadiatorSubTypeMacro>	</RadiatorMainType>
  <RadiatorMainType>	<MainTypeName>Vogel &amp; Noot 33KV 900-</MainTypeName>	<DimensionIndex>4</DimensionIndex>	<DimensionIndex>4</DimensionIndex>	<kvValue>3.38</kvValue>		<RadiatorSubTypeMacro From="0" To="18">	<Name>Vogel &amp; Noot 33KV 900-{S}</Name>	<Power>4366.2</Power>	<Surface>10.91</Surface>	<Volume>15.6</Volume>	<Exponent>1.372</Exponent>	<EstimateCode>Vogel&amp;Noot_33KV_900-{S}</EstimateCode>	</RadiatorSubTypeMacro>	</RadiatorMainType>
</WinWattDBRadiator>

</WinWattDB>
