<?xml version="1.0" encoding="ISO-8859-2" ?>
<WinWattDB>

<WinWattDBRadiator DTLog="No">
  <ItemHeader>
    <Date><Year>2012</Year><Month>4</Month><Day>18</Day></Date>
    <ItemPath>ALURAD</ItemPath>
    <ItemName>ALURAD Viking</ItemName>
    <HomePage></HomePage></ItemHeader>
  <DTOrigin>60</DTOrigin>
  <DimensionArray Type="Height" >
    <DimensionString>300</DimensionString>
    <DimensionString>500</DimensionString>
    <DimensionString>600</DimensionString>
    <DimensionString>1000</DimensionString>
  </DimensionArray>
  <DimensionArray Type="Length" >
    <DimensionString>3</DimensionString>
    <DimensionString>4</DimensionString>
    <DimensionString>5</DimensionString>
    <DimensionString>6</DimensionString>
    <DimensionString>7</DimensionString>
    <DimensionString>8</DimensionString>
    <DimensionString>9</DimensionString>
    <DimensionString>10</DimensionString>
    <DimensionString>11</DimensionString>
    <DimensionString>12</DimensionString>
    <DimensionString>13</DimensionString>
    <DimensionString>14</DimensionString>
    <DimensionString>15</DimensionString>
    <DimensionString>16</DimensionString>
    <DimensionString>17</DimensionString>
    <DimensionString>18</DimensionString>
    <DimensionString>19</DimensionString>
    <DimensionString>20</DimensionString>
    <DimensionString>21</DimensionString>
    <DimensionString>22</DimensionString>
    <DimensionString>23</DimensionString>
    <DimensionString>24</DimensionString>
    <DimensionString>25</DimensionString>
  </DimensionArray>

  <RadiatorMainType>
    <MainTypeName>ALURAD Viking 300-</MainTypeName><DimensionIndex>0</DimensionIndex><kvValue>0</kvValue>
    <RadiatorSubType><Name>ALURAD Viking 300-3</Name>	<DimensionIndex>0</DimensionIndex>	<Power>190 </Power>	<Surface>0</Surface>	<Volume>0.29</Volume>	<Exponent>1.31</Exponent>	<Current>1</Current>	<Length>187 </Length>	<Height>346</Height>	<Width>84</Width>	<EstimateCode>ALURAD_Viking_300-3</EstimateCode></RadiatorSubType>
    <RadiatorSubType><Name>ALURAD Viking 300-4</Name>	<DimensionIndex>1</DimensionIndex>	<Power>282 </Power>	<Surface>0</Surface>	<Volume>0.40</Volume>	<Exponent>1.31</Exponent>	<Current>1</Current>	<Length>262 </Length>	<Height>346</Height>	<Width>84</Width>	<EstimateCode>ALURAD_Viking_300-4</EstimateCode></RadiatorSubType>
    <RadiatorSubType><Name>ALURAD Viking 300-5</Name>	<DimensionIndex>2</DimensionIndex>	<Power>374 </Power>	<Surface>0</Surface>	<Volume>0.50</Volume>	<Exponent>1.31</Exponent>	<Current>1</Current>	<Length>337 </Length>	<Height>346</Height>	<Width>84</Width>	<EstimateCode>ALURAD_Viking_300-5</EstimateCode></RadiatorSubType>
    <RadiatorSubType><Name>ALURAD Viking 300-6</Name>	<DimensionIndex>3</DimensionIndex>	<Power>465 </Power>	<Surface>0</Surface>	<Volume>0.61</Volume>	<Exponent>1.31</Exponent>	<Current>1</Current>	<Length>412 </Length>	<Height>346</Height>	<Width>84</Width>	<EstimateCode>ALURAD_Viking_300-6</EstimateCode></RadiatorSubType>
    <RadiatorSubType><Name>ALURAD Viking 300-7</Name>	<DimensionIndex>4</DimensionIndex>	<Power>554 </Power>	<Surface>0</Surface>	<Volume>0.72</Volume>	<Exponent>1.31</Exponent>	<Current>1</Current>	<Length>487 </Length>	<Height>346</Height>	<Width>84</Width>	<EstimateCode>ALURAD_Viking_300-7</EstimateCode></RadiatorSubType>
    <RadiatorSubType><Name>ALURAD Viking 300-8</Name>	<DimensionIndex>5</DimensionIndex>	<Power>644 </Power>	<Surface>0</Surface>	<Volume>0.83</Volume>	<Exponent>1.31</Exponent>	<Current>1</Current>	<Length>562 </Length>	<Height>346</Height>	<Width>84</Width>	<EstimateCode>ALURAD_Viking_300-8</EstimateCode></RadiatorSubType>
    <RadiatorSubType><Name>ALURAD Viking 300-9</Name>	<DimensionIndex>6</DimensionIndex>	<Power>734 </Power>	<Surface>0</Surface>	<Volume>0.93</Volume>	<Exponent>1.31</Exponent>	<Current>1</Current>	<Length>637 </Length>	<Height>346</Height>	<Width>84</Width>	<EstimateCode>ALURAD_Viking_300-9</EstimateCode></RadiatorSubType>
    <RadiatorSubType><Name>ALURAD Viking 300-10</Name>	<DimensionIndex>7</DimensionIndex>	<Power>824 </Power>	<Surface>0</Surface>	<Volume>1.04</Volume>	<Exponent>1.31</Exponent>	<Current>1</Current>	<Length>712 </Length>	<Height>346</Height>	<Width>84</Width>	<EstimateCode>ALURAD_Viking_300-10</EstimateCode></RadiatorSubType>
    <RadiatorSubType><Name>ALURAD Viking 300-11</Name>	<DimensionIndex>8</DimensionIndex>	<Power>915 </Power>	<Surface>0</Surface>	<Volume>1.15</Volume>	<Exponent>1.31</Exponent>	<Current>1</Current>	<Length>787 </Length>	<Height>346</Height>	<Width>84</Width>	<EstimateCode>ALURAD_Viking_300-11</EstimateCode></RadiatorSubType>
    <RadiatorSubType><Name>ALURAD Viking 300-12</Name>	<DimensionIndex>9</DimensionIndex>	<Power>1005</Power>	<Surface>0</Surface>	<Volume>1.26</Volume>	<Exponent>1.31</Exponent>	<Current>1</Current>	<Length>862 </Length>	<Height>346</Height>	<Width>84</Width>	<EstimateCode>ALURAD_Viking_300-12</EstimateCode></RadiatorSubType>
    <RadiatorSubType><Name>ALURAD Viking 300-13</Name>	<DimensionIndex>10</DimensionIndex>	<Power>1096</Power>	<Surface>0</Surface>	<Volume>1.36</Volume>	<Exponent>1.31</Exponent>	<Current>1</Current>	<Length>937 </Length>	<Height>346</Height>	<Width>84</Width>	<EstimateCode>ALURAD_Viking_300-13</EstimateCode></RadiatorSubType>
    <RadiatorSubType><Name>ALURAD Viking 300-14</Name>	<DimensionIndex>11</DimensionIndex>	<Power>1186</Power>	<Surface>0</Surface>	<Volume>1.47</Volume>	<Exponent>1.31</Exponent>	<Current>1</Current>	<Length>1012</Length>	<Height>346</Height>	<Width>84</Width>	<EstimateCode>ALURAD_Viking_300-14</EstimateCode></RadiatorSubType>
    <RadiatorSubType><Name>ALURAD Viking 300-15</Name>	<DimensionIndex>12</DimensionIndex>	<Power>1275</Power>	<Surface>0</Surface>	<Volume>1.58</Volume>	<Exponent>1.31</Exponent>	<Current>1</Current>	<Length>1087</Length>	<Height>346</Height>	<Width>84</Width>	<EstimateCode>ALURAD_Viking_300-15</EstimateCode></RadiatorSubType>
    <RadiatorSubType><Name>ALURAD Viking 300-16</Name>	<DimensionIndex>13</DimensionIndex>	<Power>1365</Power>	<Surface>0</Surface>	<Volume>1.69</Volume>	<Exponent>1.31</Exponent>	<Current>1</Current>	<Length>1162</Length>	<Height>346</Height>	<Width>84</Width>	<EstimateCode>ALURAD_Viking_300-16</EstimateCode></RadiatorSubType>
    <RadiatorSubType><Name>ALURAD Viking 300-17</Name>	<DimensionIndex>14</DimensionIndex>	<Power>1454</Power>	<Surface>0</Surface>	<Volume>1.80</Volume>	<Exponent>1.31</Exponent>	<Current>1</Current>	<Length>1237</Length>	<Height>346</Height>	<Width>84</Width>	<EstimateCode>ALURAD_Viking_300-17</EstimateCode></RadiatorSubType>
    <RadiatorSubType><Name>ALURAD Viking 300-18</Name>	<DimensionIndex>15</DimensionIndex>	<Power>1544</Power>	<Surface>0</Surface>	<Volume>1.90</Volume>	<Exponent>1.31</Exponent>	<Current>1</Current>	<Length>1312</Length>	<Height>346</Height>	<Width>84</Width>	<EstimateCode>ALURAD_Viking_300-18</EstimateCode></RadiatorSubType>
    <RadiatorSubType><Name>ALURAD Viking 300-19</Name>	<DimensionIndex>16</DimensionIndex>	<Power>1634</Power>	<Surface>0</Surface>	<Volume>2.01</Volume>	<Exponent>1.31</Exponent>	<Current>1</Current>	<Length>1387</Length>	<Height>346</Height>	<Width>84</Width>	<EstimateCode>ALURAD_Viking_300-19</EstimateCode></RadiatorSubType>
    <RadiatorSubType><Name>ALURAD Viking 300-20</Name>	<DimensionIndex>17</DimensionIndex>	<Power>1722</Power>	<Surface>0</Surface>	<Volume>2.12</Volume>	<Exponent>1.31</Exponent>	<Current>1</Current>	<Length>1462</Length>	<Height>346</Height>	<Width>84</Width>	<EstimateCode>ALURAD_Viking_300-20</EstimateCode></RadiatorSubType>
    <RadiatorSubType><Name>ALURAD Viking 300-21</Name>	<DimensionIndex>18</DimensionIndex>	<Power>1811</Power>	<Surface>0</Surface>	<Volume>2.23</Volume>	<Exponent>1.31</Exponent>	<Current>1</Current>	<Length>1537</Length>	<Height>346</Height>	<Width>84</Width>	<EstimateCode>ALURAD_Viking_300-21</EstimateCode></RadiatorSubType>
    <RadiatorSubType><Name>ALURAD Viking 300-22</Name>	<DimensionIndex>19</DimensionIndex>	<Power>1899</Power>	<Surface>0</Surface>	<Volume>2.33</Volume>	<Exponent>1.31</Exponent>	<Current>1</Current>	<Length>1612</Length>	<Height>346</Height>	<Width>84</Width>	<EstimateCode>ALURAD_Viking_300-22</EstimateCode></RadiatorSubType>
    <RadiatorSubType><Name>ALURAD Viking 300-23</Name>	<DimensionIndex>20</DimensionIndex>	<Power>1988</Power>	<Surface>0</Surface>	<Volume>2.44</Volume>	<Exponent>1.31</Exponent>	<Current>1</Current>	<Length>1687</Length>	<Height>346</Height>	<Width>84</Width>	<EstimateCode>ALURAD_Viking_300-23</EstimateCode></RadiatorSubType>
    <RadiatorSubType><Name>ALURAD Viking 300-24</Name>	<DimensionIndex>21</DimensionIndex>	<Power>2076</Power>	<Surface>0</Surface>	<Volume>2.55</Volume>	<Exponent>1.31</Exponent>	<Current>1</Current>	<Length>1762</Length>	<Height>346</Height>	<Width>84</Width>	<EstimateCode>ALURAD_Viking_300-24</EstimateCode></RadiatorSubType>
    <RadiatorSubType><Name>ALURAD Viking 300-25</Name>	<DimensionIndex>22</DimensionIndex>	<Power>2164</Power>	<Surface>0</Surface>	<Volume>2.66</Volume>	<Exponent>1.31</Exponent>	<Current>1</Current>	<Length>1837</Length>	<Height>346</Height>	<Width>84</Width>	<EstimateCode>ALURAD_Viking_300-25</EstimateCode></RadiatorSubType>
  </RadiatorMainType>

  <RadiatorMainType>
    <MainTypeName>ALURAD Viking 500-</MainTypeName><DimensionIndex>1</DimensionIndex><kvValue>0</kvValue>
    <RadiatorSubType><Name>ALURAD Viking 500-3</Name>	<DimensionIndex>0</DimensionIndex>	<Power>299 </Power>	<Surface>0</Surface>	<Volume>0.37</Volume>	<Exponent>1.31</Exponent>	<Current>1</Current>	<Length>187 </Length>	<Height>546</Height>	<Width>84</Width>	<EstimateCode>ALURAD_Viking_500-3</EstimateCode></RadiatorSubType>
    <RadiatorSubType><Name>ALURAD Viking 500-4</Name>	<DimensionIndex>1</DimensionIndex>	<Power>444 </Power>	<Surface>0</Surface>	<Volume>0.51</Volume>	<Exponent>1.31</Exponent>	<Current>1</Current>	<Length>262 </Length>	<Height>546</Height>	<Width>84</Width>	<EstimateCode>ALURAD_Viking_500-4</EstimateCode></RadiatorSubType>
    <RadiatorSubType><Name>ALURAD Viking 500-5</Name>	<DimensionIndex>2</DimensionIndex>	<Power>588 </Power>	<Surface>0</Surface>	<Volume>0.64</Volume>	<Exponent>1.31</Exponent>	<Current>1</Current>	<Length>337 </Length>	<Height>546</Height>	<Width>84</Width>	<EstimateCode>ALURAD_Viking_500-5</EstimateCode></RadiatorSubType>
    <RadiatorSubType><Name>ALURAD Viking 500-6</Name>	<DimensionIndex>3</DimensionIndex>	<Power>731 </Power>	<Surface>0</Surface>	<Volume>0.78</Volume>	<Exponent>1.31</Exponent>	<Current>1</Current>	<Length>412 </Length>	<Height>546</Height>	<Width>84</Width>	<EstimateCode>ALURAD_Viking_500-6</EstimateCode></RadiatorSubType>
    <RadiatorSubType><Name>ALURAD Viking 500-7</Name>	<DimensionIndex>4</DimensionIndex>	<Power>872 </Power>	<Surface>0</Surface>	<Volume>0.92</Volume>	<Exponent>1.31</Exponent>	<Current>1</Current>	<Length>487 </Length>	<Height>546</Height>	<Width>84</Width>	<EstimateCode>ALURAD_Viking_500-7</EstimateCode></RadiatorSubType>
    <RadiatorSubType><Name>ALURAD Viking 500-8</Name>	<DimensionIndex>5</DimensionIndex>	<Power>1015</Power>	<Surface>0</Surface>	<Volume>1.05</Volume>	<Exponent>1.31</Exponent>	<Current>1</Current>	<Length>562 </Length>	<Height>546</Height>	<Width>84</Width>	<EstimateCode>ALURAD_Viking_500-8</EstimateCode></RadiatorSubType>
    <RadiatorSubType><Name>ALURAD Viking 500-9</Name>	<DimensionIndex>6</DimensionIndex>	<Power>1156</Power>	<Surface>0</Surface>	<Volume>1.19</Volume>	<Exponent>1.31</Exponent>	<Current>1</Current>	<Length>637 </Length>	<Height>546</Height>	<Width>84</Width>	<EstimateCode>ALURAD_Viking_500-9</EstimateCode></RadiatorSubType>
    <RadiatorSubType><Name>ALURAD Viking 500-10</Name>	<DimensionIndex>7</DimensionIndex>	<Power>1298</Power>	<Surface>0</Surface>	<Volume>1.32</Volume>	<Exponent>1.31</Exponent>	<Current>1</Current>	<Length>712 </Length>	<Height>546</Height>	<Width>84</Width>	<EstimateCode>ALURAD_Viking_500-10</EstimateCode></RadiatorSubType>
    <RadiatorSubType><Name>ALURAD Viking 500-11</Name>	<DimensionIndex>8</DimensionIndex>	<Power>1441</Power>	<Surface>0</Surface>	<Volume>1.46</Volume>	<Exponent>1.31</Exponent>	<Current>1</Current>	<Length>787 </Length>	<Height>546</Height>	<Width>84</Width>	<EstimateCode>ALURAD_Viking_500-11</EstimateCode></RadiatorSubType>
    <RadiatorSubType><Name>ALURAD Viking 500-12</Name>	<DimensionIndex>9</DimensionIndex>	<Power>1583</Power>	<Surface>0</Surface>	<Volume>1.60</Volume>	<Exponent>1.31</Exponent>	<Current>1</Current>	<Length>862 </Length>	<Height>546</Height>	<Width>84</Width>	<EstimateCode>ALURAD_Viking_500-12</EstimateCode></RadiatorSubType>
    <RadiatorSubType><Name>ALURAD Viking 500-13</Name>	<DimensionIndex>10</DimensionIndex>	<Power>1725</Power>	<Surface>0</Surface>	<Volume>1.73</Volume>	<Exponent>1.31</Exponent>	<Current>1</Current>	<Length>937 </Length>	<Height>546</Height>	<Width>84</Width>	<EstimateCode>ALURAD_Viking_500-13</EstimateCode></RadiatorSubType>
    <RadiatorSubType><Name>ALURAD Viking 500-14</Name>	<DimensionIndex>11</DimensionIndex>	<Power>1867</Power>	<Surface>0</Surface>	<Volume>1.87</Volume>	<Exponent>1.31</Exponent>	<Current>1</Current>	<Length>1012</Length>	<Height>546</Height>	<Width>84</Width>	<EstimateCode>ALURAD_Viking_500-14</EstimateCode></RadiatorSubType>
    <RadiatorSubType><Name>ALURAD Viking 500-15</Name>	<DimensionIndex>12</DimensionIndex>	<Power>2010</Power>	<Surface>0</Surface>	<Volume>2.00</Volume>	<Exponent>1.31</Exponent>	<Current>1</Current>	<Length>1087</Length>	<Height>546</Height>	<Width>84</Width>	<EstimateCode>ALURAD_Viking_500-15</EstimateCode></RadiatorSubType>
    <RadiatorSubType><Name>ALURAD Viking 500-16</Name>	<DimensionIndex>13</DimensionIndex>	<Power>2151</Power>	<Surface>0</Surface>	<Volume>2.14</Volume>	<Exponent>1.31</Exponent>	<Current>1</Current>	<Length>1162</Length>	<Height>546</Height>	<Width>84</Width>	<EstimateCode>ALURAD_Viking_500-16</EstimateCode></RadiatorSubType>
    <RadiatorSubType><Name>ALURAD Viking 500-17</Name>	<DimensionIndex>14</DimensionIndex>	<Power>2291</Power>	<Surface>0</Surface>	<Volume>2.27</Volume>	<Exponent>1.31</Exponent>	<Current>1</Current>	<Length>1237</Length>	<Height>546</Height>	<Width>84</Width>	<EstimateCode>ALURAD_Viking_500-17</EstimateCode></RadiatorSubType>
    <RadiatorSubType><Name>ALURAD Viking 500-18</Name>	<DimensionIndex>15</DimensionIndex>	<Power>2432</Power>	<Surface>0</Surface>	<Volume>2.41</Volume>	<Exponent>1.31</Exponent>	<Current>1</Current>	<Length>1312</Length>	<Height>546</Height>	<Width>84</Width>	<EstimateCode>ALURAD_Viking_500-18</EstimateCode></RadiatorSubType>
    <RadiatorSubType><Name>ALURAD Viking 500-19</Name>	<DimensionIndex>16</DimensionIndex>	<Power>2572</Power>	<Surface>0</Surface>	<Volume>2.55</Volume>	<Exponent>1.31</Exponent>	<Current>1</Current>	<Length>1387</Length>	<Height>546</Height>	<Width>84</Width>	<EstimateCode>ALURAD_Viking_500-19</EstimateCode></RadiatorSubType>
    <RadiatorSubType><Name>ALURAD Viking 500-20</Name>	<DimensionIndex>17</DimensionIndex>	<Power>2713</Power>	<Surface>0</Surface>	<Volume>2.68</Volume>	<Exponent>1.31</Exponent>	<Current>1</Current>	<Length>1462</Length>	<Height>546</Height>	<Width>84</Width>	<EstimateCode>ALURAD_Viking_500-20</EstimateCode></RadiatorSubType>
    <RadiatorSubType><Name>ALURAD Viking 500-21</Name>	<DimensionIndex>18</DimensionIndex>	<Power>2853</Power>	<Surface>0</Surface>	<Volume>2.82</Volume>	<Exponent>1.31</Exponent>	<Current>1</Current>	<Length>1537</Length>	<Height>546</Height>	<Width>84</Width>	<EstimateCode>ALURAD_Viking_500-21</EstimateCode></RadiatorSubType>
    <RadiatorSubType><Name>ALURAD Viking 500-22</Name>	<DimensionIndex>19</DimensionIndex>	<Power>2992</Power>	<Surface>0</Surface>	<Volume>2.95</Volume>	<Exponent>1.31</Exponent>	<Current>1</Current>	<Length>1612</Length>	<Height>546</Height>	<Width>84</Width>	<EstimateCode>ALURAD_Viking_500-22</EstimateCode></RadiatorSubType>
    <RadiatorSubType><Name>ALURAD Viking 500-23</Name>	<DimensionIndex>20</DimensionIndex>	<Power>3132</Power>	<Surface>0</Surface>	<Volume>3.09</Volume>	<Exponent>1.31</Exponent>	<Current>1</Current>	<Length>1687</Length>	<Height>546</Height>	<Width>84</Width>	<EstimateCode>ALURAD_Viking_500-23</EstimateCode></RadiatorSubType>
    <RadiatorSubType><Name>ALURAD Viking 500-24</Name>	<DimensionIndex>21</DimensionIndex>	<Power>3270</Power>	<Surface>0</Surface>	<Volume>3.23</Volume>	<Exponent>1.31</Exponent>	<Current>1</Current>	<Length>1762</Length>	<Height>546</Height>	<Width>84</Width>	<EstimateCode>ALURAD_Viking_500-24</EstimateCode></RadiatorSubType>
    <RadiatorSubType><Name>ALURAD Viking 500-25</Name>	<DimensionIndex>22</DimensionIndex>	<Power>3409</Power>	<Surface>0</Surface>	<Volume>3.36</Volume>	<Exponent>1.31</Exponent>	<Current>1</Current>	<Length>1837</Length>	<Height>546</Height>	<Width>84</Width>	<EstimateCode>ALURAD_Viking_500-25</EstimateCode></RadiatorSubType>
  </RadiatorMainType>

  <RadiatorMainType>
    <MainTypeName>ALURAD Viking 600-</MainTypeName><DimensionIndex>2</DimensionIndex><kvValue>0</kvValue>
    <RadiatorSubType><Name>ALURAD Viking 600-3</Name>	<DimensionIndex>0</DimensionIndex>	<Power>346 </Power>	<Surface>0</Surface>	<Volume>0.42</Volume>	<Exponent>1.31</Exponent>	<Current>1</Current>	<Length>187 </Length>	<Height>646</Height>	<Width>84</Width>	<EstimateCode>ALURAD_Viking_600-3</EstimateCode></RadiatorSubType>
    <RadiatorSubType><Name>ALURAD Viking 600-4</Name>	<DimensionIndex>1</DimensionIndex>	<Power>515 </Power>	<Surface>0</Surface>	<Volume>0.57</Volume>	<Exponent>1.31</Exponent>	<Current>1</Current>	<Length>262 </Length>	<Height>646</Height>	<Width>84</Width>	<EstimateCode>ALURAD_Viking_600-4</EstimateCode></RadiatorSubType>
    <RadiatorSubType><Name>ALURAD Viking 600-5</Name>	<DimensionIndex>2</DimensionIndex>	<Power>682 </Power>	<Surface>0</Surface>	<Volume>0.72</Volume>	<Exponent>1.31</Exponent>	<Current>1</Current>	<Length>337 </Length>	<Height>646</Height>	<Width>84</Width>	<EstimateCode>ALURAD_Viking_600-5</EstimateCode></RadiatorSubType>
    <RadiatorSubType><Name>ALURAD Viking 600-6</Name>	<DimensionIndex>3</DimensionIndex>	<Power>848 </Power>	<Surface>0</Surface>	<Volume>0.87</Volume>	<Exponent>1.31</Exponent>	<Current>1</Current>	<Length>412 </Length>	<Height>646</Height>	<Width>84</Width>	<EstimateCode>ALURAD_Viking_600-6</EstimateCode></RadiatorSubType>
    <RadiatorSubType><Name>ALURAD Viking 600-7</Name>	<DimensionIndex>4</DimensionIndex>	<Power>1011</Power>	<Surface>0</Surface>	<Volume>1.02</Volume>	<Exponent>1.31</Exponent>	<Current>1</Current>	<Length>487 </Length>	<Height>646</Height>	<Width>84</Width>	<EstimateCode>ALURAD_Viking_600-7</EstimateCode></RadiatorSubType>
    <RadiatorSubType><Name>ALURAD Viking 600-8</Name>	<DimensionIndex>5</DimensionIndex>	<Power>1175</Power>	<Surface>0</Surface>	<Volume>1.17</Volume>	<Exponent>1.31</Exponent>	<Current>1</Current>	<Length>562 </Length>	<Height>646</Height>	<Width>84</Width>	<EstimateCode>ALURAD_Viking_600-8</EstimateCode></RadiatorSubType>
    <RadiatorSubType><Name>ALURAD Viking 600-9</Name>	<DimensionIndex>6</DimensionIndex>	<Power>1339</Power>	<Surface>0</Surface>	<Volume>1.32</Volume>	<Exponent>1.31</Exponent>	<Current>1</Current>	<Length>637 </Length>	<Height>646</Height>	<Width>84</Width>	<EstimateCode>ALURAD_Viking_600-9</EstimateCode></RadiatorSubType>
    <RadiatorSubType><Name>ALURAD Viking 600-10</Name>	<DimensionIndex>7</DimensionIndex>	<Power>1504</Power>	<Surface>0</Surface>	<Volume>1.46</Volume>	<Exponent>1.31</Exponent>	<Current>1</Current>	<Length>712 </Length>	<Height>646</Height>	<Width>84</Width>	<EstimateCode>ALURAD_Viking_600-10</EstimateCode></RadiatorSubType>
    <RadiatorSubType><Name>ALURAD Viking 600-11</Name>	<DimensionIndex>8</DimensionIndex>	<Power>1670</Power>	<Surface>0</Surface>	<Volume>1.61</Volume>	<Exponent>1.31</Exponent>	<Current>1</Current>	<Length>787 </Length>	<Height>646</Height>	<Width>84</Width>	<EstimateCode>ALURAD_Viking_600-11</EstimateCode></RadiatorSubType>
    <RadiatorSubType><Name>ALURAD Viking 600-12</Name>	<DimensionIndex>9</DimensionIndex>	<Power>1834</Power>	<Surface>0</Surface>	<Volume>1.76</Volume>	<Exponent>1.31</Exponent>	<Current>1</Current>	<Length>862 </Length>	<Height>646</Height>	<Width>84</Width>	<EstimateCode>ALURAD_Viking_600-12</EstimateCode></RadiatorSubType>
    <RadiatorSubType><Name>ALURAD Viking 600-13</Name>	<DimensionIndex>10</DimensionIndex>	<Power>1999</Power>	<Surface>0</Surface>	<Volume>1.91</Volume>	<Exponent>1.31</Exponent>	<Current>1</Current>	<Length>937 </Length>	<Height>646</Height>	<Width>84</Width>	<EstimateCode>ALURAD_Viking_600-13</EstimateCode></RadiatorSubType>
    <RadiatorSubType><Name>ALURAD Viking 600-14</Name>	<DimensionIndex>11</DimensionIndex>	<Power>2164</Power>	<Surface>0</Surface>	<Volume>2.06</Volume>	<Exponent>1.31</Exponent>	<Current>1</Current>	<Length>1012</Length>	<Height>646</Height>	<Width>84</Width>	<EstimateCode>ALURAD_Viking_600-14</EstimateCode></RadiatorSubType>
    <RadiatorSubType><Name>ALURAD Viking 600-15</Name>	<DimensionIndex>12</DimensionIndex>	<Power>2328</Power>	<Surface>0</Surface>	<Volume>2.21</Volume>	<Exponent>1.31</Exponent>	<Current>1</Current>	<Length>1087</Length>	<Height>646</Height>	<Width>84</Width>	<EstimateCode>ALURAD_Viking_600-15</EstimateCode></RadiatorSubType>
    <RadiatorSubType><Name>ALURAD Viking 600-16</Name>	<DimensionIndex>13</DimensionIndex>	<Power>2492</Power>	<Surface>0</Surface>	<Volume>2.36</Volume>	<Exponent>1.31</Exponent>	<Current>1</Current>	<Length>1162</Length>	<Height>646</Height>	<Width>84</Width>	<EstimateCode>ALURAD_Viking_600-16</EstimateCode></RadiatorSubType>
    <RadiatorSubType><Name>ALURAD Viking 600-17</Name>	<DimensionIndex>14</DimensionIndex>	<Power>2655</Power>	<Surface>0</Surface>	<Volume>2.51</Volume>	<Exponent>1.31</Exponent>	<Current>1</Current>	<Length>1237</Length>	<Height>646</Height>	<Width>84</Width>	<EstimateCode>ALURAD_Viking_600-17</EstimateCode></RadiatorSubType>
    <RadiatorSubType><Name>ALURAD Viking 600-18</Name>	<DimensionIndex>15</DimensionIndex>	<Power>2818</Power>	<Surface>0</Surface>	<Volume>2.66</Volume>	<Exponent>1.31</Exponent>	<Current>1</Current>	<Length>1312</Length>	<Height>646</Height>	<Width>84</Width>	<EstimateCode>ALURAD_Viking_600-18</EstimateCode></RadiatorSubType>
    <RadiatorSubType><Name>ALURAD Viking 600-19</Name>	<DimensionIndex>16</DimensionIndex>	<Power>2981</Power>	<Surface>0</Surface>	<Volume>2.81</Volume>	<Exponent>1.31</Exponent>	<Current>1</Current>	<Length>1387</Length>	<Height>646</Height>	<Width>84</Width>	<EstimateCode>ALURAD_Viking_600-19</EstimateCode></RadiatorSubType>
    <RadiatorSubType><Name>ALURAD Viking 600-20</Name>	<DimensionIndex>17</DimensionIndex>	<Power>3144</Power>	<Surface>0</Surface>	<Volume>2.96</Volume>	<Exponent>1.31</Exponent>	<Current>1</Current>	<Length>1462</Length>	<Height>646</Height>	<Width>84</Width>	<EstimateCode>ALURAD_Viking_600-20</EstimateCode></RadiatorSubType>
    <RadiatorSubType><Name>ALURAD Viking 600-21</Name>	<DimensionIndex>18</DimensionIndex>	<Power>3305</Power>	<Surface>0</Surface>	<Volume>3.11</Volume>	<Exponent>1.31</Exponent>	<Current>1</Current>	<Length>1537</Length>	<Height>646</Height>	<Width>84</Width>	<EstimateCode>ALURAD_Viking_600-21</EstimateCode></RadiatorSubType>
    <RadiatorSubType><Name>ALURAD Viking 600-22</Name>	<DimensionIndex>19</DimensionIndex>	<Power>3467</Power>	<Surface>0</Surface>	<Volume>3.26</Volume>	<Exponent>1.31</Exponent>	<Current>1</Current>	<Length>1612</Length>	<Height>646</Height>	<Width>84</Width>	<EstimateCode>ALURAD_Viking_600-22</EstimateCode></RadiatorSubType>
    <RadiatorSubType><Name>ALURAD Viking 600-23</Name>	<DimensionIndex>20</DimensionIndex>	<Power>3629</Power>	<Surface>0</Surface>	<Volume>3.41</Volume>	<Exponent>1.31</Exponent>	<Current>1</Current>	<Length>1687</Length>	<Height>646</Height>	<Width>84</Width>	<EstimateCode>ALURAD_Viking_600-23</EstimateCode></RadiatorSubType>
    <RadiatorSubType><Name>ALURAD Viking 600-24</Name>	<DimensionIndex>21</DimensionIndex>	<Power>3789</Power>	<Surface>0</Surface>	<Volume>3.56</Volume>	<Exponent>1.31</Exponent>	<Current>1</Current>	<Length>1762</Length>	<Height>646</Height>	<Width>84</Width>	<EstimateCode>ALURAD_Viking_600-24</EstimateCode></RadiatorSubType>
    <RadiatorSubType><Name>ALURAD Viking 600-25</Name>	<DimensionIndex>22</DimensionIndex>	<Power>3950</Power>	<Surface>0</Surface>	<Volume>3.71</Volume>	<Exponent>1.31</Exponent>	<Current>1</Current>	<Length>1837</Length>	<Height>646</Height>	<Width>84</Width>	<EstimateCode>ALURAD_Viking_600-25</EstimateCode></RadiatorSubType>
  </RadiatorMainType>

  <RadiatorMainType>
    <MainTypeName>ALURAD Viking 1000-</MainTypeName><DimensionIndex>3</DimensionIndex><kvValue>0</kvValue>
    <RadiatorSubType><Name>ALURAD Viking 1000-3</Name>	<DimensionIndex>0</DimensionIndex>	<Power>534 </Power>	<Surface>0</Surface>	<Volume>0.58</Volume>	<Exponent>1.31</Exponent>	<Current>1</Current>	<Length>187 </Length>	<Height>1046</Height>	<Width>84</Width>	<EstimateCode>ALURAD_Viking_1000-3</EstimateCode></RadiatorSubType>
    <RadiatorSubType><Name>ALURAD Viking 1000-4</Name>	<DimensionIndex>1</DimensionIndex>	<Power>793 </Power>	<Surface>0</Surface>	<Volume>0.79</Volume>	<Exponent>1.31</Exponent>	<Current>1</Current>	<Length>262 </Length>	<Height>1046</Height>	<Width>84</Width>	<EstimateCode>ALURAD_Viking_1000-4</EstimateCode></RadiatorSubType>
    <RadiatorSubType><Name>ALURAD Viking 1000-5</Name>	<DimensionIndex>2</DimensionIndex>	<Power>1051</Power>	<Surface>0</Surface>	<Volume>1.00</Volume>	<Exponent>1.31</Exponent>	<Current>1</Current>	<Length>337 </Length>	<Height>1046</Height>	<Width>84</Width>	<EstimateCode>ALURAD_Viking_1000-5</EstimateCode></RadiatorSubType>
    <RadiatorSubType><Name>ALURAD Viking 1000-6</Name>	<DimensionIndex>3</DimensionIndex>	<Power>1306</Power>	<Surface>0</Surface>	<Volume>1.20</Volume>	<Exponent>1.31</Exponent>	<Current>1</Current>	<Length>412 </Length>	<Height>1046</Height>	<Width>84</Width>	<EstimateCode>ALURAD_Viking_1000-6</EstimateCode></RadiatorSubType>
    <RadiatorSubType><Name>ALURAD Viking 1000-7</Name>	<DimensionIndex>4</DimensionIndex>	<Power>1559</Power>	<Surface>0</Surface>	<Volume>1.41</Volume>	<Exponent>1.31</Exponent>	<Current>1</Current>	<Length>487 </Length>	<Height>1046</Height>	<Width>84</Width>	<EstimateCode>ALURAD_Viking_1000-7</EstimateCode></RadiatorSubType>
    <RadiatorSubType><Name>ALURAD Viking 1000-8</Name>	<DimensionIndex>5</DimensionIndex>	<Power>1812</Power>	<Surface>0</Surface>	<Volume>1.62</Volume>	<Exponent>1.31</Exponent>	<Current>1</Current>	<Length>562 </Length>	<Height>1046</Height>	<Width>84</Width>	<EstimateCode>ALURAD_Viking_1000-8</EstimateCode></RadiatorSubType>
    <RadiatorSubType><Name>ALURAD Viking 1000-9</Name>	<DimensionIndex>6</DimensionIndex>	<Power>2064</Power>	<Surface>0</Surface>	<Volume>1.82</Volume>	<Exponent>1.31</Exponent>	<Current>1</Current>	<Length>637 </Length>	<Height>1046</Height>	<Width>84</Width>	<EstimateCode>ALURAD_Viking_1000-9</EstimateCode></RadiatorSubType>
    <RadiatorSubType><Name>ALURAD Viking 1000-10</Name>	<DimensionIndex>7</DimensionIndex>	<Power>2318</Power>	<Surface>0</Surface>	<Volume>2.03</Volume>	<Exponent>1.31</Exponent>	<Current>1</Current>	<Length>712 </Length>	<Height>1046</Height>	<Width>84</Width>	<EstimateCode>ALURAD_Viking_1000-10</EstimateCode></RadiatorSubType>
    <RadiatorSubType><Name>ALURAD Viking 1000-11</Name>	<DimensionIndex>8</DimensionIndex>	<Power>2573</Power>	<Surface>0</Surface>	<Volume>2.24</Volume>	<Exponent>1.31</Exponent>	<Current>1</Current>	<Length>787 </Length>	<Height>1046</Height>	<Width>84</Width>	<EstimateCode>ALURAD_Viking_1000-11</EstimateCode></RadiatorSubType>
    <RadiatorSubType><Name>ALURAD Viking 1000-12</Name>	<DimensionIndex>9</DimensionIndex>	<Power>2827</Power>	<Surface>0</Surface>	<Volume>2.44</Volume>	<Exponent>1.31</Exponent>	<Current>1</Current>	<Length>862 </Length>	<Height>1046</Height>	<Width>84</Width>	<EstimateCode>ALURAD_Viking_1000-12</EstimateCode></RadiatorSubType>
    <RadiatorSubType><Name>ALURAD Viking 1000-13</Name>	<DimensionIndex>10</DimensionIndex>	<Power>3081</Power>	<Surface>0</Surface>	<Volume>2.65</Volume>	<Exponent>1.31</Exponent>	<Current>1</Current>	<Length>937 </Length>	<Height>1046</Height>	<Width>84</Width>	<EstimateCode>ALURAD_Viking_1000-13</EstimateCode></RadiatorSubType>
    <RadiatorSubType><Name>ALURAD Viking 1000-14</Name>	<DimensionIndex>11</DimensionIndex>	<Power>3334</Power>	<Surface>0</Surface>	<Volume>2.85</Volume>	<Exponent>1.31</Exponent>	<Current>1</Current>	<Length>1012</Length>	<Height>1046</Height>	<Width>84</Width>	<EstimateCode>ALURAD_Viking_1000-14</EstimateCode></RadiatorSubType>
    <RadiatorSubType><Name>ALURAD Viking 1000-15</Name>	<DimensionIndex>12</DimensionIndex>	<Power>3587</Power>	<Surface>0</Surface>	<Volume>3.06</Volume>	<Exponent>1.31</Exponent>	<Current>1</Current>	<Length>1087</Length>	<Height>1046</Height>	<Width>84</Width>	<EstimateCode>ALURAD_Viking_1000-15</EstimateCode></RadiatorSubType>
    <RadiatorSubType><Name>ALURAD Viking 1000-16</Name>	<DimensionIndex>13</DimensionIndex>	<Power>3840</Power>	<Surface>0</Surface>	<Volume>3.27</Volume>	<Exponent>1.31</Exponent>	<Current>1</Current>	<Length>1162</Length>	<Height>1046</Height>	<Width>84</Width>	<EstimateCode>ALURAD_Viking_1000-16</EstimateCode></RadiatorSubType>
    <RadiatorSubType><Name>ALURAD Viking 1000-17</Name>	<DimensionIndex>14</DimensionIndex>	<Power>4091</Power>	<Surface>0</Surface>	<Volume>3.47</Volume>	<Exponent>1.31</Exponent>	<Current>1</Current>	<Length>1237</Length>	<Height>1046</Height>	<Width>84</Width>	<EstimateCode>ALURAD_Viking_1000-17</EstimateCode></RadiatorSubType>
    <RadiatorSubType><Name>ALURAD Viking 1000-18</Name>	<DimensionIndex>15</DimensionIndex>	<Power>4342</Power>	<Surface>0</Surface>	<Volume>3.68</Volume>	<Exponent>1.31</Exponent>	<Current>1</Current>	<Length>1312</Length>	<Height>1046</Height>	<Width>84</Width>	<EstimateCode>ALURAD_Viking_1000-18</EstimateCode></RadiatorSubType>
    <RadiatorSubType><Name>ALURAD Viking 1000-19</Name>	<DimensionIndex>16</DimensionIndex>	<Power>4594</Power>	<Surface>0</Surface>	<Volume>3.89</Volume>	<Exponent>1.31</Exponent>	<Current>1</Current>	<Length>1387</Length>	<Height>1046</Height>	<Width>84</Width>	<EstimateCode>ALURAD_Viking_1000-19</EstimateCode></RadiatorSubType>
    <RadiatorSubType><Name>ALURAD Viking 1000-20</Name>	<DimensionIndex>17</DimensionIndex>	<Power>4844</Power>	<Surface>0</Surface>	<Volume>4.09</Volume>	<Exponent>1.31</Exponent>	<Current>1</Current>	<Length>1462</Length>	<Height>1046</Height>	<Width>84</Width>	<EstimateCode>ALURAD_Viking_1000-20</EstimateCode></RadiatorSubType>
    <RadiatorSubType><Name>ALURAD Viking 1000-21</Name>	<DimensionIndex>18</DimensionIndex>	<Power>5093</Power>	<Surface>0</Surface>	<Volume>4.30</Volume>	<Exponent>1.31</Exponent>	<Current>1</Current>	<Length>1537</Length>	<Height>1046</Height>	<Width>84</Width>	<EstimateCode>ALURAD_Viking_1000-21</EstimateCode></RadiatorSubType>
    <RadiatorSubType><Name>ALURAD Viking 1000-22</Name>	<DimensionIndex>19</DimensionIndex>	<Power>5343</Power>	<Surface>0</Surface>	<Volume>4.51</Volume>	<Exponent>1.31</Exponent>	<Current>1</Current>	<Length>1612</Length>	<Height>1046</Height>	<Width>84</Width>	<EstimateCode>ALURAD_Viking_1000-22</EstimateCode></RadiatorSubType>
    <RadiatorSubType><Name>ALURAD Viking 1000-23</Name>	<DimensionIndex>20</DimensionIndex>	<Power>5592</Power>	<Surface>0</Surface>	<Volume>4.71</Volume>	<Exponent>1.31</Exponent>	<Current>1</Current>	<Length>1687</Length>	<Height>1046</Height>	<Width>84</Width>	<EstimateCode>ALURAD_Viking_1000-23</EstimateCode></RadiatorSubType>
    <RadiatorSubType><Name>ALURAD Viking 1000-24</Name>	<DimensionIndex>21</DimensionIndex>	<Power>5840</Power>	<Surface>0</Surface>	<Volume>4.92</Volume>	<Exponent>1.31</Exponent>	<Current>1</Current>	<Length>1762</Length>	<Height>1046</Height>	<Width>84</Width>	<EstimateCode>ALURAD_Viking_1000-24</EstimateCode></RadiatorSubType>
    <RadiatorSubType><Name>ALURAD Viking 1000-25</Name>	<DimensionIndex>22</DimensionIndex>	<Power>6087</Power>	<Surface>0</Surface>	<Volume>5.12</Volume>	<Exponent>1.31</Exponent>	<Current>1</Current>	<Length>1837</Length>	<Height>1046</Height>	<Width>84</Width>	<EstimateCode>ALURAD_Viking_1000-25</EstimateCode></RadiatorSubType>
  </RadiatorMainType>
</WinWattDBRadiator>


<WinWattDBRadiator DTLog="No">
  <ItemHeader>
    <Date><Year>2012</Year><Month>4</Month><Day>18</Day></Date>
    <ItemPath>ALURAD</ItemPath>
    <ItemName>ALURAD Panel</ItemName>
    <HomePage></HomePage></ItemHeader>
  <DTOrigin>60</DTOrigin>
  <DimensionArray Type="Height" >
    <DimensionString>300</DimensionString>
    <DimensionString>500</DimensionString>
    <DimensionString>600</DimensionString>
    <DimensionString>1000</DimensionString>
  </DimensionArray>
  <DimensionArray Type="Length" >
    <DimensionString>3</DimensionString>
    <DimensionString>4</DimensionString>
    <DimensionString>5</DimensionString>
    <DimensionString>6</DimensionString>
    <DimensionString>7</DimensionString>
    <DimensionString>8</DimensionString>
    <DimensionString>9</DimensionString>
    <DimensionString>10</DimensionString>
    <DimensionString>11</DimensionString>
    <DimensionString>12</DimensionString>
    <DimensionString>13</DimensionString>
    <DimensionString>14</DimensionString>
    <DimensionString>15</DimensionString>
    <DimensionString>16</DimensionString>
    <DimensionString>17</DimensionString>
    <DimensionString>18</DimensionString>
    <DimensionString>19</DimensionString>
    <DimensionString>20</DimensionString>
    <DimensionString>21</DimensionString>
    <DimensionString>22</DimensionString>
    <DimensionString>23</DimensionString>
    <DimensionString>24</DimensionString>
    <DimensionString>25</DimensionString>
  </DimensionArray>

  <RadiatorMainType>
    <MainTypeName>ALURAD Panel 300-</MainTypeName><DimensionIndex>0</DimensionIndex><kvValue>0</kvValue>
    <RadiatorSubType><Name>ALURAD Panel 300-3</Name>	<DimensionIndex>0</DimensionIndex>	<Power>152 </Power>	<Surface>0</Surface>	<Volume>0.29</Volume>	<Exponent>1.31</Exponent>	<Current>1</Current>	<Length>187 </Length>	<Height>346</Height>	<Width>59</Width>	<EstimateCode>ALURAD_Panel_300-3</EstimateCode></RadiatorSubType>
    <RadiatorSubType><Name>ALURAD Panel 300-4</Name>	<DimensionIndex>1</DimensionIndex>	<Power>228 </Power>	<Surface>0</Surface>	<Volume>0.40</Volume>	<Exponent>1.31</Exponent>	<Current>1</Current>	<Length>262 </Length>	<Height>346</Height>	<Width>59</Width>	<EstimateCode>ALURAD_Panel_300-4</EstimateCode></RadiatorSubType>
    <RadiatorSubType><Name>ALURAD Panel 300-5</Name>	<DimensionIndex>2</DimensionIndex>	<Power>304 </Power>	<Surface>0</Surface>	<Volume>0.50</Volume>	<Exponent>1.31</Exponent>	<Current>1</Current>	<Length>337 </Length>	<Height>346</Height>	<Width>59</Width>	<EstimateCode>ALURAD_Panel_300-5</EstimateCode></RadiatorSubType>
    <RadiatorSubType><Name>ALURAD Panel 300-6</Name>	<DimensionIndex>3</DimensionIndex>	<Power>380 </Power>	<Surface>0</Surface>	<Volume>0.61</Volume>	<Exponent>1.31</Exponent>	<Current>1</Current>	<Length>412 </Length>	<Height>346</Height>	<Width>59</Width>	<EstimateCode>ALURAD_Panel_300-6</EstimateCode></RadiatorSubType>
    <RadiatorSubType><Name>ALURAD Panel 300-7</Name>	<DimensionIndex>4</DimensionIndex>	<Power>456 </Power>	<Surface>0</Surface>	<Volume>0.72</Volume>	<Exponent>1.31</Exponent>	<Current>1</Current>	<Length>487 </Length>	<Height>346</Height>	<Width>59</Width>	<EstimateCode>ALURAD_Panel_300-7</EstimateCode></RadiatorSubType>
    <RadiatorSubType><Name>ALURAD Panel 300-8</Name>	<DimensionIndex>5</DimensionIndex>	<Power>532 </Power>	<Surface>0</Surface>	<Volume>0.83</Volume>	<Exponent>1.31</Exponent>	<Current>1</Current>	<Length>562 </Length>	<Height>346</Height>	<Width>59</Width>	<EstimateCode>ALURAD_Panel_300-8</EstimateCode></RadiatorSubType>
    <RadiatorSubType><Name>ALURAD Panel 300-9</Name>	<DimensionIndex>6</DimensionIndex>	<Power>608 </Power>	<Surface>0</Surface>	<Volume>0.93</Volume>	<Exponent>1.31</Exponent>	<Current>1</Current>	<Length>637 </Length>	<Height>346</Height>	<Width>59</Width>	<EstimateCode>ALURAD_Panel_300-9</EstimateCode></RadiatorSubType>
    <RadiatorSubType><Name>ALURAD Panel 300-10</Name>	<DimensionIndex>7</DimensionIndex>	<Power>684 </Power>	<Surface>0</Surface>	<Volume>1.04</Volume>	<Exponent>1.31</Exponent>	<Current>1</Current>	<Length>712 </Length>	<Height>346</Height>	<Width>59</Width>	<EstimateCode>ALURAD_Panel_300-10</EstimateCode></RadiatorSubType>
    <RadiatorSubType><Name>ALURAD Panel 300-11</Name>	<DimensionIndex>8</DimensionIndex>	<Power>760 </Power>	<Surface>0</Surface>	<Volume>1.15</Volume>	<Exponent>1.31</Exponent>	<Current>1</Current>	<Length>787 </Length>	<Height>346</Height>	<Width>59</Width>	<EstimateCode>ALURAD_Panel_300-11</EstimateCode></RadiatorSubType>
    <RadiatorSubType><Name>ALURAD Panel 300-12</Name>	<DimensionIndex>9</DimensionIndex>	<Power>836 </Power>	<Surface>0</Surface>	<Volume>1.26</Volume>	<Exponent>1.31</Exponent>	<Current>1</Current>	<Length>862 </Length>	<Height>346</Height>	<Width>59</Width>	<EstimateCode>ALURAD_Panel_300-12</EstimateCode></RadiatorSubType>
    <RadiatorSubType><Name>ALURAD Panel 300-13</Name>	<DimensionIndex>10</DimensionIndex>	<Power>912 </Power>	<Surface>0</Surface>	<Volume>1.36</Volume>	<Exponent>1.31</Exponent>	<Current>1</Current>	<Length>937 </Length>	<Height>346</Height>	<Width>59</Width>	<EstimateCode>ALURAD_Panel_300-13</EstimateCode></RadiatorSubType>
    <RadiatorSubType><Name>ALURAD Panel 300-14</Name>	<DimensionIndex>11</DimensionIndex>	<Power>988 </Power>	<Surface>0</Surface>	<Volume>1.47</Volume>	<Exponent>1.31</Exponent>	<Current>1</Current>	<Length>1012</Length>	<Height>346</Height>	<Width>59</Width>	<EstimateCode>ALURAD_Panel_300-14</EstimateCode></RadiatorSubType>
    <RadiatorSubType><Name>ALURAD Panel 300-15</Name>	<DimensionIndex>12</DimensionIndex>	<Power>1064</Power>	<Surface>0</Surface>	<Volume>1.58</Volume>	<Exponent>1.31</Exponent>	<Current>1</Current>	<Length>1087</Length>	<Height>346</Height>	<Width>59</Width>	<EstimateCode>ALURAD_Panel_300-15</EstimateCode></RadiatorSubType>
    <RadiatorSubType><Name>ALURAD Panel 300-16</Name>	<DimensionIndex>13</DimensionIndex>	<Power>1140</Power>	<Surface>0</Surface>	<Volume>1.69</Volume>	<Exponent>1.31</Exponent>	<Current>1</Current>	<Length>1162</Length>	<Height>346</Height>	<Width>59</Width>	<EstimateCode>ALURAD_Panel_300-16</EstimateCode></RadiatorSubType>
    <RadiatorSubType><Name>ALURAD Panel 300-17</Name>	<DimensionIndex>14</DimensionIndex>	<Power>1216</Power>	<Surface>0</Surface>	<Volume>1.80</Volume>	<Exponent>1.31</Exponent>	<Current>1</Current>	<Length>1237</Length>	<Height>346</Height>	<Width>59</Width>	<EstimateCode>ALURAD_Panel_300-17</EstimateCode></RadiatorSubType>
    <RadiatorSubType><Name>ALURAD Panel 300-18</Name>	<DimensionIndex>15</DimensionIndex>	<Power>1292</Power>	<Surface>0</Surface>	<Volume>1.90</Volume>	<Exponent>1.31</Exponent>	<Current>1</Current>	<Length>1312</Length>	<Height>346</Height>	<Width>59</Width>	<EstimateCode>ALURAD_Panel_300-18</EstimateCode></RadiatorSubType>
    <RadiatorSubType><Name>ALURAD Panel 300-19</Name>	<DimensionIndex>16</DimensionIndex>	<Power>1368</Power>	<Surface>0</Surface>	<Volume>2.01</Volume>	<Exponent>1.31</Exponent>	<Current>1</Current>	<Length>1387</Length>	<Height>346</Height>	<Width>59</Width>	<EstimateCode>ALURAD_Panel_300-19</EstimateCode></RadiatorSubType>
    <RadiatorSubType><Name>ALURAD Panel 300-20</Name>	<DimensionIndex>17</DimensionIndex>	<Power>1444</Power>	<Surface>0</Surface>	<Volume>2.12</Volume>	<Exponent>1.31</Exponent>	<Current>1</Current>	<Length>1462</Length>	<Height>346</Height>	<Width>59</Width>	<EstimateCode>ALURAD_Panel_300-20</EstimateCode></RadiatorSubType>
    <RadiatorSubType><Name>ALURAD Panel 300-21</Name>	<DimensionIndex>18</DimensionIndex>	<Power>1520</Power>	<Surface>0</Surface>	<Volume>2.23</Volume>	<Exponent>1.31</Exponent>	<Current>1</Current>	<Length>1537</Length>	<Height>346</Height>	<Width>59</Width>	<EstimateCode>ALURAD_Panel_300-21</EstimateCode></RadiatorSubType>
    <RadiatorSubType><Name>ALURAD Panel 300-22</Name>	<DimensionIndex>19</DimensionIndex>	<Power>1596</Power>	<Surface>0</Surface>	<Volume>2.33</Volume>	<Exponent>1.31</Exponent>	<Current>1</Current>	<Length>1612</Length>	<Height>346</Height>	<Width>59</Width>	<EstimateCode>ALURAD_Panel_300-22</EstimateCode></RadiatorSubType>
    <RadiatorSubType><Name>ALURAD Panel 300-23</Name>	<DimensionIndex>20</DimensionIndex>	<Power>1672</Power>	<Surface>0</Surface>	<Volume>2.44</Volume>	<Exponent>1.31</Exponent>	<Current>1</Current>	<Length>1687</Length>	<Height>346</Height>	<Width>59</Width>	<EstimateCode>ALURAD_Panel_300-23</EstimateCode></RadiatorSubType>
    <RadiatorSubType><Name>ALURAD Panel 300-24</Name>	<DimensionIndex>21</DimensionIndex>	<Power>1748</Power>	<Surface>0</Surface>	<Volume>2.55</Volume>	<Exponent>1.31</Exponent>	<Current>1</Current>	<Length>1762</Length>	<Height>346</Height>	<Width>59</Width>	<EstimateCode>ALURAD_Panel_300-24</EstimateCode></RadiatorSubType>
    <RadiatorSubType><Name>ALURAD Panel 300-25</Name>	<DimensionIndex>22</DimensionIndex>	<Power>1824</Power>	<Surface>0</Surface>	<Volume>2.66</Volume>	<Exponent>1.31</Exponent>	<Current>1</Current>	<Length>1837</Length>	<Height>346</Height>	<Width>59</Width>	<EstimateCode>ALURAD_Panel_300-25</EstimateCode></RadiatorSubType>
  </RadiatorMainType>

  <RadiatorMainType>
    <MainTypeName>ALURAD Panel 500-</MainTypeName><DimensionIndex>1</DimensionIndex><kvValue>0</kvValue>
    <RadiatorSubType><Name>ALURAD Panel 500-3</Name>	<DimensionIndex>0</DimensionIndex>	<Power>236 </Power>	<Surface>0</Surface>	<Volume>0.37</Volume>	<Exponent>1.31</Exponent>	<Current>1</Current>	<Length>187 </Length>	<Height>546</Height>	<Width>59</Width>	<EstimateCode>ALURAD_Panel_500-3</EstimateCode></RadiatorSubType>
    <RadiatorSubType><Name>ALURAD Panel 500-4</Name>	<DimensionIndex>1</DimensionIndex>	<Power>354 </Power>	<Surface>0</Surface>	<Volume>0.51</Volume>	<Exponent>1.31</Exponent>	<Current>1</Current>	<Length>262 </Length>	<Height>546</Height>	<Width>59</Width>	<EstimateCode>ALURAD_Panel_500-4</EstimateCode></RadiatorSubType>
    <RadiatorSubType><Name>ALURAD Panel 500-5</Name>	<DimensionIndex>2</DimensionIndex>	<Power>472 </Power>	<Surface>0</Surface>	<Volume>0.64</Volume>	<Exponent>1.31</Exponent>	<Current>1</Current>	<Length>337 </Length>	<Height>546</Height>	<Width>59</Width>	<EstimateCode>ALURAD_Panel_500-5</EstimateCode></RadiatorSubType>
    <RadiatorSubType><Name>ALURAD Panel 500-6</Name>	<DimensionIndex>3</DimensionIndex>	<Power>590 </Power>	<Surface>0</Surface>	<Volume>0.78</Volume>	<Exponent>1.31</Exponent>	<Current>1</Current>	<Length>412 </Length>	<Height>546</Height>	<Width>59</Width>	<EstimateCode>ALURAD_Panel_500-6</EstimateCode></RadiatorSubType>
    <RadiatorSubType><Name>ALURAD Panel 500-7</Name>	<DimensionIndex>4</DimensionIndex>	<Power>708 </Power>	<Surface>0</Surface>	<Volume>0.92</Volume>	<Exponent>1.31</Exponent>	<Current>1</Current>	<Length>487 </Length>	<Height>546</Height>	<Width>59</Width>	<EstimateCode>ALURAD_Panel_500-7</EstimateCode></RadiatorSubType>
    <RadiatorSubType><Name>ALURAD Panel 500-8</Name>	<DimensionIndex>5</DimensionIndex>	<Power>826 </Power>	<Surface>0</Surface>	<Volume>1.05</Volume>	<Exponent>1.31</Exponent>	<Current>1</Current>	<Length>562 </Length>	<Height>546</Height>	<Width>59</Width>	<EstimateCode>ALURAD_Panel_500-8</EstimateCode></RadiatorSubType>
    <RadiatorSubType><Name>ALURAD Panel 500-9</Name>	<DimensionIndex>6</DimensionIndex>	<Power>944 </Power>	<Surface>0</Surface>	<Volume>1.19</Volume>	<Exponent>1.31</Exponent>	<Current>1</Current>	<Length>637 </Length>	<Height>546</Height>	<Width>59</Width>	<EstimateCode>ALURAD_Panel_500-9</EstimateCode></RadiatorSubType>
    <RadiatorSubType><Name>ALURAD Panel 500-10</Name>	<DimensionIndex>7</DimensionIndex>	<Power>1062</Power>	<Surface>0</Surface>	<Volume>1.32</Volume>	<Exponent>1.31</Exponent>	<Current>1</Current>	<Length>712 </Length>	<Height>546</Height>	<Width>59</Width>	<EstimateCode>ALURAD_Panel_500-10</EstimateCode></RadiatorSubType>
    <RadiatorSubType><Name>ALURAD Panel 500-11</Name>	<DimensionIndex>8</DimensionIndex>	<Power>1180</Power>	<Surface>0</Surface>	<Volume>1.46</Volume>	<Exponent>1.31</Exponent>	<Current>1</Current>	<Length>787 </Length>	<Height>546</Height>	<Width>59</Width>	<EstimateCode>ALURAD_Panel_500-11</EstimateCode></RadiatorSubType>
    <RadiatorSubType><Name>ALURAD Panel 500-12</Name>	<DimensionIndex>9</DimensionIndex>	<Power>1298</Power>	<Surface>0</Surface>	<Volume>1.60</Volume>	<Exponent>1.31</Exponent>	<Current>1</Current>	<Length>862 </Length>	<Height>546</Height>	<Width>59</Width>	<EstimateCode>ALURAD_Panel_500-12</EstimateCode></RadiatorSubType>
    <RadiatorSubType><Name>ALURAD Panel 500-13</Name>	<DimensionIndex>10</DimensionIndex>	<Power>1416</Power>	<Surface>0</Surface>	<Volume>1.73</Volume>	<Exponent>1.31</Exponent>	<Current>1</Current>	<Length>937 </Length>	<Height>546</Height>	<Width>59</Width>	<EstimateCode>ALURAD_Panel_500-13</EstimateCode></RadiatorSubType>
    <RadiatorSubType><Name>ALURAD Panel 500-14</Name>	<DimensionIndex>11</DimensionIndex>	<Power>1534</Power>	<Surface>0</Surface>	<Volume>1.87</Volume>	<Exponent>1.31</Exponent>	<Current>1</Current>	<Length>1012</Length>	<Height>546</Height>	<Width>59</Width>	<EstimateCode>ALURAD_Panel_500-14</EstimateCode></RadiatorSubType>
    <RadiatorSubType><Name>ALURAD Panel 500-15</Name>	<DimensionIndex>12</DimensionIndex>	<Power>1652</Power>	<Surface>0</Surface>	<Volume>2.00</Volume>	<Exponent>1.31</Exponent>	<Current>1</Current>	<Length>1087</Length>	<Height>546</Height>	<Width>59</Width>	<EstimateCode>ALURAD_Panel_500-15</EstimateCode></RadiatorSubType>
    <RadiatorSubType><Name>ALURAD Panel 500-16</Name>	<DimensionIndex>13</DimensionIndex>	<Power>1770</Power>	<Surface>0</Surface>	<Volume>2.14</Volume>	<Exponent>1.31</Exponent>	<Current>1</Current>	<Length>1162</Length>	<Height>546</Height>	<Width>59</Width>	<EstimateCode>ALURAD_Panel_500-16</EstimateCode></RadiatorSubType>
    <RadiatorSubType><Name>ALURAD Panel 500-17</Name>	<DimensionIndex>14</DimensionIndex>	<Power>1888</Power>	<Surface>0</Surface>	<Volume>2.27</Volume>	<Exponent>1.31</Exponent>	<Current>1</Current>	<Length>1237</Length>	<Height>546</Height>	<Width>59</Width>	<EstimateCode>ALURAD_Panel_500-17</EstimateCode></RadiatorSubType>
    <RadiatorSubType><Name>ALURAD Panel 500-18</Name>	<DimensionIndex>15</DimensionIndex>	<Power>2006</Power>	<Surface>0</Surface>	<Volume>2.41</Volume>	<Exponent>1.31</Exponent>	<Current>1</Current>	<Length>1312</Length>	<Height>546</Height>	<Width>59</Width>	<EstimateCode>ALURAD_Panel_500-18</EstimateCode></RadiatorSubType>
    <RadiatorSubType><Name>ALURAD Panel 500-19</Name>	<DimensionIndex>16</DimensionIndex>	<Power>2124</Power>	<Surface>0</Surface>	<Volume>2.55</Volume>	<Exponent>1.31</Exponent>	<Current>1</Current>	<Length>1387</Length>	<Height>546</Height>	<Width>59</Width>	<EstimateCode>ALURAD_Panel_500-19</EstimateCode></RadiatorSubType>
    <RadiatorSubType><Name>ALURAD Panel 500-20</Name>	<DimensionIndex>17</DimensionIndex>	<Power>2242</Power>	<Surface>0</Surface>	<Volume>2.68</Volume>	<Exponent>1.31</Exponent>	<Current>1</Current>	<Length>1462</Length>	<Height>546</Height>	<Width>59</Width>	<EstimateCode>ALURAD_Panel_500-20</EstimateCode></RadiatorSubType>
    <RadiatorSubType><Name>ALURAD Panel 500-21</Name>	<DimensionIndex>18</DimensionIndex>	<Power>2360</Power>	<Surface>0</Surface>	<Volume>2.82</Volume>	<Exponent>1.31</Exponent>	<Current>1</Current>	<Length>1537</Length>	<Height>546</Height>	<Width>59</Width>	<EstimateCode>ALURAD_Panel_500-21</EstimateCode></RadiatorSubType>
    <RadiatorSubType><Name>ALURAD Panel 500-22</Name>	<DimensionIndex>19</DimensionIndex>	<Power>2478</Power>	<Surface>0</Surface>	<Volume>2.95</Volume>	<Exponent>1.31</Exponent>	<Current>1</Current>	<Length>1612</Length>	<Height>546</Height>	<Width>59</Width>	<EstimateCode>ALURAD_Panel_500-22</EstimateCode></RadiatorSubType>
    <RadiatorSubType><Name>ALURAD Panel 500-23</Name>	<DimensionIndex>20</DimensionIndex>	<Power>2596</Power>	<Surface>0</Surface>	<Volume>3.09</Volume>	<Exponent>1.31</Exponent>	<Current>1</Current>	<Length>1687</Length>	<Height>546</Height>	<Width>59</Width>	<EstimateCode>ALURAD_Panel_500-23</EstimateCode></RadiatorSubType>
    <RadiatorSubType><Name>ALURAD Panel 500-24</Name>	<DimensionIndex>21</DimensionIndex>	<Power>2714</Power>	<Surface>0</Surface>	<Volume>3.23</Volume>	<Exponent>1.31</Exponent>	<Current>1</Current>	<Length>1762</Length>	<Height>546</Height>	<Width>59</Width>	<EstimateCode>ALURAD_Panel_500-24</EstimateCode></RadiatorSubType>
    <RadiatorSubType><Name>ALURAD Panel 500-25</Name>	<DimensionIndex>22</DimensionIndex>	<Power>2832</Power>	<Surface>0</Surface>	<Volume>3.36</Volume>	<Exponent>1.31</Exponent>	<Current>1</Current>	<Length>1837</Length>	<Height>546</Height>	<Width>59</Width>	<EstimateCode>ALURAD_Panel_500-25</EstimateCode></RadiatorSubType>
  </RadiatorMainType>

  <RadiatorMainType>
    <MainTypeName>ALURAD Panel 600-</MainTypeName><DimensionIndex>2</DimensionIndex><kvValue>0</kvValue>
    <RadiatorSubType><Name>ALURAD Panel 600-3</Name>	<DimensionIndex>0</DimensionIndex>	<Power>270 </Power>	<Surface>0</Surface>	<Volume>0.42</Volume>	<Exponent>1.31</Exponent>	<Current>1</Current>	<Length>187 </Length>	<Height>646</Height>	<Width>59</Width>	<EstimateCode>ALURAD_Panel_600-3</EstimateCode></RadiatorSubType>
    <RadiatorSubType><Name>ALURAD Panel 600-4</Name>	<DimensionIndex>1</DimensionIndex>	<Power>405 </Power>	<Surface>0</Surface>	<Volume>0.57</Volume>	<Exponent>1.31</Exponent>	<Current>1</Current>	<Length>262 </Length>	<Height>646</Height>	<Width>59</Width>	<EstimateCode>ALURAD_Panel_600-4</EstimateCode></RadiatorSubType>
    <RadiatorSubType><Name>ALURAD Panel 600-5</Name>	<DimensionIndex>2</DimensionIndex>	<Power>540 </Power>	<Surface>0</Surface>	<Volume>0.72</Volume>	<Exponent>1.31</Exponent>	<Current>1</Current>	<Length>337 </Length>	<Height>646</Height>	<Width>59</Width>	<EstimateCode>ALURAD_Panel_600-5</EstimateCode></RadiatorSubType>
    <RadiatorSubType><Name>ALURAD Panel 600-6</Name>	<DimensionIndex>3</DimensionIndex>	<Power>675 </Power>	<Surface>0</Surface>	<Volume>0.87</Volume>	<Exponent>1.31</Exponent>	<Current>1</Current>	<Length>412 </Length>	<Height>646</Height>	<Width>59</Width>	<EstimateCode>ALURAD_Panel_600-6</EstimateCode></RadiatorSubType>
    <RadiatorSubType><Name>ALURAD Panel 600-7</Name>	<DimensionIndex>4</DimensionIndex>	<Power>810 </Power>	<Surface>0</Surface>	<Volume>1.02</Volume>	<Exponent>1.31</Exponent>	<Current>1</Current>	<Length>487 </Length>	<Height>646</Height>	<Width>59</Width>	<EstimateCode>ALURAD_Panel_600-7</EstimateCode></RadiatorSubType>
    <RadiatorSubType><Name>ALURAD Panel 600-8</Name>	<DimensionIndex>5</DimensionIndex>	<Power>945 </Power>	<Surface>0</Surface>	<Volume>1.17</Volume>	<Exponent>1.31</Exponent>	<Current>1</Current>	<Length>562 </Length>	<Height>646</Height>	<Width>59</Width>	<EstimateCode>ALURAD_Panel_600-8</EstimateCode></RadiatorSubType>
    <RadiatorSubType><Name>ALURAD Panel 600-9</Name>	<DimensionIndex>6</DimensionIndex>	<Power>1080</Power>	<Surface>0</Surface>	<Volume>1.32</Volume>	<Exponent>1.31</Exponent>	<Current>1</Current>	<Length>637 </Length>	<Height>646</Height>	<Width>59</Width>	<EstimateCode>ALURAD_Panel_600-9</EstimateCode></RadiatorSubType>
    <RadiatorSubType><Name>ALURAD Panel 600-10</Name>	<DimensionIndex>7</DimensionIndex>	<Power>1215</Power>	<Surface>0</Surface>	<Volume>1.46</Volume>	<Exponent>1.31</Exponent>	<Current>1</Current>	<Length>712 </Length>	<Height>646</Height>	<Width>59</Width>	<EstimateCode>ALURAD_Panel_600-10</EstimateCode></RadiatorSubType>
    <RadiatorSubType><Name>ALURAD Panel 600-11</Name>	<DimensionIndex>8</DimensionIndex>	<Power>1350</Power>	<Surface>0</Surface>	<Volume>1.61</Volume>	<Exponent>1.31</Exponent>	<Current>1</Current>	<Length>787 </Length>	<Height>646</Height>	<Width>59</Width>	<EstimateCode>ALURAD_Panel_600-11</EstimateCode></RadiatorSubType>
    <RadiatorSubType><Name>ALURAD Panel 600-12</Name>	<DimensionIndex>9</DimensionIndex>	<Power>1485</Power>	<Surface>0</Surface>	<Volume>1.76</Volume>	<Exponent>1.31</Exponent>	<Current>1</Current>	<Length>862 </Length>	<Height>646</Height>	<Width>59</Width>	<EstimateCode>ALURAD_Panel_600-12</EstimateCode></RadiatorSubType>
    <RadiatorSubType><Name>ALURAD Panel 600-13</Name>	<DimensionIndex>10</DimensionIndex>	<Power>1620</Power>	<Surface>0</Surface>	<Volume>1.91</Volume>	<Exponent>1.31</Exponent>	<Current>1</Current>	<Length>937 </Length>	<Height>646</Height>	<Width>59</Width>	<EstimateCode>ALURAD_Panel_600-13</EstimateCode></RadiatorSubType>
    <RadiatorSubType><Name>ALURAD Panel 600-14</Name>	<DimensionIndex>11</DimensionIndex>	<Power>1755</Power>	<Surface>0</Surface>	<Volume>2.06</Volume>	<Exponent>1.31</Exponent>	<Current>1</Current>	<Length>1012</Length>	<Height>646</Height>	<Width>59</Width>	<EstimateCode>ALURAD_Panel_600-14</EstimateCode></RadiatorSubType>
    <RadiatorSubType><Name>ALURAD Panel 600-15</Name>	<DimensionIndex>12</DimensionIndex>	<Power>1890</Power>	<Surface>0</Surface>	<Volume>2.21</Volume>	<Exponent>1.31</Exponent>	<Current>1</Current>	<Length>1087</Length>	<Height>646</Height>	<Width>59</Width>	<EstimateCode>ALURAD_Panel_600-15</EstimateCode></RadiatorSubType>
    <RadiatorSubType><Name>ALURAD Panel 600-16</Name>	<DimensionIndex>13</DimensionIndex>	<Power>2025</Power>	<Surface>0</Surface>	<Volume>2.36</Volume>	<Exponent>1.31</Exponent>	<Current>1</Current>	<Length>1162</Length>	<Height>646</Height>	<Width>59</Width>	<EstimateCode>ALURAD_Panel_600-16</EstimateCode></RadiatorSubType>
    <RadiatorSubType><Name>ALURAD Panel 600-17</Name>	<DimensionIndex>14</DimensionIndex>	<Power>2160</Power>	<Surface>0</Surface>	<Volume>2.51</Volume>	<Exponent>1.31</Exponent>	<Current>1</Current>	<Length>1237</Length>	<Height>646</Height>	<Width>59</Width>	<EstimateCode>ALURAD_Panel_600-17</EstimateCode></RadiatorSubType>
    <RadiatorSubType><Name>ALURAD Panel 600-18</Name>	<DimensionIndex>15</DimensionIndex>	<Power>2295</Power>	<Surface>0</Surface>	<Volume>2.66</Volume>	<Exponent>1.31</Exponent>	<Current>1</Current>	<Length>1312</Length>	<Height>646</Height>	<Width>59</Width>	<EstimateCode>ALURAD_Panel_600-18</EstimateCode></RadiatorSubType>
    <RadiatorSubType><Name>ALURAD Panel 600-19</Name>	<DimensionIndex>16</DimensionIndex>	<Power>2430</Power>	<Surface>0</Surface>	<Volume>2.81</Volume>	<Exponent>1.31</Exponent>	<Current>1</Current>	<Length>1387</Length>	<Height>646</Height>	<Width>59</Width>	<EstimateCode>ALURAD_Panel_600-19</EstimateCode></RadiatorSubType>
    <RadiatorSubType><Name>ALURAD Panel 600-20</Name>	<DimensionIndex>17</DimensionIndex>	<Power>2565</Power>	<Surface>0</Surface>	<Volume>2.96</Volume>	<Exponent>1.31</Exponent>	<Current>1</Current>	<Length>1462</Length>	<Height>646</Height>	<Width>59</Width>	<EstimateCode>ALURAD_Panel_600-20</EstimateCode></RadiatorSubType>
    <RadiatorSubType><Name>ALURAD Panel 600-21</Name>	<DimensionIndex>18</DimensionIndex>	<Power>2700</Power>	<Surface>0</Surface>	<Volume>3.11</Volume>	<Exponent>1.31</Exponent>	<Current>1</Current>	<Length>1537</Length>	<Height>646</Height>	<Width>59</Width>	<EstimateCode>ALURAD_Panel_600-21</EstimateCode></RadiatorSubType>
    <RadiatorSubType><Name>ALURAD Panel 600-22</Name>	<DimensionIndex>19</DimensionIndex>	<Power>2835</Power>	<Surface>0</Surface>	<Volume>3.26</Volume>	<Exponent>1.31</Exponent>	<Current>1</Current>	<Length>1612</Length>	<Height>646</Height>	<Width>59</Width>	<EstimateCode>ALURAD_Panel_600-22</EstimateCode></RadiatorSubType>
    <RadiatorSubType><Name>ALURAD Panel 600-23</Name>	<DimensionIndex>20</DimensionIndex>	<Power>2970</Power>	<Surface>0</Surface>	<Volume>3.41</Volume>	<Exponent>1.31</Exponent>	<Current>1</Current>	<Length>1687</Length>	<Height>646</Height>	<Width>59</Width>	<EstimateCode>ALURAD_Panel_600-23</EstimateCode></RadiatorSubType>
    <RadiatorSubType><Name>ALURAD Panel 600-24</Name>	<DimensionIndex>21</DimensionIndex>	<Power>3105</Power>	<Surface>0</Surface>	<Volume>3.56</Volume>	<Exponent>1.31</Exponent>	<Current>1</Current>	<Length>1762</Length>	<Height>646</Height>	<Width>59</Width>	<EstimateCode>ALURAD_Panel_600-24</EstimateCode></RadiatorSubType>
    <RadiatorSubType><Name>ALURAD Panel 600-25</Name>	<DimensionIndex>22</DimensionIndex>	<Power>3240</Power>	<Surface>0</Surface>	<Volume>3.71</Volume>	<Exponent>1.31</Exponent>	<Current>1</Current>	<Length>1837</Length>	<Height>646</Height>	<Width>59</Width>	<EstimateCode>ALURAD_Panel_600-25</EstimateCode></RadiatorSubType>
  </RadiatorMainType>

  <RadiatorMainType>
    <MainTypeName>ALURAD Panel 1000-</MainTypeName><DimensionIndex>3</DimensionIndex><kvValue>0</kvValue>
    <RadiatorSubType><Name>ALURAD Panel 1000-3</Name>	<DimensionIndex>0</DimensionIndex>	<Power>398 </Power>	<Surface>0</Surface>	<Volume>0.58</Volume>	<Exponent>1.31</Exponent>	<Current>1</Current>	<Length>187 </Length>	<Height>1046</Height>	<Width>59</Width>	<EstimateCode>ALURAD_Panel_1000-3</EstimateCode></RadiatorSubType>
    <RadiatorSubType><Name>ALURAD Panel 1000-4</Name>	<DimensionIndex>1</DimensionIndex>	<Power>597 </Power>	<Surface>0</Surface>	<Volume>0.79</Volume>	<Exponent>1.31</Exponent>	<Current>1</Current>	<Length>262 </Length>	<Height>1046</Height>	<Width>59</Width>	<EstimateCode>ALURAD_Panel_1000-4</EstimateCode></RadiatorSubType>
    <RadiatorSubType><Name>ALURAD Panel 1000-5</Name>	<DimensionIndex>2</DimensionIndex>	<Power>796 </Power>	<Surface>0</Surface>	<Volume>1.00</Volume>	<Exponent>1.31</Exponent>	<Current>1</Current>	<Length>337 </Length>	<Height>1046</Height>	<Width>59</Width>	<EstimateCode>ALURAD_Panel_1000-5</EstimateCode></RadiatorSubType>
    <RadiatorSubType><Name>ALURAD Panel 1000-6</Name>	<DimensionIndex>3</DimensionIndex>	<Power>995 </Power>	<Surface>0</Surface>	<Volume>1.20</Volume>	<Exponent>1.31</Exponent>	<Current>1</Current>	<Length>412 </Length>	<Height>1046</Height>	<Width>59</Width>	<EstimateCode>ALURAD_Panel_1000-6</EstimateCode></RadiatorSubType>
    <RadiatorSubType><Name>ALURAD Panel 1000-7</Name>	<DimensionIndex>4</DimensionIndex>	<Power>1194</Power>	<Surface>0</Surface>	<Volume>1.41</Volume>	<Exponent>1.31</Exponent>	<Current>1</Current>	<Length>487 </Length>	<Height>1046</Height>	<Width>59</Width>	<EstimateCode>ALURAD_Panel_1000-7</EstimateCode></RadiatorSubType>
    <RadiatorSubType><Name>ALURAD Panel 1000-8</Name>	<DimensionIndex>5</DimensionIndex>	<Power>1393</Power>	<Surface>0</Surface>	<Volume>1.62</Volume>	<Exponent>1.31</Exponent>	<Current>1</Current>	<Length>562 </Length>	<Height>1046</Height>	<Width>59</Width>	<EstimateCode>ALURAD_Panel_1000-8</EstimateCode></RadiatorSubType>
    <RadiatorSubType><Name>ALURAD Panel 1000-9</Name>	<DimensionIndex>6</DimensionIndex>	<Power>1592</Power>	<Surface>0</Surface>	<Volume>1.82</Volume>	<Exponent>1.31</Exponent>	<Current>1</Current>	<Length>637 </Length>	<Height>1046</Height>	<Width>59</Width>	<EstimateCode>ALURAD_Panel_1000-9</EstimateCode></RadiatorSubType>
    <RadiatorSubType><Name>ALURAD Panel 1000-10</Name>	<DimensionIndex>7</DimensionIndex>	<Power>1791</Power>	<Surface>0</Surface>	<Volume>2.03</Volume>	<Exponent>1.31</Exponent>	<Current>1</Current>	<Length>712 </Length>	<Height>1046</Height>	<Width>59</Width>	<EstimateCode>ALURAD_Panel_1000-10</EstimateCode></RadiatorSubType>
    <RadiatorSubType><Name>ALURAD Panel 1000-11</Name>	<DimensionIndex>8</DimensionIndex>	<Power>1990</Power>	<Surface>0</Surface>	<Volume>2.24</Volume>	<Exponent>1.31</Exponent>	<Current>1</Current>	<Length>787 </Length>	<Height>1046</Height>	<Width>59</Width>	<EstimateCode>ALURAD_Panel_1000-11</EstimateCode></RadiatorSubType>
    <RadiatorSubType><Name>ALURAD Panel 1000-12</Name>	<DimensionIndex>9</DimensionIndex>	<Power>2189</Power>	<Surface>0</Surface>	<Volume>2.44</Volume>	<Exponent>1.31</Exponent>	<Current>1</Current>	<Length>862 </Length>	<Height>1046</Height>	<Width>59</Width>	<EstimateCode>ALURAD_Panel_1000-12</EstimateCode></RadiatorSubType>
    <RadiatorSubType><Name>ALURAD Panel 1000-13</Name>	<DimensionIndex>10</DimensionIndex>	<Power>2388</Power>	<Surface>0</Surface>	<Volume>2.65</Volume>	<Exponent>1.31</Exponent>	<Current>1</Current>	<Length>937 </Length>	<Height>1046</Height>	<Width>59</Width>	<EstimateCode>ALURAD_Panel_1000-13</EstimateCode></RadiatorSubType>
    <RadiatorSubType><Name>ALURAD Panel 1000-14</Name>	<DimensionIndex>11</DimensionIndex>	<Power>2587</Power>	<Surface>0</Surface>	<Volume>2.85</Volume>	<Exponent>1.31</Exponent>	<Current>1</Current>	<Length>1012</Length>	<Height>1046</Height>	<Width>59</Width>	<EstimateCode>ALURAD_Panel_1000-14</EstimateCode></RadiatorSubType>
    <RadiatorSubType><Name>ALURAD Panel 1000-15</Name>	<DimensionIndex>12</DimensionIndex>	<Power>2786</Power>	<Surface>0</Surface>	<Volume>3.06</Volume>	<Exponent>1.31</Exponent>	<Current>1</Current>	<Length>1087</Length>	<Height>1046</Height>	<Width>59</Width>	<EstimateCode>ALURAD_Panel_1000-15</EstimateCode></RadiatorSubType>
    <RadiatorSubType><Name>ALURAD Panel 1000-16</Name>	<DimensionIndex>13</DimensionIndex>	<Power>2985</Power>	<Surface>0</Surface>	<Volume>3.27</Volume>	<Exponent>1.31</Exponent>	<Current>1</Current>	<Length>1162</Length>	<Height>1046</Height>	<Width>59</Width>	<EstimateCode>ALURAD_Panel_1000-16</EstimateCode></RadiatorSubType>
    <RadiatorSubType><Name>ALURAD Panel 1000-17</Name>	<DimensionIndex>14</DimensionIndex>	<Power>3184</Power>	<Surface>0</Surface>	<Volume>3.47</Volume>	<Exponent>1.31</Exponent>	<Current>1</Current>	<Length>1237</Length>	<Height>1046</Height>	<Width>59</Width>	<EstimateCode>ALURAD_Panel_1000-17</EstimateCode></RadiatorSubType>
    <RadiatorSubType><Name>ALURAD Panel 1000-18</Name>	<DimensionIndex>15</DimensionIndex>	<Power>3383</Power>	<Surface>0</Surface>	<Volume>3.68</Volume>	<Exponent>1.31</Exponent>	<Current>1</Current>	<Length>1312</Length>	<Height>1046</Height>	<Width>59</Width>	<EstimateCode>ALURAD_Panel_1000-18</EstimateCode></RadiatorSubType>
    <RadiatorSubType><Name>ALURAD Panel 1000-19</Name>	<DimensionIndex>16</DimensionIndex>	<Power>3582</Power>	<Surface>0</Surface>	<Volume>3.89</Volume>	<Exponent>1.31</Exponent>	<Current>1</Current>	<Length>1387</Length>	<Height>1046</Height>	<Width>59</Width>	<EstimateCode>ALURAD_Panel_1000-19</EstimateCode></RadiatorSubType>
    <RadiatorSubType><Name>ALURAD Panel 1000-20</Name>	<DimensionIndex>17</DimensionIndex>	<Power>3781</Power>	<Surface>0</Surface>	<Volume>4.09</Volume>	<Exponent>1.31</Exponent>	<Current>1</Current>	<Length>1462</Length>	<Height>1046</Height>	<Width>59</Width>	<EstimateCode>ALURAD_Panel_1000-20</EstimateCode></RadiatorSubType>
    <RadiatorSubType><Name>ALURAD Panel 1000-21</Name>	<DimensionIndex>18</DimensionIndex>	<Power>3980</Power>	<Surface>0</Surface>	<Volume>4.30</Volume>	<Exponent>1.31</Exponent>	<Current>1</Current>	<Length>1537</Length>	<Height>1046</Height>	<Width>59</Width>	<EstimateCode>ALURAD_Panel_1000-21</EstimateCode></RadiatorSubType>
    <RadiatorSubType><Name>ALURAD Panel 1000-22</Name>	<DimensionIndex>19</DimensionIndex>	<Power>4179</Power>	<Surface>0</Surface>	<Volume>4.51</Volume>	<Exponent>1.31</Exponent>	<Current>1</Current>	<Length>1612</Length>	<Height>1046</Height>	<Width>59</Width>	<EstimateCode>ALURAD_Panel_1000-22</EstimateCode></RadiatorSubType>
    <RadiatorSubType><Name>ALURAD Panel 1000-23</Name>	<DimensionIndex>20</DimensionIndex>	<Power>4378</Power>	<Surface>0</Surface>	<Volume>4.71</Volume>	<Exponent>1.31</Exponent>	<Current>1</Current>	<Length>1687</Length>	<Height>1046</Height>	<Width>59</Width>	<EstimateCode>ALURAD_Panel_1000-23</EstimateCode></RadiatorSubType>
    <RadiatorSubType><Name>ALURAD Panel 1000-24</Name>	<DimensionIndex>21</DimensionIndex>	<Power>4577</Power>	<Surface>0</Surface>	<Volume>4.92</Volume>	<Exponent>1.31</Exponent>	<Current>1</Current>	<Length>1762</Length>	<Height>1046</Height>	<Width>59</Width>	<EstimateCode>ALURAD_Panel_1000-24</EstimateCode></RadiatorSubType>
    <RadiatorSubType><Name>ALURAD Panel 1000-25</Name>	<DimensionIndex>22</DimensionIndex>	<Power>4776</Power>	<Surface>0</Surface>	<Volume>5.12</Volume>	<Exponent>1.31</Exponent>	<Current>1</Current>	<Length>1837</Length>	<Height>1046</Height>	<Width>59</Width>	<EstimateCode>ALURAD_Panel_1000-25</EstimateCode></RadiatorSubType>
  </RadiatorMainType>
</WinWattDBRadiator>

</WinWattDB>
