<?xml version="1.0" encoding="ISO-8859-2" ?>
<WinWattDB>

<WinWattDBRadiator DTLog="Yes">
  <ItemHeader>
    <Date><Year>1996</Year><Month>11</Month><Day>30</Day></Date>
    <ItemPath>APOLLO</ItemPath>
    <ItemName>APOLLO EXTRA</ItemName>
    <HomePage></HomePage></ItemHeader>
  <DTOrigin>60</DTOrigin>
  <DimensionArray Type="Height" >
    <DimensionString Value="305" >250</DimensionString>
    <DimensionString Value="405" >350</DimensionString>
    <DimensionString Value="505" >450</DimensionString>
    <DimensionString Value="605" >550</DimensionString>
    <DimensionString Value="805" >750</DimensionString>
  </DimensionArray>
  <DimensionArray Type="Width" >
    <DimensionString Value="51" >11-EK</DimensionString>
    <DimensionString Value="102" >22-DK</DimensionString>
    <DimensionString Value="155" >33-3K</DimensionString>
  </DimensionArray>
  <DimensionArray Type="Length" >
    <DimensionString Value="300" >300</DimensionString>
    <DimensionString Value="400" >400</DimensionString>
    <DimensionString Value="500" >500</DimensionString>
    <DimensionString Value="600" >600</DimensionString>
    <DimensionString Value="700" >700</DimensionString>
    <DimensionString Value="800" >800</DimensionString>
    <DimensionString Value="900" >900</DimensionString>
    <DimensionString Value="1000" >1000</DimensionString>
    <DimensionString Value="1200" >1200</DimensionString>
    <DimensionString Value="1400" >1400</DimensionString>
    <DimensionString Value="1600" >1600</DimensionString>
    <DimensionString Value="1800" >1800</DimensionString>
    <DimensionString Value="2000" >2000</DimensionString>
    <DimensionString Value="2200" >2200</DimensionString>
    <DimensionString Value="2400" >2400</DimensionString>
    <DimensionString Value="2600" >2600</DimensionString>
    <DimensionString Value="2800" >2800</DimensionString>
    <DimensionString Value="3000" >3000</DimensionString>
  </DimensionArray>
  <RadiatorMainType>	<MainTypeName>APOLLO DK-250-</MainTypeName>	<DimensionIndex>0</DimensionIndex>	<DimensionIndex>1</DimensionIndex>	<kvValue>0</kvValue>		<RadiatorSubTypeMacro From="1" To="17" Exceptions="2,4,6">	<Name>APOLLO DK-250-{S}</Name>	<Power>1401.2</Power>	<Surface>0</Surface>	<Volume>4.2</Volume>	<Exponent>1.3</Exponent>	<EstimateCode></EstimateCode>	</RadiatorSubTypeMacro>	</RadiatorMainType>
  <RadiatorMainType>	<MainTypeName>APOLLO 3K-250-</MainTypeName>	<DimensionIndex>0</DimensionIndex>	<DimensionIndex>2</DimensionIndex>	<kvValue>0</kvValue>		<RadiatorSubTypeMacro From="1" To="17" Exceptions="2,4,6">	<Name>APOLLO 3K-250-{S}</Name>	<Power>2055</Power>	<Surface>0</Surface>	<Volume>6.3</Volume>	<Exponent>1.3</Exponent>	<EstimateCode></EstimateCode>	</RadiatorSubTypeMacro>	</RadiatorMainType>
  <RadiatorMainType>	<MainTypeName>APOLLO DK-350-</MainTypeName>	<DimensionIndex>1</DimensionIndex>	<DimensionIndex>1</DimensionIndex>	<kvValue>0</kvValue>		<RadiatorSubTypeMacro From="1" To="17">				<Name>APOLLO DK-350-{S}</Name>	<Power>1766.9</Power>	<Surface>0</Surface>	<Volume>5.1</Volume>	<Exponent>1.3</Exponent>	<EstimateCode></EstimateCode>	</RadiatorSubTypeMacro>	</RadiatorMainType>
  <RadiatorMainType>	<MainTypeName>APOLLO 3K-350-</MainTypeName>	<DimensionIndex>1</DimensionIndex>	<DimensionIndex>2</DimensionIndex>	<kvValue>0</kvValue>		<RadiatorSubTypeMacro From="1" To="17">				<Name>APOLLO 3K-350-{S}</Name>	<Power>2615</Power>	<Surface>0</Surface>	<Volume>7.65</Volume>	<Exponent>1.3</Exponent>	<EstimateCode></EstimateCode>	</RadiatorSubTypeMacro>	</RadiatorMainType>
  <RadiatorMainType>	<MainTypeName>APOLLO EK-450-</MainTypeName>	<DimensionIndex>2</DimensionIndex>	<DimensionIndex>0</DimensionIndex>	<kvValue>0</kvValue>		<RadiatorSubTypeMacro From="1" To="17">				<Name>APOLLO EK-450-{S}</Name>	<Power>1183.8</Power>	<Surface>0</Surface>	<Volume>3</Volume>	<Exponent>1.3</Exponent>	<EstimateCode></EstimateCode>	</RadiatorSubTypeMacro>	</RadiatorMainType>
  <RadiatorMainType>	<MainTypeName>APOLLO DK-450-</MainTypeName>	<DimensionIndex>2</DimensionIndex>	<DimensionIndex>1</DimensionIndex>	<kvValue>0</kvValue>		<RadiatorSubTypeMacro From="1" To="17">				<Name>APOLLO DK-450-{S}</Name>	<Power>2155</Power>	<Surface>0</Surface>	<Volume>6</Volume>	<Exponent>1.3</Exponent>	<EstimateCode></EstimateCode>	</RadiatorSubTypeMacro>	</RadiatorMainType>
  <RadiatorMainType>	<MainTypeName>APOLLO 3K-450-</MainTypeName>	<DimensionIndex>2</DimensionIndex>	<DimensionIndex>2</DimensionIndex>	<kvValue>0</kvValue>		<RadiatorSubTypeMacro From="1" To="17">				<Name>APOLLO 3K-450-{S}</Name>	<Power>3151.9</Power>	<Surface>0</Surface>	<Volume>9</Volume>	<Exponent>1.3</Exponent>	<EstimateCode></EstimateCode>	</RadiatorSubTypeMacro>	</RadiatorMainType>
  <RadiatorMainType>	<MainTypeName>APOLLO EK-550-</MainTypeName>	<DimensionIndex>3</DimensionIndex>	<DimensionIndex>0</DimensionIndex>	<kvValue>0</kvValue>		<RadiatorSubTypeMacro From="0" To="17">				<Name>APOLLO EK-550-{S}</Name>	<Power>1374.1</Power>	<Surface>0</Surface>	<Volume>3.5</Volume>	<Exponent>1.3</Exponent>	<EstimateCode></EstimateCode>	</RadiatorSubTypeMacro>	</RadiatorMainType>
  <RadiatorMainType>	<MainTypeName>APOLLO DK-550-</MainTypeName>	<DimensionIndex>3</DimensionIndex>	<DimensionIndex>1</DimensionIndex>	<kvValue>0</kvValue>		<RadiatorSubTypeMacro From="0" To="17">				<Name>APOLLO DK-550-{S}</Name>	<Power>2500</Power>	<Surface>0</Surface>	<Volume>7</Volume>	<Exponent>1.3</Exponent>	<EstimateCode></EstimateCode>	</RadiatorSubTypeMacro>	</RadiatorMainType>
  <RadiatorMainType>	<MainTypeName>APOLLO 3K-550-</MainTypeName>	<DimensionIndex>3</DimensionIndex>	<DimensionIndex>2</DimensionIndex>	<kvValue>0</kvValue>		<RadiatorSubTypeMacro From="0" To="17">				<Name>APOLLO 3K-550-{S}</Name>	<Power>3675.9</Power>	<Surface>0</Surface>	<Volume>10.5</Volume>	<Exponent>1.3</Exponent>	<EstimateCode></EstimateCode>	</RadiatorSubTypeMacro>	</RadiatorMainType>
  <RadiatorMainType>	<MainTypeName>APOLLO EK-750-</MainTypeName>	<DimensionIndex>4</DimensionIndex>	<DimensionIndex>0</DimensionIndex>	<kvValue>0</kvValue>		<RadiatorSubTypeMacro From="0" To="17">				<Name>APOLLO EK-750-{S}</Name>	<Power>1837</Power>	<Surface>0</Surface>	<Volume>4.4</Volume>	<Exponent>1.3</Exponent>	<EstimateCode></EstimateCode>	</RadiatorSubTypeMacro>	</RadiatorMainType>
  <RadiatorMainType>	<MainTypeName>APOLLO DK-750-</MainTypeName>	<DimensionIndex>4</DimensionIndex>	<DimensionIndex>1</DimensionIndex>	<kvValue>0</kvValue>		<RadiatorSubTypeMacro From="0" To="17">				<Name>APOLLO DK-750-{S}</Name>	<Power>3214.1</Power>	<Surface>0</Surface>	<Volume>8.8</Volume>	<Exponent>1.3</Exponent>	<EstimateCode></EstimateCode>	</RadiatorSubTypeMacro>	</RadiatorMainType>
  <RadiatorMainType>	<MainTypeName>APOLLO 3K-750-</MainTypeName>	<DimensionIndex>4</DimensionIndex>	<DimensionIndex>2</DimensionIndex>	<kvValue>0</kvValue>		<RadiatorSubTypeMacro From="0" To="17">				<Name>APOLLO 3K-750-{S}</Name>	<Power>4684.1</Power>	<Surface>0</Surface>	<Volume>13.2</Volume>	<Exponent>1.3</Exponent>	<EstimateCode></EstimateCode>	</RadiatorSubTypeMacro>	</RadiatorMainType>
</WinWattDBRadiator>

</WinWattDB>
