<?xml version="1.0" encoding="ISO-8859-2" ?>
<WinWattDB>

<WinWattDBRadiator DTLog="Yes">
  <ItemHeader>
    <Date><Year>1996</Year><Month>11</Month><Day>30</Day></Date>
    <ItemPath>Calidor</ItemPath>
    <ItemName>Calidor</ItemName>
    <HomePage></HomePage></ItemHeader>
  <DTOrigin>60</DTOrigin>
  <DimensionArray Type="Height" >
    <DimensionString Value="427" >350</DimensionString>
    <DimensionString Value="577" >500</DimensionString>
    <DimensionString Value="677" >600</DimensionString>
    <DimensionString Value="777" >700</DimensionString>
    <DimensionString Value="877" >800</DimensionString>
  </DimensionArray>
  <DimensionArray Type="Length" >
    <DimensionString Value="80" >1</DimensionString>
    <DimensionString Value="160" >2</DimensionString>
    <DimensionString Value="240" >3</DimensionString>
    <DimensionString Value="320" >4</DimensionString>
    <DimensionString Value="400" >5</DimensionString>
    <DimensionString Value="480" >6</DimensionString>
    <DimensionString Value="560" >7</DimensionString>
    <DimensionString Value="640" >8</DimensionString>
    <DimensionString Value="720" >9</DimensionString>
    <DimensionString Value="800" >10</DimensionString>
    <DimensionString Value="880" >11</DimensionString>
    <DimensionString Value="960" >12</DimensionString>
    <DimensionString Value="1040" >13</DimensionString>
    <DimensionString Value="1120" >14</DimensionString>
    <DimensionString Value="1200" >15</DimensionString>
    <DimensionString Value="1280" >16</DimensionString>
    <DimensionString Value="1360" >17</DimensionString>
    <DimensionString Value="1440" >18</DimensionString>
    <DimensionString Value="1520" >19</DimensionString>
    <DimensionString Value="1600" >20</DimensionString>
    <DimensionString Value="1680" >21</DimensionString>
    <DimensionString Value="1760" >22</DimensionString>
    <DimensionString Value="1840" >23</DimensionString>
    <DimensionString Value="1920" >24</DimensionString>
    <DimensionString Value="2000" >25</DimensionString>
    <DimensionString Value="2080" >26</DimensionString>
    <DimensionString Value="2160" >27</DimensionString>
    <DimensionString Value="2240" >28</DimensionString>
    <DimensionString Value="2320" >29</DimensionString>
    <DimensionString Value="2400" >30</DimensionString>
    <DimensionString Value="2480" >31</DimensionString>
    <DimensionString Value="2560" >32</DimensionString>
    <DimensionString Value="2640" >33</DimensionString>
    <DimensionString Value="2720" >34</DimensionString>
    <DimensionString Value="2800" >35</DimensionString>
    <DimensionString Value="2880" >36</DimensionString>
    <DimensionString Value="2960" >37</DimensionString>
    <DimensionString Value="3040" >38</DimensionString>
    <DimensionString Value="3120" >39</DimensionString>
    <DimensionString Value="3200" >40</DimensionString>
  </DimensionArray>
  <RadiatorMainType>	<MainTypeName>Calidor 350-</MainTypeName>	<DimensionIndex>0</DimensionIndex>	<kvValue>0</kvValue>		<RadiatorSubTypeMacro From="0" To="39">	<Name>Calidor 350-{S}</Name>	<Power>1600</Power>	<Surface>0</Surface>	<Volume>2.5</Volume>	<Exponent>1.34</Exponent>	<Width>97</Width>	<EstimateCode></EstimateCode>	</RadiatorSubTypeMacro>	</RadiatorMainType>
  <RadiatorMainType>	<MainTypeName>Calidor 500-</MainTypeName>	<DimensionIndex>1</DimensionIndex>	<kvValue>0</kvValue>		<RadiatorSubTypeMacro From="0" To="39">	<Name>Calidor 500-{S}</Name>	<Power>2112.5</Power>	<Surface>0</Surface>	<Volume>4.625</Volume>	<Exponent>1.352</Exponent>	<Width>97</Width>	<EstimateCode></EstimateCode>	</RadiatorSubTypeMacro>	</RadiatorMainType>
  <RadiatorMainType>	<MainTypeName>Calidor 600-</MainTypeName>	<DimensionIndex>2</DimensionIndex>	<kvValue>0</kvValue>		<RadiatorSubTypeMacro From="0" To="39">	<Name>Calidor 600-{S}</Name>	<Power>2425</Power>	<Surface>0</Surface>	<Volume>5.625</Volume>	<Exponent>1.35</Exponent>	<Width>97</Width>	<EstimateCode></EstimateCode>	</RadiatorSubTypeMacro>	</RadiatorMainType>
  <RadiatorMainType>	<MainTypeName>Calidor 700-</MainTypeName>	<DimensionIndex>3</DimensionIndex>	<kvValue>0</kvValue>		<RadiatorSubTypeMacro From="0" To="39">	<Name>Calidor 700-{S}</Name>	<Power>2737.5</Power>	<Surface>0</Surface>	<Volume>6.875</Volume>	<Exponent>1.363</Exponent>	<Width>97</Width>	<EstimateCode></EstimateCode>	</RadiatorSubTypeMacro>	</RadiatorMainType>
  <RadiatorMainType>	<MainTypeName>Calidor 800-</MainTypeName>	<DimensionIndex>4</DimensionIndex>	<kvValue>0</kvValue>		<RadiatorSubTypeMacro From="0" To="39">	<Name>Calidor 800-{S}</Name>	<Power>3000</Power>	<Surface>0</Surface>	<Volume>7.5</Volume>	<Exponent>1.366</Exponent>	<Width>97</Width>	<EstimateCode></EstimateCode>	</RadiatorSubTypeMacro>	</RadiatorMainType>
</WinWattDBRadiator>

</WinWattDB>
