<?xml version="1.0" encoding="ISO-8859-2" ?>
<WinWattDB>

<WinWattDBRadiator DTLog="Yes">
  <ItemHeader>
    <Date><Year>1996</Year><Month>8</Month><Day>1</Day></Date>
    <ItemPath>CLASSIC</ItemPath>
    <ItemName>CLASSIC</ItemName>
    <HomePage></HomePage></ItemHeader>
  <DTOrigin>60</DTOrigin>
  <DimensionArray Type="Height" >
    <DimensionString Value="350" >350</DimensionString>
    <DimensionString Value="550" >550</DimensionString>
    <DimensionString Value="650" >650</DimensionString>
    <DimensionString Value="900" >900</DimensionString>
  </DimensionArray>
  <DimensionArray Type="Length" >
    <DimensionString Value="175" >3</DimensionString>
    <DimensionString Value="256" >4</DimensionString>
    <DimensionString Value="337" >5</DimensionString>
    <DimensionString Value="418" >6</DimensionString>
    <DimensionString Value="499" >7</DimensionString>
    <DimensionString Value="580" >8</DimensionString>
    <DimensionString Value="661" >9</DimensionString>
    <DimensionString Value="742" >10</DimensionString>
    <DimensionString Value="823" >11</DimensionString>
    <DimensionString Value="904" >12</DimensionString>
    <DimensionString Value="985" >13</DimensionString>
    <DimensionString Value="1066" >14</DimensionString>
    <DimensionString Value="1147" >15</DimensionString>
    <DimensionString Value="1228" >16</DimensionString>
    <DimensionString Value="1309" >17</DimensionString>
    <DimensionString Value="1390" >18</DimensionString>
    <DimensionString Value="1471" >19</DimensionString>
    <DimensionString Value="1552" >20</DimensionString>
    <DimensionString Value="1633" >21</DimensionString>
    <DimensionString Value="1714" >22</DimensionString>
    <DimensionString Value="1795" >23</DimensionString>
    <DimensionString Value="1876" >24</DimensionString>
    <DimensionString Value="1957" >25</DimensionString>
  </DimensionArray>
  <RadiatorMainType>	<MainTypeName>CLASSIC D-C 350-</MainTypeName>	<DimensionIndex>0</DimensionIndex>	<kvValue>0</kvValue>		<RadiatorSubTypeMacro From="0" To="22" PowerCorrection="65.48" VolumeCorrection="0.1058">	<Name>CLASSIC D-C 350-{S}</Name>	<Power>962.96</Power>	<Surface>0</Surface>	<Volume>1.51</Volume>	<Exponent>1.3</Exponent>	<EstimateCode></EstimateCode>	</RadiatorSubTypeMacro>	</RadiatorMainType>
  <RadiatorMainType>	<MainTypeName>CLASSIC D-C 550-</MainTypeName>	<DimensionIndex>1</DimensionIndex>	<kvValue>0</kvValue>		<RadiatorSubTypeMacro From="0" To="22" PowerCorrection="97.38" VolumeCorrection="0.1282">	<Name>CLASSIC D-C 550-{S}</Name>	<Power>1432.1</Power>	<Surface>0</Surface>	<Volume>1.953</Volume>	<Exponent>1.3</Exponent>	<EstimateCode></EstimateCode>	</RadiatorSubTypeMacro>	</RadiatorMainType>
  <RadiatorMainType>	<MainTypeName>CLASSIC D-C 650-</MainTypeName>	<DimensionIndex>2</DimensionIndex>	<kvValue>0</kvValue>		<RadiatorSubTypeMacro From="0" To="22" PowerCorrection="117.5" VolumeCorrection="0.149">	<Name>CLASSIC D-C 650-{S}</Name>	<Power>1728.4</Power>	<Surface>0</Surface>	<Volume>2.177</Volume>	<Exponent>1.3</Exponent>	<EstimateCode></EstimateCode>	</RadiatorSubTypeMacro>	</RadiatorMainType>
  <RadiatorMainType>	<MainTypeName>CLASSIC D-C 900-</MainTypeName>	<DimensionIndex>3</DimensionIndex>	<kvValue>0</kvValue>		<RadiatorSubTypeMacro From="0" To="22" PowerCorrection="148.1" VolumeCorrection="0.1817">	<Name>CLASSIC D-C 900-{S}</Name>	<Power>2176.8</Power>	<Surface>0</Surface>	<Volume>2.733</Volume>	<Exponent>1.3</Exponent>	<EstimateCode></EstimateCode>	</RadiatorSubTypeMacro>	</RadiatorMainType>
</WinWattDBRadiator>

</WinWattDB>
