<?xml version="1.0" encoding="ISO-8859-2" ?>
<WinWattDB>

<WinWattDBRadiator DTLog="Yes">
  <ItemHeader>
    <Date><Year>1996</Year><Month>8</Month><Day>1</Day></Date>
    <ItemPath>DeLonghi</ItemPath>
    <ItemName>DeLonghi</ItemName>
    <HomePage></HomePage></ItemHeader>
  <DTOrigin>60</DTOrigin>
  <DimensionArray Type="Height" >
    <DimensionString Value="300" >300</DimensionString>
    <DimensionString Value="400" >400</DimensionString>
    <DimensionString Value="500" >500</DimensionString>
    <DimensionString Value="600" >600</DimensionString>
    <DimensionString Value="900" >900</DimensionString>
  </DimensionArray>
  <DimensionArray Type="Width" >
    <DimensionString>10</DimensionString>
    <DimensionString>11</DimensionString>
    <DimensionString>11K</DimensionString>
    <DimensionString>21</DimensionString>
    <DimensionString>22</DimensionString>
    <DimensionString>33</DimensionString>
  </DimensionArray>
  <DimensionArray Type="Length" >
    <DimensionString Value="360" >360</DimensionString>
    <DimensionString Value="480" >480</DimensionString>
    <DimensionString Value="600" >600</DimensionString>
    <DimensionString Value="720" >720</DimensionString>
    <DimensionString Value="840" >840</DimensionString>
    <DimensionString Value="960" >960</DimensionString>
    <DimensionString Value="1080" >1080</DimensionString>
    <DimensionString Value="1200" >1200</DimensionString>
    <DimensionString Value="1440" >1440</DimensionString>
    <DimensionString Value="1680" >1680</DimensionString>
    <DimensionString Value="1920" >1920</DimensionString>
    <DimensionString Value="2160" >2160</DimensionString>
    <DimensionString Value="2400" >2400</DimensionString>
    <DimensionString Value="2640" >2640</DimensionString>
    <DimensionString Value="3000" >3000</DimensionString>
  </DimensionArray>
  <RadiatorMainType>	<MainTypeName>DeLonghi 22/300/</MainTypeName>	<DimensionIndex>0</DimensionIndex>	<DimensionIndex>4</DimensionIndex>	<kvValue>0</kvValue>		<RadiatorSubTypeMacro From="3" To="14">	<Name>DeLonghi 22/300/{S}</Name>	<Power>1259.2</Power>	<Surface>0</Surface>	<Volume>4.101</Volume>	<Exponent>1.3</Exponent>	<EstimateCode></EstimateCode>	</RadiatorSubTypeMacro>	</RadiatorMainType>
  <RadiatorMainType>	<MainTypeName>DeLonghi 33/300/</MainTypeName>	<DimensionIndex>0</DimensionIndex>	<DimensionIndex>5</DimensionIndex>	<kvValue>0</kvValue>		<RadiatorSubTypeMacro From="2" To="14">	<Name>DeLonghi 33/300/{S}</Name>	<Power>1810</Power>	<Surface>0</Surface>	<Volume>6.15</Volume>	<Exponent>1.3</Exponent>	<EstimateCode></EstimateCode>	</RadiatorSubTypeMacro>	</RadiatorMainType>
  <RadiatorMainType>	<MainTypeName>DeLonghi 11K/400/</MainTypeName>	<DimensionIndex>1</DimensionIndex>	<DimensionIndex>2</DimensionIndex>	<kvValue>0</kvValue>		<RadiatorSubTypeMacro From="1" To="11">	<Name>DeLonghi 11K/400/{S}</Name>	<Power>847.02</Power>	<Surface>0</Surface>	<Volume>2.696</Volume>	<Exponent>1.3</Exponent>	<EstimateCode></EstimateCode>	</RadiatorSubTypeMacro>	</RadiatorMainType>
  <RadiatorMainType>	<MainTypeName>DeLonghi 22/400/</MainTypeName>	<DimensionIndex>1</DimensionIndex>	<DimensionIndex>4</DimensionIndex>	<kvValue>0</kvValue>		<RadiatorSubTypeMacro From="2" To="14">	<Name>DeLonghi 22/400/{S}</Name>	<Power>1594.2</Power>	<Surface>0</Surface>	<Volume>5.4</Volume>	<Exponent>1.3</Exponent>	<EstimateCode></EstimateCode>	</RadiatorSubTypeMacro>	</RadiatorMainType>
  <RadiatorMainType>	<MainTypeName>DeLonghi 33/400/</MainTypeName>	<DimensionIndex>1</DimensionIndex>	<DimensionIndex>5</DimensionIndex>	<kvValue>0</kvValue>		<RadiatorSubTypeMacro From="2" To="10">	<Name>DeLonghi 33/400/{S}</Name>	<Power>2287.1</Power>	<Surface>0</Surface>	<Volume>8.098</Volume>	<Exponent>1.3</Exponent>	<EstimateCode></EstimateCode>	</RadiatorSubTypeMacro>	</RadiatorMainType>
  <RadiatorMainType>	<MainTypeName>DeLonghi 10/500/</MainTypeName>	<DimensionIndex>2</DimensionIndex>	<DimensionIndex>0</DimensionIndex>	<kvValue>0</kvValue>		<RadiatorSubTypeMacro From="1" To="10">	<Name>DeLonghi 10/500/{S}</Name>	<Power>684.72</Power>	<Surface>0</Surface>	<Volume>3.097</Volume>	<Exponent>1.3</Exponent>	<EstimateCode></EstimateCode>	</RadiatorSubTypeMacro>	</RadiatorMainType>
  <RadiatorMainType>	<MainTypeName>DeLonghi 11/500/</MainTypeName>	<DimensionIndex>2</DimensionIndex>	<DimensionIndex>1</DimensionIndex>	<kvValue>0</kvValue>		<RadiatorSubTypeMacro From="1" To="14">	<Name>DeLonghi 11/500/{S}</Name>	<Power>1069.4</Power>	<Surface>0</Surface>	<Volume>3.099</Volume>	<Exponent>1.3</Exponent>	<EstimateCode></EstimateCode>	</RadiatorSubTypeMacro>	</RadiatorMainType>
  <RadiatorMainType>	<MainTypeName>DeLonghi 11K/500/</MainTypeName>	<DimensionIndex>2</DimensionIndex>	<DimensionIndex>2</DimensionIndex>	<kvValue>0</kvValue>		<RadiatorSubTypeMacro From="1" To="11">	<Name>DeLonghi 11K/500/{S}</Name>	<Power>1027.4</Power>	<Surface>0</Surface>	<Volume>3.101</Volume>	<Exponent>1.3</Exponent>	<EstimateCode></EstimateCode>	</RadiatorSubTypeMacro>	</RadiatorMainType>
  <RadiatorMainType>	<MainTypeName>DeLonghi 21/500/</MainTypeName>	<DimensionIndex>2</DimensionIndex>	<DimensionIndex>3</DimensionIndex>	<kvValue>0</kvValue>		<RadiatorSubTypeMacro From="1" To="11">	<Name>DeLonghi 21/500/{S}</Name>	<Power>1554.2</Power>	<Surface>0</Surface>	<Volume>6.196</Volume>	<Exponent>1.3</Exponent>	<EstimateCode></EstimateCode>	</RadiatorSubTypeMacro>	</RadiatorMainType>
  <RadiatorMainType>	<MainTypeName>DeLonghi 22/500/</MainTypeName>	<DimensionIndex>2</DimensionIndex>	<DimensionIndex>4</DimensionIndex>	<kvValue>0</kvValue>		<RadiatorSubTypeMacro From="1" To="14">	<Name>DeLonghi 22/500/{S}</Name>	<Power>1912.7</Power>	<Surface>0</Surface>	<Volume>6.198</Volume>	<Exponent>1.3</Exponent>	<EstimateCode></EstimateCode>	</RadiatorSubTypeMacro>	</RadiatorMainType>
  <RadiatorMainType>	<MainTypeName>DeLonghi 33/500/</MainTypeName>	<DimensionIndex>2</DimensionIndex>	<DimensionIndex>5</DimensionIndex>	<kvValue>0</kvValue>		<RadiatorSubTypeMacro From="1" To="10">	<Name>DeLonghi 33/500/{S}</Name>	<Power>2737.5</Power>	<Surface>0</Surface>	<Volume>9.306</Volume>	<Exponent>1.3</Exponent>	<EstimateCode></EstimateCode>	</RadiatorSubTypeMacro>	</RadiatorMainType>
  <RadiatorMainType>	<MainTypeName>DeLonghi 10/600/</MainTypeName>	<DimensionIndex>3</DimensionIndex>	<DimensionIndex>0</DimensionIndex>	<kvValue>0</kvValue>		<RadiatorSubTypeMacro From="0" To="14">	<Name>DeLonghi 10/600/{S}</Name>	<Power>809.85</Power>	<Surface>0</Surface>	<Volume>3.75</Volume>	<Exponent>1.3</Exponent>	<EstimateCode></EstimateCode>	</RadiatorSubTypeMacro>	</RadiatorMainType>
  <RadiatorMainType>	<MainTypeName>DeLonghi 11/600/</MainTypeName>	<DimensionIndex>3</DimensionIndex>	<DimensionIndex>1</DimensionIndex>	<kvValue>0</kvValue>		<RadiatorSubTypeMacro From="0" To="14">	<Name>DeLonghi 11/600/{S}</Name>	<Power>1241.7</Power>	<Surface>0</Surface>	<Volume>3.75</Volume>	<Exponent>1.3</Exponent>	<EstimateCode></EstimateCode>	</RadiatorSubTypeMacro>	</RadiatorMainType>
  <RadiatorMainType>	<MainTypeName>DeLonghi 11K/600/</MainTypeName>	<DimensionIndex>3</DimensionIndex>	<DimensionIndex>2</DimensionIndex>	<kvValue>0</kvValue>		<RadiatorSubTypeMacro From="0" To="12">	<Name>DeLonghi 11K/600/{S}</Name>	<Power>1201</Power>	<Surface>0</Surface>	<Volume>3.75</Volume>	<Exponent>1.3</Exponent>	<EstimateCode></EstimateCode>	</RadiatorSubTypeMacro>	</RadiatorMainType>
  <RadiatorMainType>	<MainTypeName>DeLonghi 21/600/</MainTypeName>	<DimensionIndex>3</DimensionIndex>	<DimensionIndex>3</DimensionIndex>	<kvValue>0</kvValue>		<RadiatorSubTypeMacro From="0" To="11">	<Name>DeLonghi 21/600/{S}</Name>	<Power>1807.2</Power>	<Surface>0</Surface>	<Volume>7.5</Volume>	<Exponent>1.3</Exponent>	<EstimateCode></EstimateCode>	</RadiatorSubTypeMacro>	</RadiatorMainType>
  <RadiatorMainType>	<MainTypeName>DeLonghi 22/600/</MainTypeName>	<DimensionIndex>3</DimensionIndex>	<DimensionIndex>4</DimensionIndex>	<kvValue>0</kvValue>		<RadiatorSubTypeMacro From="0" To="14">	<Name>DeLonghi 22/600/{S}</Name>	<Power>2211.7</Power>	<Surface>0</Surface>	<Volume>7.5</Volume>	<Exponent>1.3</Exponent>	<EstimateCode></EstimateCode>	</RadiatorSubTypeMacro>	</RadiatorMainType>
  <RadiatorMainType>	<MainTypeName>DeLonghi 33/600/</MainTypeName>	<DimensionIndex>3</DimensionIndex>	<DimensionIndex>5</DimensionIndex>	<kvValue>0</kvValue>		<RadiatorSubTypeMacro From="0" To="10">	<Name>DeLonghi 33/600/{S}</Name>	<Power>3159.6</Power>	<Surface>0</Surface>	<Volume>11.25</Volume>	<Exponent>1.3</Exponent>	<EstimateCode></EstimateCode>	</RadiatorSubTypeMacro>	</RadiatorMainType>
  <RadiatorMainType>	<MainTypeName>DeLonghi 10/900/</MainTypeName>	<DimensionIndex>4</DimensionIndex>	<DimensionIndex>0</DimensionIndex>	<kvValue>0</kvValue>		<RadiatorSubTypeMacro From="0" To="9">	<Name>DeLonghi 10/900/{S}</Name>	<Power>1179.5</Power>	<Surface>0</Surface>	<Volume>5.295</Volume>	<Exponent>1.3</Exponent>	<EstimateCode></EstimateCode>	</RadiatorSubTypeMacro>	</RadiatorMainType>
  <RadiatorMainType>	<MainTypeName>DeLonghi 11/900/</MainTypeName>	<DimensionIndex>4</DimensionIndex>	<DimensionIndex>1</DimensionIndex>	<kvValue>0</kvValue>		<RadiatorSubTypeMacro From="0" To="9">	<Name>DeLonghi 11/900/{S}</Name>	<Power>1712.1</Power>	<Surface>0</Surface>	<Volume>5.295</Volume>	<Exponent>1.3</Exponent>	<EstimateCode></EstimateCode>	</RadiatorSubTypeMacro>	</RadiatorMainType>
  <RadiatorMainType>	<MainTypeName>DeLonghi 11K/900/</MainTypeName>	<DimensionIndex>4</DimensionIndex>	<DimensionIndex>2</DimensionIndex>	<kvValue>0</kvValue>		<RadiatorSubTypeMacro From="0" To="8">	<Name>DeLonghi 11K/900/{S}</Name>	<Power>1670.4</Power>	<Surface>0</Surface>	<Volume>5.296</Volume>	<Exponent>1.3</Exponent>	<EstimateCode></EstimateCode>	</RadiatorSubTypeMacro>	</RadiatorMainType>
  <RadiatorMainType>	<MainTypeName>DeLonghi 21/900/</MainTypeName>	<DimensionIndex>4</DimensionIndex>	<DimensionIndex>3</DimensionIndex>	<kvValue>0</kvValue>		<RadiatorSubTypeMacro From="0" To="8">	<Name>DeLonghi 21/900/{S}</Name>	<Power>2486.1</Power>	<Surface>0</Surface>	<Volume>10.59</Volume>	<Exponent>1.3</Exponent>	<EstimateCode></EstimateCode>	</RadiatorSubTypeMacro>	</RadiatorMainType>
  <RadiatorMainType>	<MainTypeName>DeLonghi 22/900/</MainTypeName>	<DimensionIndex>4</DimensionIndex>	<DimensionIndex>4</DimensionIndex>	<kvValue>0</kvValue>		<RadiatorSubTypeMacro From="0" To="9">	<Name>DeLonghi 22/900/{S}</Name>	<Power>2970.5</Power>	<Surface>0</Surface>	<Volume>10.6</Volume>	<Exponent>1.3</Exponent>	<EstimateCode></EstimateCode>	</RadiatorSubTypeMacro>	</RadiatorMainType>
  <RadiatorMainType>	<MainTypeName>DeLonghi 33/900/</MainTypeName>	<DimensionIndex>4</DimensionIndex>	<DimensionIndex>5</DimensionIndex>	<kvValue>0</kvValue>		<RadiatorSubTypeMacro From="0" To="7">	<Name>DeLonghi 33/900/{S}</Name>	<Power>4211.9</Power>	<Surface>0</Surface>	<Volume>15.9</Volume>	<Exponent>1.3</Exponent>	<EstimateCode></EstimateCode>	</RadiatorSubTypeMacro>	</RadiatorMainType>
</WinWattDBRadiator>


<WinWattDBRadiator DTLog="Yes">
  <ItemHeader>
    <Date><Year>1996</Year><Month>8</Month><Day>1</Day></Date>
    <ItemPath>DeLonghi</ItemPath>
    <ItemName>DeLonghi Linear</ItemName>
    <HomePage></HomePage></ItemHeader>
  <DTOrigin>60</DTOrigin>
  <DimensionArray Type="Height" >
    <DimensionString Value="300" >300</DimensionString>
    <DimensionString Value="400" >400</DimensionString>
    <DimensionString Value="500" >500</DimensionString>
    <DimensionString Value="600" >600</DimensionString>
    <DimensionString Value="900" >900</DimensionString>
  </DimensionArray>
  <DimensionArray Type="Width" >
    <DimensionString>20</DimensionString>
    <DimensionString>21</DimensionString>
    <DimensionString>22</DimensionString>
    <DimensionString>33</DimensionString>
  </DimensionArray>
  <DimensionArray Type="Length" >
    <DimensionString Value="360" >360</DimensionString>
    <DimensionString Value="480" >480</DimensionString>
    <DimensionString Value="600" >600</DimensionString>
    <DimensionString Value="720" >720</DimensionString>
    <DimensionString Value="840" >840</DimensionString>
    <DimensionString Value="960" >960</DimensionString>
    <DimensionString Value="1080" >1080</DimensionString>
    <DimensionString Value="1200" >1200</DimensionString>
    <DimensionString Value="1440" >1440</DimensionString>
    <DimensionString Value="1680" >1680</DimensionString>
    <DimensionString Value="1920" >1920</DimensionString>
    <DimensionString Value="2160" >2160</DimensionString>
    <DimensionString Value="2400" >2400</DimensionString>
    <DimensionString Value="2640" >2640</DimensionString>
    <DimensionString Value="3000" >3000</DimensionString>
  </DimensionArray>
  <RadiatorMainType>	<MainTypeName>DeLonghi Linear 22/300/</MainTypeName>	<DimensionIndex>0</DimensionIndex>	<DimensionIndex>2</DimensionIndex>	<kvValue>0</kvValue>		<RadiatorSubTypeMacro From="2" To="14">				<Name>DeLonghi Linear 22/300/{S}</Name>	<Power>1145.8</Power>	<Surface>0</Surface>	<Volume>4.1</Volume>	<Exponent>1.3</Exponent>	<EstimateCode></EstimateCode>	</RadiatorSubTypeMacro>	</RadiatorMainType>
  <RadiatorMainType>	<MainTypeName>DeLonghi Linear 33/300/</MainTypeName>	<DimensionIndex>0</DimensionIndex>	<DimensionIndex>3</DimensionIndex>	<kvValue>0</kvValue>		<RadiatorSubTypeMacro From="2" To="14">				<Name>DeLonghi Linear 33/300/{S}</Name>	<Power>1678.3</Power>	<Surface>0</Surface>	<Volume>6.15</Volume>	<Exponent>1.3</Exponent>	<EstimateCode></EstimateCode>	</RadiatorSubTypeMacro>	</RadiatorMainType>
  <RadiatorMainType>	<MainTypeName>DeLonghi Linear 20/400/</MainTypeName>	<DimensionIndex>1</DimensionIndex>	<DimensionIndex>0</DimensionIndex>	<kvValue>0</kvValue>		<RadiatorSubTypeMacro From="1" To="3" PowerCorrection="1">	<Name>DeLonghi Linear 20/400/{S}</Name>	<Power>816.67</Power>	<Surface>0</Surface>	<Volume>5.417</Volume>	<Exponent>1.3</Exponent>	<EstimateCode></EstimateCode>	</RadiatorSubTypeMacro>	</RadiatorMainType>
  <RadiatorMainType>	<MainTypeName>DeLonghi Linear 22/400/</MainTypeName>	<DimensionIndex>1</DimensionIndex>	<DimensionIndex>2</DimensionIndex>	<kvValue>0</kvValue>		<RadiatorSubTypeMacro From="1" To="14">				<Name>DeLonghi Linear 22/400/{S}</Name>	<Power>1473.4</Power>	<Surface>0</Surface>	<Volume>5.401</Volume>	<Exponent>1.3</Exponent>	<EstimateCode></EstimateCode>	</RadiatorSubTypeMacro>	</RadiatorMainType>
  <RadiatorMainType>	<MainTypeName>DeLonghi Linear 33/400/</MainTypeName>	<DimensionIndex>1</DimensionIndex>	<DimensionIndex>3</DimensionIndex>	<kvValue>0</kvValue>		<RadiatorSubTypeMacro From="2" To="11">				<Name>DeLonghi Linear 33/400/{S}</Name>	<Power>2144.9</Power>	<Surface>0</Surface>	<Volume>8.103</Volume>	<Exponent>1.3</Exponent>	<EstimateCode></EstimateCode>	</RadiatorSubTypeMacro>	</RadiatorMainType>
  <RadiatorMainType>	<MainTypeName>DeLonghi Linear 20/500/</MainTypeName>	<DimensionIndex>2</DimensionIndex>	<DimensionIndex>0</DimensionIndex>	<kvValue>0</kvValue>		<RadiatorSubTypeMacro From="1" To="11">				<Name>DeLonghi Linear 20/500/{S}</Name>	<Power>985.12</Power>	<Surface>0</Surface>	<Volume>6.196</Volume>	<Exponent>1.3</Exponent>	<EstimateCode></EstimateCode>	</RadiatorSubTypeMacro>	</RadiatorMainType>
  <RadiatorMainType>	<MainTypeName>DeLonghi Linear 21/500/</MainTypeName>	<DimensionIndex>2</DimensionIndex>	<DimensionIndex>1</DimensionIndex>	<kvValue>0</kvValue>		<RadiatorSubTypeMacro From="1" To="11">				<Name>DeLonghi Linear 21/500/{S}</Name>	<Power>1364.9</Power>	<Surface>0</Surface>	<Volume>6.196</Volume>	<Exponent>1.3</Exponent>	<EstimateCode></EstimateCode>	</RadiatorSubTypeMacro>	</RadiatorMainType>
  <RadiatorMainType>	<MainTypeName>DeLonghi Linear 22/500/</MainTypeName>	<DimensionIndex>2</DimensionIndex>	<DimensionIndex>2</DimensionIndex>	<kvValue>0</kvValue>		<RadiatorSubTypeMacro From="1" To="14">				<Name>DeLonghi Linear 22/500/{S}</Name>	<Power>1780.2</Power>	<Surface>0</Surface>	<Volume>6.198</Volume>	<Exponent>1.3</Exponent>	<EstimateCode></EstimateCode>	</RadiatorSubTypeMacro>	</RadiatorMainType>
  <RadiatorMainType>	<MainTypeName>DeLonghi Linear 33/500/</MainTypeName>	<DimensionIndex>2</DimensionIndex>	<DimensionIndex>3</DimensionIndex>	<kvValue>0</kvValue>		<RadiatorSubTypeMacro From="1" To="11">				<Name>DeLonghi Linear 33/500/{S}</Name>	<Power>2581</Power>	<Surface>0</Surface>	<Volume>9.304</Volume>	<Exponent>1.3</Exponent>	<EstimateCode></EstimateCode>	</RadiatorSubTypeMacro>	</RadiatorMainType>
  <RadiatorMainType>	<MainTypeName>DeLonghi Linear 20/600/</MainTypeName>	<DimensionIndex>3</DimensionIndex>	<DimensionIndex>0</DimensionIndex>	<kvValue>0</kvValue>		<RadiatorSubTypeMacro From="0" To="12">				<Name>DeLonghi Linear 20/600/{S}</Name>	<Power>1146.6</Power>	<Surface>0</Surface>	<Volume>7.5</Volume>	<Exponent>1.3</Exponent>	<EstimateCode></EstimateCode>	</RadiatorSubTypeMacro>	</RadiatorMainType>
  <RadiatorMainType>	<MainTypeName>DeLonghi Linear 21/600/</MainTypeName>	<DimensionIndex>3</DimensionIndex>	<DimensionIndex>1</DimensionIndex>	<kvValue>0</kvValue>		<RadiatorSubTypeMacro From="0" To="11">				<Name>DeLonghi Linear 21/600/{S}</Name>	<Power>1573.9</Power>	<Surface>0</Surface>	<Volume>7.5</Volume>	<Exponent>1.3</Exponent>	<EstimateCode></EstimateCode>	</RadiatorSubTypeMacro>	</RadiatorMainType>
  <RadiatorMainType>	<MainTypeName>DeLonghi Linear 22/600/</MainTypeName>	<DimensionIndex>3</DimensionIndex>	<DimensionIndex>2</DimensionIndex>	<kvValue>0</kvValue>		<RadiatorSubTypeMacro From="0" To="14">				<Name>DeLonghi Linear 22/600/{S}</Name>	<Power>2065.5</Power>	<Surface>0</Surface>	<Volume>7.5</Volume>	<Exponent>1.3</Exponent>	<EstimateCode></EstimateCode>	</RadiatorSubTypeMacro>	</RadiatorMainType>
  <RadiatorMainType>	<MainTypeName>DeLonghi Linear 33/600/</MainTypeName>	<DimensionIndex>3</DimensionIndex>	<DimensionIndex>3</DimensionIndex>	<kvValue>0</kvValue>		<RadiatorSubTypeMacro From="0" To="11">				<Name>DeLonghi Linear 33/600/{S}</Name>	<Power>2984.4</Power>	<Surface>0</Surface>	<Volume>11.25</Volume>	<Exponent>1.3</Exponent>	<EstimateCode></EstimateCode>	</RadiatorSubTypeMacro>	</RadiatorMainType>
  <RadiatorMainType>	<MainTypeName>DeLonghi Linear 20/900/</MainTypeName>	<DimensionIndex>4</DimensionIndex>	<DimensionIndex>0</DimensionIndex>	<kvValue>0</kvValue>		<RadiatorSubTypeMacro From="0" To="8">				<Name>DeLonghi Linear 20/900/{S}</Name>	<Power>1600.9</Power>	<Surface>0</Surface>	<Volume>10.59</Volume>	<Exponent>1.3</Exponent>	<EstimateCode></EstimateCode>	</RadiatorSubTypeMacro>	</RadiatorMainType>
  <RadiatorMainType>	<MainTypeName>DeLonghi Linear 21/900/</MainTypeName>	<DimensionIndex>4</DimensionIndex>	<DimensionIndex>1</DimensionIndex>	<kvValue>0</kvValue>		<RadiatorSubTypeMacro From="0" To="8">				<Name>DeLonghi Linear 21/900/{S}</Name>	<Power>2078.7</Power>	<Surface>0</Surface>	<Volume>10.59</Volume>	<Exponent>1.3</Exponent>	<EstimateCode></EstimateCode>	</RadiatorSubTypeMacro>	</RadiatorMainType>
  <RadiatorMainType>	<MainTypeName>DeLonghi Linear 22/900/</MainTypeName>	<DimensionIndex>4</DimensionIndex>	<DimensionIndex>2</DimensionIndex>	<kvValue>0</kvValue>		<RadiatorSubTypeMacro From="0" To="7">				<Name>DeLonghi Linear 22/900/{S}</Name>	<Power>2767.9</Power>	<Surface>0</Surface>	<Volume>10.6</Volume>	<Exponent>1.3</Exponent>	<EstimateCode></EstimateCode>	</RadiatorSubTypeMacro>	</RadiatorMainType>
  <RadiatorMainType>	<MainTypeName>DeLonghi Linear 33/900/</MainTypeName>	<DimensionIndex>4</DimensionIndex>	<DimensionIndex>3</DimensionIndex>	<kvValue>0</kvValue>		<RadiatorSubTypeMacro From="0" To="7">				<Name>DeLonghi Linear 33/900/{S}</Name>	<Power>3953.6</Power>	<Surface>0</Surface>	<Volume>15.9</Volume>	<Exponent>1.3</Exponent>	<EstimateCode></EstimateCode>	</RadiatorSubTypeMacro>	</RadiatorMainType>
</WinWattDBRadiator>

</WinWattDB>
