<?xml version="1.0" encoding="ISO-8859-2" ?>
<WinWattDB>

<WinWattDBRadiator DTLog="Yes">
  <ItemHeader>
    <Date><Year>1997</Year><Month>3</Month><Day>31</Day></Date>
    <ItemPath>ENIX</ItemPath>
    <ItemName>ENIX ASTER</ItemName>
    <HomePage></HomePage></ItemHeader>
  <DTOrigin>60</DTOrigin>
  <DimensionArray>
    <DimensionString>375</DimensionString>
    <DimensionString>777</DimensionString>
    <DimensionString>1216</DimensionString>
    <DimensionString>1742</DimensionString>
  </DimensionArray>
  <DimensionArray>
    <DimensionString>400</DimensionString>
    <DimensionString>500</DimensionString>
    <DimensionString>600</DimensionString>
  </DimensionArray>
  <RadiatorMainType>
    <MainTypeName>ENIX ASTER A-.04</MainTypeName><DimensionIndex>0</DimensionIndex><kvValue>0</kvValue>
    <RadiatorSubType><Name>ENIX ASTER A-504</Name>	<DimensionIndex>1</DimensionIndex>	<Power>296</Power>	<Surface>0</Surface>	<Volume>1.06</Volume>	<Exponent>1.244</Exponent>	<Current>1</Current>	<Length>500</Length>	<Height>375</Height>	<Width>143</Width>	<EstimateCode></EstimateCode></RadiatorSubType>
    <RadiatorSubType><Name>ENIX ASTER A-604</Name>	<DimensionIndex>2</DimensionIndex>	<Power>340</Power>	<Surface>0</Surface>	<Volume>1.39</Volume>	<Exponent>1.24</Exponent>	<Current>1</Current>	<Length>600</Length>	<Height>375</Height>	<Width>143</Width>	<EstimateCode></EstimateCode></RadiatorSubType>
  </RadiatorMainType>
  <RadiatorMainType>
    <MainTypeName>ENIX ASTER A-.08</MainTypeName><DimensionIndex>1</DimensionIndex><kvValue>0</kvValue>
    <RadiatorSubType><Name>ENIX ASTER A-408</Name>	<DimensionIndex>0</DimensionIndex>	<Power>532</Power>	<Surface>0</Surface>	<Volume>1.26</Volume>	<Exponent>1.239</Exponent>	<Current>1</Current>	<Length>400</Length>	<Height>777</Height>	<Width>143</Width>	<EstimateCode></EstimateCode></RadiatorSubType>
    <RadiatorSubType><Name>ENIX ASTER A-508</Name>	<DimensionIndex>1</DimensionIndex>	<Power>627</Power>	<Surface>0</Surface>	<Volume>1.88</Volume>	<Exponent>1.245</Exponent>	<Current>1</Current>	<Length>500</Length>	<Height>777</Height>	<Width>143</Width>	<EstimateCode></EstimateCode></RadiatorSubType>
    <RadiatorSubType><Name>ENIX ASTER A-608</Name>	<DimensionIndex>2</DimensionIndex>	<Power>714</Power>	<Surface>0</Surface>	<Volume>2.37</Volume>	<Exponent>1.309</Exponent>	<Current>1</Current>	<Length>600</Length>	<Height>777</Height>	<Width>143</Width>	<EstimateCode></EstimateCode></RadiatorSubType>
  </RadiatorMainType>
  <RadiatorMainType>
    <MainTypeName>ENIX ASTER A-.12</MainTypeName><DimensionIndex>2</DimensionIndex><kvValue>0</kvValue>
    <RadiatorSubType><Name>ENIX ASTER A-412</Name>	<DimensionIndex>0</DimensionIndex>	<Power>809</Power>	<Surface>0</Surface>	<Volume>2.06</Volume>	<Exponent>1.243</Exponent>	<Current>1</Current>	<Length>400</Length>	<Height>1216</Height>	<Width>143</Width>	<EstimateCode></EstimateCode></RadiatorSubType>
    <RadiatorSubType><Name>ENIX ASTER A-512</Name>	<DimensionIndex>1</DimensionIndex>	<Power>956</Power>	<Surface>0</Surface>	<Volume>2.87</Volume>	<Exponent>1.25</Exponent>	<Current>1</Current>	<Length>500</Length>	<Height>1216</Height>	<Width>143</Width>	<EstimateCode></EstimateCode></RadiatorSubType>
    <RadiatorSubType><Name>ENIX ASTER A-612</Name>	<DimensionIndex>2</DimensionIndex>	<Power>1080</Power>	<Surface>0</Surface>	<Volume>3.61</Volume>	<Exponent>1.282</Exponent>	<Current>1</Current>	<Length>600</Length>	<Height>1216</Height>	<Width>143</Width>	<EstimateCode></EstimateCode></RadiatorSubType>
  </RadiatorMainType>
  <RadiatorMainType>
    <MainTypeName>ENIX ASTER A-.17</MainTypeName><DimensionIndex>3</DimensionIndex><kvValue>0</kvValue>
    <RadiatorSubType><Name>ENIX ASTER A-517</Name>	<DimensionIndex>1</DimensionIndex>	<Power>1377</Power>	<Surface>0</Surface>	<Volume>4.14</Volume>	<Exponent>1.288</Exponent>	<Current>1</Current>	<Length>500</Length>	<Height>1742</Height>	<Width>143</Width>	<EstimateCode></EstimateCode></RadiatorSubType>
    <RadiatorSubType><Name>ENIX ASTER A-617</Name>	<DimensionIndex>2</DimensionIndex>	<Power>1573</Power>	<Surface>0</Surface>	<Volume>5.31</Volume>	<Exponent>1.255</Exponent>	<Current>1</Current>	<Length>600</Length>	<Height>1742</Height>	<Width>143</Width>	<EstimateCode></EstimateCode></RadiatorSubType>
  </RadiatorMainType>
</WinWattDBRadiator>

<WinWattDBRadiator DTLog="Yes">
  <ItemHeader>
    <Date><Year>1997</Year><Month>3</Month><Day>31</Day></Date>
    <ItemPath>ENIX</ItemPath>
    <ItemName>ENIX BRATEK</ItemName>
    <HomePage></HomePage></ItemHeader>
  <DTOrigin>60</DTOrigin>
  <DimensionArray>
    <DimensionString>777</DimensionString>
    <DimensionString>1216</DimensionString>
  </DimensionArray>
  <DimensionArray>
    <DimensionString>154</DimensionString>
  </DimensionArray>
  <RadiatorMainType>
    <MainTypeName>ENIX BRATEK B-.08</MainTypeName><DimensionIndex>0</DimensionIndex><kvValue>0</kvValue>
    <RadiatorSubType><Name>ENIX BRATEK B-208</Name>	<DimensionIndex>0</DimensionIndex>	<Power>773</Power>	<Surface>0</Surface>	<Volume>0.98</Volume>	<Exponent>1.202</Exponent>	<Current>1</Current>	<Length>154</Length>	<Height>777</Height>	<Width>154</Width>	<EstimateCode></EstimateCode></RadiatorSubType>
  </RadiatorMainType>
  <RadiatorMainType>
    <MainTypeName>ENIX BRATEK B-.12</MainTypeName><DimensionIndex>1</DimensionIndex><kvValue>0</kvValue>
    <RadiatorSubType><Name>ENIX BRATEK B-212</Name>	<DimensionIndex>0</DimensionIndex>	<Power>1190</Power>	<Surface>0</Surface>	<Volume>1.55</Volume>	<Exponent>1.337</Exponent>	<Current>1</Current>	<Length>154</Length>	<Height>777</Height>	<Width>143</Width>	<EstimateCode></EstimateCode></RadiatorSubType>
  </RadiatorMainType>
</WinWattDBRadiator>

<WinWattDBRadiator DTLog="Yes">
  <ItemHeader>
    <Date><Year>1997</Year><Month>3</Month><Day>31</Day></Date>
    <ItemPath>ENIX</ItemPath>
    <ItemName>ENIX HIACYNT</ItemName>
    <HomePage></HomePage></ItemHeader>
  <DTOrigin>60</DTOrigin>
  <DimensionArray>
    <DimensionString>785</DimensionString>
    <DimensionString>1185</DimensionString>
  </DimensionArray>
  <DimensionArray>
    <DimensionString>550</DimensionString>
  </DimensionArray>
  <RadiatorMainType>
    <MainTypeName>ENIX HIACYNTH-.08</MainTypeName><DimensionIndex>0</DimensionIndex><kvValue>0</kvValue>
    <RadiatorSubType><Name>ENIX HIACYNTH-608</Name>	<DimensionIndex>0</DimensionIndex>	<Power>589</Power>	<Surface>0</Surface>	<Volume>1.7</Volume>	<Exponent>1.196</Exponent>	<Current>1</Current>	<Length>550</Length>	<Height>785</Height>	<Width>82</Width>	<EstimateCode></EstimateCode></RadiatorSubType>
  </RadiatorMainType>
  <RadiatorMainType>
    <MainTypeName>ENIX HIACYNTH-.12</MainTypeName><DimensionIndex>1</DimensionIndex><kvValue>0</kvValue>
    <RadiatorSubType><Name>ENIX HIACYNTH-612</Name>	<DimensionIndex>0</DimensionIndex>	<Power>796</Power>	<Surface>0</Surface>	<Volume>2.63</Volume>	<Exponent>1.201</Exponent>	<Current>1</Current>	<Length>550</Length>	<Height>1185</Height>	<Width>82</Width>	<EstimateCode></EstimateCode></RadiatorSubType>
  </RadiatorMainType>
</WinWattDBRadiator>

<WinWattDBRadiator DTLog="Yes">
  <ItemHeader>
    <Date><Year>1997</Year><Month>3</Month><Day>31</Day></Date>
    <ItemPath>ENIX</ItemPath>
    <ItemName>ENIX KROKUS</ItemName>
    <HomePage></HomePage></ItemHeader>
  <DTOrigin>60</DTOrigin>
  <DimensionArray>
    <DimensionString>777</DimensionString>
    <DimensionString>1216</DimensionString>
  </DimensionArray>
  <DimensionArray>
    <DimensionString>365</DimensionString>
  </DimensionArray>
  <RadiatorMainType>
    <MainTypeName>ENIX KROKUS K-.08</MainTypeName><DimensionIndex>0</DimensionIndex><kvValue>0</kvValue>
    <RadiatorSubType><Name>ENIX KROKUS K-308</Name>	<DimensionIndex>0</DimensionIndex>	<Power>600</Power>	<Surface>0</Surface>	<Volume>1.05</Volume>	<Exponent>1.289</Exponent>	<Current>1</Current>	<Length>365</Length>	<Height>777</Height>	<Width>143</Width>	<EstimateCode></EstimateCode></RadiatorSubType>
  </RadiatorMainType>
  <RadiatorMainType>
    <MainTypeName>ENIX KROKUS K-.12</MainTypeName><DimensionIndex>1</DimensionIndex><kvValue>0</kvValue>
    <RadiatorSubType><Name>ENIX KROKUS K-312</Name>	<DimensionIndex>0</DimensionIndex>	<Power>903</Power>	<Surface>0</Surface>	<Volume>1.47</Volume>	<Exponent>1.305</Exponent>	<Current>1</Current>	<Length>365</Length>	<Height>1216</Height>	<Width>143</Width>	<EstimateCode></EstimateCode></RadiatorSubType>
  </RadiatorMainType>
</WinWattDBRadiator>

<WinWattDBRadiator DTLog="Yes">
  <ItemHeader>
    <Date><Year>1997</Year><Month>3</Month><Day>31</Day></Date>
    <ItemPath>ENIX</ItemPath>
    <ItemName>ENIX LOTOS</ItemName>
    <HomePage></HomePage></ItemHeader>
  <DTOrigin>60</DTOrigin>
  <DimensionArray>
    <DimensionString>555</DimensionString>
  </DimensionArray>
  <DimensionArray>
    <DimensionString>480</DimensionString>
    <DimensionString>880</DimensionString>
  </DimensionArray>
  <RadiatorMainType>
    <MainTypeName>ENIX LOTOS L-.05</MainTypeName><DimensionIndex>0</DimensionIndex><kvValue>0</kvValue>
    <RadiatorSubType><Name>ENIX LOTOS L-405</Name>	<DimensionIndex>0</DimensionIndex>	<Power>360</Power>	<Surface>0</Surface>	<Volume>1.05</Volume>	<Exponent>1.253</Exponent>	<Current>1</Current>	<Length>480</Length>	<Height>555</Height>	<Width>110</Width>	<EstimateCode></EstimateCode></RadiatorSubType>
    <RadiatorSubType><Name>ENIX LOTOS L-805</Name>	<DimensionIndex>1</DimensionIndex>	<Power>610</Power>	<Surface>0</Surface>	<Volume>2.9</Volume>	<Exponent>1.247</Exponent>	<Current>1</Current>	<Length>880</Length>	<Height>555</Height>	<Width>110</Width>	<EstimateCode></EstimateCode></RadiatorSubType>
  </RadiatorMainType>
</WinWattDBRadiator>

</WinWattDB>
