<?xml version="1.0" encoding="ISO-8859-2" ?>
<WinWattDB>

<WinWattDBRadiator DTLog="Yes">
  <ItemHeader>
    <Date><Year>2004</Year><Month>9</Month><Day>29</Day></Date>
    <ItemPath>FERROLI</ItemPath>
    <ItemName>FERROLI CLAN N alum�nium radi�tor</ItemName>
    <HomePage></HomePage></ItemHeader>
  <DTOrigin>60</DTOrigin>
  <DimensionArray Type="Height" >
    <DimensionString Value="432" >350</DimensionString>
    <DimensionString Value="582" >500</DimensionString>
    <DimensionString Value="682" >600</DimensionString>
    <DimensionString Value="882" >800</DimensionString>
  </DimensionArray>
  <DimensionArray Type="Length" >
    <DimensionString Value="80" >1</DimensionString>
    <DimensionString Value="160" >2</DimensionString>
    <DimensionString Value="240" >3</DimensionString>
    <DimensionString Value="320" >4</DimensionString>
    <DimensionString Value="400" >5</DimensionString>
    <DimensionString Value="480" >6</DimensionString>
    <DimensionString Value="560" >7</DimensionString>
    <DimensionString Value="640" >8</DimensionString>
    <DimensionString Value="720" >9</DimensionString>
    <DimensionString Value="800" >10</DimensionString>
    <DimensionString Value="880" >11</DimensionString>
    <DimensionString Value="960" >12</DimensionString>
    <DimensionString Value="1040" >13</DimensionString>
    <DimensionString Value="1120" >14</DimensionString>
    <DimensionString Value="1200" >15</DimensionString>
    <DimensionString Value="1280" >16</DimensionString>
    <DimensionString Value="1360" >17</DimensionString>
    <DimensionString Value="1440" >18</DimensionString>
    <DimensionString Value="1520" >19</DimensionString>
    <DimensionString Value="1600" >20</DimensionString>
    <DimensionString Value="1680" >21</DimensionString>
    <DimensionString Value="1760" >22</DimensionString>
    <DimensionString Value="1840" >23</DimensionString>
    <DimensionString Value="1920" >24</DimensionString>
    <DimensionString Value="2000" >25</DimensionString>
    <DimensionString Value="2080" >26</DimensionString>
    <DimensionString Value="2160" >27</DimensionString>
    <DimensionString Value="2240" >28</DimensionString>
    <DimensionString Value="2320" >29</DimensionString>
    <DimensionString Value="2400" >30</DimensionString>
    <DimensionString Value="2480" >31</DimensionString>
    <DimensionString Value="2560" >32</DimensionString>
    <DimensionString Value="2640" >33</DimensionString>
    <DimensionString Value="2720" >34</DimensionString>
    <DimensionString Value="2800" >35</DimensionString>
  </DimensionArray>
  <RadiatorMainType>	<MainTypeName>FERROLI CLAN N 350-</MainTypeName>	<DimensionIndex>0</DimensionIndex>	<kvValue>0</kvValue>		<RadiatorSubTypeMacro From="0" To="34">	<Name>FERROLI CLAN N 350-{S}</Name>	<Power>1502.6</Power>	<Surface>0</Surface>	<Volume>5.375</Volume>	<Exponent>1.28</Exponent>	<Width>98</Width>	<EstimateCode></EstimateCode>	</RadiatorSubTypeMacro>	</RadiatorMainType>
  <RadiatorMainType>	<MainTypeName>FERROLI CLAN N 500-</MainTypeName>	<DimensionIndex>1</DimensionIndex>	<kvValue>0</kvValue>		<RadiatorSubTypeMacro From="0" To="34">	<Name>FERROLI CLAN N 500-{S}</Name>	<Power>1931.3</Power>	<Surface>0</Surface>	<Volume>7.25</Volume>	<Exponent>1.296</Exponent>	<Width>98</Width>	<EstimateCode></EstimateCode>	</RadiatorSubTypeMacro>	</RadiatorMainType>
  <RadiatorMainType>	<MainTypeName>FERROLI CLAN N 600-</MainTypeName>	<DimensionIndex>2</DimensionIndex>	<kvValue>0</kvValue>		<RadiatorSubTypeMacro From="0" To="34">	<Name>FERROLI CLAN N 600-{S}</Name>	<Power>2234.9</Power>	<Surface>0</Surface>	<Volume>8.25</Volume>	<Exponent>1.304</Exponent>	<Width>98</Width>	<EstimateCode></EstimateCode>	</RadiatorSubTypeMacro>	</RadiatorMainType>
  <RadiatorMainType>	<MainTypeName>FERROLI CLAN N 800-</MainTypeName>	<DimensionIndex>3</DimensionIndex>	<kvValue>0</kvValue>		<RadiatorSubTypeMacro From="0" To="34">	<Name>FERROLI CLAN N 800-{S}</Name>	<Power>2751.5</Power>	<Surface>0</Surface>	<Volume>10.63</Volume>	<Exponent>1.32</Exponent>	<Width>98</Width>	<EstimateCode></EstimateCode>	</RadiatorSubTypeMacro>	</RadiatorMainType>
</WinWattDBRadiator>

</WinWattDB>
