<?xml version="1.0" encoding="ISO-8859-2" ?>
<WinWattDB>

<WinWattDBRadiator DTLog="Yes">
  <ItemHeader>
    <Date><Year>1996</Year><Month>8</Month><Day>1</Day></Date>
    <ItemPath>FERROTHERM</ItemPath>
    <ItemName>FERROTHERM Plus CV</ItemName>
    <HomePage></HomePage></ItemHeader>
  <DTOrigin>60</DTOrigin>
  <DimensionArray Type="Height" >
    <DimensionString Value="300" >300</DimensionString>
    <DimensionString Value="400" >400</DimensionString>
    <DimensionString Value="500" >500</DimensionString>
    <DimensionString Value="600" >600</DimensionString>
    <DimensionString Value="700" >700</DimensionString>
    <DimensionString Value="900" >900</DimensionString>
  </DimensionArray>
  <DimensionArray Type="Width" >
    <DimensionString>10</DimensionString>
    <DimensionString>11</DimensionString>
    <DimensionString>21</DimensionString>
    <DimensionString>22</DimensionString>
    <DimensionString>33</DimensionString>
  </DimensionArray>
  <DimensionArray Type="Length" >
    <DimensionString Value="450" >450</DimensionString>
    <DimensionString Value="600" >600</DimensionString>
    <DimensionString Value="750" >750</DimensionString>
    <DimensionString Value="900" >900</DimensionString>
    <DimensionString Value="1050" >1050</DimensionString>
    <DimensionString Value="1200" >1200</DimensionString>
    <DimensionString Value="1350" >1350</DimensionString>
    <DimensionString Value="1500" >1500</DimensionString>
    <DimensionString Value="1650" >1650</DimensionString>
    <DimensionString Value="1800" >1800</DimensionString>
    <DimensionString Value="1950" >1950</DimensionString>
    <DimensionString Value="2100" >2100</DimensionString>
    <DimensionString Value="2250" >2250</DimensionString>
    <DimensionString Value="2400" >2400</DimensionString>
    <DimensionString Value="2550" >2550</DimensionString>
    <DimensionString Value="2700" >2700</DimensionString>
    <DimensionString Value="3000" >3000</DimensionString>
  </DimensionArray>
  <RadiatorMainType>	<MainTypeName>FERROTHERM PLus CV 10-300-</MainTypeName>	<DimensionIndex>0</DimensionIndex>	<DimensionIndex>0</DimensionIndex>	<kvValue>0</kvValue>		<RadiatorSubTypeMacro From="0" To="16">	<Name>FERROTHERM PLus CV 10-300-{S}</Name>	<Power>425.1</Power>	<Surface>0</Surface>	<Volume>1.502</Volume>	<Exponent>1.3</Exponent>	<EstimateCode></EstimateCode>	</RadiatorSubTypeMacro>	</RadiatorMainType>
  <RadiatorMainType>	<MainTypeName>FERROTHERM PLus CV 11-300-</MainTypeName>	<DimensionIndex>0</DimensionIndex>	<DimensionIndex>1</DimensionIndex>	<kvValue>0</kvValue>		<RadiatorSubTypeMacro From="0" To="16">	<Name>FERROTHERM PLus CV 11-300-{S}</Name>	<Power>709.02</Power>	<Surface>0</Surface>	<Volume>1.502</Volume>	<Exponent>1.3</Exponent>	<EstimateCode></EstimateCode>	</RadiatorSubTypeMacro>	</RadiatorMainType>
  <RadiatorMainType>	<MainTypeName>FERROTHERM PLus CV 21-300-</MainTypeName>	<DimensionIndex>0</DimensionIndex>	<DimensionIndex>2</DimensionIndex>	<kvValue>0</kvValue>		<RadiatorSubTypeMacro From="0" To="16">	<Name>FERROTHERM PLus CV 21-300-{S}</Name>	<Power>1078</Power>	<Surface>0</Surface>	<Volume>3</Volume>	<Exponent>1.3</Exponent>	<EstimateCode></EstimateCode>	</RadiatorSubTypeMacro>	</RadiatorMainType>
  <RadiatorMainType>	<MainTypeName>FERROTHERM PLus CV 22-300-</MainTypeName>	<DimensionIndex>0</DimensionIndex>	<DimensionIndex>3</DimensionIndex>	<kvValue>0</kvValue>		<RadiatorSubTypeMacro From="0" To="16">	<Name>FERROTHERM PLus CV 22-300-{S}</Name>	<Power>1376.1</Power>	<Surface>0</Surface>	<Volume>3</Volume>	<Exponent>1.3</Exponent>	<EstimateCode></EstimateCode>	</RadiatorSubTypeMacro>	</RadiatorMainType>
  <RadiatorMainType>	<MainTypeName>FERROTHERM PLus CV 33-300-</MainTypeName>	<DimensionIndex>0</DimensionIndex>	<DimensionIndex>4</DimensionIndex>	<kvValue>0</kvValue>		<RadiatorSubTypeMacro From="0" To="16">	<Name>FERROTHERM PLus CV 33-300-{S}</Name>	<Power>1974.1</Power>	<Surface>0</Surface>	<Volume>4.498</Volume>	<Exponent>1.3</Exponent>	<EstimateCode></EstimateCode>	</RadiatorSubTypeMacro>	</RadiatorMainType>
  <RadiatorMainType>	<MainTypeName>FERROTHERM PLus CV 10-400-</MainTypeName>	<DimensionIndex>1</DimensionIndex>	<DimensionIndex>0</DimensionIndex>	<kvValue>0</kvValue>		<RadiatorSubTypeMacro From="0" To="16">	<Name>FERROTHERM PLus CV 10-400-{S}</Name>	<Power>560</Power>	<Surface>0</Surface>	<Volume>2</Volume>	<Exponent>1.3</Exponent>	<EstimateCode></EstimateCode>	</RadiatorSubTypeMacro>	</RadiatorMainType>
  <RadiatorMainType>	<MainTypeName>FERROTHERM PLus CV 11-400-</MainTypeName>	<DimensionIndex>1</DimensionIndex>	<DimensionIndex>1</DimensionIndex>	<kvValue>0</kvValue>		<RadiatorSubTypeMacro From="0" To="16">	<Name>FERROTHERM PLus CV 11-400-{S}</Name>	<Power>934.9</Power>	<Surface>0</Surface>	<Volume>2</Volume>	<Exponent>1.3</Exponent>	<EstimateCode></EstimateCode>	</RadiatorSubTypeMacro>	</RadiatorMainType>
  <RadiatorMainType>	<MainTypeName>FERROTHERM PLus CV 21-400-</MainTypeName>	<DimensionIndex>1</DimensionIndex>	<DimensionIndex>2</DimensionIndex>	<kvValue>0</kvValue>		<RadiatorSubTypeMacro From="0" To="16">	<Name>FERROTHERM PLus CV 21-400-{S}</Name>	<Power>1385.1</Power>	<Surface>0</Surface>	<Volume>4</Volume>	<Exponent>1.3</Exponent>	<EstimateCode></EstimateCode>	</RadiatorSubTypeMacro>	</RadiatorMainType>
  <RadiatorMainType>	<MainTypeName>FERROTHERM PLus CV 22-400-</MainTypeName>	<DimensionIndex>1</DimensionIndex>	<DimensionIndex>3</DimensionIndex>	<kvValue>0</kvValue>		<RadiatorSubTypeMacro From="0" To="16">	<Name>FERROTHERM PLus CV 22-400-{S}</Name>	<Power>1765.1</Power>	<Surface>0</Surface>	<Volume>4</Volume>	<Exponent>1.3</Exponent>	<EstimateCode></EstimateCode>	</RadiatorSubTypeMacro>	</RadiatorMainType>
  <RadiatorMainType>	<MainTypeName>FERROTHERM PLus CV 33-400-</MainTypeName>	<DimensionIndex>1</DimensionIndex>	<DimensionIndex>4</DimensionIndex>	<kvValue>0</kvValue>		<RadiatorSubTypeMacro From="0" To="16">	<Name>FERROTHERM PLus CV 33-400-{S}</Name>	<Power>2514.9</Power>	<Surface>0</Surface>	<Volume>6</Volume>	<Exponent>1.3</Exponent>	<EstimateCode></EstimateCode>	</RadiatorSubTypeMacro>	</RadiatorMainType>
  <RadiatorMainType>	<MainTypeName>FERROTHERM PLus CV 10-500-</MainTypeName>	<DimensionIndex>2</DimensionIndex>	<DimensionIndex>0</DimensionIndex>	<kvValue>0</kvValue>		<RadiatorSubTypeMacro From="0" To="16">	<Name>FERROTHERM PLus CV 10-500-{S}</Name>	<Power>689.8</Power>	<Surface>0</Surface>	<Volume>2.498</Volume>	<Exponent>1.3</Exponent>	<EstimateCode></EstimateCode>	</RadiatorSubTypeMacro>	</RadiatorMainType>
  <RadiatorMainType>	<MainTypeName>FERROTHERM PLus CV 11-500-</MainTypeName>	<DimensionIndex>2</DimensionIndex>	<DimensionIndex>1</DimensionIndex>	<kvValue>0</kvValue>		<RadiatorSubTypeMacro From="0" To="16">	<Name>FERROTHERM PLus CV 11-500-{S}</Name>	<Power>1154.9</Power>	<Surface>0</Surface>	<Volume>2.498</Volume>	<Exponent>1.3</Exponent>	<EstimateCode></EstimateCode>	</RadiatorSubTypeMacro>	</RadiatorMainType>
  <RadiatorMainType>	<MainTypeName>FERROTHERM PLus CV 21-500-</MainTypeName>	<DimensionIndex>2</DimensionIndex>	<DimensionIndex>2</DimensionIndex>	<kvValue>0</kvValue>		<RadiatorSubTypeMacro From="0" To="16">	<Name>FERROTHERM PLus CV 21-500-{S}</Name>	<Power>1680</Power>	<Surface>0</Surface>	<Volume>5</Volume>	<Exponent>1.3</Exponent>	<EstimateCode></EstimateCode>	</RadiatorSubTypeMacro>	</RadiatorMainType>
  <RadiatorMainType>	<MainTypeName>FERROTHERM PLus CV 22-500-</MainTypeName>	<DimensionIndex>2</DimensionIndex>	<DimensionIndex>3</DimensionIndex>	<kvValue>0</kvValue>		<RadiatorSubTypeMacro From="0" To="16">	<Name>FERROTHERM PLus CV 22-500-{S}</Name>	<Power>2140</Power>	<Surface>0</Surface>	<Volume>5</Volume>	<Exponent>1.3</Exponent>	<EstimateCode></EstimateCode>	</RadiatorSubTypeMacro>	</RadiatorMainType>
  <RadiatorMainType>	<MainTypeName>FERROTHERM PLus CV 33-500-</MainTypeName>	<DimensionIndex>2</DimensionIndex>	<DimensionIndex>4</DimensionIndex>	<kvValue>0</kvValue>		<RadiatorSubTypeMacro From="0" To="16">	<Name>FERROTHERM PLus CV 33-500-{S}</Name>	<Power>3025.1</Power>	<Surface>0</Surface>	<Volume>7.498</Volume>	<Exponent>1.3</Exponent>	<EstimateCode></EstimateCode>	</RadiatorSubTypeMacro>	</RadiatorMainType>
  <RadiatorMainType>	<MainTypeName>FERROTHERM PLus CV 10-600-</MainTypeName>	<DimensionIndex>3</DimensionIndex>	<DimensionIndex>0</DimensionIndex>	<kvValue>0</kvValue>		<RadiatorSubTypeMacro From="0" To="16">	<Name>FERROTHERM PLus CV 10-600-{S}</Name>	<Power>820</Power>	<Surface>0</Surface>	<Volume>3</Volume>	<Exponent>1.3</Exponent>	<EstimateCode></EstimateCode>	</RadiatorSubTypeMacro>	</RadiatorMainType>
  <RadiatorMainType>	<MainTypeName>FERROTHERM PLus CV 11-600-</MainTypeName>	<DimensionIndex>3</DimensionIndex>	<DimensionIndex>1</DimensionIndex>	<kvValue>0</kvValue>		<RadiatorSubTypeMacro From="0" To="16">	<Name>FERROTHERM PLus CV 11-600-{S}</Name>	<Power>1369.8</Power>	<Surface>0</Surface>	<Volume>3</Volume>	<Exponent>1.3</Exponent>	<EstimateCode></EstimateCode>	</RadiatorSubTypeMacro>	</RadiatorMainType>
  <RadiatorMainType>	<MainTypeName>FERROTHERM PLus CV 21-600-</MainTypeName>	<DimensionIndex>3</DimensionIndex>	<DimensionIndex>2</DimensionIndex>	<kvValue>0</kvValue>		<RadiatorSubTypeMacro From="0" To="16">	<Name>FERROTHERM PLus CV 21-600-{S}</Name>	<Power>1967.8</Power>	<Surface>0</Surface>	<Volume>6</Volume>	<Exponent>1.3</Exponent>	<EstimateCode></EstimateCode>	</RadiatorSubTypeMacro>	</RadiatorMainType>
  <RadiatorMainType>	<MainTypeName>FERROTHERM PLus CV 22-600-</MainTypeName>	<DimensionIndex>3</DimensionIndex>	<DimensionIndex>3</DimensionIndex>	<kvValue>0</kvValue>		<RadiatorSubTypeMacro From="0" To="16">	<Name>FERROTHERM PLus CV 22-600-{S}</Name>	<Power>2498.8</Power>	<Surface>0</Surface>	<Volume>6</Volume>	<Exponent>1.3</Exponent>	<EstimateCode></EstimateCode>	</RadiatorSubTypeMacro>	</RadiatorMainType>
  <RadiatorMainType>	<MainTypeName>FERROTHERM PLus CV 33-600-</MainTypeName>	<DimensionIndex>3</DimensionIndex>	<DimensionIndex>4</DimensionIndex>	<kvValue>0</kvValue>		<RadiatorSubTypeMacro From="0" To="16">	<Name>FERROTHERM PLus CV 33-600-{S}</Name>	<Power>3509.8</Power>	<Surface>0</Surface>	<Volume>9</Volume>	<Exponent>1.3</Exponent>	<EstimateCode></EstimateCode>	</RadiatorSubTypeMacro>	</RadiatorMainType>
  <RadiatorMainType>	<MainTypeName>FERROTHERM PLus CV 10-700-</MainTypeName>	<DimensionIndex>4</DimensionIndex>	<DimensionIndex>0</DimensionIndex>	<kvValue>0</kvValue>		<RadiatorSubTypeMacro From="0" To="16">	<Name>FERROTHERM PLus CV 10-700-{S}</Name>	<Power>949.8</Power>	<Surface>0</Surface>	<Volume>3.498</Volume>	<Exponent>1.3</Exponent>	<EstimateCode></EstimateCode>	</RadiatorSubTypeMacro>	</RadiatorMainType>
  <RadiatorMainType>	<MainTypeName>FERROTHERM PLus CV 11-700-</MainTypeName>	<DimensionIndex>4</DimensionIndex>	<DimensionIndex>1</DimensionIndex>	<kvValue>0</kvValue>		<RadiatorSubTypeMacro From="0" To="16">	<Name>FERROTHERM PLus CV 11-700-{S}</Name>	<Power>1565.1</Power>	<Surface>0</Surface>	<Volume>3.498</Volume>	<Exponent>1.3</Exponent>	<EstimateCode></EstimateCode>	</RadiatorSubTypeMacro>	</RadiatorMainType>
  <RadiatorMainType>	<MainTypeName>FERROTHERM PLus CV 21-700-</MainTypeName>	<DimensionIndex>4</DimensionIndex>	<DimensionIndex>2</DimensionIndex>	<kvValue>0</kvValue>		<RadiatorSubTypeMacro From="0" To="16">	<Name>FERROTHERM PLus CV 21-700-{S}</Name>	<Power>2240</Power>	<Surface>0</Surface>	<Volume>7</Volume>	<Exponent>1.3</Exponent>	<EstimateCode></EstimateCode>	</RadiatorSubTypeMacro>	</RadiatorMainType>
  <RadiatorMainType>	<MainTypeName>FERROTHERM PLus CV 22-700-</MainTypeName>	<DimensionIndex>4</DimensionIndex>	<DimensionIndex>3</DimensionIndex>	<kvValue>0</kvValue>		<RadiatorSubTypeMacro From="0" To="16">	<Name>FERROTHERM PLus CV 22-700-{S}</Name>	<Power>2834.9</Power>	<Surface>0</Surface>	<Volume>7</Volume>	<Exponent>1.3</Exponent>	<EstimateCode></EstimateCode>	</RadiatorSubTypeMacro>	</RadiatorMainType>
  <RadiatorMainType>	<MainTypeName>FERROTHERM PLus CV 33-700-</MainTypeName>	<DimensionIndex>4</DimensionIndex>	<DimensionIndex>4</DimensionIndex>	<kvValue>0</kvValue>		<RadiatorSubTypeMacro From="0" To="16">	<Name>FERROTHERM PLus CV 33-700-{S}</Name>	<Power>3960</Power>	<Surface>0</Surface>	<Volume>10.5</Volume>	<Exponent>1.3</Exponent>	<EstimateCode></EstimateCode>	</RadiatorSubTypeMacro>	</RadiatorMainType>
  <RadiatorMainType>	<MainTypeName>FERROTHERM PLus CV 10-900-</MainTypeName>	<DimensionIndex>5</DimensionIndex>	<DimensionIndex>0</DimensionIndex>	<kvValue>0</kvValue>		<RadiatorSubTypeMacro From="0" To="16">	<Name>FERROTHERM PLus CV 10-900-{S}</Name>	<Power>1205.9</Power>	<Surface>0</Surface>	<Volume>4.498</Volume>	<Exponent>1.3</Exponent>	<EstimateCode></EstimateCode>	</RadiatorSubTypeMacro>	</RadiatorMainType>
  <RadiatorMainType>	<MainTypeName>FERROTHERM PLus CV 11-900-</MainTypeName>	<DimensionIndex>5</DimensionIndex>	<DimensionIndex>1</DimensionIndex>	<kvValue>0</kvValue>		<RadiatorSubTypeMacro From="0" To="16">	<Name>FERROTHERM PLus CV 11-900-{S}</Name>	<Power>1934.9</Power>	<Surface>0</Surface>	<Volume>4.498</Volume>	<Exponent>1.3</Exponent>	<EstimateCode></EstimateCode>	</RadiatorSubTypeMacro>	</RadiatorMainType>
  <RadiatorMainType>	<MainTypeName>FERROTHERM PLus CV 21-900-</MainTypeName>	<DimensionIndex>5</DimensionIndex>	<DimensionIndex>2</DimensionIndex>	<kvValue>0</kvValue>		<RadiatorSubTypeMacro From="0" To="16">	<Name>FERROTHERM PLus CV 21-900-{S}</Name>	<Power>2749</Power>	<Surface>0</Surface>	<Volume>9</Volume>	<Exponent>1.3</Exponent>	<EstimateCode></EstimateCode>	</RadiatorSubTypeMacro>	</RadiatorMainType>
  <RadiatorMainType>	<MainTypeName>FERROTHERM PLus CV 22-900-</MainTypeName>	<DimensionIndex>5</DimensionIndex>	<DimensionIndex>3</DimensionIndex>	<kvValue>0</kvValue>		<RadiatorSubTypeMacro From="0" To="16">	<Name>FERROTHERM PLus CV 22-900-{S}</Name>	<Power>3432.9</Power>	<Surface>0</Surface>	<Volume>9</Volume>	<Exponent>1.3</Exponent>	<EstimateCode></EstimateCode>	</RadiatorSubTypeMacro>	</RadiatorMainType>
  <RadiatorMainType>	<MainTypeName>FERROTHERM PLus CV 33-900-</MainTypeName>	<DimensionIndex>5</DimensionIndex>	<DimensionIndex>4</DimensionIndex>	<kvValue>0</kvValue>		<RadiatorSubTypeMacro From="0" To="16">	<Name>FERROTHERM PLus CV 33-900-{S}</Name>	<Power>4780</Power>	<Surface>0</Surface>	<Volume>13.5</Volume>	<Exponent>1.3</Exponent>	<EstimateCode></EstimateCode>	</RadiatorSubTypeMacro>	</RadiatorMainType>
</WinWattDBRadiator>

</WinWattDB>
