<?xml version="1.0" encoding="ISO-8859-2" ?>
<WinWattDB>

<WinWattDBGlobalMacro>
	<Macro ID="$kompakt1" Language="hun">kompakt radi�tor</Macro>
	<Macro ID="$kompakt1" Language="rom">radiator compact</Macro>
	<Macro ID="$szelepes1" Language="hun">szelepes radi�tor</Macro>
	<Macro ID="$szelepes1" Language="rom">radiator cu ventil </Macro>
</WinWattDBGlobalMacro>


<WinWattDBRadiator DTLog="Yes">        
  <ItemHeader>
    <Date><Year>2010</Year><Month>2</Month><Day>8</Day></Date>
    <ItemPath>FixTrend\$kompakt1</ItemPath>
    <ItemName>FixTrend $kompakt1</ItemName>
    <HomePage>www.gepesz.hu</HomePage></ItemHeader>
  <DTOrigin>49.833</DTOrigin>
  <DimensionArray Type="Height" >
    <DimensionString Value="300" >300</DimensionString>
    <DimensionString Value="500" >500</DimensionString>
    <DimensionString Value="600" >600</DimensionString>
    <DimensionString Value="900" >900</DimensionString>
  </DimensionArray>
  <DimensionArray Type="Width" >
    <DimensionString Value="49" >10</DimensionString>
    <DimensionString Value="49" >11</DimensionString>
    <DimensionString Value="70" >21</DimensionString>
    <DimensionString Value="104" >22</DimensionString>
    <DimensionString Value="160" >33</DimensionString>
  </DimensionArray>
  <DimensionArray Type="Length" >
    <DimensionString Value="400" >400</DimensionString>
    <DimensionString Value="500" >500</DimensionString>
    <DimensionString Value="600" >600</DimensionString>
    <DimensionString Value="700" >700</DimensionString>
    <DimensionString Value="800" >800</DimensionString>
    <DimensionString Value="900" >900</DimensionString>
    <DimensionString Value="1000" >1000</DimensionString>
    <DimensionString Value="1100" >1100</DimensionString>
    <DimensionString Value="1200" >1200</DimensionString>
    <DimensionString Value="1300" >1300</DimensionString>
    <DimensionString Value="1400" >1400</DimensionString>
    <DimensionString Value="1500" >1500</DimensionString>
    <DimensionString Value="1600" >1600</DimensionString>
    <DimensionString Value="1700" >1700</DimensionString>
    <DimensionString Value="1800" >1800</DimensionString>
    <DimensionString Value="1900" >1900</DimensionString>
    <DimensionString Value="2000" >2000</DimensionString>
    <DimensionString Value="2200" >2200</DimensionString>
    <DimensionString Value="2400" >2400</DimensionString>
    <DimensionString Value="2600" >2600</DimensionString>
    <DimensionString Value="2800" >2800</DimensionString>
    <DimensionString Value="3000" >3000</DimensionString>
  </DimensionArray>
  <RadiatorMainType>	<MainTypeName>FixTrend $kompakt1 10-300-</MainTypeName>	<DimensionIndex>0</DimensionIndex>	<DimensionIndex>0</DimensionIndex>	<kvValue>2.52</kvValue>	<RadiatorSubTypeMacro From="0" To="21" NotCurrents="0,1,2,3,4,5,6,7,8,9,10,11,12,13,14,15,16,17,18,19,20,21">	<Name>FixTrend $kompakt1 10-300-{S}</Name>	<Power>334 </Power>	<Surface>0</Surface>	<Volume>1.76</Volume>	<Exponent>1.3534</Exponent>	<EstimateCode>FixTrend_kompakt_10_300_{S}</EstimateCode>	</RadiatorSubTypeMacro>	</RadiatorMainType>
  <RadiatorMainType>	<MainTypeName>FixTrend $kompakt1 10-500-</MainTypeName>	<DimensionIndex>1</DimensionIndex>	<DimensionIndex>0</DimensionIndex>	<kvValue>2.52</kvValue>	<RadiatorSubTypeMacro From="0" To="21" NotCurrents="0,1,2,3,4,5,6,7,8,9,10,11,12,13,14,15,16,17,18,19,20,21">	<Name>FixTrend $kompakt1 10-500-{S}</Name>	<Power>544 </Power>	<Surface>0</Surface>	<Volume>2.65</Volume>	<Exponent>1.3321</Exponent>	<EstimateCode>FixTrend_kompakt_10_500_{S}</EstimateCode>	</RadiatorSubTypeMacro>	</RadiatorMainType>
  <RadiatorMainType>	<MainTypeName>FixTrend $kompakt1 10-600-</MainTypeName>	<DimensionIndex>2</DimensionIndex>	<DimensionIndex>0</DimensionIndex>	<kvValue>2.52</kvValue>	<RadiatorSubTypeMacro From="0" To="21" NotCurrents="0,1,2,3,4,5,6,7,8,9,10,11,12,13,14,15,16,17,18,19,20,21">	<Name>FixTrend $kompakt1 10-600-{S}</Name>	<Power>641 </Power>	<Surface>0</Surface>	<Volume>3.10</Volume>	<Exponent>1.3343</Exponent>	<EstimateCode>FixTrend_kompakt_10_600_{S}</EstimateCode>	</RadiatorSubTypeMacro>	</RadiatorMainType>
  <RadiatorMainType>	<MainTypeName>FixTrend $kompakt1 10-900-</MainTypeName>	<DimensionIndex>3</DimensionIndex>	<DimensionIndex>0</DimensionIndex>	<kvValue>2.52</kvValue>	<RadiatorSubTypeMacro From="0" To="21" NotCurrents="0,1,2,3,4,5,6,7,8,9,10,11,12,13,14,15,16,17,18,19,20,21">	<Name>FixTrend $kompakt1 10-900-{S}</Name>	<Power>905 </Power>	<Surface>0</Surface>	<Volume>4.47</Volume>	<Exponent>1.3442</Exponent>	<EstimateCode>FixTrend_kompakt_10_900_{S}</EstimateCode>	</RadiatorSubTypeMacro>	</RadiatorMainType>
  <RadiatorMainType>	<MainTypeName>FixTrend $kompakt1 11-300-</MainTypeName>	<DimensionIndex>0</DimensionIndex>	<DimensionIndex>1</DimensionIndex>	<kvValue>2.52</kvValue>	<RadiatorSubTypeMacro From="0" To="21" NotCurrents="0,1,2,3,4,5,6,7,8,9,10,11,12,13,14,15,16,17,18,19,20,21">	<Name>FixTrend $kompakt1 11-300-{S}</Name>	<Power>561 </Power>	<Surface>0</Surface>	<Volume>1.76</Volume>	<Exponent>1.3440</Exponent>	<EstimateCode>FixTrend_kompakt_11_300_{S}</EstimateCode>	</RadiatorSubTypeMacro>	</RadiatorMainType>
  <RadiatorMainType>	<MainTypeName>FixTrend $kompakt1 11-500-</MainTypeName>	<DimensionIndex>1</DimensionIndex>	<DimensionIndex>1</DimensionIndex>	<kvValue>2.52</kvValue>	<RadiatorSubTypeMacro From="0" To="21" NotCurrents="0,1,2,3,4,5,6,7,8,9,10,11,12,13,14,15,16,17,18,19,20,21">	<Name>FixTrend $kompakt1 11-500-{S}</Name>	<Power>876 </Power>	<Surface>0</Surface>	<Volume>2.65</Volume>	<Exponent>1.3327</Exponent>	<EstimateCode>FixTrend_kompakt_11_500_{S}</EstimateCode>	</RadiatorSubTypeMacro>	</RadiatorMainType>
  <RadiatorMainType>	<MainTypeName>FixTrend $kompakt1 11-600-</MainTypeName>	<DimensionIndex>2</DimensionIndex>	<DimensionIndex>1</DimensionIndex>	<kvValue>2.52</kvValue>	<RadiatorSubTypeMacro From="0" To="21" NotCurrents="5,7,8,9,10,11,12,13,14,15,16,17,18,19,20,21">							<Name>FixTrend $kompakt1 11-600-{S}</Name>	<Power>1026</Power>	<Surface>0</Surface>	<Volume>3.10</Volume>	<Exponent>1.3251</Exponent>	<EstimateCode>FixTrend_kompakt_11_600_{S}</EstimateCode>	</RadiatorSubTypeMacro>	</RadiatorMainType>
  <RadiatorMainType>	<MainTypeName>FixTrend $kompakt1 11-900-</MainTypeName>	<DimensionIndex>3</DimensionIndex>	<DimensionIndex>1</DimensionIndex>	<kvValue>2.52</kvValue>	<RadiatorSubTypeMacro From="0" To="21" NotCurrents="3,4,5,6,7,8,9,10,11,12,13,14,15,16,17,18,19,20,21">				<Name>FixTrend $kompakt1 11-900-{S}</Name>	<Power>1401</Power>	<Surface>0</Surface>	<Volume>4.47</Volume>	<Exponent>1.3485</Exponent>	<EstimateCode>FixTrend_kompakt_11_900_{S}</EstimateCode>	</RadiatorSubTypeMacro>	</RadiatorMainType>
  <RadiatorMainType>	<MainTypeName>FixTrend $kompakt1 21-300-</MainTypeName>	<DimensionIndex>0</DimensionIndex>	<DimensionIndex>2</DimensionIndex>	<kvValue>3.23</kvValue>	<RadiatorSubTypeMacro From="0" To="21" NotCurrents="0,1,2,3,4,5,6,7,8,9,10,11,12,13,14,15,16,17,18,19,20,21">	<Name>FixTrend $kompakt1 21-300-{S}</Name>	<Power>780 </Power>	<Surface>0</Surface>	<Volume>3.52</Volume>	<Exponent>1.3752</Exponent>	<EstimateCode>FixTrend_kompakt_21_300_{S}</EstimateCode>	</RadiatorSubTypeMacro>	</RadiatorMainType>
  <RadiatorMainType>	<MainTypeName>FixTrend $kompakt1 21-500-</MainTypeName>	<DimensionIndex>1</DimensionIndex>	<DimensionIndex>2</DimensionIndex>	<kvValue>3.23</kvValue>	<RadiatorSubTypeMacro From="0" To="21" NotCurrents="0,1,2,3,4,5,6,7,8,9,10,11,12,13,14,15,16,17,18,19,20,21">	<Name>FixTrend $kompakt1 21-500-{S}</Name>	<Power>1194</Power>	<Surface>0</Surface>	<Volume>5.30</Volume>	<Exponent>1.3581</Exponent>	<EstimateCode>FixTrend_kompakt_21_500_{S}</EstimateCode>	</RadiatorSubTypeMacro>	</RadiatorMainType>
  <RadiatorMainType>	<MainTypeName>FixTrend $kompakt1 21-600-</MainTypeName>	<DimensionIndex>2</DimensionIndex>	<DimensionIndex>2</DimensionIndex>	<kvValue>3.23</kvValue>	<RadiatorSubTypeMacro From="0" To="21" NotCurrents="0,1,2,3,4,5,6,7,8,9,10,11,12,13,14,15,16,17,18,19,20,21">	<Name>FixTrend $kompakt1 21-600-{S}</Name>	<Power>1389</Power>	<Surface>0</Surface>	<Volume>6.20</Volume>	<Exponent>1.3460</Exponent>	<EstimateCode>FixTrend_kompakt_21_600_{S}</EstimateCode>	</RadiatorSubTypeMacro>	</RadiatorMainType>
  <RadiatorMainType>	<MainTypeName>FixTrend $kompakt1 21-900-</MainTypeName>	<DimensionIndex>3</DimensionIndex>	<DimensionIndex>2</DimensionIndex>	<kvValue>3.23</kvValue>	<RadiatorSubTypeMacro From="0" To="21" NotCurrents="0,1,2,3,4,5,6,7,8,9,10,11,12,13,14,15,16,17,18,19,20,21">	<Name>FixTrend $kompakt1 21-900-{S}</Name>	<Power>1837</Power>	<Surface>0</Surface>	<Volume>8.94</Volume>	<Exponent>1.3704</Exponent>	<EstimateCode>FixTrend_kompakt_21_900_{S}</EstimateCode>	</RadiatorSubTypeMacro>	</RadiatorMainType>
  <RadiatorMainType>	<MainTypeName>FixTrend $kompakt1 22-300-</MainTypeName>	<DimensionIndex>0</DimensionIndex>	<DimensionIndex>3</DimensionIndex>	<kvValue>3.23</kvValue>	<RadiatorSubTypeMacro From="0" To="21" NotCurrents="2,3,4,5,7,9,11,13,14,15,17,18,19,20,21">									<Name>FixTrend $kompakt1 22-300-{S}</Name>	<Power>1002</Power>	<Surface>0</Surface>	<Volume>3.52</Volume>	<Exponent>1.3667</Exponent>	<EstimateCode>FixTrend_kompakt_22_300_{S}</EstimateCode>	</RadiatorSubTypeMacro>	</RadiatorMainType>
  <RadiatorMainType>	<MainTypeName>FixTrend $kompakt1 22-500-</MainTypeName>	<DimensionIndex>1</DimensionIndex>	<DimensionIndex>3</DimensionIndex>	<kvValue>3.23</kvValue>	<RadiatorSubTypeMacro From="0" To="21" NotCurrents="1,5,7,9,11,13,14,15,16,17,18,19,20,21">										<Name>FixTrend $kompakt1 22-500-{S}</Name>	<Power>1527</Power>	<Surface>0</Surface>	<Volume>5.30</Volume>	<Exponent>1.3608</Exponent>	<EstimateCode>FixTrend_kompakt_22_500_{S}</EstimateCode>	</RadiatorSubTypeMacro>	</RadiatorMainType>
  <RadiatorMainType>	<MainTypeName>FixTrend $kompakt1 22-600-</MainTypeName>	<DimensionIndex>2</DimensionIndex>	<DimensionIndex>3</DimensionIndex>	<kvValue>3.23</kvValue>	<RadiatorSubTypeMacro From="0" To="21" NotCurrents="11,13,15,17,18,20,21">																		<Name>FixTrend $kompakt1 22-600-{S}</Name>	<Power>1788</Power>	<Surface>0</Surface>	<Volume>6.20</Volume>	<Exponent>1.3688</Exponent>	<EstimateCode>FixTrend_kompakt_22_600_{S}</EstimateCode>	</RadiatorSubTypeMacro>	</RadiatorMainType>
  <RadiatorMainType>	<MainTypeName>FixTrend $kompakt1 22-900-</MainTypeName>	<DimensionIndex>3</DimensionIndex>	<DimensionIndex>3</DimensionIndex>	<kvValue>3.23</kvValue>	<RadiatorSubTypeMacro From="0" To="21" NotCurrents="7,9,11,12,13,14,15,16,17,18,19,20,21">										<Name>FixTrend $kompakt1 22-900-{S}</Name>	<Power>2451</Power>	<Surface>0</Surface>	<Volume>8.94</Volume>	<Exponent>1.3544</Exponent>	<EstimateCode>FixTrend_kompakt_22_900_{S}</EstimateCode>	</RadiatorSubTypeMacro>	</RadiatorMainType>
  <RadiatorMainType>	<MainTypeName>FixTrend $kompakt1 33-300-</MainTypeName>	<DimensionIndex>0</DimensionIndex>	<DimensionIndex>4</DimensionIndex>	<kvValue>3.38</kvValue>	<RadiatorSubTypeMacro From="0" To="21" NotCurrents="0,1,2,3,4,5,6,7,8,9,10,11,12,13,14,15,16,17,18,19,20,21">	<Name>FixTrend $kompakt1 33-300-{S}</Name>	<Power>1449</Power>	<Surface>0</Surface>	<Volume>5.10</Volume>	<Exponent>1.3735</Exponent>	<EstimateCode>FixTrend_kompakt_33_300_{S}</EstimateCode>	</RadiatorSubTypeMacro>	</RadiatorMainType>
  <RadiatorMainType>	<MainTypeName>FixTrend $kompakt1 33-500-</MainTypeName>	<DimensionIndex>1</DimensionIndex>	<DimensionIndex>4</DimensionIndex>	<kvValue>3.38</kvValue>	<RadiatorSubTypeMacro From="0" To="21" NotCurrents="0,1,2,3,4,5,6,7,8,9,10,11,12,13,14,15,16,17,18,19,20,21">	<Name>FixTrend $kompakt1 33-500-{S}</Name>	<Power>2148</Power>	<Surface>0</Surface>	<Volume>7.68</Volume>	<Exponent>1.3745</Exponent>	<EstimateCode>FixTrend_kompakt_33_500_{S}</EstimateCode>	</RadiatorSubTypeMacro>	</RadiatorMainType>
  <RadiatorMainType>	<MainTypeName>FixTrend $kompakt1 33-600-</MainTypeName>	<DimensionIndex>2</DimensionIndex>	<DimensionIndex>4</DimensionIndex>	<kvValue>3.38</kvValue>	<RadiatorSubTypeMacro From="0" To="21" NotCurrents="0,1,3,5,7,9,11,13,14,15,16,17,18,19,20,21">								<Name>FixTrend $kompakt1 33-600-{S}</Name>	<Power>2486</Power>	<Surface>0</Surface>	<Volume>8.97</Volume>	<Exponent>1.3805</Exponent>	<EstimateCode>FixTrend_kompakt_33_600_{S}</EstimateCode>	</RadiatorSubTypeMacro>	</RadiatorMainType>
  <RadiatorMainType>	<MainTypeName>FixTrend $kompakt1 33-900-</MainTypeName>	<DimensionIndex>3</DimensionIndex>	<DimensionIndex>4</DimensionIndex>	<kvValue>3.38</kvValue>	<RadiatorSubTypeMacro From="0" To="14" NotCurrents="0,1,2,3,4,5,6,7,8,9,10,11,12,13,14">											<Name>FixTrend $kompakt1 33-900-{S}</Name>	<Power>3394</Power>	<Surface>0</Surface>	<Volume>13.17</Volume>	<Exponent>1.3946</Exponent>	<EstimateCode>FixTrend_kompakt_33_900_{S}</EstimateCode>	</RadiatorSubTypeMacro>	</RadiatorMainType>
</WinWattDBRadiator>


<WinWattDBRadiator DTLog="Yes">        
  <ItemHeader>
    <Date><Year>2010</Year><Month>2</Month><Day>8</Day></Date>
    <ItemPath>FixTrend\$szelepes1</ItemPath>
    <ItemName>FixTrend $szelepes1</ItemName>
    <HomePage>www.gepesz.hu</HomePage></ItemHeader>
  <DTOrigin>49.833</DTOrigin>
  <DimensionArray Type="Height" >
    <DimensionString Value="300" >300</DimensionString>
    <DimensionString Value="500" >500</DimensionString>
    <DimensionString Value="600" >600</DimensionString>
    <DimensionString Value="900" >900</DimensionString>
  </DimensionArray>
  <DimensionArray Type="Width" >
    <DimensionString Value="49" >10</DimensionString>
    <DimensionString Value="49" >11</DimensionString>
    <DimensionString Value="70" >21</DimensionString>
    <DimensionString Value="104" >22</DimensionString>
    <DimensionString Value="160" >33</DimensionString>
  </DimensionArray>
  <DimensionArray Type="Length" >
    <DimensionString Value="400" >400</DimensionString>
    <DimensionString Value="500" >500</DimensionString>
    <DimensionString Value="600" >600</DimensionString>
    <DimensionString Value="700" >700</DimensionString>
    <DimensionString Value="800" >800</DimensionString>
    <DimensionString Value="900" >900</DimensionString>
    <DimensionString Value="1000" >1000</DimensionString>
    <DimensionString Value="1100" >1100</DimensionString>
    <DimensionString Value="1200" >1200</DimensionString>
    <DimensionString Value="1300" >1300</DimensionString>
    <DimensionString Value="1400" >1400</DimensionString>
    <DimensionString Value="1500" >1500</DimensionString>
    <DimensionString Value="1600" >1600</DimensionString>
    <DimensionString Value="1700" >1700</DimensionString>
    <DimensionString Value="1800" >1800</DimensionString>
    <DimensionString Value="1900" >1900</DimensionString>
    <DimensionString Value="2000" >2000</DimensionString>
    <DimensionString Value="2200" >2200</DimensionString>
    <DimensionString Value="2400" >2400</DimensionString>
    <DimensionString Value="2600" >2600</DimensionString>
    <DimensionString Value="2800" >2800</DimensionString>
    <DimensionString Value="3000" >3000</DimensionString>
  </DimensionArray>
  <RadiatorMainType>	<MainTypeName>FixTrend $szelepes1 10-300-</MainTypeName>	<DimensionIndex>0</DimensionIndex>	<DimensionIndex>0</DimensionIndex>	<kvValue>2.52</kvValue>	<RadiatorSubTypeMacro From="0" To="21" NotCurrents="0,1,2,3,4,5,6,7,8,9,10,11,12,13,14,15,16,17,18,19,20,21">	<Name>FixTrend $szelepes1 10-300-{S}</Name>	<Power>334 </Power>	<Surface>0</Surface>	<Volume>1.76</Volume>	<Exponent>1.3534</Exponent>	<EstimateCode>FixTrend_szelepes_10_300_{S}</EstimateCode>	</RadiatorSubTypeMacro>	</RadiatorMainType>
  <RadiatorMainType>	<MainTypeName>FixTrend $szelepes1 10-500-</MainTypeName>	<DimensionIndex>1</DimensionIndex>	<DimensionIndex>0</DimensionIndex>	<kvValue>2.52</kvValue>	<RadiatorSubTypeMacro From="0" To="21" NotCurrents="0,1,2,3,4,5,6,7,8,9,10,11,12,13,14,15,16,17,18,19,20,21">	<Name>FixTrend $szelepes1 10-500-{S}</Name>	<Power>544 </Power>	<Surface>0</Surface>	<Volume>2.65</Volume>	<Exponent>1.3321</Exponent>	<EstimateCode>FixTrend_szelepes_10_500_{S}</EstimateCode>	</RadiatorSubTypeMacro>	</RadiatorMainType>
  <RadiatorMainType>	<MainTypeName>FixTrend $szelepes1 10-600-</MainTypeName>	<DimensionIndex>2</DimensionIndex>	<DimensionIndex>0</DimensionIndex>	<kvValue>2.52</kvValue>	<RadiatorSubTypeMacro From="0" To="21" NotCurrents="0,1,2,3,4,5,6,7,8,9,10,11,12,13,14,15,16,17,18,19,20,21">	<Name>FixTrend $szelepes1 10-600-{S}</Name>	<Power>641 </Power>	<Surface>0</Surface>	<Volume>3.10</Volume>	<Exponent>1.3343</Exponent>	<EstimateCode>FixTrend_szelepes_10_600_{S}</EstimateCode>	</RadiatorSubTypeMacro>	</RadiatorMainType>
  <RadiatorMainType>	<MainTypeName>FixTrend $szelepes1 10-900-</MainTypeName>	<DimensionIndex>3</DimensionIndex>	<DimensionIndex>0</DimensionIndex>	<kvValue>2.52</kvValue>	<RadiatorSubTypeMacro From="0" To="21" NotCurrents="0,1,2,3,4,5,6,7,8,9,10,11,12,13,14,15,16,17,18,19,20,21">	<Name>FixTrend $szelepes1 10-900-{S}</Name>	<Power>905 </Power>	<Surface>0</Surface>	<Volume>4.47</Volume>	<Exponent>1.3442</Exponent>	<EstimateCode>FixTrend_szelepes_10_900_{S}</EstimateCode>	</RadiatorSubTypeMacro>	</RadiatorMainType>
  <RadiatorMainType>	<MainTypeName>FixTrend $szelepes1 11-300-</MainTypeName>	<DimensionIndex>0</DimensionIndex>	<DimensionIndex>1</DimensionIndex>	<kvValue>2.52</kvValue>	<RadiatorSubTypeMacro From="0" To="21" NotCurrents="0,1,2,3,4,5,6,7,8,9,10,11,12,13,14,15,16,17,18,19,20,21">	<Name>FixTrend $szelepes1 11-300-{S}</Name>	<Power>561 </Power>	<Surface>0</Surface>	<Volume>1.76</Volume>	<Exponent>1.3440</Exponent>	<EstimateCode>FixTrend_szelepes_11_300_{S}</EstimateCode>	</RadiatorSubTypeMacro>	</RadiatorMainType>
  <RadiatorMainType>	<MainTypeName>FixTrend $szelepes1 11-500-</MainTypeName>	<DimensionIndex>1</DimensionIndex>	<DimensionIndex>1</DimensionIndex>	<kvValue>2.52</kvValue>	<RadiatorSubTypeMacro From="0" To="21" NotCurrents="0,1,2,3,4,5,6,7,8,9,10,11,12,13,14,15,16,17,18,19,20,21">	<Name>FixTrend $szelepes1 11-500-{S}</Name>	<Power>876 </Power>	<Surface>0</Surface>	<Volume>2.65</Volume>	<Exponent>1.3327</Exponent>	<EstimateCode>FixTrend_szelepes_11_500_{S}</EstimateCode>	</RadiatorSubTypeMacro>	</RadiatorMainType>
  <RadiatorMainType>	<MainTypeName>FixTrend $szelepes1 11-600-</MainTypeName>	<DimensionIndex>2</DimensionIndex>	<DimensionIndex>1</DimensionIndex>	<kvValue>2.52</kvValue>	<RadiatorSubTypeMacro From="0" To="21" NotCurrents="5,7,8,9,10,11,12,13,14,15,16,17,18,19,20,21">							<Name>FixTrend $szelepes1 11-600-{S}</Name>	<Power>1026</Power>	<Surface>0</Surface>	<Volume>3.10</Volume>	<Exponent>1.3251</Exponent>	<EstimateCode>FixTrend_szelepes_11_600_{S}</EstimateCode>	</RadiatorSubTypeMacro>	</RadiatorMainType>
  <RadiatorMainType>	<MainTypeName>FixTrend $szelepes1 11-900-</MainTypeName>	<DimensionIndex>3</DimensionIndex>	<DimensionIndex>1</DimensionIndex>	<kvValue>2.52</kvValue>	<RadiatorSubTypeMacro From="0" To="21" NotCurrents="3,4,5,6,7,8,9,10,11,12,13,14,15,16,17,18,19,20,21">				<Name>FixTrend $szelepes1 11-900-{S}</Name>	<Power>1401</Power>	<Surface>0</Surface>	<Volume>4.47</Volume>	<Exponent>1.3485</Exponent>	<EstimateCode>FixTrend_szelepes_11_900_{S}</EstimateCode>	</RadiatorSubTypeMacro>	</RadiatorMainType>
  <RadiatorMainType>	<MainTypeName>FixTrend $szelepes1 21-300-</MainTypeName>	<DimensionIndex>0</DimensionIndex>	<DimensionIndex>2</DimensionIndex>	<kvValue>3.23</kvValue>	<RadiatorSubTypeMacro From="0" To="21" NotCurrents="0,1,2,3,4,5,6,7,8,9,10,11,12,13,14,15,16,17,18,19,20,21">	<Name>FixTrend $szelepes1 21-300-{S}</Name>	<Power>780 </Power>	<Surface>0</Surface>	<Volume>3.52</Volume>	<Exponent>1.3752</Exponent>	<EstimateCode>FixTrend_szelepes_21_300_{S}</EstimateCode>	</RadiatorSubTypeMacro>	</RadiatorMainType>
  <RadiatorMainType>	<MainTypeName>FixTrend $szelepes1 21-500-</MainTypeName>	<DimensionIndex>1</DimensionIndex>	<DimensionIndex>2</DimensionIndex>	<kvValue>3.23</kvValue>	<RadiatorSubTypeMacro From="0" To="21" NotCurrents="0,1,2,3,4,5,6,7,8,9,10,11,12,13,14,15,16,17,18,19,20,21">	<Name>FixTrend $szelepes1 21-500-{S}</Name>	<Power>1194</Power>	<Surface>0</Surface>	<Volume>5.30</Volume>	<Exponent>1.3581</Exponent>	<EstimateCode>FixTrend_szelepes_21_500_{S}</EstimateCode>	</RadiatorSubTypeMacro>	</RadiatorMainType>
  <RadiatorMainType>	<MainTypeName>FixTrend $szelepes1 21-600-</MainTypeName>	<DimensionIndex>2</DimensionIndex>	<DimensionIndex>2</DimensionIndex>	<kvValue>3.23</kvValue>	<RadiatorSubTypeMacro From="0" To="21" NotCurrents="0,1,2,3,4,5,6,7,8,9,10,11,12,13,14,15,16,17,18,19,20,21">	<Name>FixTrend $szelepes1 21-600-{S}</Name>	<Power>1389</Power>	<Surface>0</Surface>	<Volume>6.20</Volume>	<Exponent>1.3460</Exponent>	<EstimateCode>FixTrend_szelepes_21_600_{S}</EstimateCode>	</RadiatorSubTypeMacro>	</RadiatorMainType>
  <RadiatorMainType>	<MainTypeName>FixTrend $szelepes1 21-900-</MainTypeName>	<DimensionIndex>3</DimensionIndex>	<DimensionIndex>2</DimensionIndex>	<kvValue>3.23</kvValue>	<RadiatorSubTypeMacro From="0" To="21" NotCurrents="0,1,2,3,4,5,6,7,8,9,10,11,12,13,14,15,16,17,18,19,20,21">	<Name>FixTrend $szelepes1 21-900-{S}</Name>	<Power>1837</Power>	<Surface>0</Surface>	<Volume>8.94</Volume>	<Exponent>1.3704</Exponent>	<EstimateCode>FixTrend_szelepes_21_900_{S}</EstimateCode>	</RadiatorSubTypeMacro>	</RadiatorMainType>
  <RadiatorMainType>	<MainTypeName>FixTrend $szelepes1 22-300-</MainTypeName>	<DimensionIndex>0</DimensionIndex>	<DimensionIndex>3</DimensionIndex>	<kvValue>3.23</kvValue>	<RadiatorSubTypeMacro From="0" To="21" NotCurrents="2,3,4,5,7,9,11,13,14,15,17,18,19,20,21">									<Name>FixTrend $szelepes1 22-300-{S}</Name>	<Power>1002</Power>	<Surface>0</Surface>	<Volume>3.52</Volume>	<Exponent>1.3667</Exponent>	<EstimateCode>FixTrend_szelepes_22_300_{S}</EstimateCode>	</RadiatorSubTypeMacro>	</RadiatorMainType>
  <RadiatorMainType>	<MainTypeName>FixTrend $szelepes1 22-500-</MainTypeName>	<DimensionIndex>1</DimensionIndex>	<DimensionIndex>3</DimensionIndex>	<kvValue>3.23</kvValue>	<RadiatorSubTypeMacro From="0" To="21" NotCurrents="1,5,7,9,11,13,14,15,16,17,18,19,20,21">										<Name>FixTrend $szelepes1 22-500-{S}</Name>	<Power>1527</Power>	<Surface>0</Surface>	<Volume>5.30</Volume>	<Exponent>1.3608</Exponent>	<EstimateCode>FixTrend_szelepes_22_500_{S}</EstimateCode>	</RadiatorSubTypeMacro>	</RadiatorMainType>
  <RadiatorMainType>	<MainTypeName>FixTrend $szelepes1 22-600-</MainTypeName>	<DimensionIndex>2</DimensionIndex>	<DimensionIndex>3</DimensionIndex>	<kvValue>3.23</kvValue>	<RadiatorSubTypeMacro From="0" To="21" NotCurrents="11,13,15,17,18,20,21">																		<Name>FixTrend $szelepes1 22-600-{S}</Name>	<Power>1788</Power>	<Surface>0</Surface>	<Volume>6.20</Volume>	<Exponent>1.3688</Exponent>	<EstimateCode>FixTrend_szelepes_22_600_{S}</EstimateCode>	</RadiatorSubTypeMacro>	</RadiatorMainType>
  <RadiatorMainType>	<MainTypeName>FixTrend $szelepes1 22-900-</MainTypeName>	<DimensionIndex>3</DimensionIndex>	<DimensionIndex>3</DimensionIndex>	<kvValue>3.23</kvValue>	<RadiatorSubTypeMacro From="0" To="21" NotCurrents="7,9,11,12,13,14,15,16,17,18,19,20,21">										<Name>FixTrend $szelepes1 22-900-{S}</Name>	<Power>2451</Power>	<Surface>0</Surface>	<Volume>8.94</Volume>	<Exponent>1.3544</Exponent>	<EstimateCode>FixTrend_szelepes_22_900_{S}</EstimateCode>	</RadiatorSubTypeMacro>	</RadiatorMainType>
  <RadiatorMainType>	<MainTypeName>FixTrend $szelepes1 33-300-</MainTypeName>	<DimensionIndex>0</DimensionIndex>	<DimensionIndex>4</DimensionIndex>	<kvValue>3.38</kvValue>	<RadiatorSubTypeMacro From="0" To="14" NotCurrents="0,1,2,3,4,5,6,7,8,9,10,11,12,13,14">											<Name>FixTrend $szelepes1 33-300-{S}</Name>	<Power>1449</Power>	<Surface>0</Surface>	<Volume>5.10</Volume>	<Exponent>1.3735</Exponent>	<EstimateCode>FixTrend_szelepes_33_300_{S}</EstimateCode>	</RadiatorSubTypeMacro>	</RadiatorMainType>
  <RadiatorMainType>	<MainTypeName>FixTrend $szelepes1 33-500-</MainTypeName>	<DimensionIndex>1</DimensionIndex>	<DimensionIndex>4</DimensionIndex>	<kvValue>3.38</kvValue>	<RadiatorSubTypeMacro From="0" To="17" NotCurrents="0,1,2,3,4,5,6,7,8,9,10,11,12,13,14,16,17" Exceptions="15"><Name>FixTrend $szelepes1 33-500-{S}</Name>	<Power>2148</Power>	<Surface>0</Surface>	<Volume>7.68</Volume>	<Exponent>1.3745</Exponent>	<EstimateCode>FixTrend_szelepes_33_500_{S}</EstimateCode>	</RadiatorSubTypeMacro>	</RadiatorMainType>
  <RadiatorMainType>	<MainTypeName>FixTrend $szelepes1 33-600-</MainTypeName>	<DimensionIndex>2</DimensionIndex>	<DimensionIndex>4</DimensionIndex>	<kvValue>3.38</kvValue>	<RadiatorSubTypeMacro From="0" To="18" NotCurrents="0,1,3,5,7,9,11,13,14,15,16,17,18">												<Name>FixTrend $szelepes1 33-600-{S}</Name>	<Power>2486</Power>	<Surface>0</Surface>	<Volume>8.97</Volume>	<Exponent>1.3805</Exponent>	<EstimateCode>FixTrend_szelepes_33_600_{S}</EstimateCode>	</RadiatorSubTypeMacro>	</RadiatorMainType>
  <RadiatorMainType>	<MainTypeName>FixTrend $szelepes1 33-900-</MainTypeName>	<DimensionIndex>3</DimensionIndex>	<DimensionIndex>4</DimensionIndex>	<kvValue>3.38</kvValue>	<RadiatorSubTypeMacro From="0" To="14" NotCurrents="0,1,2,3,4,5,6,7,8,9,10,11,12,13,14">											<Name>FixTrend $szelepes1 33-900-{S}</Name>	<Power>3394</Power>	<Surface>0</Surface>	<Volume>13.17</Volume>	<Exponent>1.3946</Exponent>	<EstimateCode>FixTrend_szelepes_33_900_{S}</EstimateCode>	</RadiatorSubTypeMacro>	</RadiatorMainType>
</WinWattDBRadiator>

</WinWattDB>

