<?xml version="1.0" encoding="ISO-8859-2" ?>
<WinWattDB>

<WinWattDBRadiator DTLog="Yes">
  <ItemHeader>
    <Date><Year>1996</Year><Month>8</Month><Day>1</Day></Date>
    <ItemPath>Ideal</ItemPath>
    <ItemName>Ideal-Modex</ItemName>
    <HomePage></HomePage></ItemHeader>
  <DTOrigin>60</DTOrigin>
  <DimensionArray Type="Height" >
    <DimensionString>350</DimensionString>
    <DimensionString>500</DimensionString>
    <DimensionString>600</DimensionString>
    <DimensionString>900</DimensionString>
  </DimensionArray>
  <DimensionArray Type="Length" >
    <DimensionString>2</DimensionString>
    <DimensionString>3</DimensionString>
    <DimensionString>4</DimensionString>
    <DimensionString>5</DimensionString>
    <DimensionString>6</DimensionString>
    <DimensionString>7</DimensionString>
    <DimensionString>8</DimensionString>
    <DimensionString>9</DimensionString>
    <DimensionString>10</DimensionString>
    <DimensionString>11</DimensionString>
    <DimensionString>12</DimensionString>
    <DimensionString>13</DimensionString>
    <DimensionString>14</DimensionString>
    <DimensionString>15</DimensionString>
    <DimensionString>16</DimensionString>
    <DimensionString>17</DimensionString>
    <DimensionString>18</DimensionString>
  </DimensionArray>
  <RadiatorMainType>
    <MainTypeName>Ideal-Modex 350-</MainTypeName><DimensionIndex>0</DimensionIndex><kvValue>0</kvValue>
    <RadiatorSubType><Name>Ideal-Modex 350-2</Name>	<DimensionIndex>0</DimensionIndex>	<Power>248</Power>	<Surface>0</Surface>	<Volume>0.32</Volume>	<Exponent>1.33</Exponent>	<Current>1</Current>	<Length>160</Length>	<Height>350</Height>	<Width>0</Width>	<EstimateCode></EstimateCode></RadiatorSubType>
    <RadiatorSubType><Name>Ideal-Modex 350-3</Name>	<DimensionIndex>1</DimensionIndex>	<Power>371</Power>	<Surface>0</Surface>	<Volume>0.48</Volume>	<Exponent>1.33</Exponent>	<Current>1</Current>	<Length>240</Length>	<Height>350</Height>	<Width>0</Width>	<EstimateCode></EstimateCode></RadiatorSubType>
    <RadiatorSubType><Name>Ideal-Modex 350-4</Name>	<DimensionIndex>2</DimensionIndex>	<Power>495</Power>	<Surface>0</Surface>	<Volume>0.64</Volume>	<Exponent>1.33</Exponent>	<Current>1</Current>	<Length>320</Length>	<Height>350</Height>	<Width>0</Width>	<EstimateCode></EstimateCode></RadiatorSubType>
    <RadiatorSubType><Name>Ideal-Modex 350-5</Name>	<DimensionIndex>3</DimensionIndex>	<Power>619</Power>	<Surface>0</Surface>	<Volume>0.8</Volume>	<Exponent>1.33</Exponent>	<Current>1</Current>	<Length>400</Length>	<Height>350</Height>	<Width>0</Width>	<EstimateCode></EstimateCode></RadiatorSubType>
    <RadiatorSubType><Name>Ideal-Modex 350-6</Name>	<DimensionIndex>4</DimensionIndex>	<Power>741</Power>	<Surface>0</Surface>	<Volume>0.96</Volume>	<Exponent>1.33</Exponent>	<Current>1</Current>	<Length>480</Length>	<Height>350</Height>	<Width>0</Width>	<EstimateCode></EstimateCode></RadiatorSubType>
    <RadiatorSubType><Name>Ideal-Modex 350-7</Name>	<DimensionIndex>5</DimensionIndex>	<Power>863</Power>	<Surface>0</Surface>	<Volume>1.12</Volume>	<Exponent>1.33</Exponent>	<Current>1</Current>	<Length>560</Length>	<Height>350</Height>	<Width>0</Width>	<EstimateCode></EstimateCode></RadiatorSubType>
    <RadiatorSubType><Name>Ideal-Modex 350-8</Name>	<DimensionIndex>6</DimensionIndex>	<Power>983</Power>	<Surface>0</Surface>	<Volume>1.28</Volume>	<Exponent>1.33</Exponent>	<Current>1</Current>	<Length>640</Length>	<Height>350</Height>	<Width>0</Width>	<EstimateCode></EstimateCode></RadiatorSubType>
    <RadiatorSubType><Name>Ideal-Modex 350-9</Name>	<DimensionIndex>7</DimensionIndex>	<Power>1102</Power>	<Surface>0</Surface>	<Volume>1.44</Volume>	<Exponent>1.33</Exponent>	<Current>1</Current>	<Length>720</Length>	<Height>350</Height>	<Width>0</Width>	<EstimateCode></EstimateCode></RadiatorSubType>
    <RadiatorSubType><Name>Ideal-Modex 350-10</Name>	<DimensionIndex>8</DimensionIndex>	<Power>1220</Power>	<Surface>0</Surface>	<Volume>1.6</Volume>	<Exponent>1.33</Exponent>	<Current>1</Current>	<Length>800</Length>	<Height>350</Height>	<Width>0</Width>	<EstimateCode></EstimateCode></RadiatorSubType>
    <RadiatorSubType><Name>Ideal-Modex 350-11</Name>	<DimensionIndex>9</DimensionIndex>	<Power>1335</Power>	<Surface>0</Surface>	<Volume>1.76</Volume>	<Exponent>1.33</Exponent>	<Current>1</Current>	<Length>880</Length>	<Height>350</Height>	<Width>0</Width>	<EstimateCode></EstimateCode></RadiatorSubType>
    <RadiatorSubType><Name>Ideal-Modex 350-12</Name>	<DimensionIndex>10</DimensionIndex>	<Power>1449</Power>	<Surface>0</Surface>	<Volume>1.92</Volume>	<Exponent>1.33</Exponent>	<Current>1</Current>	<Length>960</Length>	<Height>350</Height>	<Width>0</Width>	<EstimateCode></EstimateCode></RadiatorSubType>
    <RadiatorSubType><Name>Ideal-Modex 350-13</Name>	<DimensionIndex>11</DimensionIndex>	<Power>1560</Power>	<Surface>0</Surface>	<Volume>2.08</Volume>	<Exponent>1.33</Exponent>	<Current>1</Current>	<Length>1040</Length>	<Height>350</Height>	<Width>0</Width>	<EstimateCode></EstimateCode></RadiatorSubType>
    <RadiatorSubType><Name>Ideal-Modex 350-14</Name>	<DimensionIndex>12</DimensionIndex>	<Power>1670</Power>	<Surface>0</Surface>	<Volume>2.24</Volume>	<Exponent>1.33</Exponent>	<Current>1</Current>	<Length>1120</Length>	<Height>350</Height>	<Width>0</Width>	<EstimateCode></EstimateCode></RadiatorSubType>
    <RadiatorSubType><Name>Ideal-Modex 350-15</Name>	<DimensionIndex>13</DimensionIndex>	<Power>1774</Power>	<Surface>0</Surface>	<Volume>2.4</Volume>	<Exponent>1.33</Exponent>	<Current>1</Current>	<Length>1200</Length>	<Height>350</Height>	<Width>0</Width>	<EstimateCode></EstimateCode></RadiatorSubType>
    <RadiatorSubType><Name>Ideal-Modex 350-16</Name>	<DimensionIndex>14</DimensionIndex>	<Power>1878</Power>	<Surface>0</Surface>	<Volume>2.56</Volume>	<Exponent>1.33</Exponent>	<Current>1</Current>	<Length>1280</Length>	<Height>350</Height>	<Width>0</Width>	<EstimateCode></EstimateCode></RadiatorSubType>
    <RadiatorSubType><Name>Ideal-Modex 350-17</Name>	<DimensionIndex>15</DimensionIndex>	<Power>1977</Power>	<Surface>0</Surface>	<Volume>2.72</Volume>	<Exponent>1.33</Exponent>	<Current>1</Current>	<Length>1360</Length>	<Height>350</Height>	<Width>0</Width>	<EstimateCode></EstimateCode></RadiatorSubType>
    <RadiatorSubType><Name>Ideal-Modex 350-18</Name>	<DimensionIndex>16</DimensionIndex>	<Power>2075</Power>	<Surface>0</Surface>	<Volume>2.88</Volume>	<Exponent>1.33</Exponent>	<Current>1</Current>	<Length>1440</Length>	<Height>350</Height>	<Width>0</Width>	<EstimateCode></EstimateCode></RadiatorSubType>
  </RadiatorMainType>
  <RadiatorMainType>
    <MainTypeName>Ideal-Modex 500-</MainTypeName><DimensionIndex>1</DimensionIndex><kvValue>0</kvValue>
    <RadiatorSubType><Name>Ideal-Modex 500-2</Name>	<DimensionIndex>0</DimensionIndex>	<Power>332</Power>	<Surface>0</Surface>	<Volume>0.46</Volume>	<Exponent>1.33</Exponent>	<Current>1</Current>	<Length>160</Length>	<Height>500</Height>	<Width>0</Width>	<EstimateCode></EstimateCode></RadiatorSubType>
    <RadiatorSubType><Name>Ideal-Modex 500-3</Name>	<DimensionIndex>1</DimensionIndex>	<Power>496</Power>	<Surface>0</Surface>	<Volume>0.69</Volume>	<Exponent>1.33</Exponent>	<Current>1</Current>	<Length>240</Length>	<Height>500</Height>	<Width>0</Width>	<EstimateCode></EstimateCode></RadiatorSubType>
    <RadiatorSubType><Name>Ideal-Modex 500-4</Name>	<DimensionIndex>2</DimensionIndex>	<Power>662</Power>	<Surface>0</Surface>	<Volume>0.92</Volume>	<Exponent>1.33</Exponent>	<Current>1</Current>	<Length>320</Length>	<Height>500</Height>	<Width>0</Width>	<EstimateCode></EstimateCode></RadiatorSubType>
    <RadiatorSubType><Name>Ideal-Modex 500-5</Name>	<DimensionIndex>3</DimensionIndex>	<Power>827</Power>	<Surface>0</Surface>	<Volume>1.15</Volume>	<Exponent>1.33</Exponent>	<Current>1</Current>	<Length>400</Length>	<Height>500</Height>	<Width>0</Width>	<EstimateCode></EstimateCode></RadiatorSubType>
    <RadiatorSubType><Name>Ideal-Modex 500-6</Name>	<DimensionIndex>4</DimensionIndex>	<Power>990</Power>	<Surface>0</Surface>	<Volume>1.38</Volume>	<Exponent>1.33</Exponent>	<Current>1</Current>	<Length>480</Length>	<Height>500</Height>	<Width>0</Width>	<EstimateCode></EstimateCode></RadiatorSubType>
    <RadiatorSubType><Name>Ideal-Modex 500-7</Name>	<DimensionIndex>5</DimensionIndex>	<Power>1153</Power>	<Surface>0</Surface>	<Volume>1.61</Volume>	<Exponent>1.33</Exponent>	<Current>1</Current>	<Length>560</Length>	<Height>500</Height>	<Width>0</Width>	<EstimateCode></EstimateCode></RadiatorSubType>
    <RadiatorSubType><Name>Ideal-Modex 500-8</Name>	<DimensionIndex>6</DimensionIndex>	<Power>1313</Power>	<Surface>0</Surface>	<Volume>1.84</Volume>	<Exponent>1.33</Exponent>	<Current>1</Current>	<Length>640</Length>	<Height>500</Height>	<Width>0</Width>	<EstimateCode></EstimateCode></RadiatorSubType>
    <RadiatorSubType><Name>Ideal-Modex 500-9</Name>	<DimensionIndex>7</DimensionIndex>	<Power>1473</Power>	<Surface>0</Surface>	<Volume>2.07</Volume>	<Exponent>1.33</Exponent>	<Current>1</Current>	<Length>720</Length>	<Height>500</Height>	<Width>0</Width>	<EstimateCode></EstimateCode></RadiatorSubType>
    <RadiatorSubType><Name>Ideal-Modex 500-10</Name>	<DimensionIndex>8</DimensionIndex>	<Power>1630</Power>	<Surface>0</Surface>	<Volume>2.3</Volume>	<Exponent>1.33</Exponent>	<Current>1</Current>	<Length>800</Length>	<Height>500</Height>	<Width>0</Width>	<EstimateCode></EstimateCode></RadiatorSubType>
    <RadiatorSubType><Name>Ideal-Modex 500-11</Name>	<DimensionIndex>9</DimensionIndex>	<Power>1784</Power>	<Surface>0</Surface>	<Volume>2.53</Volume>	<Exponent>1.33</Exponent>	<Current>1</Current>	<Length>880</Length>	<Height>500</Height>	<Width>0</Width>	<EstimateCode></EstimateCode></RadiatorSubType>
    <RadiatorSubType><Name>Ideal-Modex 500-12</Name>	<DimensionIndex>10</DimensionIndex>	<Power>1936</Power>	<Surface>0</Surface>	<Volume>2.76</Volume>	<Exponent>1.33</Exponent>	<Current>1</Current>	<Length>960</Length>	<Height>500</Height>	<Width>0</Width>	<EstimateCode></EstimateCode></RadiatorSubType>
    <RadiatorSubType><Name>Ideal-Modex 500-13</Name>	<DimensionIndex>11</DimensionIndex>	<Power>2085</Power>	<Surface>0</Surface>	<Volume>2.99</Volume>	<Exponent>1.33</Exponent>	<Current>1</Current>	<Length>1040</Length>	<Height>500</Height>	<Width>0</Width>	<EstimateCode></EstimateCode></RadiatorSubType>
    <RadiatorSubType><Name>Ideal-Modex 500-14</Name>	<DimensionIndex>12</DimensionIndex>	<Power>2231</Power>	<Surface>0</Surface>	<Volume>3.22</Volume>	<Exponent>1.33</Exponent>	<Current>1</Current>	<Length>1120</Length>	<Height>500</Height>	<Width>0</Width>	<EstimateCode></EstimateCode></RadiatorSubType>
    <RadiatorSubType><Name>Ideal-Modex 500-15</Name>	<DimensionIndex>13</DimensionIndex>	<Power>2370</Power>	<Surface>0</Surface>	<Volume>3.45</Volume>	<Exponent>1.33</Exponent>	<Current>1</Current>	<Length>1200</Length>	<Height>500</Height>	<Width>0</Width>	<EstimateCode></EstimateCode></RadiatorSubType>
    <RadiatorSubType><Name>Ideal-Modex 500-16</Name>	<DimensionIndex>14</DimensionIndex>	<Power>2510</Power>	<Surface>0</Surface>	<Volume>3.68</Volume>	<Exponent>1.33</Exponent>	<Current>1</Current>	<Length>1280</Length>	<Height>500</Height>	<Width>0</Width>	<EstimateCode></EstimateCode></RadiatorSubType>
    <RadiatorSubType><Name>Ideal-Modex 500-17</Name>	<DimensionIndex>15</DimensionIndex>	<Power>2641</Power>	<Surface>0</Surface>	<Volume>3.91</Volume>	<Exponent>1.33</Exponent>	<Current>1</Current>	<Length>1360</Length>	<Height>500</Height>	<Width>0</Width>	<EstimateCode></EstimateCode></RadiatorSubType>
    <RadiatorSubType><Name>Ideal-Modex 500-18</Name>	<DimensionIndex>16</DimensionIndex>	<Power>2773</Power>	<Surface>0</Surface>	<Volume>4.14</Volume>	<Exponent>1.33</Exponent>	<Current>1</Current>	<Length>1440</Length>	<Height>500</Height>	<Width>0</Width>	<EstimateCode></EstimateCode></RadiatorSubType>
  </RadiatorMainType>
  <RadiatorMainType>
    <MainTypeName>Ideal-Modex 600-</MainTypeName><DimensionIndex>2</DimensionIndex><kvValue>0</kvValue>
    <RadiatorSubType><Name>Ideal-Modex 600-2</Name>	<DimensionIndex>0</DimensionIndex>	<Power>387</Power>	<Surface>0</Surface>	<Volume>0.56</Volume>	<Exponent>1.33</Exponent>	<Current>1</Current>	<Length>160</Length>	<Height>600</Height>	<Width>0</Width>	<EstimateCode></EstimateCode></RadiatorSubType>
    <RadiatorSubType><Name>Ideal-Modex 600-3</Name>	<DimensionIndex>1</DimensionIndex>	<Power>578</Power>	<Surface>0</Surface>	<Volume>0.84</Volume>	<Exponent>1.33</Exponent>	<Current>1</Current>	<Length>240</Length>	<Height>600</Height>	<Width>0</Width>	<EstimateCode></EstimateCode></RadiatorSubType>
    <RadiatorSubType><Name>Ideal-Modex 600-4</Name>	<DimensionIndex>2</DimensionIndex>	<Power>772</Power>	<Surface>0</Surface>	<Volume>1.12</Volume>	<Exponent>1.33</Exponent>	<Current>1</Current>	<Length>320</Length>	<Height>600</Height>	<Width>0</Width>	<EstimateCode></EstimateCode></RadiatorSubType>
    <RadiatorSubType><Name>Ideal-Modex 600-5</Name>	<DimensionIndex>3</DimensionIndex>	<Power>964</Power>	<Surface>0</Surface>	<Volume>1.4</Volume>	<Exponent>1.33</Exponent>	<Current>1</Current>	<Length>400</Length>	<Height>600</Height>	<Width>0</Width>	<EstimateCode></EstimateCode></RadiatorSubType>
    <RadiatorSubType><Name>Ideal-Modex 600-6</Name>	<DimensionIndex>4</DimensionIndex>	<Power>1154</Power>	<Surface>0</Surface>	<Volume>1.68</Volume>	<Exponent>1.33</Exponent>	<Current>1</Current>	<Length>480</Length>	<Height>600</Height>	<Width>0</Width>	<EstimateCode></EstimateCode></RadiatorSubType>
    <RadiatorSubType><Name>Ideal-Modex 600-7</Name>	<DimensionIndex>5</DimensionIndex>	<Power>1344</Power>	<Surface>0</Surface>	<Volume>1.96</Volume>	<Exponent>1.33</Exponent>	<Current>1</Current>	<Length>560</Length>	<Height>600</Height>	<Width>0</Width>	<EstimateCode></EstimateCode></RadiatorSubType>
    <RadiatorSubType><Name>Ideal-Modex 600-8</Name>	<DimensionIndex>6</DimensionIndex>	<Power>1530</Power>	<Surface>0</Surface>	<Volume>2.24</Volume>	<Exponent>1.33</Exponent>	<Current>1</Current>	<Length>640</Length>	<Height>600</Height>	<Width>0</Width>	<EstimateCode></EstimateCode></RadiatorSubType>
    <RadiatorSubType><Name>Ideal-Modex 600-9</Name>	<DimensionIndex>7</DimensionIndex>	<Power>1717</Power>	<Surface>0</Surface>	<Volume>2.52</Volume>	<Exponent>1.33</Exponent>	<Current>1</Current>	<Length>720</Length>	<Height>600</Height>	<Width>0</Width>	<EstimateCode></EstimateCode></RadiatorSubType>
    <RadiatorSubType><Name>Ideal-Modex 600-10</Name>	<DimensionIndex>8</DimensionIndex>	<Power>1900</Power>	<Surface>0</Surface>	<Volume>2.8</Volume>	<Exponent>1.33</Exponent>	<Current>1</Current>	<Length>800</Length>	<Height>600</Height>	<Width>0</Width>	<EstimateCode></EstimateCode></RadiatorSubType>
    <RadiatorSubType><Name>Ideal-Modex 600-11</Name>	<DimensionIndex>9</DimensionIndex>	<Power>2080</Power>	<Surface>0</Surface>	<Volume>3.08</Volume>	<Exponent>1.33</Exponent>	<Current>1</Current>	<Length>880</Length>	<Height>600</Height>	<Width>0</Width>	<EstimateCode></EstimateCode></RadiatorSubType>
    <RadiatorSubType><Name>Ideal-Modex 600-12</Name>	<DimensionIndex>10</DimensionIndex>	<Power>2256</Power>	<Surface>0</Surface>	<Volume>3.36</Volume>	<Exponent>1.33</Exponent>	<Current>1</Current>	<Length>960</Length>	<Height>600</Height>	<Width>0</Width>	<EstimateCode></EstimateCode></RadiatorSubType>
    <RadiatorSubType><Name>Ideal-Modex 600-13</Name>	<DimensionIndex>11</DimensionIndex>	<Power>2430</Power>	<Surface>0</Surface>	<Volume>3.64</Volume>	<Exponent>1.33</Exponent>	<Current>1</Current>	<Length>1040</Length>	<Height>600</Height>	<Width>0</Width>	<EstimateCode></EstimateCode></RadiatorSubType>
    <RadiatorSubType><Name>Ideal-Modex 600-14</Name>	<DimensionIndex>12</DimensionIndex>	<Power>2600</Power>	<Surface>0</Surface>	<Volume>3.92</Volume>	<Exponent>1.33</Exponent>	<Current>1</Current>	<Length>1120</Length>	<Height>600</Height>	<Width>0</Width>	<EstimateCode></EstimateCode></RadiatorSubType>
    <RadiatorSubType><Name>Ideal-Modex 600-15</Name>	<DimensionIndex>13</DimensionIndex>	<Power>2763</Power>	<Surface>0</Surface>	<Volume>4.2</Volume>	<Exponent>1.33</Exponent>	<Current>1</Current>	<Length>1200</Length>	<Height>600</Height>	<Width>0</Width>	<EstimateCode></EstimateCode></RadiatorSubType>
    <RadiatorSubType><Name>Ideal-Modex 600-16</Name>	<DimensionIndex>14</DimensionIndex>	<Power>2925</Power>	<Surface>0</Surface>	<Volume>4.48</Volume>	<Exponent>1.33</Exponent>	<Current>1</Current>	<Length>1280</Length>	<Height>600</Height>	<Width>0</Width>	<EstimateCode></EstimateCode></RadiatorSubType>
    <RadiatorSubType><Name>Ideal-Modex 600-17</Name>	<DimensionIndex>15</DimensionIndex>	<Power>3079</Power>	<Surface>0</Surface>	<Volume>4.76</Volume>	<Exponent>1.33</Exponent>	<Current>1</Current>	<Length>1360</Length>	<Height>600</Height>	<Width>0</Width>	<EstimateCode></EstimateCode></RadiatorSubType>
    <RadiatorSubType><Name>Ideal-Modex 600-18</Name>	<DimensionIndex>16</DimensionIndex>	<Power>3232</Power>	<Surface>0</Surface>	<Volume>5.04</Volume>	<Exponent>1.33</Exponent>	<Current>1</Current>	<Length>1440</Length>	<Height>600</Height>	<Width>0</Width>	<EstimateCode></EstimateCode></RadiatorSubType>
  </RadiatorMainType>
  <RadiatorMainType>
    <MainTypeName>Ideal-Modex 900-</MainTypeName><DimensionIndex>3</DimensionIndex><kvValue>0</kvValue>
    <RadiatorSubType><Name>Ideal-Modex 900-2</Name>	<DimensionIndex>0</DimensionIndex>	<Power>509</Power>	<Surface>0</Surface>	<Volume>0.82</Volume>	<Exponent>1.33</Exponent>	<Current>1</Current>	<Length>160</Length>	<Height>900</Height>	<Width>0</Width>	<EstimateCode></EstimateCode></RadiatorSubType>
    <RadiatorSubType><Name>Ideal-Modex 900-3</Name>	<DimensionIndex>1</DimensionIndex>	<Power>761</Power>	<Surface>0</Surface>	<Volume>1.23</Volume>	<Exponent>1.33</Exponent>	<Current>1</Current>	<Length>240</Length>	<Height>900</Height>	<Width>0</Width>	<EstimateCode></EstimateCode></RadiatorSubType>
    <RadiatorSubType><Name>Ideal-Modex 900-4</Name>	<DimensionIndex>2</DimensionIndex>	<Power>1015</Power>	<Surface>0</Surface>	<Volume>1.64</Volume>	<Exponent>1.33</Exponent>	<Current>1</Current>	<Length>320</Length>	<Height>900</Height>	<Width>0</Width>	<EstimateCode></EstimateCode></RadiatorSubType>
    <RadiatorSubType><Name>Ideal-Modex 900-5</Name>	<DimensionIndex>3</DimensionIndex>	<Power>1268</Power>	<Surface>0</Surface>	<Volume>2.05</Volume>	<Exponent>1.33</Exponent>	<Current>1</Current>	<Length>400</Length>	<Height>900</Height>	<Width>0</Width>	<EstimateCode></EstimateCode></RadiatorSubType>
    <RadiatorSubType><Name>Ideal-Modex 900-6</Name>	<DimensionIndex>4</DimensionIndex>	<Power>1518</Power>	<Surface>0</Surface>	<Volume>2.46</Volume>	<Exponent>1.33</Exponent>	<Current>1</Current>	<Length>480</Length>	<Height>900</Height>	<Width>0</Width>	<EstimateCode></EstimateCode></RadiatorSubType>
    <RadiatorSubType><Name>Ideal-Modex 900-7</Name>	<DimensionIndex>5</DimensionIndex>	<Power>1768</Power>	<Surface>0</Surface>	<Volume>2.87</Volume>	<Exponent>1.33</Exponent>	<Current>1</Current>	<Length>560</Length>	<Height>900</Height>	<Width>0</Width>	<EstimateCode></EstimateCode></RadiatorSubType>
    <RadiatorSubType><Name>Ideal-Modex 900-8</Name>	<DimensionIndex>6</DimensionIndex>	<Power>2014</Power>	<Surface>0</Surface>	<Volume>3.28</Volume>	<Exponent>1.33</Exponent>	<Current>1</Current>	<Length>640</Length>	<Height>900</Height>	<Width>0</Width>	<EstimateCode></EstimateCode></RadiatorSubType>
    <RadiatorSubType><Name>Ideal-Modex 900-9</Name>	<DimensionIndex>7</DimensionIndex>	<Power>2259</Power>	<Surface>0</Surface>	<Volume>3.69</Volume>	<Exponent>1.33</Exponent>	<Current>1</Current>	<Length>720</Length>	<Height>900</Height>	<Width>0</Width>	<EstimateCode></EstimateCode></RadiatorSubType>
    <RadiatorSubType><Name>Ideal-Modex 900-10</Name>	<DimensionIndex>8</DimensionIndex>	<Power>2500</Power>	<Surface>0</Surface>	<Volume>4.1</Volume>	<Exponent>1.33</Exponent>	<Current>1</Current>	<Length>800</Length>	<Height>900</Height>	<Width>0</Width>	<EstimateCode></EstimateCode></RadiatorSubType>
    <RadiatorSubType><Name>Ideal-Modex 900-11</Name>	<DimensionIndex>9</DimensionIndex>	<Power>2736</Power>	<Surface>0</Surface>	<Volume>4.51</Volume>	<Exponent>1.33</Exponent>	<Current>1</Current>	<Length>880</Length>	<Height>900</Height>	<Width>0</Width>	<EstimateCode></EstimateCode></RadiatorSubType>
    <RadiatorSubType><Name>Ideal-Modex 900-12</Name>	<DimensionIndex>10</DimensionIndex>	<Power>2969</Power>	<Surface>0</Surface>	<Volume>4.92</Volume>	<Exponent>1.33</Exponent>	<Current>1</Current>	<Length>960</Length>	<Height>900</Height>	<Width>0</Width>	<EstimateCode></EstimateCode></RadiatorSubType>
    <RadiatorSubType><Name>Ideal-Modex 900-13</Name>	<DimensionIndex>11</DimensionIndex>	<Power>3197</Power>	<Surface>0</Surface>	<Volume>5.33</Volume>	<Exponent>1.33</Exponent>	<Current>1</Current>	<Length>1040</Length>	<Height>900</Height>	<Width>0</Width>	<EstimateCode></EstimateCode></RadiatorSubType>
    <RadiatorSubType><Name>Ideal-Modex 900-14</Name>	<DimensionIndex>12</DimensionIndex>	<Power>3421</Power>	<Surface>0</Surface>	<Volume>5.74</Volume>	<Exponent>1.33</Exponent>	<Current>1</Current>	<Length>1120</Length>	<Height>900</Height>	<Width>0</Width>	<EstimateCode></EstimateCode></RadiatorSubType>
    <RadiatorSubType><Name>Ideal-Modex 900-15</Name>	<DimensionIndex>13</DimensionIndex>	<Power>3635</Power>	<Surface>0</Surface>	<Volume>6.15</Volume>	<Exponent>1.33</Exponent>	<Current>1</Current>	<Length>1200</Length>	<Height>900</Height>	<Width>0</Width>	<EstimateCode></EstimateCode></RadiatorSubType>
    <RadiatorSubType><Name>Ideal-Modex 900-16</Name>	<DimensionIndex>14</DimensionIndex>	<Power>3849</Power>	<Surface>0</Surface>	<Volume>6.56</Volume>	<Exponent>1.33</Exponent>	<Current>1</Current>	<Length>1280</Length>	<Height>900</Height>	<Width>0</Width>	<EstimateCode></EstimateCode></RadiatorSubType>
    <RadiatorSubType><Name>Ideal-Modex 900-17</Name>	<DimensionIndex>15</DimensionIndex>	<Power>4051</Power>	<Surface>0</Surface>	<Volume>6.97</Volume>	<Exponent>1.33</Exponent>	<Current>1</Current>	<Length>1360</Length>	<Height>900</Height>	<Width>0</Width>	<EstimateCode></EstimateCode></RadiatorSubType>
    <RadiatorSubType><Name>Ideal-Modex 900-18</Name>	<DimensionIndex>16</DimensionIndex>	<Power>4253</Power>	<Surface>0</Surface>	<Volume>7.38</Volume>	<Exponent>1.33</Exponent>	<Current>1</Current>	<Length>1440</Length>	<Height>900</Height>	<Width>0</Width>	<EstimateCode></EstimateCode></RadiatorSubType>
  </RadiatorMainType>
</WinWattDBRadiator>

</WinWattDB>
