<?xml version="1.0" encoding="ISO-8859-2" ?>
<WinWattDB>

<WinWattDBGlobalMacro>
	<Macro ID="$rad1" Language="hun">laprad.</Macro>
	<Macro ID="$rad1" Language="sky">doskov� rad.</Macro>
	<Macro ID="$rad1" Language="rom">Radiator plan</Macro>
</WinWattDBGlobalMacro>

<WinWattDBRadiator DTLog="Yes">
  <ItemHeader Extinct="yes">
    <Date><Year>1998</Year><Month>8</Month><Day>21</Day></Date>
    <ItemPath>KERMI</ItemPath>
    <ItemName>KERMI PLAN $rad1</ItemName>
    <HomePage></HomePage></ItemHeader>
  <DTOrigin>60</DTOrigin>
  <DimensionArray Type="Height" >
    <DimensionString Value="305" >305</DimensionString>
    <DimensionString Value="405" >405</DimensionString>
    <DimensionString Value="505" >505</DimensionString>
    <DimensionString Value="605" >605</DimensionString>
    <DimensionString Value="905" >905</DimensionString>
  </DimensionArray>
  <DimensionArray Type="Width" >
    <DimensionString Value="48" >10</DimensionString>
    <DimensionString Value="61" >11</DimensionString>
    <DimensionString Value="66" >12</DimensionString>
    <DimensionString Value="102" >22</DimensionString>
    <DimensionString Value="157" >33</DimensionString>
  </DimensionArray>
  <DimensionArray Type="Length" >
    <DimensionString Value="405" >40</DimensionString>
    <DimensionString Value="505" >50</DimensionString>
    <DimensionString Value="605" >60</DimensionString>
    <DimensionString Value="705" >70</DimensionString>
    <DimensionString Value="805" >80</DimensionString>
    <DimensionString Value="905" >90</DimensionString>
    <DimensionString Value="1005" >100</DimensionString>
    <DimensionString Value="1205" >120</DimensionString>
    <DimensionString Value="1405" >140</DimensionString>
    <DimensionString Value="1605" >160</DimensionString>
    <DimensionString Value="1805" >180</DimensionString>
    <DimensionString Value="2005" >200</DimensionString>
    <DimensionString Value="2305" >230</DimensionString>
    <DimensionString Value="2605" >260</DimensionString>
    <DimensionString Value="3005" >300</DimensionString>
  </DimensionArray>
  <RadiatorMainType>	<MainTypeName>KERMI PLAN 10-305-</MainTypeName>	<DimensionIndex>0</DimensionIndex>	<DimensionIndex>0</DimensionIndex>	<kvValue>0</kvValue>		<RadiatorSubTypeMacro From="0" To="14" PowerCorrection="-1.694">								<Name>KERMI PLAN 10-305-{S}</Name>	<Power>369.62</Power>	<Surface>0.7115</Surface>	<Volume>1.8</Volume>	<Exponent>1.24</Exponent>	<EstimateCode></EstimateCode>	</RadiatorSubTypeMacro>	</RadiatorMainType>
  <RadiatorMainType>	<MainTypeName>KERMI PLAN 11-305-</MainTypeName>	<DimensionIndex>0</DimensionIndex>	<DimensionIndex>1</DimensionIndex>	<kvValue>0</kvValue>		<RadiatorSubTypeMacro From="0" To="14" PowerCorrection="-2.798" SurfaceCorrection="-0.01396">					<Name>KERMI PLAN 11-305-{S}</Name>	<Power>636.54</Power>	<Surface>2.331</Surface>	<Volume>1.8</Volume>	<Exponent>1.26</Exponent>	<EstimateCode></EstimateCode>	</RadiatorSubTypeMacro>	</RadiatorMainType>
  <RadiatorMainType>	<MainTypeName>KERMI PLAN 12-305-</MainTypeName>	<DimensionIndex>0</DimensionIndex>	<DimensionIndex>2</DimensionIndex>	<kvValue>0</kvValue>		<RadiatorSubTypeMacro From="0" To="14" PowerCorrection="-4.346" SurfaceCorrection="-0.01004" VolumeCorrection="-0.018">		<Name>KERMI PLAN 12-305-{S}</Name>	<Power>823.08</Power>	<Surface>2.469</Surface>	<Volume>3.6</Volume>	<Exponent>1.27</Exponent>	<EstimateCode></EstimateCode>	</RadiatorSubTypeMacro>	</RadiatorMainType>
  <RadiatorMainType>	<MainTypeName>KERMI PLAN 22-305-</MainTypeName>	<DimensionIndex>0</DimensionIndex>	<DimensionIndex>3</DimensionIndex>	<kvValue>0</kvValue>		<RadiatorSubTypeMacro From="0" To="14" PowerCorrection="-5.208" SurfaceCorrection="-0.01529" VolumeCorrection="-0.018">		<Name>KERMI PLAN 22-305-{S}</Name>	<Power>1133.8</Power>	<Surface>3.519</Surface>	<Volume>3.6</Volume>	<Exponent>1.28</Exponent>	<EstimateCode></EstimateCode>	</RadiatorSubTypeMacro>	</RadiatorMainType>
  <RadiatorMainType>	<MainTypeName>KERMI PLAN 33-305-</MainTypeName>	<DimensionIndex>0</DimensionIndex>	<DimensionIndex>4</DimensionIndex>	<kvValue>0</kvValue>		<RadiatorSubTypeMacro From="0" To="14" PowerCorrection="-8.892" SurfaceCorrection="-0.02183" VolumeCorrection="-0.027">		<Name>KERMI PLAN 33-305-{S}</Name>	<Power>1686.2</Power>	<Surface>5.288</Surface>	<Volume>5.4</Volume>	<Exponent>1.29</Exponent>	<EstimateCode></EstimateCode>	</RadiatorSubTypeMacro>	</RadiatorMainType>
  <RadiatorMainType>	<MainTypeName>KERMI PLAN 10-405-</MainTypeName>	<DimensionIndex>1</DimensionIndex>	<DimensionIndex>0</DimensionIndex>	<kvValue>0</kvValue>		<RadiatorSubTypeMacro From="0" To="14" PowerCorrection="-1.858" VolumeCorrection="-0.01125">					<Name>KERMI PLAN 10-405-{S}</Name>	<Power>463.85</Power>	<Surface>0.9385</Surface>	<Volume>2.25</Volume>	<Exponent>1.24</Exponent>	<EstimateCode></EstimateCode>	</RadiatorSubTypeMacro>	</RadiatorMainType>
  <RadiatorMainType>	<MainTypeName>KERMI PLAN 11-405-</MainTypeName>	<DimensionIndex>1</DimensionIndex>	<DimensionIndex>1</DimensionIndex>	<kvValue>0</kvValue>		<RadiatorSubTypeMacro From="0" To="14" PowerCorrection="-4.106" SurfaceCorrection="-0.01133" VolumeCorrection="-0.01125">	<Name>KERMI PLAN 11-405-{S}</Name>	<Power>790.38</Power>	<Surface>3.188</Surface>	<Volume>2.25</Volume>	<Exponent>1.27</Exponent>	<EstimateCode></EstimateCode>	</RadiatorSubTypeMacro>	</RadiatorMainType>
  <RadiatorMainType>	<MainTypeName>KERMI PLAN 12-405-</MainTypeName>	<DimensionIndex>1</DimensionIndex>	<DimensionIndex>2</DimensionIndex>	<kvValue>0</kvValue>		<RadiatorSubTypeMacro From="0" To="14" PowerCorrection="-5.2" SurfaceCorrection="-0.01208" VolumeCorrection="-0.0225">		<Name>KERMI PLAN 12-405-{S}</Name>	<Power>1040</Power>	<Surface>3.338</Surface>	<Volume>4.5</Volume>	<Exponent>1.27</Exponent>	<EstimateCode></EstimateCode>	</RadiatorSubTypeMacro>	</RadiatorMainType>
  <RadiatorMainType>	<MainTypeName>KERMI PLAN 22-405-</MainTypeName>	<DimensionIndex>1</DimensionIndex>	<DimensionIndex>3</DimensionIndex>	<kvValue>0</kvValue>		<RadiatorSubTypeMacro From="0" To="14" PowerCorrection="-7.085" SurfaceCorrection="-0.02179" VolumeCorrection="-0.0225">	<Name>KERMI PLAN 22-405-{S}</Name>	<Power>1432.3</Power>	<Surface>4.819</Surface>	<Volume>4.5</Volume>	<Exponent>1.29</Exponent>	<EstimateCode></EstimateCode>	</RadiatorSubTypeMacro>	</RadiatorMainType>
  <RadiatorMainType>	<MainTypeName>KERMI PLAN 33-405-</MainTypeName>	<DimensionIndex>1</DimensionIndex>	<DimensionIndex>4</DimensionIndex>	<kvValue>0</kvValue>		<RadiatorSubTypeMacro From="0" To="14" PowerCorrection="-10.25" SurfaceCorrection="-0.03846" VolumeCorrection="-0.03375">	<Name>KERMI PLAN 33-405-{S}</Name>	<Power>2126.5</Power>	<Surface>7.231</Surface>	<Volume>6.75</Volume>	<Exponent>1.29</Exponent>	<EstimateCode></EstimateCode>	</RadiatorSubTypeMacro>	</RadiatorMainType>
  <RadiatorMainType>	<MainTypeName>KERMI PLAN 10-505-</MainTypeName>	<DimensionIndex>2</DimensionIndex>	<DimensionIndex>0</DimensionIndex>	<kvValue>0</kvValue>		<RadiatorSubTypeMacro From="0" To="14" PowerCorrection="-2.398" VolumeCorrection="-0.0135">					<Name>KERMI PLAN 10-505-{S}</Name>	<Power>556.54</Power>	<Surface>1.169</Surface>	<Volume>2.7</Volume>	<Exponent>1.24</Exponent>	<EstimateCode></EstimateCode>	</RadiatorSubTypeMacro>	</RadiatorMainType>
  <RadiatorMainType>	<MainTypeName>KERMI PLAN 11-505-</MainTypeName>	<DimensionIndex>2</DimensionIndex>	<DimensionIndex>1</DimensionIndex>	<kvValue>0</kvValue>		<RadiatorSubTypeMacro From="0" To="14" PowerCorrection="-4.569" SurfaceCorrection="-0.02492" VolumeCorrection="-0.0135">	<Name>KERMI PLAN 11-505-{S}</Name>	<Power>944.62</Power>	<Surface>4.062</Surface>	<Volume>2.7</Volume>	<Exponent>1.28</Exponent>	<EstimateCode></EstimateCode>	</RadiatorSubTypeMacro>	</RadiatorMainType>
  <RadiatorMainType>	<MainTypeName>KERMI PLAN 12-505-</MainTypeName>	<DimensionIndex>2</DimensionIndex>	<DimensionIndex>2</DimensionIndex>	<kvValue>0</kvValue>		<RadiatorSubTypeMacro From="0" To="14" PowerCorrection="-5.652" SurfaceCorrection="-0.01879" VolumeCorrection="-0.027">		<Name>KERMI PLAN 12-505-{S}</Name>	<Power>1253.5</Power>	<Surface>4.219</Surface>	<Volume>5.4</Volume>	<Exponent>1.29</Exponent>	<EstimateCode></EstimateCode>	</RadiatorSubTypeMacro>	</RadiatorMainType>
  <RadiatorMainType>	<MainTypeName>KERMI PLAN 22-505-</MainTypeName>	<DimensionIndex>2</DimensionIndex>	<DimensionIndex>3</DimensionIndex>	<kvValue>0</kvValue>		<RadiatorSubTypeMacro From="0" To="14" PowerCorrection="-9.133" SurfaceCorrection="-0.02829" VolumeCorrection="-0.027">		<Name>KERMI PLAN 22-505-{S}</Name>	<Power>1718.8</Power>	<Surface>6.119</Surface>	<Volume>5.4</Volume>	<Exponent>1.3</Exponent>	<EstimateCode></EstimateCode>	</RadiatorSubTypeMacro>	</RadiatorMainType>
  <RadiatorMainType>	<MainTypeName>KERMI PLAN 33-505-</MainTypeName>	<DimensionIndex>2</DimensionIndex>	<DimensionIndex>4</DimensionIndex>	<kvValue>0</kvValue>		<RadiatorSubTypeMacro From="0" To="14" PowerCorrection="-12.75" SurfaceCorrection="-0.04821" VolumeCorrection="-0.0405">	<Name>KERMI PLAN 33-505-{S}</Name>	<Power>2550</Power>	<Surface>9.181</Surface>	<Volume>8.1</Volume>	<Exponent>1.3</Exponent>	<EstimateCode></EstimateCode>	</RadiatorSubTypeMacro>	</RadiatorMainType>
  <RadiatorMainType>	<MainTypeName>KERMI PLAN 10-605-</MainTypeName>	<DimensionIndex>3</DimensionIndex>	<DimensionIndex>0</DimensionIndex>	<kvValue>0</kvValue>		<RadiatorSubTypeMacro From="0" To="14" PowerCorrection="-3.562" VolumeCorrection="-0.01575">					<Name>KERMI PLAN 10-605-{S}</Name>	<Power>650.77</Power>	<Surface>1.388</Surface>	<Volume>3.15</Volume>	<Exponent>1.24</Exponent>	<EstimateCode></EstimateCode>	</RadiatorSubTypeMacro>	</RadiatorMainType>
  <RadiatorMainType>	<MainTypeName>KERMI PLAN 11-605-</MainTypeName>	<DimensionIndex>3</DimensionIndex>	<DimensionIndex>1</DimensionIndex>	<kvValue>0</kvValue>		<RadiatorSubTypeMacro From="0" To="14" PowerCorrection="-5.188" SurfaceCorrection="-0.02229" VolumeCorrection="-0.01575">	<Name>KERMI PLAN 11-605-{S}</Name>	<Power>1099.2</Power>	<Surface>4.919</Surface>	<Volume>3.15</Volume>	<Exponent>1.29</Exponent>	<EstimateCode></EstimateCode>	</RadiatorSubTypeMacro>	</RadiatorMainType>
  <RadiatorMainType>	<MainTypeName>KERMI PLAN 12-605-</MainTypeName>	<DimensionIndex>3</DimensionIndex>	<DimensionIndex>2</DimensionIndex>	<kvValue>0</kvValue>		<RadiatorSubTypeMacro From="0" To="14" PowerCorrection="-7.365" SurfaceCorrection="-0.0255" VolumeCorrection="-0.0315">		<Name>KERMI PLAN 12-605-{S}</Name>	<Power>1457.7</Power>	<Surface>5.1</Surface>		<Volume>6.3</Volume>	<Exponent>1.29</Exponent>	<EstimateCode></EstimateCode>	</RadiatorSubTypeMacro>	</RadiatorMainType>
  <RadiatorMainType>	<MainTypeName>KERMI PLAN 22-605-</MainTypeName>	<DimensionIndex>3</DimensionIndex>	<DimensionIndex>3</DimensionIndex>	<kvValue>0</kvValue>		<RadiatorSubTypeMacro From="0" To="14" PowerCorrection="-10.51" SurfaceCorrection="-0.03479" VolumeCorrection="-0.0315">	<Name>KERMI PLAN 22-605-{S}</Name>	<Power>1993.8</Power>	<Surface>7.419</Surface>	<Volume>6.3</Volume>	<Exponent>1.3</Exponent>	<EstimateCode></EstimateCode>	</RadiatorSubTypeMacro>	</RadiatorMainType>
  <RadiatorMainType>	<MainTypeName>KERMI PLAN 33-605-</MainTypeName>	<DimensionIndex>3</DimensionIndex>	<DimensionIndex>4</DimensionIndex>	<kvValue>0</kvValue>		<RadiatorSubTypeMacro From="0" To="14" PowerCorrection="-14.71" SurfaceCorrection="-0.05796" VolumeCorrection="-0.04725">	<Name>KERMI PLAN 33-605-{S}</Name>	<Power>2957.3</Power>	<Surface>11.13</Surface>	<Volume>9.45</Volume>	<Exponent>1.31</Exponent>	<EstimateCode></EstimateCode>	</RadiatorSubTypeMacro>	</RadiatorMainType>
  <RadiatorMainType>	<MainTypeName>KERMI PLAN 10-905-</MainTypeName>	<DimensionIndex>4</DimensionIndex>	<DimensionIndex>0</DimensionIndex>	<kvValue>0</kvValue>		<RadiatorSubTypeMacro From="0" To="14" PowerCorrection="-4.288" SurfaceCorrection="-0.01271" VolumeCorrection="-0.0225">	<Name>KERMI PLAN 10-905-{S}</Name>	<Power>919.23</Power>	<Surface>2.081</Surface>	<Volume>4.5</Volume>	<Exponent>1.25</Exponent>	<EstimateCode></EstimateCode>	</RadiatorSubTypeMacro>	</RadiatorMainType>
  <RadiatorMainType>	<MainTypeName>KERMI PLAN 11-905-</MainTypeName>	<DimensionIndex>4</DimensionIndex>	<DimensionIndex>1</DimensionIndex>	<kvValue>0</kvValue>		<RadiatorSubTypeMacro From="0" To="14" PowerCorrection="-7.513" SurfaceCorrection="-0.03996" VolumeCorrection="-0.0225">	<Name>KERMI PLAN 11-905-{S}</Name>	<Power>1564.2</Power>	<Surface>7.531</Surface>	<Volume>4.5</Volume>	<Exponent>1.31</Exponent>	<EstimateCode></EstimateCode>	</RadiatorSubTypeMacro>	</RadiatorMainType>
  <RadiatorMainType>	<MainTypeName>KERMI PLAN 12-905-</MainTypeName>	<DimensionIndex>4</DimensionIndex>	<DimensionIndex>2</DimensionIndex>	<kvValue>0</kvValue>		<RadiatorSubTypeMacro From="0" To="14" PowerCorrection="-9.567" SurfaceCorrection="-0.04096" VolumeCorrection="-0.045">		<Name>KERMI PLAN 12-905-{S}</Name>	<Power>2021.2</Power>	<Surface>7.731</Surface>	<Volume>9</Volume>	<Exponent>1.31</Exponent>	<EstimateCode></EstimateCode>	</RadiatorSubTypeMacro>	</RadiatorMainType>
  <RadiatorMainType>	<MainTypeName>KERMI PLAN 22-905-</MainTypeName>	<DimensionIndex>4</DimensionIndex>	<DimensionIndex>3</DimensionIndex>	<kvValue>0</kvValue>		<RadiatorSubTypeMacro From="0" To="14" PowerCorrection="-13.37" SurfaceCorrection="-0.0565" VolumeCorrection="-0.045">		<Name>KERMI PLAN 22-905-{S}</Name>	<Power>2751.5</Power>	<Surface>11.3</Surface>		<Volume>9</Volume>	<Exponent>1.31</Exponent>	<EstimateCode></EstimateCode>	</RadiatorSubTypeMacro>	</RadiatorMainType>
  <RadiatorMainType>	<MainTypeName>KERMI PLAN 33-905-</MainTypeName>	<DimensionIndex>4</DimensionIndex>	<DimensionIndex>4</DimensionIndex>	<kvValue>0</kvValue>		<RadiatorSubTypeMacro From="0" To="14" PowerCorrection="-19.63" SurfaceCorrection="-0.08942" VolumeCorrection="-0.0675">	<Name>KERMI PLAN 33-905-{S}</Name>	<Power>4048.5</Power>	<Surface>16.96</Surface>	<Volume>13.5</Volume>	<Exponent>1.33</Exponent>	<EstimateCode></EstimateCode>	</RadiatorSubTypeMacro>	</RadiatorMainType>
</WinWattDBRadiator>


<WinWattDBRadiator DTLog="Yes">
  <ItemHeader Extinct="yes">
    <Date><Year>1998</Year><Month>8</Month><Day>21</Day></Date>
    <ItemPath>KERMI</ItemPath>
    <ItemName>KERMI Profil $rad1</ItemName>
    <HomePage></HomePage></ItemHeader>
  <DTOrigin>60</DTOrigin>
  <DimensionArray Type="Height" >
    <DimensionString Value="305" >300</DimensionString>
    <DimensionString Value="405" >400</DimensionString>
    <DimensionString Value="505" >500</DimensionString>
    <DimensionString Value="605" >600</DimensionString>
    <DimensionString Value="905" >900</DimensionString>
  </DimensionArray>
  <DimensionArray Type="Width" >
    <DimensionString Value="46" >10</DimensionString>
    <DimensionString Value="59" >11</DimensionString>
    <DimensionString Value="64" >12</DimensionString>
    <DimensionString Value="100" >22</DimensionString>
    <DimensionString Value="155" >33</DimensionString>
  </DimensionArray>
  <DimensionArray Type="Length" >
    <DimensionString Value="400" >40</DimensionString>
    <DimensionString Value="500" >50</DimensionString>
    <DimensionString Value="600" >60</DimensionString>
    <DimensionString Value="700" >70</DimensionString>
    <DimensionString Value="800" >80</DimensionString>
    <DimensionString Value="900" >90</DimensionString>
    <DimensionString Value="1000" >100</DimensionString>
    <DimensionString Value="1200" >120</DimensionString>
    <DimensionString Value="1400" >140</DimensionString>
    <DimensionString Value="1600" >160</DimensionString>
    <DimensionString Value="1800" >180</DimensionString>
    <DimensionString Value="2000" >200</DimensionString>
    <DimensionString Value="2300" >230</DimensionString>
    <DimensionString Value="2600" >260</DimensionString>
    <DimensionString Value="3000" >300</DimensionString>
  </DimensionArray>
  <RadiatorMainType>	<MainTypeName>KERMI Profil 10-300-</MainTypeName>	<DimensionIndex>0</DimensionIndex>	<DimensionIndex>0</DimensionIndex>	<kvValue>0</kvValue>		<RadiatorSubTypeMacro From="0" To="14">	<Name>KERMI Profil 10-300-{S}</Name>	<Power>416.92</Power>	<Surface>0.7115</Surface>	<Volume>1.8</Volume>	<Exponent>1.25</Exponent>	<EstimateCode></EstimateCode>	</RadiatorSubTypeMacro>	</RadiatorMainType>
  <RadiatorMainType>	<MainTypeName>KERMI Profil 11-300-</MainTypeName>	<DimensionIndex>0</DimensionIndex>	<DimensionIndex>1</DimensionIndex>	<kvValue>0</kvValue>		<RadiatorSubTypeMacro From="0" To="14">	<Name>KERMI Profil 11-300-{S}</Name>	<Power>700.77</Power>	<Surface>2.319</Surface>	<Volume>1.8</Volume>	<Exponent>1.25</Exponent>	<EstimateCode></EstimateCode>	</RadiatorSubTypeMacro>	</RadiatorMainType>
  <RadiatorMainType>	<MainTypeName>KERMI Profil 12-300-</MainTypeName>	<DimensionIndex>0</DimensionIndex>	<DimensionIndex>2</DimensionIndex>	<kvValue>0</kvValue>		<RadiatorSubTypeMacro From="0" To="14">	<Name>KERMI Profil 12-300-{S}</Name>	<Power>882.69</Power>	<Surface>2.462</Surface>	<Volume>3.6</Volume>	<Exponent>1.28</Exponent>	<EstimateCode></EstimateCode>	</RadiatorSubTypeMacro>	</RadiatorMainType>
  <RadiatorMainType>	<MainTypeName>KERMI Profil 22-300-</MainTypeName>	<DimensionIndex>0</DimensionIndex>	<DimensionIndex>3</DimensionIndex>	<kvValue>0</kvValue>		<RadiatorSubTypeMacro From="0" To="14">	<Name>KERMI Profil 22-300-{S}</Name>	<Power>1214.2</Power>	<Surface>3.519</Surface>	<Volume>3.6</Volume>	<Exponent>1.26</Exponent>	<EstimateCode></EstimateCode>	</RadiatorSubTypeMacro>	</RadiatorMainType>
  <RadiatorMainType>	<MainTypeName>KERMI Profil 33-300-</MainTypeName>	<DimensionIndex>0</DimensionIndex>	<DimensionIndex>4</DimensionIndex>	<kvValue>0</kvValue>		<RadiatorSubTypeMacro From="0" To="14">	<Name>KERMI Profil 33-300-{S}</Name>	<Power>1763.1</Power>	<Surface>5.288</Surface>	<Volume>5.4</Volume>	<Exponent>1.3</Exponent>	<EstimateCode></EstimateCode>	</RadiatorSubTypeMacro>	</RadiatorMainType>
  <RadiatorMainType>	<MainTypeName>KERMI Profil 10-400-</MainTypeName>	<DimensionIndex>1</DimensionIndex>	<DimensionIndex>0</DimensionIndex>	<kvValue>0</kvValue>		<RadiatorSubTypeMacro From="0" To="14">	<Name>KERMI Profil 10-400-{S}</Name>	<Power>531.15</Power>	<Surface>0.95</Surface>		<Volume>2.25</Volume>	<Exponent>1.25</Exponent>	<EstimateCode></EstimateCode>	</RadiatorSubTypeMacro>	</RadiatorMainType>
  <RadiatorMainType>	<MainTypeName>KERMI Profil 11-400-</MainTypeName>	<DimensionIndex>1</DimensionIndex>	<DimensionIndex>1</DimensionIndex>	<kvValue>0</kvValue>		<RadiatorSubTypeMacro From="0" To="14">	<Name>KERMI Profil 11-400-{S}</Name>	<Power>891.54</Power>	<Surface>3.188</Surface>	<Volume>2.25</Volume>	<Exponent>1.25</Exponent>	<EstimateCode></EstimateCode>	</RadiatorSubTypeMacro>	</RadiatorMainType>
  <RadiatorMainType>	<MainTypeName>KERMI Profil 12-400-</MainTypeName>	<DimensionIndex>1</DimensionIndex>	<DimensionIndex>2</DimensionIndex>	<kvValue>0</kvValue>		<RadiatorSubTypeMacro From="0" To="14">	<Name>KERMI Profil 12-400-{S}</Name>	<Power>1122.3</Power>	<Surface>3.338</Surface>	<Volume>4.5</Volume>	<Exponent>1.29</Exponent>	<EstimateCode></EstimateCode>	</RadiatorSubTypeMacro>	</RadiatorMainType>
  <RadiatorMainType>	<MainTypeName>KERMI Profil 22-400-</MainTypeName>	<DimensionIndex>1</DimensionIndex>	<DimensionIndex>3</DimensionIndex>	<kvValue>0</kvValue>		<RadiatorSubTypeMacro From="0" To="14">	<Name>KERMI Profil 22-400-{S}</Name>	<Power>1527.7</Power>	<Surface>4.819</Surface>	<Volume>4.5</Volume>	<Exponent>1.27</Exponent>	<EstimateCode></EstimateCode>	</RadiatorSubTypeMacro>	</RadiatorMainType>
  <RadiatorMainType>	<MainTypeName>KERMI Profil 33-400-</MainTypeName>	<DimensionIndex>1</DimensionIndex>	<DimensionIndex>4</DimensionIndex>	<kvValue>0</kvValue>		<RadiatorSubTypeMacro From="0" To="14">	<Name>KERMI Profil 33-400-{S}</Name>	<Power>2220.8</Power>	<Surface>7.231</Surface>	<Volume>6.75</Volume>	<Exponent>1.31</Exponent>	<EstimateCode></EstimateCode>	</RadiatorSubTypeMacro>	</RadiatorMainType>
  <RadiatorMainType>	<MainTypeName>KERMI Profil 10-500-</MainTypeName>	<DimensionIndex>2</DimensionIndex>	<DimensionIndex>0</DimensionIndex>	<kvValue>0</kvValue>		<RadiatorSubTypeMacro From="0" To="14">	<Name>KERMI Profil 10-500-{S}</Name>	<Power>646.54</Power>	<Surface>1.169</Surface>	<Volume>2.7</Volume>	<Exponent>1.26</Exponent>	<EstimateCode></EstimateCode>	</RadiatorSubTypeMacro>	</RadiatorMainType>
  <RadiatorMainType>	<MainTypeName>KERMI Profil 11-500-</MainTypeName>	<DimensionIndex>2</DimensionIndex>	<DimensionIndex>1</DimensionIndex>	<kvValue>0</kvValue>		<RadiatorSubTypeMacro From="0" To="14">	<Name>KERMI Profil 11-500-{S}</Name>	<Power>1079.6</Power>	<Surface>4.062</Surface>	<Volume>2.7</Volume>	<Exponent>1.26</Exponent>	<EstimateCode></EstimateCode>	</RadiatorSubTypeMacro>	</RadiatorMainType>
  <RadiatorMainType>	<MainTypeName>KERMI Profil 12-500-</MainTypeName>	<DimensionIndex>2</DimensionIndex>	<DimensionIndex>2</DimensionIndex>	<kvValue>0</kvValue>		<RadiatorSubTypeMacro From="0" To="14">	<Name>KERMI Profil 12-500-{S}</Name>	<Power>1355</Power>	<Surface>4.219</Surface>	<Volume>5.4</Volume>	<Exponent>1.3</Exponent>	<EstimateCode></EstimateCode>	</RadiatorSubTypeMacro>	</RadiatorMainType>
  <RadiatorMainType>	<MainTypeName>KERMI Profil 22-500-</MainTypeName>	<DimensionIndex>2</DimensionIndex>	<DimensionIndex>3</DimensionIndex>	<kvValue>0</kvValue>		<RadiatorSubTypeMacro From="0" To="14">	<Name>KERMI Profil 22-500-{S}</Name>	<Power>1837.3</Power>	<Surface>6.119</Surface>	<Volume>5.4</Volume>	<Exponent>1.28</Exponent>	<EstimateCode></EstimateCode>	</RadiatorSubTypeMacro>	</RadiatorMainType>
  <RadiatorMainType>	<MainTypeName>KERMI Profil 33-500-</MainTypeName>	<DimensionIndex>2</DimensionIndex>	<DimensionIndex>4</DimensionIndex>	<kvValue>0</kvValue>		<RadiatorSubTypeMacro From="0" To="14">	<Name>KERMI Profil 33-500-{S}</Name>	<Power>2662.7</Power>	<Surface>9.181</Surface>	<Volume>8.1</Volume>	<Exponent>1.32</Exponent>	<EstimateCode></EstimateCode>	</RadiatorSubTypeMacro>	</RadiatorMainType>
  <RadiatorMainType>	<MainTypeName>KERMI Profil 10-600-</MainTypeName>	<DimensionIndex>3</DimensionIndex>	<DimensionIndex>0</DimensionIndex>	<kvValue>0</kvValue>		<RadiatorSubTypeMacro From="0" To="14">	<Name>KERMI Profil 10-600-{S}</Name>	<Power>765</Power>	<Surface>1.388</Surface>	<Volume>3.15</Volume>	<Exponent>1.26</Exponent>	<EstimateCode></EstimateCode>	</RadiatorSubTypeMacro>	</RadiatorMainType>
  <RadiatorMainType>	<MainTypeName>KERMI Profil 11-600-</MainTypeName>	<DimensionIndex>3</DimensionIndex>	<DimensionIndex>1</DimensionIndex>	<kvValue>0</kvValue>		<RadiatorSubTypeMacro From="0" To="14">	<Name>KERMI Profil 11-600-{S}</Name>	<Power>1266.9</Power>	<Surface>4.919</Surface>	<Volume>3.15</Volume>	<Exponent>1.27</Exponent>	<EstimateCode></EstimateCode>	</RadiatorSubTypeMacro>	</RadiatorMainType>
  <RadiatorMainType>	<MainTypeName>KERMI Profil 12-600-</MainTypeName>	<DimensionIndex>3</DimensionIndex>	<DimensionIndex>2</DimensionIndex>	<kvValue>0</kvValue>		<RadiatorSubTypeMacro From="0" To="14">	<Name>KERMI Profil 12-600-{S}</Name>	<Power>1578.1</Power>	<Surface>5.1</Surface>		<Volume>6.3</Volume>	<Exponent>1.3</Exponent>	<EstimateCode></EstimateCode>	</RadiatorSubTypeMacro>	</RadiatorMainType>
  <RadiatorMainType>	<MainTypeName>KERMI Profil 22-600-</MainTypeName>	<DimensionIndex>3</DimensionIndex>	<DimensionIndex>3</DimensionIndex>	<kvValue>0</kvValue>		<RadiatorSubTypeMacro From="0" To="14">	<Name>KERMI Profil 22-600-{S}</Name>	<Power>2140.8</Power>	<Surface>7.419</Surface>	<Volume>6.3</Volume>	<Exponent>1.29</Exponent>	<EstimateCode></EstimateCode>	</RadiatorSubTypeMacro>	</RadiatorMainType>
  <RadiatorMainType>	<MainTypeName>KERMI Profil 33-600-</MainTypeName>	<DimensionIndex>3</DimensionIndex>	<DimensionIndex>4</DimensionIndex>	<kvValue>0</kvValue>		<RadiatorSubTypeMacro From="0" To="14">	<Name>KERMI Profil 33-600-{S}</Name>	<Power>3085.4</Power>	<Surface>11.13</Surface>	<Volume>9.45</Volume>	<Exponent>1.33</Exponent>	<EstimateCode></EstimateCode>	</RadiatorSubTypeMacro>	</RadiatorMainType>
  <RadiatorMainType>	<MainTypeName>KERMI Profil 10-900-</MainTypeName>	<DimensionIndex>4</DimensionIndex>	<DimensionIndex>0</DimensionIndex>	<kvValue>0</kvValue>		<RadiatorSubTypeMacro From="0" To="14">	<Name>KERMI Profil 10-900-{S}</Name>	<Power>1127.7</Power>	<Surface>2.081</Surface>	<Volume>4.5</Volume>	<Exponent>1.28</Exponent>	<EstimateCode></EstimateCode>	</RadiatorSubTypeMacro>	</RadiatorMainType>
  <RadiatorMainType>	<MainTypeName>KERMI Profil 11-900-</MainTypeName>	<DimensionIndex>4</DimensionIndex>	<DimensionIndex>1</DimensionIndex>	<kvValue>0</kvValue>		<RadiatorSubTypeMacro From="0" To="14">	<Name>KERMI Profil 11-900-{S}</Name>	<Power>1825.8</Power>	<Surface>7.531</Surface>	<Volume>4.5</Volume>	<Exponent>1.29</Exponent>	<EstimateCode></EstimateCode>	</RadiatorSubTypeMacro>	</RadiatorMainType>
  <RadiatorMainType>	<MainTypeName>KERMI Profil 12-900-</MainTypeName>	<DimensionIndex>4</DimensionIndex>	<DimensionIndex>2</DimensionIndex>	<kvValue>0</kvValue>		<RadiatorSubTypeMacro From="0" To="14">	<Name>KERMI Profil 12-900-{S}</Name>	<Power>2196.9</Power>	<Surface>7.731</Surface>	<Volume>9</Volume>	<Exponent>1.33</Exponent>	<EstimateCode></EstimateCode>	</RadiatorSubTypeMacro>	</RadiatorMainType>
  <RadiatorMainType>	<MainTypeName>KERMI Profil 22-900-</MainTypeName>	<DimensionIndex>4</DimensionIndex>	<DimensionIndex>3</DimensionIndex>	<kvValue>0</kvValue>		<RadiatorSubTypeMacro From="0" To="14">	<Name>KERMI Profil 22-900-{S}</Name>	<Power>3012.7</Power>	<Surface>11.3</Surface>		<Volume>9</Volume>	<Exponent>1.33</Exponent>	<EstimateCode></EstimateCode>	</RadiatorSubTypeMacro>	</RadiatorMainType>
  <RadiatorMainType>	<MainTypeName>KERMI Profil 33-900-</MainTypeName>	<DimensionIndex>4</DimensionIndex>	<DimensionIndex>4</DimensionIndex>	<kvValue>0</kvValue>		<RadiatorSubTypeMacro From="0" To="14">	<Name>KERMI Profil 33-900-{S}</Name>	<Power>4215.8</Power>	<Surface>16.96</Surface>	<Volume>13.5</Volume>	<Exponent>1.34</Exponent>	<EstimateCode></EstimateCode>	</RadiatorSubTypeMacro>	</RadiatorMainType>
</WinWattDBRadiator>


<WinWattDBRadiator DTLog="Yes">
  <ItemHeader Extinct="yes">
    <Date><Year>1998</Year><Month>8</Month><Day>21</Day></Date>
    <ItemPath>KERMI</ItemPath>
    <ItemName>PLAN-Hygiene</ItemName>
    <HomePage></HomePage></ItemHeader>
  <DTOrigin>60</DTOrigin>
  <DimensionArray Type="Height" >
    <DimensionString Value="305" >305</DimensionString>
    <DimensionString Value="405" >405</DimensionString>
    <DimensionString Value="505" >505</DimensionString>
    <DimensionString Value="605" >605</DimensionString>
    <DimensionString Value="905" >905</DimensionString>
  </DimensionArray>
  <DimensionArray Type="Width" >
    <DimensionString Value="48" >10</DimensionString>
    <DimensionString Value="102" >20</DimensionString>
    <DimensionString Value="157" >30</DimensionString>
  </DimensionArray>
  <DimensionArray Type="Length" >
    <DimensionString Value="405" >40</DimensionString>
    <DimensionString Value="505" >50</DimensionString>
    <DimensionString Value="605" >60</DimensionString>
    <DimensionString Value="705" >70</DimensionString>
    <DimensionString Value="805" >80</DimensionString>
    <DimensionString Value="905" >90</DimensionString>
    <DimensionString Value="1005" >100</DimensionString>
    <DimensionString Value="1205" >120</DimensionString>
    <DimensionString Value="1405" >140</DimensionString>
    <DimensionString Value="1605" >160</DimensionString>
    <DimensionString Value="1805" >180</DimensionString>
    <DimensionString Value="2005" >200</DimensionString>
    <DimensionString Value="2305" >230</DimensionString>
    <DimensionString Value="2605" >260</DimensionString>
    <DimensionString Value="3005" >300</DimensionString>
  </DimensionArray>
  <RadiatorMainType>	<MainTypeName>KERMI PLAN-Hygiene 10-305-</MainTypeName>	<DimensionIndex>0</DimensionIndex>	<DimensionIndex>0</DimensionIndex>	<kvValue>0</kvValue>		<RadiatorSubTypeMacro From="0" To="14" PowerCorrection="-1.694">								<Name>KERMI PLAN-Hygiene 10-305-{S}</Name>	<Power>369.62</Power>	<Surface>0.7115</Surface>	<Volume>1.8</Volume>	<Exponent>1.24</Exponent>	<EstimateCode></EstimateCode>	</RadiatorSubTypeMacro>	</RadiatorMainType>
  <RadiatorMainType>	<MainTypeName>KERMI PLAN-Hygiene 20-305-</MainTypeName>	<DimensionIndex>0</DimensionIndex>	<DimensionIndex>1</DimensionIndex>	<kvValue>0</kvValue>		<RadiatorSubTypeMacro From="0" To="14" PowerCorrection="-3.063" VolumeCorrection="-0.018">					<Name>KERMI PLAN-Hygiene 20-305-{S}</Name>	<Power>674.23</Power>	<Surface>1.431</Surface>	<Volume>3.6</Volume>	<Exponent>1.27</Exponent>	<EstimateCode></EstimateCode>	</RadiatorSubTypeMacro>	</RadiatorMainType>
  <RadiatorMainType>	<MainTypeName>KERMI PLAN-Hygiene 30-305-</MainTypeName>	<DimensionIndex>0</DimensionIndex>	<DimensionIndex>2</DimensionIndex>	<kvValue>0</kvValue>		<RadiatorSubTypeMacro From="0" To="14" PowerCorrection="-4.373" VolumeCorrection="-0.027">					<Name>KERMI PLAN-Hygiene 30-305-{S}</Name>	<Power>951.54</Power>	<Surface>2.138</Surface>	<Volume>5.4</Volume>	<Exponent>1.27</Exponent>	<EstimateCode></EstimateCode>	</RadiatorSubTypeMacro>	</RadiatorMainType>
  <RadiatorMainType>	<MainTypeName>KERMI PLAN-Hygiene 10-405-</MainTypeName>	<DimensionIndex>1</DimensionIndex>	<DimensionIndex>0</DimensionIndex>	<kvValue>0</kvValue>		<RadiatorSubTypeMacro From="0" To="14" PowerCorrection="-1.858">								<Name>KERMI PLAN-Hygiene 10-405-{S}</Name>	<Power>463.85</Power>	<Surface>0.95</Surface>		<Volume>2.238</Volume>	<Exponent>1.24</Exponent>	<EstimateCode></EstimateCode>	</RadiatorSubTypeMacro>	</RadiatorMainType>
  <RadiatorMainType>	<MainTypeName>KERMI PLAN-Hygiene 20-405-</MainTypeName>	<DimensionIndex>1</DimensionIndex>	<DimensionIndex>1</DimensionIndex>	<kvValue>0</kvValue>		<RadiatorSubTypeMacro From="0" To="14" PowerCorrection="-3.838" SurfaceCorrection="-0.01196" VolumeCorrection="-0.0225">	<Name>KERMI PLAN-Hygiene 20-405-{S}</Name>	<Power>829.23</Power>	<Surface>1.931</Surface>	<Volume>4.5</Volume>	<Exponent>1.27</Exponent>	<EstimateCode></EstimateCode>	</RadiatorSubTypeMacro>	</RadiatorMainType>
  <RadiatorMainType>	<MainTypeName>KERMI PLAN-Hygiene 30-405-</MainTypeName>	<DimensionIndex>1</DimensionIndex>	<DimensionIndex>2</DimensionIndex>	<kvValue>0</kvValue>		<RadiatorSubTypeMacro From="0" To="14" PowerCorrection="-6.277" VolumeCorrection="-0.03375">					<Name>KERMI PLAN-Hygiene 30-405-{S}</Name>	<Power>1178.5</Power>	<Surface>2.888</Surface>	<Volume>6.75</Volume>	<Exponent>1.28</Exponent>	<EstimateCode></EstimateCode>	</RadiatorSubTypeMacro>	</RadiatorMainType>
  <RadiatorMainType>	<MainTypeName>KERMI PLAN-Hygiene 10-505-</MainTypeName>	<DimensionIndex>2</DimensionIndex>	<DimensionIndex>0</DimensionIndex>	<kvValue>0</kvValue>		<RadiatorSubTypeMacro From="0" To="14" PowerCorrection="-2.398" VolumeCorrection="-0.0135">					<Name>KERMI PLAN-Hygiene 10-505-{S}</Name>	<Power>556.54</Power>	<Surface>1.169</Surface>	<Volume>2.7</Volume>	<Exponent>1.24</Exponent>	<EstimateCode></EstimateCode>	</RadiatorSubTypeMacro>	</RadiatorMainType>
  <RadiatorMainType>	<MainTypeName>KERMI PLAN-Hygiene 20-505-</MainTypeName>	<DimensionIndex>2</DimensionIndex>	<DimensionIndex>1</DimensionIndex>	<kvValue>0</kvValue>		<RadiatorSubTypeMacro From="0" To="14" PowerCorrection="-4.392" SurfaceCorrection="-0.01175" VolumeCorrection="-0.027">		<Name>KERMI PLAN-Hygiene 20-505-{S}</Name>	<Power>986.15</Power>	<Surface>2.35</Surface>		<Volume>5.4</Volume>	<Exponent>1.28</Exponent>	<EstimateCode></EstimateCode>	</RadiatorSubTypeMacro>	</RadiatorMainType>
  <RadiatorMainType>	<MainTypeName>KERMI PLAN-Hygiene 30-505-</MainTypeName>	<DimensionIndex>2</DimensionIndex>	<DimensionIndex>2</DimensionIndex>	<kvValue>0</kvValue>		<RadiatorSubTypeMacro From="0" To="14" PowerCorrection="-7.337" SurfaceCorrection="-0.02217" VolumeCorrection="-0.0405">	<Name>KERMI PLAN-Hygiene 30-505-{S}</Name>	<Power>1405.8</Power>	<Surface>3.512</Surface>	<Volume>8.1</Volume>	<Exponent>1.29</Exponent>	<EstimateCode></EstimateCode>	</RadiatorSubTypeMacro>	</RadiatorMainType>
  <RadiatorMainType>	<MainTypeName>KERMI PLAN-Hygiene 10-605-</MainTypeName>	<DimensionIndex>3</DimensionIndex>	<DimensionIndex>0</DimensionIndex>	<kvValue>0</kvValue>		<RadiatorSubTypeMacro From="0" To="14" PowerCorrection="-3.562" VolumeCorrection="-0.01575">					<Name>KERMI PLAN-Hygiene 10-605-{S}</Name>	<Power>650.77</Power>	<Surface>1.388</Surface>	<Volume>3.15</Volume>	<Exponent>1.24</Exponent>	<EstimateCode></EstimateCode>	</RadiatorSubTypeMacro>	</RadiatorMainType>
  <RadiatorMainType>	<MainTypeName>KERMI PLAN-Hygiene 20-605-</MainTypeName>	<DimensionIndex>3</DimensionIndex>	<DimensionIndex>1</DimensionIndex>	<kvValue>0</kvValue>		<RadiatorSubTypeMacro From="0" To="14" PowerCorrection="-5.881" SurfaceCorrection="-0.01621" VolumeCorrection="-0.0315">	<Name>KERMI PLAN-Hygiene 20-605-{S}</Name>	<Power>1145.4</Power>	<Surface>2.781</Surface>	<Volume>6.3</Volume>	<Exponent>1.28</Exponent>	<EstimateCode></EstimateCode>	</RadiatorSubTypeMacro>	</RadiatorMainType>
  <RadiatorMainType>	<MainTypeName>KERMI PLAN-Hygiene 30-605-</MainTypeName>	<DimensionIndex>3</DimensionIndex>	<DimensionIndex>2</DimensionIndex>	<kvValue>0</kvValue>		<RadiatorSubTypeMacro From="0" To="14" PowerCorrection="-7.642" SurfaceCorrection="-0.01854" VolumeCorrection="-0.04725">	<Name>KERMI PLAN-Hygiene 30-605-{S}</Name>	<Power>1636.2</Power>	<Surface>4.169</Surface>	<Volume>9.45</Volume>	<Exponent>1.3</Exponent>	<EstimateCode></EstimateCode>	</RadiatorSubTypeMacro>	</RadiatorMainType>
  <RadiatorMainType>	<MainTypeName>KERMI PLAN-Hygiene 10-905-</MainTypeName>	<DimensionIndex>4</DimensionIndex>	<DimensionIndex>0</DimensionIndex>	<kvValue>0</kvValue>		<RadiatorSubTypeMacro From="0" To="14" PowerCorrection="-4.288" SurfaceCorrection="-0.01271" VolumeCorrection="-0.0225">	<Name>KERMI PLAN-Hygiene 10-905-{S}</Name>	<Power>919.23</Power>	<Surface>2.081</Surface>	<Volume>4.5</Volume>	<Exponent>1.25</Exponent>	<EstimateCode></EstimateCode>	</RadiatorSubTypeMacro>	</RadiatorMainType>
  <RadiatorMainType>	<MainTypeName>KERMI PLAN-Hygiene 20-905-</MainTypeName>	<DimensionIndex>4</DimensionIndex>	<DimensionIndex>1</DimensionIndex>	<kvValue>0</kvValue>		<RadiatorSubTypeMacro From="0" To="14" PowerCorrection="-7.552" SurfaceCorrection="-0.02542" VolumeCorrection="-0.045">		<Name>KERMI PLAN-Hygiene 20-905-{S}</Name>	<Power>1633.5</Power>	<Surface>4.162</Surface>	<Volume>9</Volume>	<Exponent>1.3</Exponent>	<EstimateCode></EstimateCode>	</RadiatorSubTypeMacro>	</RadiatorMainType>
  <RadiatorMainType>	<MainTypeName>KERMI PLAN-Hygiene 30-905-</MainTypeName>	<DimensionIndex>4</DimensionIndex>	<DimensionIndex>2</DimensionIndex>	<kvValue>0</kvValue>		<RadiatorSubTypeMacro From="0" To="14" PowerCorrection="-11.14" SurfaceCorrection="-0.02658" VolumeCorrection="-0.0675">	<Name>KERMI PLAN-Hygiene 30-905-{S}</Name>	<Power>2336.2</Power>	<Surface>6.238</Surface>	<Volume>13.5</Volume>	<Exponent>1.31</Exponent>	<EstimateCode></EstimateCode>	</RadiatorSubTypeMacro>	</RadiatorMainType>
</WinWattDBRadiator>

</WinWattDB>
