<?xml version="1.0" encoding="ISO-8859-2" ?>
<WinWattDB>

<WinWattDBGlobalMacro>
	<Macro ID="$rad1" Language="hun">szelepes radi�torok</Macro>
	<Macro ID="$rad1" Language="sky">ventil kompakt</Macro>
	<Macro ID="$rad1" Language="rom">radiatoare cu ventil</Macro>
</WinWattDBGlobalMacro>

<WinWattDBRadiator DTLog="No">
  <ItemHeader>
    <Date><Year>1996</Year><Month>8</Month><Day>1</Day></Date>
    <ItemPath>KORAD</ItemPath>
    <ItemName>KORAD</ItemName>
    <HomePage></HomePage></ItemHeader>
  <DTOrigin>60</DTOrigin>
  <DimensionArray Type="Height" >
    <DimensionString Value="300" >300</DimensionString>
    <DimensionString Value="400" >400</DimensionString>
    <DimensionString Value="500" >500</DimensionString>
    <DimensionString Value="600" >600</DimensionString>
    <DimensionString Value="900" >900</DimensionString>
  </DimensionArray>
  <DimensionArray Type="Width" >
    <DimensionString Value="45" >TYP 10</DimensionString>
    <DimensionString Value="54" >TYP 11K</DimensionString>
    <DimensionString Value="100" >TYP 20K</DimensionString>
    <DimensionString Value="65" >TYP 21K</DimensionString>
    <DimensionString Value="100" >TYP 22K</DimensionString>
    <DimensionString Value="155" >TYP 33K</DimensionString>
  </DimensionArray>
  <DimensionArray Type="Length" >
    <DimensionString Value="400" >400</DimensionString>
    <DimensionString Value="500" >500</DimensionString>
    <DimensionString Value="600" >600</DimensionString>
    <DimensionString Value="700" >700</DimensionString>
    <DimensionString Value="800" >800</DimensionString>
    <DimensionString Value="900" >900</DimensionString>
    <DimensionString Value="1000" >1000</DimensionString>
    <DimensionString Value="1100" >1100</DimensionString>
    <DimensionString Value="1200" >1200</DimensionString>
    <DimensionString Value="1300" >1300</DimensionString>
    <DimensionString Value="1400" >1400</DimensionString>
    <DimensionString Value="1500" >1500</DimensionString>
    <DimensionString Value="1600" >1600</DimensionString>
    <DimensionString Value="1700" >1700</DimensionString>
    <DimensionString Value="1800" >1800</DimensionString>
    <DimensionString Value="1900" >1900</DimensionString>
    <DimensionString Value="2000" >2000</DimensionString>
    <DimensionString Value="2100" >2100</DimensionString>
    <DimensionString Value="2200" >2200</DimensionString>
    <DimensionString Value="2300" >2300</DimensionString>
    <DimensionString Value="2400" >2400</DimensionString>
    <DimensionString Value="2500" >2500</DimensionString>
    <DimensionString Value="2600" >2600</DimensionString>
    <DimensionString Value="2700" >2700</DimensionString>
    <DimensionString Value="2800" >2800</DimensionString>
    <DimensionString Value="2900" >2900</DimensionString>
    <DimensionString Value="3000" >3000</DimensionString>
  </DimensionArray>
  <RadiatorMainType>	<MainTypeName>KORAD TYP 10 300/</MainTypeName>	<DimensionIndex>0</DimensionIndex>	<DimensionIndex>0</DimensionIndex>	<kvValue>2.415</kvValue>		<RadiatorSubTypeMacro From="1" To="26">	<Name>KORAD TYP 10 300/{S}</Name>	<Power>421.2</Power>	<Surface>0.668</Surface>	<Volume>1.748</Volume>	<Exponent>1.355</Exponent>	<EstimateCode>KORAD_10_300_{S}</EstimateCode>	</RadiatorSubTypeMacro>	</RadiatorMainType>
  <RadiatorMainType>	<MainTypeName>KORAD TYP 11K 300/</MainTypeName>	<DimensionIndex>0</DimensionIndex>	<DimensionIndex>1</DimensionIndex>	<kvValue>2.415</kvValue>		<RadiatorSubTypeMacro From="1" To="16">	<Name>KORAD TYP 11K 300/{S}</Name>	<Power>689.33</Power>	<Surface>2.08</Surface>		<Volume>1.827</Volume>	<Exponent>1.291</Exponent>	<EstimateCode>KORAD_11K_300_{S}</EstimateCode>	</RadiatorSubTypeMacro>	</RadiatorMainType>
  <RadiatorMainType>	<MainTypeName>KORAD TYP 20K 300/</MainTypeName>	<DimensionIndex>0</DimensionIndex>	<DimensionIndex>2</DimensionIndex>	<kvValue>4.364</kvValue>		<RadiatorSubTypeMacro From="1" To="26">	<Name>KORAD TYP 20K 300/{S}</Name>	<Power>774.4</Power>	<Surface>1.34</Surface>		<Volume>3.4</Volume>	<Exponent>1.29</Exponent>	<EstimateCode>KORAD_20K_300_{S}</EstimateCode>	</RadiatorSubTypeMacro>	</RadiatorMainType>
  <RadiatorMainType>	<MainTypeName>KORAD TYP 21K 300/</MainTypeName>	<DimensionIndex>0</DimensionIndex>	<DimensionIndex>3</DimensionIndex>	<kvValue>4.364</kvValue>		<RadiatorSubTypeMacro From="1" To="26">	<Name>KORAD TYP 21K 300/{S}</Name>	<Power>957.2</Power>	<Surface>2.628</Surface>	<Volume>3.4</Volume>	<Exponent>1.324</Exponent>	<EstimateCode>KORAD_21K_300_{S}</EstimateCode>	</RadiatorSubTypeMacro>	</RadiatorMainType>
  <RadiatorMainType>	<MainTypeName>KORAD TYP 22K 300/</MainTypeName>	<DimensionIndex>0</DimensionIndex>	<DimensionIndex>4</DimensionIndex>	<kvValue>4.364</kvValue>		<RadiatorSubTypeMacro From="1" To="26">	<Name>KORAD TYP 22K 300/{S}</Name>	<Power>1248</Power>	<Surface>3.56</Surface>		<Volume>3.4</Volume>	<Exponent>1.309</Exponent>	<EstimateCode>KORAD_22K_300_{S}</EstimateCode>	</RadiatorSubTypeMacro>	</RadiatorMainType>
  <RadiatorMainType>	<MainTypeName>KORAD TYP 33K 300/</MainTypeName>	<DimensionIndex>0</DimensionIndex>	<DimensionIndex>5</DimensionIndex>	<kvValue>4</kvValue>			<RadiatorSubTypeMacro From="1" To="26">	<Name>KORAD TYP 33K 300/{S}</Name>	<Power>1759.2</Power>	<Surface>5.328</Surface>	<Volume>5.2</Volume>	<Exponent>1.301</Exponent>	<EstimateCode>KORAD_33K_300_{S}</EstimateCode>	</RadiatorSubTypeMacro>	</RadiatorMainType>
  <RadiatorMainType>	<MainTypeName>KORAD TYP 10 400/</MainTypeName>	<DimensionIndex>1</DimensionIndex>	<DimensionIndex>0</DimensionIndex>	<kvValue>2.415</kvValue>		<RadiatorSubTypeMacro From="1" To="26">	<Name>KORAD TYP 10 400/{S}</Name>	<Power>546.8</Power>	<Surface>0.9</Surface>		<Volume>2.22</Volume>	<Exponent>1.343</Exponent>	<EstimateCode>KORAD_10_400_{S}</EstimateCode>	</RadiatorSubTypeMacro>	</RadiatorMainType>
  <RadiatorMainType>	<MainTypeName>KORAD TYP 11K 400/</MainTypeName>	<DimensionIndex>1</DimensionIndex>	<DimensionIndex>1</DimensionIndex>	<kvValue>2.415</kvValue>		<RadiatorSubTypeMacro From="1" To="16">	<Name>KORAD TYP 11K 400/{S}</Name>	<Power>872.67</Power>	<Surface>2.887</Surface>	<Volume>2.247</Volume>	<Exponent>1.295</Exponent>	<EstimateCode>KORAD_11K_400_{S}</EstimateCode>	</RadiatorSubTypeMacro>	</RadiatorMainType>
  <RadiatorMainType>	<MainTypeName>KORAD TYP 20K 400/</MainTypeName>	<DimensionIndex>1</DimensionIndex>	<DimensionIndex>2</DimensionIndex>	<kvValue>4.364</kvValue>		<RadiatorSubTypeMacro From="1" To="26">	<Name>KORAD TYP 20K 400/{S}</Name>	<Power>974</Power>	<Surface>1.8</Surface>		<Volume>4.3</Volume>	<Exponent>1.295</Exponent>	<EstimateCode>KORAD_20K_400_{S}</EstimateCode>	</RadiatorSubTypeMacro>	</RadiatorMainType>
  <RadiatorMainType>	<MainTypeName>KORAD TYP 21K 400/</MainTypeName>	<DimensionIndex>1</DimensionIndex>	<DimensionIndex>3</DimensionIndex>	<kvValue>4.364</kvValue>		<RadiatorSubTypeMacro From="1" To="26">	<Name>KORAD TYP 21K 400/{S}</Name>	<Power>1195.2</Power>	<Surface>3.548</Surface>	<Volume>4.268</Volume>	<Exponent>1.334</Exponent>	<EstimateCode>KORAD_21K_400_{S}</EstimateCode>	</RadiatorSubTypeMacro>	</RadiatorMainType>
  <RadiatorMainType>	<MainTypeName>KORAD TYP 22K 400/</MainTypeName>	<DimensionIndex>1</DimensionIndex>	<DimensionIndex>4</DimensionIndex>	<kvValue>4.364</kvValue>		<RadiatorSubTypeMacro From="1" To="26">	<Name>KORAD TYP 22K 400/{S}</Name>	<Power>1567.6</Power>	<Surface>4.948</Surface>	<Volume>4.3</Volume>	<Exponent>1.317</Exponent>	<EstimateCode>KORAD_22K_400_{S}</EstimateCode>	</RadiatorSubTypeMacro>	</RadiatorMainType>
  <RadiatorMainType>	<MainTypeName>KORAD TYP 33K 400/</MainTypeName>	<DimensionIndex>1</DimensionIndex>	<DimensionIndex>5</DimensionIndex>	<kvValue>4</kvValue>			<RadiatorSubTypeMacro From="1" To="26">	<Name>KORAD TYP 33K 400/{S}</Name>	<Power>2225.2</Power>	<Surface>7.42</Surface>		<Volume>6.528</Volume>	<Exponent>1.315</Exponent>	<EstimateCode>KORAD_33K_400_{S}</EstimateCode>	</RadiatorSubTypeMacro>	</RadiatorMainType>
  <RadiatorMainType>	<MainTypeName>KORAD TYP 10 500/</MainTypeName>	<DimensionIndex>2</DimensionIndex>	<DimensionIndex>0</DimensionIndex>	<kvValue>2.415</kvValue>		<RadiatorSubTypeMacro From="1" To="26">	<Name>KORAD TYP 10 500/{S}</Name>	<Power>669.2</Power>	<Surface>1.128</Surface>	<Volume>2.68</Volume>	<Exponent>1.331</Exponent>	<EstimateCode>KORAD_10_500_{S}</EstimateCode>	</RadiatorSubTypeMacro>	</RadiatorMainType>
  <RadiatorMainType>	<MainTypeName>KORAD TYP 11K 500/</MainTypeName>	<DimensionIndex>2</DimensionIndex>	<DimensionIndex>1</DimensionIndex>	<kvValue>2.415</kvValue>		<RadiatorSubTypeMacro From="0" To="16">	<Name>KORAD TYP 11K 500/{S}</Name>	<Power>1046.9</Power>	<Surface>3.7</Surface>		<Volume>2.669</Volume>	<Exponent>1.299</Exponent>	<EstimateCode>KORAD_11K_500_{S}</EstimateCode>	</RadiatorSubTypeMacro>	</RadiatorMainType>
  <RadiatorMainType>	<MainTypeName>KORAD TYP 20K 500/</MainTypeName>	<DimensionIndex>2</DimensionIndex>	<DimensionIndex>2</DimensionIndex>	<kvValue>4.364</kvValue>		<RadiatorSubTypeMacro From="0" To="26">	<Name>KORAD TYP 20K 500/{S}</Name>	<Power>1166.2</Power>	<Surface>2.262</Surface>	<Volume>5.2</Volume>	<Exponent>1.301</Exponent>	<EstimateCode>KORAD_20K_500_{S}</EstimateCode>	</RadiatorSubTypeMacro>	</RadiatorMainType>
  <RadiatorMainType>	<MainTypeName>KORAD TYP 21K 500/</MainTypeName>	<DimensionIndex>2</DimensionIndex>	<DimensionIndex>3</DimensionIndex>	<kvValue>4.364</kvValue>		<RadiatorSubTypeMacro From="0" To="26">	<Name>KORAD TYP 21K 500/{S}</Name>	<Power>1424.6</Power>	<Surface>4.469</Surface>	<Volume>5.131</Volume>	<Exponent>1.344</Exponent>	<EstimateCode>KORAD_21K_500_{S}</EstimateCode>	</RadiatorSubTypeMacro>	</RadiatorMainType>
  <RadiatorMainType>	<MainTypeName>KORAD TYP 22K 500/</MainTypeName>	<DimensionIndex>2</DimensionIndex>	<DimensionIndex>4</DimensionIndex>	<kvValue>4.364</kvValue>		<RadiatorSubTypeMacro From="0" To="26">	<Name>KORAD TYP 22K 500/{S}</Name>	<Power>1871.5</Power>	<Surface>6.331</Surface>	<Volume>5.2</Volume>	<Exponent>1.325</Exponent>	<EstimateCode>KORAD_22K_500_{S}</EstimateCode>	</RadiatorSubTypeMacro>	</RadiatorMainType>
  <RadiatorMainType>	<MainTypeName>KORAD TYP 33K 500/</MainTypeName>	<DimensionIndex>2</DimensionIndex>	<DimensionIndex>5</DimensionIndex>	<kvValue>4</kvValue>			<RadiatorSubTypeMacro From="0" To="26">	<Name>KORAD TYP 33K 500/{S}</Name>	<Power>2664.6</Power>	<Surface>9.5</Surface>		<Volume>7.869</Volume>	<Exponent>1.33</Exponent>	<EstimateCode>KORAD_33K_500_{S}</EstimateCode>	</RadiatorSubTypeMacro>	</RadiatorMainType>
  <RadiatorMainType>	<MainTypeName>KORAD TYP 10 600/</MainTypeName>	<DimensionIndex>3</DimensionIndex>	<DimensionIndex>0</DimensionIndex>	<kvValue>2.415</kvValue>		<RadiatorSubTypeMacro From="1" To="26">	<Name>KORAD TYP 10 600/{S}</Name>	<Power>788.8</Power>	<Surface>1.36</Surface>		<Volume>3.148</Volume>	<Exponent>1.319</Exponent>	<EstimateCode>KORAD_10_600_{S}</EstimateCode>	</RadiatorSubTypeMacro>	</RadiatorMainType>
  <RadiatorMainType>	<MainTypeName>KORAD TYP 11K 600/</MainTypeName>	<DimensionIndex>3</DimensionIndex>	<DimensionIndex>1</DimensionIndex>	<kvValue>2.415</kvValue>		<RadiatorSubTypeMacro From="0" To="16">	<Name>KORAD TYP 11K 600/{S}</Name>	<Power>1217.5</Power>	<Surface>4.513</Surface>	<Volume>3.081</Volume>	<Exponent>1.304</Exponent>	<EstimateCode>KORAD_11K_600_{S}</EstimateCode>	</RadiatorSubTypeMacro>	</RadiatorMainType>
  <RadiatorMainType>	<MainTypeName>KORAD TYP 20K 600/</MainTypeName>	<DimensionIndex>3</DimensionIndex>	<DimensionIndex>2</DimensionIndex>	<kvValue>4.364</kvValue>		<RadiatorSubTypeMacro From="0" To="26">	<Name>KORAD TYP 20K 600/{S}</Name>	<Power>1355.4</Power>	<Surface>2.719</Surface>	<Volume>6.1</Volume>	<Exponent>1.307</Exponent>	<EstimateCode>KORAD_20K_600_{S}</EstimateCode>	</RadiatorSubTypeMacro>	</RadiatorMainType>
  <RadiatorMainType>	<MainTypeName>KORAD TYP 21K 600/</MainTypeName>	<DimensionIndex>3</DimensionIndex>	<DimensionIndex>3</DimensionIndex>	<kvValue>4.364</kvValue>		<RadiatorSubTypeMacro From="0" To="26">	<Name>KORAD TYP 21K 600/{S}</Name>	<Power>1647.3</Power>	<Surface>5.4</Surface>		<Volume>6</Volume>	<Exponent>1.354</Exponent>	<EstimateCode>KORAD_21K_600_{S}</EstimateCode>	</RadiatorSubTypeMacro>	</RadiatorMainType>
  <RadiatorMainType>	<MainTypeName>KORAD TYP 22K 600/</MainTypeName>	<DimensionIndex>3</DimensionIndex>	<DimensionIndex>4</DimensionIndex>	<kvValue>4.364</kvValue>		<RadiatorSubTypeMacro From="0" To="26">	<Name>KORAD TYP 22K 600/{S}</Name>	<Power>2165.4</Power>	<Surface>7.719</Surface>	<Volume>6.1</Volume>	<Exponent>1.333</Exponent>	<EstimateCode>KORAD_22K_600_{S}</EstimateCode>	</RadiatorSubTypeMacro>	</RadiatorMainType>
  <RadiatorMainType>	<MainTypeName>KORAD TYP 33K 600/</MainTypeName>	<DimensionIndex>3</DimensionIndex>	<DimensionIndex>5</DimensionIndex>	<kvValue>4</kvValue>			<RadiatorSubTypeMacro From="0" To="26">	<Name>KORAD TYP 33K 600/{S}</Name>	<Power>3079.2</Power>	<Surface>11.58</Surface>	<Volume>9.2</Volume>	<Exponent>1.344</Exponent>	<EstimateCode>KORAD_33K_600_{S}</EstimateCode>	</RadiatorSubTypeMacro>	</RadiatorMainType>
  <RadiatorMainType>	<MainTypeName>KORAD TYP 10 900/</MainTypeName>	<DimensionIndex>4</DimensionIndex>	<DimensionIndex>0</DimensionIndex>	<kvValue>2.415</kvValue>		<RadiatorSubTypeMacro From="1" To="26">	<Name>KORAD TYP 10 900/{S}</Name>	<Power>1147.2</Power>	<Surface>2.048</Surface>	<Volume>4.248</Volume>	<Exponent>1.342</Exponent>	<EstimateCode>KORAD_10_900_{S}</EstimateCode>	</RadiatorSubTypeMacro>	</RadiatorMainType>
  <RadiatorMainType>	<MainTypeName>KORAD TYP 11K 900/</MainTypeName>	<DimensionIndex>4</DimensionIndex>	<DimensionIndex>1</DimensionIndex>	<kvValue>2.415</kvValue>		<RadiatorSubTypeMacro From="0" To="16">	<Name>KORAD TYP 11K 900/{S}</Name>	<Power>1711.9</Power>	<Surface>6.938</Surface>	<Volume>4.419</Volume>	<Exponent>1.324</Exponent>	<EstimateCode>KORAD_11K_900_{S}</EstimateCode>	</RadiatorSubTypeMacro>	</RadiatorMainType>
  <RadiatorMainType>	<MainTypeName>KORAD TYP 20K 900/</MainTypeName>	<DimensionIndex>4</DimensionIndex>	<DimensionIndex>2</DimensionIndex>	<kvValue>4.364</kvValue>		<RadiatorSubTypeMacro From="0" To="26">	<Name>KORAD TYP 20K 900/{S}</Name>	<Power>1906.5</Power>	<Surface>4.1</Surface>		<Volume>8.9</Volume>	<Exponent>1.316</Exponent>	<EstimateCode>KORAD_20K_900_{S}</EstimateCode>	</RadiatorSubTypeMacro>	</RadiatorMainType>
  <RadiatorMainType>	<MainTypeName>KORAD TYP 21K 900/</MainTypeName>	<DimensionIndex>4</DimensionIndex>	<DimensionIndex>3</DimensionIndex>	<kvValue>4.364</kvValue>		<RadiatorSubTypeMacro From="0" To="26">	<Name>KORAD TYP 21K 900/{S}</Name>	<Power>2287.3</Power>	<Surface>8.162</Surface>	<Volume>8.8</Volume>	<Exponent>1.351</Exponent>	<EstimateCode>KORAD_21K_900_{S}</EstimateCode>	</RadiatorSubTypeMacro>	</RadiatorMainType>
  <RadiatorMainType>	<MainTypeName>KORAD TYP 22K 900/</MainTypeName>	<DimensionIndex>4</DimensionIndex>	<DimensionIndex>4</DimensionIndex>	<kvValue>4.364</kvValue>		<RadiatorSubTypeMacro From="0" To="26">	<Name>KORAD TYP 22K 900/{S}</Name>	<Power>2995</Power>	<Surface>11.89</Surface>	<Volume>8.9</Volume>	<Exponent>1.335</Exponent>	<EstimateCode>KORAD_22K_900_{S}</EstimateCode>	</RadiatorSubTypeMacro>	</RadiatorMainType>
  <RadiatorMainType>	<MainTypeName>KORAD TYP 33K 900/</MainTypeName>	<DimensionIndex>4</DimensionIndex>	<DimensionIndex>5</DimensionIndex>	<kvValue>4</kvValue>			<RadiatorSubTypeMacro From="0" To="26">	<Name>KORAD TYP 33K 900/{S}</Name>	<Power>4184.6</Power>	<Surface>17.83</Surface>	<Volume>13</Volume>	<Exponent>1.358</Exponent>	<EstimateCode>KORAD_33K_900_{S}</EstimateCode>	</RadiatorSubTypeMacro>	</RadiatorMainType>
</WinWattDBRadiator>        


<WinWattDBRadiator DTLog="No">
  <ItemHeader>
    <Date><Year>1996</Year><Month>8</Month><Day>1</Day></Date>
    <ItemPath>KORAD</ItemPath>
    <ItemName>KORAD $rad1</ItemName>
    <HomePage></HomePage></ItemHeader>
  <DTOrigin>60</DTOrigin>
  <DimensionArray Type="Height" >
    <DimensionString Value="300" >300</DimensionString>
    <DimensionString Value="400" >400</DimensionString>
    <DimensionString Value="500" >500</DimensionString>
    <DimensionString Value="600" >600</DimensionString>
    <DimensionString Value="900" >900</DimensionString>
  </DimensionArray>
  <DimensionArray Type="Width" >
    <DimensionString Value="45" >TYP 10VK</DimensionString>
    <DimensionString Value="54" >TYP 11VK</DimensionString>
    <DimensionString Value="100" >TYP 20VK</DimensionString>
    <DimensionString Value="65" >TYP 21VK</DimensionString>
    <DimensionString Value="100" >TYP 22VK</DimensionString>
    <DimensionString Value="155" >TYP 33VK</DimensionString>
  </DimensionArray>
  <DimensionArray Type="Length" >
    <DimensionString Value="400" >400</DimensionString>
    <DimensionString Value="500" >500</DimensionString>
    <DimensionString Value="600" >600</DimensionString>
    <DimensionString Value="700" >700</DimensionString>
    <DimensionString Value="800" >800</DimensionString>
    <DimensionString Value="900" >900</DimensionString>
    <DimensionString Value="1000" >1000</DimensionString>
    <DimensionString Value="1100" >1100</DimensionString>
    <DimensionString Value="1200" >1200</DimensionString>
    <DimensionString Value="1300" >1300</DimensionString>
    <DimensionString Value="1400" >1400</DimensionString>
    <DimensionString Value="1500" >1500</DimensionString>
    <DimensionString Value="1600" >1600</DimensionString>
    <DimensionString Value="1700" >1700</DimensionString>
    <DimensionString Value="1800" >1800</DimensionString>
    <DimensionString Value="1900" >1900</DimensionString>
    <DimensionString Value="2000" >2000</DimensionString>
  </DimensionArray>
  <RadiatorMainType>	<MainTypeName>KORAD TYP 10VK 300/</MainTypeName>	<DimensionIndex>0</DimensionIndex>	<DimensionIndex>0</DimensionIndex>	<kvValue>2.415</kvValue>		<RadiatorSubTypeMacro From="1" To="16">	<Name>KORAD TYP 10VK 300/{S}</Name>	<Power>420.67</Power>	<Surface>0.6667</Surface>	<Volume>1.747</Volume>	<Exponent>1.355</Exponent>	<EstimateCode>KORAD_10_300_{S}</EstimateCode>	</RadiatorSubTypeMacro>	</RadiatorMainType>
  <RadiatorMainType>	<MainTypeName>KORAD TYP 11VK 300/</MainTypeName>	<DimensionIndex>0</DimensionIndex>	<DimensionIndex>1</DimensionIndex>	<kvValue>2.415</kvValue>		<RadiatorSubTypeMacro From="1" To="16">	<Name>KORAD TYP 11VK 300/{S}</Name>	<Power>689.33</Power>	<Surface>2.08</Surface>		<Volume>1.827</Volume>	<Exponent>1.291</Exponent>	<EstimateCode>KORAD_11K_300_{S}</EstimateCode>	</RadiatorSubTypeMacro>	</RadiatorMainType>
  <RadiatorMainType>	<MainTypeName>KORAD TYP 20VK 300/</MainTypeName>	<DimensionIndex>0</DimensionIndex>	<DimensionIndex>2</DimensionIndex>	<kvValue>4.364</kvValue>		<RadiatorSubTypeMacro From="1" To="16">	<Name>KORAD TYP 20VK 300/{S}</Name>	<Power>774</Power>	<Surface>1.34</Surface>		<Volume>3.4</Volume>	<Exponent>1.29</Exponent>	<EstimateCode>KORAD_20K_300_{S}</EstimateCode>	</RadiatorSubTypeMacro>	</RadiatorMainType>
  <RadiatorMainType>	<MainTypeName>KORAD TYP 21VK 300/</MainTypeName>	<DimensionIndex>0</DimensionIndex>	<DimensionIndex>3</DimensionIndex>	<kvValue>4.364</kvValue>		<RadiatorSubTypeMacro From="1" To="16">	<Name>KORAD TYP 21VK 300/{S}</Name>	<Power>957.33</Power>	<Surface>2.627</Surface>	<Volume>3.4</Volume>	<Exponent>1.324</Exponent>	<EstimateCode>KORAD_21K_300_{S}</EstimateCode>	</RadiatorSubTypeMacro>	</RadiatorMainType>
  <RadiatorMainType>	<MainTypeName>KORAD TYP 22VK 300/</MainTypeName>	<DimensionIndex>0</DimensionIndex>	<DimensionIndex>4</DimensionIndex>	<kvValue>4.364</kvValue>		<RadiatorSubTypeMacro From="1" To="16">	<Name>KORAD TYP 22VK 300/{S}</Name>	<Power>1248</Power>	<Surface>3.56</Surface>		<Volume>3.4</Volume>	<Exponent>1.309</Exponent>	<EstimateCode>KORAD_22K_300_{S}</EstimateCode>	</RadiatorSubTypeMacro>	</RadiatorMainType>
  <RadiatorMainType>	<MainTypeName>KORAD TYP 33VK 300/</MainTypeName>	<DimensionIndex>0</DimensionIndex>	<DimensionIndex>5</DimensionIndex>	<kvValue>4</kvValue>			<RadiatorSubTypeMacro From="1" To="16">	<Name>KORAD TYP 33VK 300/{S}</Name>	<Power>1759.3</Power>	<Surface>5.327</Surface>	<Volume>5.2</Volume>	<Exponent>1.301</Exponent>	<EstimateCode>KORAD_33K_300_{S}</EstimateCode>	</RadiatorSubTypeMacro>	</RadiatorMainType>
  <RadiatorMainType>	<MainTypeName>KORAD TYP 10VK 400/</MainTypeName>	<DimensionIndex>1</DimensionIndex>	<DimensionIndex>0</DimensionIndex>	<kvValue>2.415</kvValue>		<RadiatorSubTypeMacro From="1" To="16">	<Name>KORAD TYP 10VK 400/{S}</Name>	<Power>547.33</Power>	<Surface>0.9</Surface>		<Volume>2.22</Volume>	<Exponent>1.343</Exponent>	<EstimateCode>KORAD_10_400_{S}</EstimateCode>	</RadiatorSubTypeMacro>	</RadiatorMainType>
  <RadiatorMainType>	<MainTypeName>KORAD TYP 11VK 400/</MainTypeName>	<DimensionIndex>1</DimensionIndex>	<DimensionIndex>1</DimensionIndex>	<kvValue>2.415</kvValue>		<RadiatorSubTypeMacro From="1" To="16">	<Name>KORAD TYP 11VK 400/{S}</Name>	<Power>872.67</Power>	<Surface>2.887</Surface>	<Volume>2.247</Volume>	<Exponent>1.295</Exponent>	<EstimateCode>KORAD_11K_400_{S}</EstimateCode>	</RadiatorSubTypeMacro>	</RadiatorMainType>
  <RadiatorMainType>	<MainTypeName>KORAD TYP 20VK 400/</MainTypeName>	<DimensionIndex>1</DimensionIndex>	<DimensionIndex>2</DimensionIndex>	<kvValue>4.364</kvValue>		<RadiatorSubTypeMacro From="1" To="16">	<Name>KORAD TYP 20VK 400/{S}</Name>	<Power>974</Power>	<Surface>1.8</Surface>		<Volume>4.3</Volume>	<Exponent>1.295</Exponent>	<EstimateCode>KORAD_20K_400_{S}</EstimateCode>	</RadiatorSubTypeMacro>	</RadiatorMainType>
  <RadiatorMainType>	<MainTypeName>KORAD TYP 21VK 400/</MainTypeName>	<DimensionIndex>1</DimensionIndex>	<DimensionIndex>3</DimensionIndex>	<kvValue>4.364</kvValue>		<RadiatorSubTypeMacro From="1" To="16">	<Name>KORAD TYP 21VK 400/{S}</Name>	<Power>1195.3</Power>	<Surface>3.547</Surface>	<Volume>4.267</Volume>	<Exponent>1.334</Exponent>	<EstimateCode>KORAD_21K_400_{S}</EstimateCode>	</RadiatorSubTypeMacro>	</RadiatorMainType>
  <RadiatorMainType>	<MainTypeName>KORAD TYP 22VK 400/</MainTypeName>	<DimensionIndex>1</DimensionIndex>	<DimensionIndex>4</DimensionIndex>	<kvValue>4.364</kvValue>		<RadiatorSubTypeMacro From="1" To="16">	<Name>KORAD TYP 22VK 400/{S}</Name>	<Power>1567.3</Power>	<Surface>4.947</Surface>	<Volume>4.3</Volume>	<Exponent>1.317</Exponent>	<EstimateCode>KORAD_22K_400_{S}</EstimateCode>	</RadiatorSubTypeMacro>	</RadiatorMainType>
  <RadiatorMainType>	<MainTypeName>KORAD TYP 33VK 400/</MainTypeName>	<DimensionIndex>1</DimensionIndex>	<DimensionIndex>5</DimensionIndex>	<kvValue>4</kvValue>			<RadiatorSubTypeMacro From="1" To="16">	<Name>KORAD TYP 33VK 400/{S}</Name>	<Power>2225.3</Power>	<Surface>7.42</Surface>		<Volume>6.527</Volume>	<Exponent>1.315</Exponent>	<EstimateCode>KORAD_33K_400_{S}</EstimateCode>	</RadiatorSubTypeMacro>	</RadiatorMainType>
  <RadiatorMainType>	<MainTypeName>KORAD TYP 10VK 500/</MainTypeName>	<DimensionIndex>2</DimensionIndex>	<DimensionIndex>0</DimensionIndex>	<kvValue>2.415</kvValue>		<RadiatorSubTypeMacro From="1" To="16">	<Name>KORAD TYP 10VK 500/{S}</Name>	<Power>668.67</Power>	<Surface>1.127</Surface>	<Volume>2.68</Volume>	<Exponent>1.331</Exponent>	<EstimateCode>KORAD_10_500_{S}</EstimateCode>	</RadiatorSubTypeMacro>	</RadiatorMainType>
  <RadiatorMainType>	<MainTypeName>KORAD TYP 11VK 500/</MainTypeName>	<DimensionIndex>2</DimensionIndex>	<DimensionIndex>1</DimensionIndex>	<kvValue>2.415</kvValue>		<RadiatorSubTypeMacro From="0" To="16">	<Name>KORAD TYP 11VK 500/{S}</Name>	<Power>1046.9</Power>	<Surface>3.7</Surface>		<Volume>2.669</Volume>	<Exponent>1.299</Exponent>	<EstimateCode>KORAD_11K_500_{S}</EstimateCode>	</RadiatorSubTypeMacro>	</RadiatorMainType>
  <RadiatorMainType>	<MainTypeName>KORAD TYP 20VK 500/</MainTypeName>	<DimensionIndex>2</DimensionIndex>	<DimensionIndex>2</DimensionIndex>	<kvValue>4.364</kvValue>		<RadiatorSubTypeMacro From="0" To="16">	<Name>KORAD TYP 20VK 500/{S}</Name>	<Power>1166.3</Power>	<Surface>2.263</Surface>	<Volume>5.2</Volume>	<Exponent>1.301</Exponent>	<EstimateCode>KORAD_20K_500_{S}</EstimateCode>	</RadiatorSubTypeMacro>	</RadiatorMainType>
  <RadiatorMainType>	<MainTypeName>KORAD TYP 21VK 500/</MainTypeName>	<DimensionIndex>2</DimensionIndex>	<DimensionIndex>3</DimensionIndex>	<kvValue>4.364</kvValue>		<RadiatorSubTypeMacro From="0" To="16">	<Name>KORAD TYP 21VK 500/{S}</Name>	<Power>1424.4</Power>	<Surface>4.469</Surface>	<Volume>5.131</Volume>	<Exponent>1.344</Exponent>	<EstimateCode>KORAD_21K_500_{S}</EstimateCode>	</RadiatorSubTypeMacro>	</RadiatorMainType>
  <RadiatorMainType>	<MainTypeName>KORAD TYP 22VK 500/</MainTypeName>	<DimensionIndex>2</DimensionIndex>	<DimensionIndex>4</DimensionIndex>	<kvValue>4.364</kvValue>		<RadiatorSubTypeMacro From="0" To="16">	<Name>KORAD TYP 22VK 500/{S}</Name>	<Power>1871.3</Power>	<Surface>6.331</Surface>	<Volume>5.2</Volume>	<Exponent>1.325</Exponent>	<EstimateCode>KORAD_22K_500_{S}</EstimateCode>	</RadiatorSubTypeMacro>	</RadiatorMainType>
  <RadiatorMainType>	<MainTypeName>KORAD TYP 33VK 500/</MainTypeName>	<DimensionIndex>2</DimensionIndex>	<DimensionIndex>5</DimensionIndex>	<kvValue>4</kvValue>			<RadiatorSubTypeMacro From="0" To="16">	<Name>KORAD TYP 33VK 500/{S}</Name>	<Power>2664.4</Power>	<Surface>9.5</Surface>		<Volume>7.869</Volume>	<Exponent>1.33</Exponent>	<EstimateCode>KORAD_33K_500_{S}</EstimateCode>	</RadiatorSubTypeMacro>	</RadiatorMainType>
  <RadiatorMainType>	<MainTypeName>KORAD TYP 10VK 600/</MainTypeName>	<DimensionIndex>3</DimensionIndex>	<DimensionIndex>0</DimensionIndex>	<kvValue>2.415</kvValue>		<RadiatorSubTypeMacro From="1" To="16">	<Name>KORAD TYP 10VK 600/{S}</Name>	<Power>788.67</Power>	<Surface>1.36</Surface>		<Volume>3.147</Volume>	<Exponent>1.319</Exponent>	<EstimateCode>KORAD_10_600_{S}</EstimateCode>	</RadiatorSubTypeMacro>	</RadiatorMainType>
  <RadiatorMainType>	<MainTypeName>KORAD TYP 11VK 600/</MainTypeName>	<DimensionIndex>3</DimensionIndex>	<DimensionIndex>1</DimensionIndex>	<kvValue>2.415</kvValue>		<RadiatorSubTypeMacro From="0" To="16">	<Name>KORAD TYP 11VK 600/{S}</Name>	<Power>1217.5</Power>	<Surface>4.513</Surface>	<Volume>3.081</Volume>	<Exponent>1.304</Exponent>	<EstimateCode>KORAD_11K_600_{S}</EstimateCode>	</RadiatorSubTypeMacro>	</RadiatorMainType>
  <RadiatorMainType>	<MainTypeName>KORAD TYP 20VK 600/</MainTypeName>	<DimensionIndex>3</DimensionIndex>	<DimensionIndex>2</DimensionIndex>	<kvValue>4.364</kvValue>		<RadiatorSubTypeMacro From="0" To="16">	<Name>KORAD TYP 20VK 600/{S}</Name>	<Power>1355.6</Power>	<Surface>2.719</Surface>	<Volume>6.1</Volume>	<Exponent>1.307</Exponent>	<EstimateCode>KORAD_20K_600_{S}</EstimateCode>	</RadiatorSubTypeMacro>	</RadiatorMainType>
  <RadiatorMainType>	<MainTypeName>KORAD TYP 21VK 600/</MainTypeName>	<DimensionIndex>3</DimensionIndex>	<DimensionIndex>3</DimensionIndex>	<kvValue>4.364</kvValue>		<RadiatorSubTypeMacro From="0" To="16">	<Name>KORAD TYP 21VK 600/{S}</Name>	<Power>1646.9</Power>	<Surface>5.4</Surface>		<Volume>6</Volume>	<Exponent>1.354</Exponent>	<EstimateCode>KORAD_21K_600_{S}</EstimateCode>	</RadiatorSubTypeMacro>	</RadiatorMainType>
  <RadiatorMainType>	<MainTypeName>KORAD TYP 22VK 600/</MainTypeName>	<DimensionIndex>3</DimensionIndex>	<DimensionIndex>4</DimensionIndex>	<kvValue>4.364</kvValue>		<RadiatorSubTypeMacro From="0" To="16">	<Name>KORAD TYP 22VK 600/{S}</Name>	<Power>2165</Power>	<Surface>7.719</Surface>	<Volume>6.1</Volume>	<Exponent>1.333</Exponent>	<EstimateCode>KORAD_22K_600_{S}</EstimateCode>	</RadiatorSubTypeMacro>	</RadiatorMainType>
  <RadiatorMainType>	<MainTypeName>KORAD TYP 33VK 600/</MainTypeName>	<DimensionIndex>3</DimensionIndex>	<DimensionIndex>5</DimensionIndex>	<kvValue>4</kvValue>			<RadiatorSubTypeMacro From="0" To="16">	<Name>KORAD TYP 33VK 600/{S}</Name>	<Power>3079.4</Power>	<Surface>11.58</Surface>	<Volume>9.2</Volume>	<Exponent>1.344</Exponent>	<EstimateCode>KORAD_33K_600_{S}</EstimateCode>	</RadiatorSubTypeMacro>	</RadiatorMainType>
  <RadiatorMainType>	<MainTypeName>KORAD TYP 10VK 900/</MainTypeName>	<DimensionIndex>4</DimensionIndex>	<DimensionIndex>0</DimensionIndex>	<kvValue>2.415</kvValue>		<RadiatorSubTypeMacro From="1" To="16">	<Name>KORAD TYP 10VK 900/{S}</Name>	<Power>1147.3</Power>	<Surface>2.047</Surface>	<Volume>4.247</Volume>	<Exponent>1.342</Exponent>	<EstimateCode>KORAD_10_900_{S}</EstimateCode>	</RadiatorSubTypeMacro>	</RadiatorMainType>
  <RadiatorMainType>	<MainTypeName>KORAD TYP 11VK 900/</MainTypeName>	<DimensionIndex>4</DimensionIndex>	<DimensionIndex>1</DimensionIndex>	<kvValue>2.415</kvValue>		<RadiatorSubTypeMacro From="1" To="16">	<Name>KORAD TYP 11VK 900/{S}</Name>	<Power>1712</Power>	<Surface>6.94</Surface>		<Volume>4.42</Volume>	<Exponent>1.324</Exponent>	<EstimateCode>KORAD_11K_900_{S}</EstimateCode>	</RadiatorSubTypeMacro>	</RadiatorMainType>
  <RadiatorMainType>	<MainTypeName>KORAD TYP 20VK 900/</MainTypeName>	<DimensionIndex>4</DimensionIndex>	<DimensionIndex>2</DimensionIndex>	<kvValue>4.364</kvValue>		<RadiatorSubTypeMacro From="1" To="16">	<Name>KORAD TYP 20VK 900/{S}</Name>	<Power>1907.3</Power>	<Surface>4.1</Surface>		<Volume>8.9</Volume>	<Exponent>1.316</Exponent>	<EstimateCode>KORAD_20K_900_{S}</EstimateCode>	</RadiatorSubTypeMacro>	</RadiatorMainType>
  <RadiatorMainType>	<MainTypeName>KORAD TYP 21VK 900/</MainTypeName>	<DimensionIndex>4</DimensionIndex>	<DimensionIndex>3</DimensionIndex>	<kvValue>4.364</kvValue>		<RadiatorSubTypeMacro From="1" To="16">	<Name>KORAD TYP 21VK 900/{S}</Name>	<Power>2287.3</Power>	<Surface>8.16</Surface>		<Volume>8.8</Volume>	<Exponent>1.351</Exponent>	<EstimateCode>KORAD_21K_900_{S}</EstimateCode>	</RadiatorSubTypeMacro>	</RadiatorMainType>
  <RadiatorMainType>	<MainTypeName>KORAD TYP 22VK 900/</MainTypeName>	<DimensionIndex>4</DimensionIndex>	<DimensionIndex>4</DimensionIndex>	<kvValue>4.364</kvValue>		<RadiatorSubTypeMacro From="1" To="16">	<Name>KORAD TYP 22VK 900/{S}</Name>	<Power>2995.3</Power>	<Surface>11.89</Surface>	<Volume>8.9</Volume>	<Exponent>1.335</Exponent>	<EstimateCode>KORAD_22K_900_{S}</EstimateCode>	</RadiatorSubTypeMacro>	</RadiatorMainType>
  <RadiatorMainType>	<MainTypeName>KORAD TYP 33VK 900/</MainTypeName>	<DimensionIndex>4</DimensionIndex>	<DimensionIndex>5</DimensionIndex>	<kvValue>4</kvValue>			<RadiatorSubTypeMacro From="1" To="16">	<Name>KORAD TYP 33VK 900/{S}</Name>	<Power>4185.3</Power>	<Surface>17.83</Surface>	<Volume>13</Volume>	<Exponent>1.358</Exponent>	<EstimateCode>KORAD_33K_900_{S}</EstimateCode>	</RadiatorSubTypeMacro>	</RadiatorMainType>
</WinWattDBRadiator>

</WinWattDB>
