<?xml version="1.0" encoding="ISO-8859-2" ?>
<WinWattDB>

<WinWattDBRadiator DTLog="Yes">
  <ItemHeader>
    <Date><Year>1996</Year><Month>8</Month><Day>1</Day></Date>
    <ItemPath>KORAL</ItemPath>
    <ItemName>KORAL</ItemName>
    <HomePage></HomePage></ItemHeader>
  <DTOrigin>60</DTOrigin>
  <DimensionArray Type="Height" >
    <DimensionString>300</DimensionString>
    <DimensionString>500</DimensionString>
    <DimensionString>600</DimensionString>
    <DimensionString>900</DimensionString>
  </DimensionArray>
  <DimensionArray Type="Length" >
    <DimensionString>2</DimensionString>
    <DimensionString>3</DimensionString>
    <DimensionString>4</DimensionString>
    <DimensionString>5</DimensionString>
    <DimensionString>6</DimensionString>
    <DimensionString>7</DimensionString>
    <DimensionString>8</DimensionString>
    <DimensionString>9</DimensionString>
    <DimensionString>10</DimensionString>
    <DimensionString>11</DimensionString>
    <DimensionString>12</DimensionString>
    <DimensionString>13</DimensionString>
    <DimensionString>14</DimensionString>
    <DimensionString>15</DimensionString>
    <DimensionString>16</DimensionString>
    <DimensionString>17</DimensionString>
    <DimensionString>18</DimensionString>
    <DimensionString>19</DimensionString>
    <DimensionString>20</DimensionString>
    <DimensionString>21</DimensionString>
    <DimensionString>22</DimensionString>
    <DimensionString>23</DimensionString>
    <DimensionString>24</DimensionString>
    <DimensionString>25</DimensionString>
    <DimensionString>26</DimensionString>
    <DimensionString>27</DimensionString>
    <DimensionString>28</DimensionString>
    <DimensionString>29</DimensionString>
    <DimensionString>30</DimensionString>
  </DimensionArray>
  <RadiatorMainType>
    <MainTypeName>KORAL P-300-</MainTypeName><DimensionIndex>0</DimensionIndex><kvValue>0</kvValue>
    <RadiatorSubType><Name>KORAL P-300-2</Name>	<DimensionIndex>0</DimensionIndex>	<Power>183</Power>	<Surface>0</Surface>	<Volume>0.6</Volume>	<Exponent>1.33</Exponent>	<Current>1</Current>	<Length>110</Length>	<Height>300</Height>	<Width>0</Width>	<EstimateCode></EstimateCode></RadiatorSubType>
    <RadiatorSubType><Name>KORAL P-300-3</Name>	<DimensionIndex>1</DimensionIndex>	<Power>275</Power>	<Surface>0</Surface>	<Volume>0.9</Volume>	<Exponent>1.33</Exponent>	<Current>1</Current>	<Length>170</Length>	<Height>300</Height>	<Width>0</Width>	<EstimateCode></EstimateCode></RadiatorSubType>
    <RadiatorSubType><Name>KORAL P-300-4</Name>	<DimensionIndex>2</DimensionIndex>	<Power>366</Power>	<Surface>0</Surface>	<Volume>1.2</Volume>	<Exponent>1.33</Exponent>	<Current>1</Current>	<Length>230</Length>	<Height>300</Height>	<Width>0</Width>	<EstimateCode></EstimateCode></RadiatorSubType>
    <RadiatorSubType><Name>KORAL P-300-5</Name>	<DimensionIndex>3</DimensionIndex>	<Power>458</Power>	<Surface>0</Surface>	<Volume>1.5</Volume>	<Exponent>1.33</Exponent>	<Current>1</Current>	<Length>290</Length>	<Height>300</Height>	<Width>0</Width>	<EstimateCode></EstimateCode></RadiatorSubType>
    <RadiatorSubType><Name>KORAL P-300-6</Name>	<DimensionIndex>4</DimensionIndex>	<Power>528</Power>	<Surface>0</Surface>	<Volume>1.8</Volume>	<Exponent>1.33</Exponent>	<Current>1</Current>	<Length>350</Length>	<Height>300</Height>	<Width>0</Width>	<EstimateCode></EstimateCode></RadiatorSubType>
    <RadiatorSubType><Name>KORAL P-300-7</Name>	<DimensionIndex>5</DimensionIndex>	<Power>616</Power>	<Surface>0</Surface>	<Volume>2.1</Volume>	<Exponent>1.33</Exponent>	<Current>1</Current>	<Length>410</Length>	<Height>300</Height>	<Width>0</Width>	<EstimateCode></EstimateCode></RadiatorSubType>
    <RadiatorSubType><Name>KORAL P-300-8</Name>	<DimensionIndex>6</DimensionIndex>	<Power>704</Power>	<Surface>0</Surface>	<Volume>2.4</Volume>	<Exponent>1.33</Exponent>	<Current>1</Current>	<Length>470</Length>	<Height>300</Height>	<Width>0</Width>	<EstimateCode></EstimateCode></RadiatorSubType>
    <RadiatorSubType><Name>KORAL P-300-9</Name>	<DimensionIndex>7</DimensionIndex>	<Power>792</Power>	<Surface>0</Surface>	<Volume>2.7</Volume>	<Exponent>1.33</Exponent>	<Current>1</Current>	<Length>530</Length>	<Height>300</Height>	<Width>0</Width>	<EstimateCode></EstimateCode></RadiatorSubType>
    <RadiatorSubType><Name>KORAL P-300-10</Name>	<DimensionIndex>8</DimensionIndex>	<Power>880</Power>	<Surface>0</Surface>	<Volume>3</Volume>	<Exponent>1.33</Exponent>	<Current>1</Current>	<Length>590</Length>	<Height>300</Height>	<Width>0</Width>	<EstimateCode></EstimateCode></RadiatorSubType>
    <RadiatorSubType><Name>KORAL P-300-11</Name>	<DimensionIndex>9</DimensionIndex>	<Power>968</Power>	<Surface>0</Surface>	<Volume>3.3</Volume>	<Exponent>1.33</Exponent>	<Current>1</Current>	<Length>650</Length>	<Height>300</Height>	<Width>0</Width>	<EstimateCode></EstimateCode></RadiatorSubType>
    <RadiatorSubType><Name>KORAL P-300-12</Name>	<DimensionIndex>10</DimensionIndex>	<Power>1056</Power>	<Surface>0</Surface>	<Volume>3.6</Volume>	<Exponent>1.33</Exponent>	<Current>1</Current>	<Length>710</Length>	<Height>300</Height>	<Width>0</Width>	<EstimateCode></EstimateCode></RadiatorSubType>
    <RadiatorSubType><Name>KORAL P-300-13</Name>	<DimensionIndex>11</DimensionIndex>	<Power>1144</Power>	<Surface>0</Surface>	<Volume>3.9</Volume>	<Exponent>1.33</Exponent>	<Current>1</Current>	<Length>770</Length>	<Height>300</Height>	<Width>0</Width>	<EstimateCode></EstimateCode></RadiatorSubType>
    <RadiatorSubType><Name>KORAL P-300-14</Name>	<DimensionIndex>12</DimensionIndex>	<Power>1232</Power>	<Surface>0</Surface>	<Volume>4.2</Volume>	<Exponent>1.33</Exponent>	<Current>1</Current>	<Length>830</Length>	<Height>300</Height>	<Width>0</Width>	<EstimateCode></EstimateCode></RadiatorSubType>
    <RadiatorSubType><Name>KORAL P-300-15</Name>	<DimensionIndex>13</DimensionIndex>	<Power>1320</Power>	<Surface>0</Surface>	<Volume>4.5</Volume>	<Exponent>1.33</Exponent>	<Current>1</Current>	<Length>890</Length>	<Height>300</Height>	<Width>0</Width>	<EstimateCode></EstimateCode></RadiatorSubType>
    <RadiatorSubType><Name>KORAL P-300-16</Name>	<DimensionIndex>14</DimensionIndex>	<Power>1408</Power>	<Surface>0</Surface>	<Volume>4.8</Volume>	<Exponent>1.33</Exponent>	<Current>1</Current>	<Length>950</Length>	<Height>300</Height>	<Width>0</Width>	<EstimateCode></EstimateCode></RadiatorSubType>
    <RadiatorSubType><Name>KORAL P-300-17</Name>	<DimensionIndex>15</DimensionIndex>	<Power>1496</Power>	<Surface>0</Surface>	<Volume>5.1</Volume>	<Exponent>1.33</Exponent>	<Current>1</Current>	<Length>1010</Length>	<Height>300</Height>	<Width>0</Width>	<EstimateCode></EstimateCode></RadiatorSubType>
    <RadiatorSubType><Name>KORAL P-300-18</Name>	<DimensionIndex>16</DimensionIndex>	<Power>1584</Power>	<Surface>0</Surface>	<Volume>5.4</Volume>	<Exponent>1.33</Exponent>	<Current>1</Current>	<Length>1070</Length>	<Height>300</Height>	<Width>0</Width>	<EstimateCode></EstimateCode></RadiatorSubType>
    <RadiatorSubType><Name>KORAL P-300-19</Name>	<DimensionIndex>17</DimensionIndex>	<Power>1672</Power>	<Surface>0</Surface>	<Volume>5.7</Volume>	<Exponent>1.33</Exponent>	<Current>1</Current>	<Length>1130</Length>	<Height>300</Height>	<Width>0</Width>	<EstimateCode></EstimateCode></RadiatorSubType>
    <RadiatorSubType><Name>KORAL P-300-20</Name>	<DimensionIndex>18</DimensionIndex>	<Power>1760</Power>	<Surface>0</Surface>	<Volume>6</Volume>	<Exponent>1.33</Exponent>	<Current>1</Current>	<Length>1190</Length>	<Height>300</Height>	<Width>0</Width>	<EstimateCode></EstimateCode></RadiatorSubType>
    <RadiatorSubType><Name>KORAL P-300-21</Name>	<DimensionIndex>19</DimensionIndex>	<Power>1774</Power>	<Surface>0</Surface>	<Volume>6.3</Volume>	<Exponent>1.33</Exponent>	<Current>1</Current>	<Length>1250</Length>	<Height>300</Height>	<Width>0</Width>	<EstimateCode></EstimateCode></RadiatorSubType>
    <RadiatorSubType><Name>KORAL P-300-22</Name>	<DimensionIndex>20</DimensionIndex>	<Power>1859</Power>	<Surface>0</Surface>	<Volume>6.6</Volume>	<Exponent>1.33</Exponent>	<Current>1</Current>	<Length>1310</Length>	<Height>300</Height>	<Width>0</Width>	<EstimateCode></EstimateCode></RadiatorSubType>
    <RadiatorSubType><Name>KORAL P-300-23</Name>	<DimensionIndex>21</DimensionIndex>	<Power>1943</Power>	<Surface>0</Surface>	<Volume>6.9</Volume>	<Exponent>1.33</Exponent>	<Current>1</Current>	<Length>1370</Length>	<Height>300</Height>	<Width>0</Width>	<EstimateCode></EstimateCode></RadiatorSubType>
    <RadiatorSubType><Name>KORAL P-300-24</Name>	<DimensionIndex>22</DimensionIndex>	<Power>2028</Power>	<Surface>0</Surface>	<Volume>7.2</Volume>	<Exponent>1.33</Exponent>	<Current>1</Current>	<Length>1430</Length>	<Height>300</Height>	<Width>0</Width>	<EstimateCode></EstimateCode></RadiatorSubType>
    <RadiatorSubType><Name>KORAL P-300-25</Name>	<DimensionIndex>23</DimensionIndex>	<Power>2112</Power>	<Surface>0</Surface>	<Volume>7.5</Volume>	<Exponent>1.33</Exponent>	<Current>1</Current>	<Length>1490</Length>	<Height>300</Height>	<Width>0</Width>	<EstimateCode></EstimateCode></RadiatorSubType>
    <RadiatorSubType><Name>KORAL P-300-26</Name>	<DimensionIndex>24</DimensionIndex>	<Power>2196</Power>	<Surface>0</Surface>	<Volume>7.8</Volume>	<Exponent>1.33</Exponent>	<Current>1</Current>	<Length>1550</Length>	<Height>300</Height>	<Width>0</Width>	<EstimateCode></EstimateCode></RadiatorSubType>
    <RadiatorSubType><Name>KORAL P-300-27</Name>	<DimensionIndex>25</DimensionIndex>	<Power>2281</Power>	<Surface>0</Surface>	<Volume>8.1</Volume>	<Exponent>1.33</Exponent>	<Current>1</Current>	<Length>1610</Length>	<Height>300</Height>	<Width>0</Width>	<EstimateCode></EstimateCode></RadiatorSubType>
    <RadiatorSubType><Name>KORAL P-300-28</Name>	<DimensionIndex>26</DimensionIndex>	<Power>2365</Power>	<Surface>0</Surface>	<Volume>8.4</Volume>	<Exponent>1.33</Exponent>	<Current>1</Current>	<Length>1670</Length>	<Height>300</Height>	<Width>0</Width>	<EstimateCode></EstimateCode></RadiatorSubType>
    <RadiatorSubType><Name>KORAL P-300-29</Name>	<DimensionIndex>27</DimensionIndex>	<Power>2450</Power>	<Surface>0</Surface>	<Volume>8.7</Volume>	<Exponent>1.33</Exponent>	<Current>1</Current>	<Length>1730</Length>	<Height>300</Height>	<Width>0</Width>	<EstimateCode></EstimateCode></RadiatorSubType>
    <RadiatorSubType><Name>KORAL P-300-30</Name>	<DimensionIndex>28</DimensionIndex>	<Power>2534</Power>	<Surface>0</Surface>	<Volume>9</Volume>	<Exponent>1.33</Exponent>	<Current>1</Current>	<Length>1790</Length>	<Height>300</Height>	<Width>0</Width>	<EstimateCode></EstimateCode></RadiatorSubType>
  </RadiatorMainType>
  <RadiatorMainType>
    <MainTypeName>KORAL P-500-</MainTypeName><DimensionIndex>1</DimensionIndex><kvValue>0</kvValue>
    <RadiatorSubType><Name>KORAL P-500-2</Name>	<DimensionIndex>0</DimensionIndex>	<Power>268</Power>	<Surface>0</Surface>	<Volume>0.94</Volume>	<Exponent>1.33</Exponent>	<Current>1</Current>	<Length>110</Length>	<Height>500</Height>	<Width>0</Width>	<EstimateCode></EstimateCode></RadiatorSubType>
    <RadiatorSubType><Name>KORAL P-500-3</Name>	<DimensionIndex>1</DimensionIndex>	<Power>402</Power>	<Surface>0</Surface>	<Volume>1.41</Volume>	<Exponent>1.33</Exponent>	<Current>1</Current>	<Length>170</Length>	<Height>500</Height>	<Width>0</Width>	<EstimateCode></EstimateCode></RadiatorSubType>
    <RadiatorSubType><Name>KORAL P-500-4</Name>	<DimensionIndex>2</DimensionIndex>	<Power>537</Power>	<Surface>0</Surface>	<Volume>1.88</Volume>	<Exponent>1.33</Exponent>	<Current>1</Current>	<Length>230</Length>	<Height>500</Height>	<Width>0</Width>	<EstimateCode></EstimateCode></RadiatorSubType>
    <RadiatorSubType><Name>KORAL P-500-5</Name>	<DimensionIndex>3</DimensionIndex>	<Power>671</Power>	<Surface>0</Surface>	<Volume>2.35</Volume>	<Exponent>1.33</Exponent>	<Current>1</Current>	<Length>290</Length>	<Height>500</Height>	<Width>0</Width>	<EstimateCode></EstimateCode></RadiatorSubType>
    <RadiatorSubType><Name>KORAL P-500-6</Name>	<DimensionIndex>4</DimensionIndex>	<Power>774</Power>	<Surface>0</Surface>	<Volume>2.82</Volume>	<Exponent>1.33</Exponent>	<Current>1</Current>	<Length>350</Length>	<Height>500</Height>	<Width>0</Width>	<EstimateCode></EstimateCode></RadiatorSubType>
    <RadiatorSubType><Name>KORAL P-500-7</Name>	<DimensionIndex>5</DimensionIndex>	<Power>903</Power>	<Surface>0</Surface>	<Volume>3.29</Volume>	<Exponent>1.33</Exponent>	<Current>1</Current>	<Length>410</Length>	<Height>500</Height>	<Width>0</Width>	<EstimateCode></EstimateCode></RadiatorSubType>
    <RadiatorSubType><Name>KORAL P-500-8</Name>	<DimensionIndex>6</DimensionIndex>	<Power>1032</Power>	<Surface>0</Surface>	<Volume>3.76</Volume>	<Exponent>1.33</Exponent>	<Current>1</Current>	<Length>470</Length>	<Height>500</Height>	<Width>0</Width>	<EstimateCode></EstimateCode></RadiatorSubType>
    <RadiatorSubType><Name>KORAL P-500-9</Name>	<DimensionIndex>7</DimensionIndex>	<Power>1161</Power>	<Surface>0</Surface>	<Volume>4.23</Volume>	<Exponent>1.33</Exponent>	<Current>1</Current>	<Length>530</Length>	<Height>500</Height>	<Width>0</Width>	<EstimateCode></EstimateCode></RadiatorSubType>
    <RadiatorSubType><Name>KORAL P-500-10</Name>	<DimensionIndex>8</DimensionIndex>	<Power>1290</Power>	<Surface>0</Surface>	<Volume>4.7</Volume>	<Exponent>1.33</Exponent>	<Current>1</Current>	<Length>590</Length>	<Height>500</Height>	<Width>0</Width>	<EstimateCode></EstimateCode></RadiatorSubType>
    <RadiatorSubType><Name>KORAL P-500-11</Name>	<DimensionIndex>9</DimensionIndex>	<Power>1419</Power>	<Surface>0</Surface>	<Volume>5.17</Volume>	<Exponent>1.33</Exponent>	<Current>1</Current>	<Length>650</Length>	<Height>500</Height>	<Width>0</Width>	<EstimateCode></EstimateCode></RadiatorSubType>
    <RadiatorSubType><Name>KORAL P-500-12</Name>	<DimensionIndex>10</DimensionIndex>	<Power>1548</Power>	<Surface>0</Surface>	<Volume>5.64</Volume>	<Exponent>1.33</Exponent>	<Current>1</Current>	<Length>710</Length>	<Height>500</Height>	<Width>0</Width>	<EstimateCode></EstimateCode></RadiatorSubType>
    <RadiatorSubType><Name>KORAL P-500-13</Name>	<DimensionIndex>11</DimensionIndex>	<Power>1677</Power>	<Surface>0</Surface>	<Volume>6.11</Volume>	<Exponent>1.33</Exponent>	<Current>1</Current>	<Length>770</Length>	<Height>500</Height>	<Width>0</Width>	<EstimateCode></EstimateCode></RadiatorSubType>
    <RadiatorSubType><Name>KORAL P-500-14</Name>	<DimensionIndex>12</DimensionIndex>	<Power>1806</Power>	<Surface>0</Surface>	<Volume>6.58</Volume>	<Exponent>1.33</Exponent>	<Current>1</Current>	<Length>830</Length>	<Height>500</Height>	<Width>0</Width>	<EstimateCode></EstimateCode></RadiatorSubType>
    <RadiatorSubType><Name>KORAL P-500-15</Name>	<DimensionIndex>13</DimensionIndex>	<Power>1935</Power>	<Surface>0</Surface>	<Volume>7.05</Volume>	<Exponent>1.33</Exponent>	<Current>1</Current>	<Length>890</Length>	<Height>500</Height>	<Width>0</Width>	<EstimateCode></EstimateCode></RadiatorSubType>
    <RadiatorSubType><Name>KORAL P-500-16</Name>	<DimensionIndex>14</DimensionIndex>	<Power>2064</Power>	<Surface>0</Surface>	<Volume>7.52</Volume>	<Exponent>1.33</Exponent>	<Current>1</Current>	<Length>950</Length>	<Height>500</Height>	<Width>0</Width>	<EstimateCode></EstimateCode></RadiatorSubType>
    <RadiatorSubType><Name>KORAL P-500-17</Name>	<DimensionIndex>15</DimensionIndex>	<Power>2193</Power>	<Surface>0</Surface>	<Volume>7.99</Volume>	<Exponent>1.33</Exponent>	<Current>1</Current>	<Length>1010</Length>	<Height>500</Height>	<Width>0</Width>	<EstimateCode></EstimateCode></RadiatorSubType>
    <RadiatorSubType><Name>KORAL P-500-18</Name>	<DimensionIndex>16</DimensionIndex>	<Power>2322</Power>	<Surface>0</Surface>	<Volume>8.46</Volume>	<Exponent>1.33</Exponent>	<Current>1</Current>	<Length>1070</Length>	<Height>500</Height>	<Width>0</Width>	<EstimateCode></EstimateCode></RadiatorSubType>
    <RadiatorSubType><Name>KORAL P-500-19</Name>	<DimensionIndex>17</DimensionIndex>	<Power>2451</Power>	<Surface>0</Surface>	<Volume>8.93</Volume>	<Exponent>1.33</Exponent>	<Current>1</Current>	<Length>1130</Length>	<Height>500</Height>	<Width>0</Width>	<EstimateCode></EstimateCode></RadiatorSubType>
    <RadiatorSubType><Name>KORAL P-500-20</Name>	<DimensionIndex>18</DimensionIndex>	<Power>2580</Power>	<Surface>0</Surface>	<Volume>9.4</Volume>	<Exponent>1.33</Exponent>	<Current>1</Current>	<Length>1190</Length>	<Height>500</Height>	<Width>0</Width>	<EstimateCode></EstimateCode></RadiatorSubType>
    <RadiatorSubType><Name>KORAL P-500-21</Name>	<DimensionIndex>19</DimensionIndex>	<Power>2601</Power>	<Surface>0</Surface>	<Volume>9.87</Volume>	<Exponent>1.33</Exponent>	<Current>1</Current>	<Length>1250</Length>	<Height>500</Height>	<Width>0</Width>	<EstimateCode></EstimateCode></RadiatorSubType>
    <RadiatorSubType><Name>KORAL P-500-22</Name>	<DimensionIndex>20</DimensionIndex>	<Power>2724</Power>	<Surface>0</Surface>	<Volume>10.34</Volume>	<Exponent>1.33</Exponent>	<Current>1</Current>	<Length>1310</Length>	<Height>500</Height>	<Width>0</Width>	<EstimateCode></EstimateCode></RadiatorSubType>
    <RadiatorSubType><Name>KORAL P-500-23</Name>	<DimensionIndex>21</DimensionIndex>	<Power>2848</Power>	<Surface>0</Surface>	<Volume>10.81</Volume>	<Exponent>1.33</Exponent>	<Current>1</Current>	<Length>1370</Length>	<Height>500</Height>	<Width>0</Width>	<EstimateCode></EstimateCode></RadiatorSubType>
    <RadiatorSubType><Name>KORAL P-500-24</Name>	<DimensionIndex>22</DimensionIndex>	<Power>2972</Power>	<Surface>0</Surface>	<Volume>11.28</Volume>	<Exponent>1.33</Exponent>	<Current>1</Current>	<Length>1430</Length>	<Height>500</Height>	<Width>0</Width>	<EstimateCode></EstimateCode></RadiatorSubType>
    <RadiatorSubType><Name>KORAL P-500-25</Name>	<DimensionIndex>23</DimensionIndex>	<Power>3096</Power>	<Surface>0</Surface>	<Volume>11.75</Volume>	<Exponent>1.33</Exponent>	<Current>1</Current>	<Length>1490</Length>	<Height>500</Height>	<Width>0</Width>	<EstimateCode></EstimateCode></RadiatorSubType>
    <RadiatorSubType><Name>KORAL P-500-26</Name>	<DimensionIndex>24</DimensionIndex>	<Power>3220</Power>	<Surface>0</Surface>	<Volume>12.22</Volume>	<Exponent>1.33</Exponent>	<Current>1</Current>	<Length>1550</Length>	<Height>500</Height>	<Width>0</Width>	<EstimateCode></EstimateCode></RadiatorSubType>
    <RadiatorSubType><Name>KORAL P-500-27</Name>	<DimensionIndex>25</DimensionIndex>	<Power>3344</Power>	<Surface>0</Surface>	<Volume>12.69</Volume>	<Exponent>1.33</Exponent>	<Current>1</Current>	<Length>1610</Length>	<Height>500</Height>	<Width>0</Width>	<EstimateCode></EstimateCode></RadiatorSubType>
    <RadiatorSubType><Name>KORAL P-500-28</Name>	<DimensionIndex>26</DimensionIndex>	<Power>3468</Power>	<Surface>0</Surface>	<Volume>13.16</Volume>	<Exponent>1.33</Exponent>	<Current>1</Current>	<Length>1670</Length>	<Height>500</Height>	<Width>0</Width>	<EstimateCode></EstimateCode></RadiatorSubType>
    <RadiatorSubType><Name>KORAL P-500-29</Name>	<DimensionIndex>27</DimensionIndex>	<Power>3591</Power>	<Surface>0</Surface>	<Volume>13.63</Volume>	<Exponent>1.33</Exponent>	<Current>1</Current>	<Length>1730</Length>	<Height>500</Height>	<Width>0</Width>	<EstimateCode></EstimateCode></RadiatorSubType>
    <RadiatorSubType><Name>KORAL P-500-30</Name>	<DimensionIndex>28</DimensionIndex>	<Power>3715</Power>	<Surface>0</Surface>	<Volume>14.1</Volume>	<Exponent>1.33</Exponent>	<Current>1</Current>	<Length>1790</Length>	<Height>500</Height>	<Width>0</Width>	<EstimateCode></EstimateCode></RadiatorSubType>
  </RadiatorMainType>
  <RadiatorMainType>
    <MainTypeName>KORAL P-600-</MainTypeName><DimensionIndex>2</DimensionIndex><kvValue>0</kvValue>
    <RadiatorSubType><Name>KORAL P-600-2</Name>	<DimensionIndex>0</DimensionIndex>	<Power>318</Power>	<Surface>0</Surface>	<Volume>1.1</Volume>	<Exponent>1.33</Exponent>	<Current>1</Current>	<Length>110</Length>	<Height>600</Height>	<Width>0</Width>	<EstimateCode></EstimateCode></RadiatorSubType>
    <RadiatorSubType><Name>KORAL P-600-3</Name>	<DimensionIndex>1</DimensionIndex>	<Power>477</Power>	<Surface>0</Surface>	<Volume>1.65</Volume>	<Exponent>1.33</Exponent>	<Current>1</Current>	<Length>170</Length>	<Height>600</Height>	<Width>0</Width>	<EstimateCode></EstimateCode></RadiatorSubType>
    <RadiatorSubType><Name>KORAL P-600-4</Name>	<DimensionIndex>2</DimensionIndex>	<Power>636</Power>	<Surface>0</Surface>	<Volume>2.2</Volume>	<Exponent>1.33</Exponent>	<Current>1</Current>	<Length>230</Length>	<Height>600</Height>	<Width>0</Width>	<EstimateCode></EstimateCode></RadiatorSubType>
    <RadiatorSubType><Name>KORAL P-600-5</Name>	<DimensionIndex>3</DimensionIndex>	<Power>796</Power>	<Surface>0</Surface>	<Volume>2.75</Volume>	<Exponent>1.33</Exponent>	<Current>1</Current>	<Length>290</Length>	<Height>600</Height>	<Width>0</Width>	<EstimateCode></EstimateCode></RadiatorSubType>
    <RadiatorSubType><Name>KORAL P-600-6</Name>	<DimensionIndex>4</DimensionIndex>	<Power>918</Power>	<Surface>0</Surface>	<Volume>3.3</Volume>	<Exponent>1.33</Exponent>	<Current>1</Current>	<Length>350</Length>	<Height>600</Height>	<Width>0</Width>	<EstimateCode></EstimateCode></RadiatorSubType>
    <RadiatorSubType><Name>KORAL P-600-7</Name>	<DimensionIndex>5</DimensionIndex>	<Power>1071</Power>	<Surface>0</Surface>	<Volume>3.85</Volume>	<Exponent>1.33</Exponent>	<Current>1</Current>	<Length>410</Length>	<Height>600</Height>	<Width>0</Width>	<EstimateCode></EstimateCode></RadiatorSubType>
    <RadiatorSubType><Name>KORAL P-600-8</Name>	<DimensionIndex>6</DimensionIndex>	<Power>1224</Power>	<Surface>0</Surface>	<Volume>4.4</Volume>	<Exponent>1.33</Exponent>	<Current>1</Current>	<Length>470</Length>	<Height>600</Height>	<Width>0</Width>	<EstimateCode></EstimateCode></RadiatorSubType>
    <RadiatorSubType><Name>KORAL P-600-9</Name>	<DimensionIndex>7</DimensionIndex>	<Power>1377</Power>	<Surface>0</Surface>	<Volume>4.95</Volume>	<Exponent>1.33</Exponent>	<Current>1</Current>	<Length>530</Length>	<Height>600</Height>	<Width>0</Width>	<EstimateCode></EstimateCode></RadiatorSubType>
    <RadiatorSubType><Name>KORAL P-600-10</Name>	<DimensionIndex>8</DimensionIndex>	<Power>1530</Power>	<Surface>0</Surface>	<Volume>5.5</Volume>	<Exponent>1.33</Exponent>	<Current>1</Current>	<Length>590</Length>	<Height>600</Height>	<Width>0</Width>	<EstimateCode></EstimateCode></RadiatorSubType>
    <RadiatorSubType><Name>KORAL P-600-11</Name>	<DimensionIndex>9</DimensionIndex>	<Power>1683</Power>	<Surface>0</Surface>	<Volume>6.05</Volume>	<Exponent>1.33</Exponent>	<Current>1</Current>	<Length>650</Length>	<Height>600</Height>	<Width>0</Width>	<EstimateCode></EstimateCode></RadiatorSubType>
    <RadiatorSubType><Name>KORAL P-600-12</Name>	<DimensionIndex>10</DimensionIndex>	<Power>1836</Power>	<Surface>0</Surface>	<Volume>6.6</Volume>	<Exponent>1.33</Exponent>	<Current>1</Current>	<Length>710</Length>	<Height>600</Height>	<Width>0</Width>	<EstimateCode></EstimateCode></RadiatorSubType>
    <RadiatorSubType><Name>KORAL P-600-13</Name>	<DimensionIndex>11</DimensionIndex>	<Power>1989</Power>	<Surface>0</Surface>	<Volume>7.15</Volume>	<Exponent>1.33</Exponent>	<Current>1</Current>	<Length>770</Length>	<Height>600</Height>	<Width>0</Width>	<EstimateCode></EstimateCode></RadiatorSubType>
    <RadiatorSubType><Name>KORAL P-600-14</Name>	<DimensionIndex>12</DimensionIndex>	<Power>2142</Power>	<Surface>0</Surface>	<Volume>7.7</Volume>	<Exponent>1.33</Exponent>	<Current>1</Current>	<Length>830</Length>	<Height>600</Height>	<Width>0</Width>	<EstimateCode></EstimateCode></RadiatorSubType>
    <RadiatorSubType><Name>KORAL P-600-15</Name>	<DimensionIndex>13</DimensionIndex>	<Power>2295</Power>	<Surface>0</Surface>	<Volume>8.25</Volume>	<Exponent>1.33</Exponent>	<Current>1</Current>	<Length>890</Length>	<Height>600</Height>	<Width>0</Width>	<EstimateCode></EstimateCode></RadiatorSubType>
    <RadiatorSubType><Name>KORAL P-600-16</Name>	<DimensionIndex>14</DimensionIndex>	<Power>2448</Power>	<Surface>0</Surface>	<Volume>8.8</Volume>	<Exponent>1.33</Exponent>	<Current>1</Current>	<Length>950</Length>	<Height>600</Height>	<Width>0</Width>	<EstimateCode></EstimateCode></RadiatorSubType>
    <RadiatorSubType><Name>KORAL P-600-17</Name>	<DimensionIndex>15</DimensionIndex>	<Power>2601</Power>	<Surface>0</Surface>	<Volume>9.35</Volume>	<Exponent>1.33</Exponent>	<Current>1</Current>	<Length>1010</Length>	<Height>600</Height>	<Width>0</Width>	<EstimateCode></EstimateCode></RadiatorSubType>
    <RadiatorSubType><Name>KORAL P-600-18</Name>	<DimensionIndex>16</DimensionIndex>	<Power>2754</Power>	<Surface>0</Surface>	<Volume>9.9</Volume>	<Exponent>1.33</Exponent>	<Current>1</Current>	<Length>1070</Length>	<Height>600</Height>	<Width>0</Width>	<EstimateCode></EstimateCode></RadiatorSubType>
    <RadiatorSubType><Name>KORAL P-600-19</Name>	<DimensionIndex>17</DimensionIndex>	<Power>2907</Power>	<Surface>0</Surface>	<Volume>10.45</Volume>	<Exponent>1.33</Exponent>	<Current>1</Current>	<Length>1130</Length>	<Height>600</Height>	<Width>0</Width>	<EstimateCode></EstimateCode></RadiatorSubType>
    <RadiatorSubType><Name>KORAL P-600-20</Name>	<DimensionIndex>18</DimensionIndex>	<Power>3060</Power>	<Surface>0</Surface>	<Volume>11</Volume>	<Exponent>1.33</Exponent>	<Current>1</Current>	<Length>1190</Length>	<Height>600</Height>	<Width>0</Width>	<EstimateCode></EstimateCode></RadiatorSubType>
    <RadiatorSubType><Name>KORAL P-600-21</Name>	<DimensionIndex>19</DimensionIndex>	<Power>3084</Power>	<Surface>0</Surface>	<Volume>11.55</Volume>	<Exponent>1.33</Exponent>	<Current>1</Current>	<Length>1250</Length>	<Height>600</Height>	<Width>0</Width>	<EstimateCode></EstimateCode></RadiatorSubType>
    <RadiatorSubType><Name>KORAL P-600-22</Name>	<DimensionIndex>20</DimensionIndex>	<Power>3231</Power>	<Surface>0</Surface>	<Volume>12.1</Volume>	<Exponent>1.33</Exponent>	<Current>1</Current>	<Length>1310</Length>	<Height>600</Height>	<Width>0</Width>	<EstimateCode></EstimateCode></RadiatorSubType>
    <RadiatorSubType><Name>KORAL P-600-23</Name>	<DimensionIndex>21</DimensionIndex>	<Power>3378</Power>	<Surface>0</Surface>	<Volume>12.65</Volume>	<Exponent>1.33</Exponent>	<Current>1</Current>	<Length>1370</Length>	<Height>600</Height>	<Width>0</Width>	<EstimateCode></EstimateCode></RadiatorSubType>
    <RadiatorSubType><Name>KORAL P-600-24</Name>	<DimensionIndex>22</DimensionIndex>	<Power>3525</Power>	<Surface>0</Surface>	<Volume>13.2</Volume>	<Exponent>1.33</Exponent>	<Current>1</Current>	<Length>1430</Length>	<Height>600</Height>	<Width>0</Width>	<EstimateCode></EstimateCode></RadiatorSubType>
    <RadiatorSubType><Name>KORAL P-600-25</Name>	<DimensionIndex>23</DimensionIndex>	<Power>3672</Power>	<Surface>0</Surface>	<Volume>13.75</Volume>	<Exponent>1.33</Exponent>	<Current>1</Current>	<Length>1490</Length>	<Height>600</Height>	<Width>0</Width>	<EstimateCode></EstimateCode></RadiatorSubType>
    <RadiatorSubType><Name>KORAL P-600-26</Name>	<DimensionIndex>24</DimensionIndex>	<Power>3819</Power>	<Surface>0</Surface>	<Volume>14.3</Volume>	<Exponent>1.33</Exponent>	<Current>1</Current>	<Length>1550</Length>	<Height>600</Height>	<Width>0</Width>	<EstimateCode></EstimateCode></RadiatorSubType>
    <RadiatorSubType><Name>KORAL P-600-27</Name>	<DimensionIndex>25</DimensionIndex>	<Power>3966</Power>	<Surface>0</Surface>	<Volume>14.85</Volume>	<Exponent>1.33</Exponent>	<Current>1</Current>	<Length>1610</Length>	<Height>600</Height>	<Width>0</Width>	<EstimateCode></EstimateCode></RadiatorSubType>
    <RadiatorSubType><Name>KORAL P-600-28</Name>	<DimensionIndex>26</DimensionIndex>	<Power>4113</Power>	<Surface>0</Surface>	<Volume>15.4</Volume>	<Exponent>1.33</Exponent>	<Current>1</Current>	<Length>1670</Length>	<Height>600</Height>	<Width>0</Width>	<EstimateCode></EstimateCode></RadiatorSubType>
    <RadiatorSubType><Name>KORAL P-600-29</Name>	<DimensionIndex>27</DimensionIndex>	<Power>4260</Power>	<Surface>0</Surface>	<Volume>15.95</Volume>	<Exponent>1.33</Exponent>	<Current>1</Current>	<Length>1730</Length>	<Height>600</Height>	<Width>0</Width>	<EstimateCode></EstimateCode></RadiatorSubType>
    <RadiatorSubType><Name>KORAL P-600-30</Name>	<DimensionIndex>28</DimensionIndex>	<Power>4406</Power>	<Surface>0</Surface>	<Volume>16.5</Volume>	<Exponent>1.33</Exponent>	<Current>1</Current>	<Length>1790</Length>	<Height>600</Height>	<Width>0</Width>	<EstimateCode></EstimateCode></RadiatorSubType>
  </RadiatorMainType>
  <RadiatorMainType>
    <MainTypeName>KORAL P-900-</MainTypeName><DimensionIndex>3</DimensionIndex><kvValue>0</kvValue>
    <RadiatorSubType><Name>KORAL P-900-2</Name>	<DimensionIndex>0</DimensionIndex>	<Power>437</Power>	<Surface>0</Surface>	<Volume>1.6</Volume>	<Exponent>1.33</Exponent>	<Current>1</Current>	<Length>110</Length>	<Height>900</Height>	<Width>0</Width>	<EstimateCode></EstimateCode></RadiatorSubType>
    <RadiatorSubType><Name>KORAL P-900-3</Name>	<DimensionIndex>1</DimensionIndex>	<Power>655</Power>	<Surface>0</Surface>	<Volume>2.4</Volume>	<Exponent>1.33</Exponent>	<Current>1</Current>	<Length>170</Length>	<Height>900</Height>	<Width>0</Width>	<EstimateCode></EstimateCode></RadiatorSubType>
    <RadiatorSubType><Name>KORAL P-900-4</Name>	<DimensionIndex>2</DimensionIndex>	<Power>874</Power>	<Surface>0</Surface>	<Volume>3.2</Volume>	<Exponent>1.33</Exponent>	<Current>1</Current>	<Length>230</Length>	<Height>900</Height>	<Width>0</Width>	<EstimateCode></EstimateCode></RadiatorSubType>
    <RadiatorSubType><Name>KORAL P-900-5</Name>	<DimensionIndex>3</DimensionIndex>	<Power>1092</Power>	<Surface>0</Surface>	<Volume>4</Volume>	<Exponent>1.33</Exponent>	<Current>1</Current>	<Length>290</Length>	<Height>900</Height>	<Width>0</Width>	<EstimateCode></EstimateCode></RadiatorSubType>
    <RadiatorSubType><Name>KORAL P-900-6</Name>	<DimensionIndex>4</DimensionIndex>	<Power>1260</Power>	<Surface>0</Surface>	<Volume>4.8</Volume>	<Exponent>1.33</Exponent>	<Current>1</Current>	<Length>350</Length>	<Height>900</Height>	<Width>0</Width>	<EstimateCode></EstimateCode></RadiatorSubType>
    <RadiatorSubType><Name>KORAL P-900-7</Name>	<DimensionIndex>5</DimensionIndex>	<Power>1470</Power>	<Surface>0</Surface>	<Volume>5.6</Volume>	<Exponent>1.33</Exponent>	<Current>1</Current>	<Length>410</Length>	<Height>900</Height>	<Width>0</Width>	<EstimateCode></EstimateCode></RadiatorSubType>
    <RadiatorSubType><Name>KORAL P-900-8</Name>	<DimensionIndex>6</DimensionIndex>	<Power>1680</Power>	<Surface>0</Surface>	<Volume>6.4</Volume>	<Exponent>1.33</Exponent>	<Current>1</Current>	<Length>470</Length>	<Height>900</Height>	<Width>0</Width>	<EstimateCode></EstimateCode></RadiatorSubType>
    <RadiatorSubType><Name>KORAL P-900-9</Name>	<DimensionIndex>7</DimensionIndex>	<Power>1890</Power>	<Surface>0</Surface>	<Volume>7.2</Volume>	<Exponent>1.33</Exponent>	<Current>1</Current>	<Length>530</Length>	<Height>900</Height>	<Width>0</Width>	<EstimateCode></EstimateCode></RadiatorSubType>
    <RadiatorSubType><Name>KORAL P-900-10</Name>	<DimensionIndex>8</DimensionIndex>	<Power>2100</Power>	<Surface>0</Surface>	<Volume>8</Volume>	<Exponent>1.33</Exponent>	<Current>1</Current>	<Length>590</Length>	<Height>900</Height>	<Width>0</Width>	<EstimateCode></EstimateCode></RadiatorSubType>
    <RadiatorSubType><Name>KORAL P-900-11</Name>	<DimensionIndex>9</DimensionIndex>	<Power>2310</Power>	<Surface>0</Surface>	<Volume>8.8</Volume>	<Exponent>1.33</Exponent>	<Current>1</Current>	<Length>650</Length>	<Height>900</Height>	<Width>0</Width>	<EstimateCode></EstimateCode></RadiatorSubType>
    <RadiatorSubType><Name>KORAL P-900-12</Name>	<DimensionIndex>10</DimensionIndex>	<Power>2520</Power>	<Surface>0</Surface>	<Volume>9.6</Volume>	<Exponent>1.33</Exponent>	<Current>1</Current>	<Length>710</Length>	<Height>900</Height>	<Width>0</Width>	<EstimateCode></EstimateCode></RadiatorSubType>
    <RadiatorSubType><Name>KORAL P-900-13</Name>	<DimensionIndex>11</DimensionIndex>	<Power>2730</Power>	<Surface>0</Surface>	<Volume>10.4</Volume>	<Exponent>1.33</Exponent>	<Current>1</Current>	<Length>770</Length>	<Height>900</Height>	<Width>0</Width>	<EstimateCode></EstimateCode></RadiatorSubType>
    <RadiatorSubType><Name>KORAL P-900-14</Name>	<DimensionIndex>12</DimensionIndex>	<Power>2940</Power>	<Surface>0</Surface>	<Volume>11.2</Volume>	<Exponent>1.33</Exponent>	<Current>1</Current>	<Length>830</Length>	<Height>900</Height>	<Width>0</Width>	<EstimateCode></EstimateCode></RadiatorSubType>
    <RadiatorSubType><Name>KORAL P-900-15</Name>	<DimensionIndex>13</DimensionIndex>	<Power>3150</Power>	<Surface>0</Surface>	<Volume>12</Volume>	<Exponent>1.33</Exponent>	<Current>1</Current>	<Length>890</Length>	<Height>900</Height>	<Width>0</Width>	<EstimateCode></EstimateCode></RadiatorSubType>
    <RadiatorSubType><Name>KORAL P-900-16</Name>	<DimensionIndex>14</DimensionIndex>	<Power>3360</Power>	<Surface>0</Surface>	<Volume>12.8</Volume>	<Exponent>1.33</Exponent>	<Current>1</Current>	<Length>950</Length>	<Height>900</Height>	<Width>0</Width>	<EstimateCode></EstimateCode></RadiatorSubType>
    <RadiatorSubType><Name>KORAL P-900-17</Name>	<DimensionIndex>15</DimensionIndex>	<Power>3570</Power>	<Surface>0</Surface>	<Volume>13.6</Volume>	<Exponent>1.33</Exponent>	<Current>1</Current>	<Length>1010</Length>	<Height>900</Height>	<Width>0</Width>	<EstimateCode></EstimateCode></RadiatorSubType>
    <RadiatorSubType><Name>KORAL P-900-18</Name>	<DimensionIndex>16</DimensionIndex>	<Power>3780</Power>	<Surface>0</Surface>	<Volume>14.4</Volume>	<Exponent>1.33</Exponent>	<Current>1</Current>	<Length>1070</Length>	<Height>900</Height>	<Width>0</Width>	<EstimateCode></EstimateCode></RadiatorSubType>
    <RadiatorSubType><Name>KORAL P-900-19</Name>	<DimensionIndex>17</DimensionIndex>	<Power>3990</Power>	<Surface>0</Surface>	<Volume>15.2</Volume>	<Exponent>1.33</Exponent>	<Current>1</Current>	<Length>1130</Length>	<Height>900</Height>	<Width>0</Width>	<EstimateCode></EstimateCode></RadiatorSubType>
    <RadiatorSubType><Name>KORAL P-900-20</Name>	<DimensionIndex>18</DimensionIndex>	<Power>4200</Power>	<Surface>0</Surface>	<Volume>16</Volume>	<Exponent>1.33</Exponent>	<Current>1</Current>	<Length>1190</Length>	<Height>900</Height>	<Width>0</Width>	<EstimateCode></EstimateCode></RadiatorSubType>
    <RadiatorSubType><Name>KORAL P-900-21</Name>	<DimensionIndex>19</DimensionIndex>	<Power>4234</Power>	<Surface>0</Surface>	<Volume>16.8</Volume>	<Exponent>1.33</Exponent>	<Current>1</Current>	<Length>1250</Length>	<Height>900</Height>	<Width>0</Width>	<EstimateCode></EstimateCode></RadiatorSubType>
    <RadiatorSubType><Name>KORAL P-900-22</Name>	<DimensionIndex>20</DimensionIndex>	<Power>4435</Power>	<Surface>0</Surface>	<Volume>17.6</Volume>	<Exponent>1.33</Exponent>	<Current>1</Current>	<Length>1310</Length>	<Height>900</Height>	<Width>0</Width>	<EstimateCode></EstimateCode></RadiatorSubType>
    <RadiatorSubType><Name>KORAL P-900-23</Name>	<DimensionIndex>21</DimensionIndex>	<Power>4637</Power>	<Surface>0</Surface>	<Volume>18.4</Volume>	<Exponent>1.33</Exponent>	<Current>1</Current>	<Length>1370</Length>	<Height>900</Height>	<Width>0</Width>	<EstimateCode></EstimateCode></RadiatorSubType>
    <RadiatorSubType><Name>KORAL P-900-24</Name>	<DimensionIndex>22</DimensionIndex>	<Power>4838</Power>	<Surface>0</Surface>	<Volume>19.2</Volume>	<Exponent>1.33</Exponent>	<Current>1</Current>	<Length>1430</Length>	<Height>900</Height>	<Width>0</Width>	<EstimateCode></EstimateCode></RadiatorSubType>
    <RadiatorSubType><Name>KORAL P-900-25</Name>	<DimensionIndex>23</DimensionIndex>	<Power>5040</Power>	<Surface>0</Surface>	<Volume>20</Volume>	<Exponent>1.33</Exponent>	<Current>1</Current>	<Length>1490</Length>	<Height>900</Height>	<Width>0</Width>	<EstimateCode></EstimateCode></RadiatorSubType>
    <RadiatorSubType><Name>KORAL P-900-26</Name>	<DimensionIndex>24</DimensionIndex>	<Power>5242</Power>	<Surface>0</Surface>	<Volume>20.8</Volume>	<Exponent>1.33</Exponent>	<Current>1</Current>	<Length>1550</Length>	<Height>900</Height>	<Width>0</Width>	<EstimateCode></EstimateCode></RadiatorSubType>
    <RadiatorSubType><Name>KORAL P-900-27</Name>	<DimensionIndex>25</DimensionIndex>	<Power>5443</Power>	<Surface>0</Surface>	<Volume>21.6</Volume>	<Exponent>1.33</Exponent>	<Current>1</Current>	<Length>1610</Length>	<Height>900</Height>	<Width>0</Width>	<EstimateCode></EstimateCode></RadiatorSubType>
    <RadiatorSubType><Name>KORAL P-900-28</Name>	<DimensionIndex>26</DimensionIndex>	<Power>5645</Power>	<Surface>0</Surface>	<Volume>22.4</Volume>	<Exponent>1.33</Exponent>	<Current>1</Current>	<Length>1670</Length>	<Height>900</Height>	<Width>0</Width>	<EstimateCode></EstimateCode></RadiatorSubType>
    <RadiatorSubType><Name>KORAL P-900-29</Name>	<DimensionIndex>27</DimensionIndex>	<Power>5846</Power>	<Surface>0</Surface>	<Volume>23.2</Volume>	<Exponent>1.33</Exponent>	<Current>1</Current>	<Length>1730</Length>	<Height>900</Height>	<Width>0</Width>	<EstimateCode></EstimateCode></RadiatorSubType>
    <RadiatorSubType><Name>KORAL P-900-30</Name>	<DimensionIndex>28</DimensionIndex>	<Power>6048</Power>	<Surface>0</Surface>	<Volume>24</Volume>	<Exponent>1.33</Exponent>	<Current>1</Current>	<Length>1790</Length>	<Height>900</Height>	<Width>0</Width>	<EstimateCode></EstimateCode></RadiatorSubType>
  </RadiatorMainType>
</WinWattDBRadiator>

</WinWattDB>
