<?xml version="1.0" encoding="ISO-8859-2" ?>
<WinWattDB>

<WinWattDBRadiator DTLog="Yes">
  <ItemHeader>
    <Date><Year>1996</Year><Month>8</Month><Day>1</Day></Date>
    <ItemPath>RADAL</ItemPath>
    <ItemName>RADAL</ItemName>
    <HomePage></HomePage></ItemHeader>
  <DTOrigin>60</DTOrigin>
  <DimensionArray Type="Height" >
    <DimensionString Value="300" >300</DimensionString>
    <DimensionString Value="500" >500</DimensionString>
    <DimensionString Value="600" >600</DimensionString>
    <DimensionString Value="1000" >1000</DimensionString>
  </DimensionArray>
  <DimensionArray Type="Length" >
    <DimensionString Value="258" >3</DimensionString>
    <DimensionString Value="344" >4</DimensionString>
    <DimensionString Value="430" >5</DimensionString>
    <DimensionString Value="516" >6</DimensionString>
    <DimensionString Value="602" >7</DimensionString>
    <DimensionString Value="688" >8</DimensionString>
    <DimensionString Value="774" >9</DimensionString>
    <DimensionString Value="860" >10</DimensionString>
    <DimensionString Value="946" >11</DimensionString>
    <DimensionString Value="1032" >12</DimensionString>
    <DimensionString Value="1118" >13</DimensionString>
    <DimensionString Value="1204" >14</DimensionString>
    <DimensionString Value="1290" >15</DimensionString>
    <DimensionString Value="1376" >16</DimensionString>
    <DimensionString Value="1462" >17</DimensionString>
    <DimensionString Value="1548" >18</DimensionString>
    <DimensionString Value="1634" >19</DimensionString>
    <DimensionString Value="1720" >20</DimensionString>
    <DimensionString Value="1806" >21</DimensionString>
    <DimensionString Value="1892" >22</DimensionString>
    <DimensionString Value="1978" >23</DimensionString>
    <DimensionString Value="2064" >24</DimensionString>
    <DimensionString Value="2150" >25</DimensionString>
  </DimensionArray>
  <RadiatorMainType>	<MainTypeName>RADAL 300-</MainTypeName>		<DimensionIndex>0</DimensionIndex>	<kvValue>0</kvValue>		<RadiatorSubTypeMacro From="0" To="22">	<Name>RADAL 300-{S}</Name>	<Power>1162.8</Power>	<Surface>0</Surface>	<Volume>2.188</Volume>	<Exponent>1.33</Exponent>	<EstimateCode></EstimateCode>	</RadiatorSubTypeMacro>	</RadiatorMainType>
  <RadiatorMainType>	<MainTypeName>RADAL 500-</MainTypeName>		<DimensionIndex>1</DimensionIndex>	<kvValue>0</kvValue>		<RadiatorSubTypeMacro From="0" To="22">	<Name>RADAL 500-{S}</Name>	<Power>1837.2</Power>	<Surface>0</Surface>	<Volume>2.886</Volume>	<Exponent>1.33</Exponent>	<EstimateCode></EstimateCode>	</RadiatorSubTypeMacro>	</RadiatorMainType>
  <RadiatorMainType>	<MainTypeName>RADAL 600-</MainTypeName>		<DimensionIndex>2</DimensionIndex>	<kvValue>0</kvValue>		<RadiatorSubTypeMacro From="0" To="22">	<Name>RADAL 600-{S}</Name>	<Power>2069.8</Power>	<Surface>0</Surface>	<Volume>3.203</Volume>	<Exponent>1.33</Exponent>	<EstimateCode></EstimateCode>	</RadiatorSubTypeMacro>	</RadiatorMainType>
  <RadiatorMainType>	<MainTypeName>RADAL 1000-</MainTypeName>	<DimensionIndex>3</DimensionIndex>	<kvValue>0</kvValue>		<RadiatorSubTypeMacro From="0" To="22">	<Name>RADAL 1000-{S}</Name>	<Power>3139.5</Power>	<Surface>0</Surface>	<Volume>4.614</Volume>	<Exponent>1.33</Exponent>	<EstimateCode></EstimateCode>	</RadiatorSubTypeMacro>	</RadiatorMainType>
</WinWattDBRadiator>
                                        
                                        
<WinWattDBRadiator DTLog="Yes">
  <ItemHeader>
    <Date><Year>1996</Year><Month>8</Month><Day>1</Day></Date>
    <ItemPath>RADAL</ItemPath>
    <ItemName>RADAL-PANEL</ItemName>
    <HomePage></HomePage></ItemHeader>
  <DTOrigin>60</DTOrigin>
  <DimensionArray Type="Height" >
    <DimensionString Value="300" >300</DimensionString>
    <DimensionString Value="500" >500</DimensionString>
    <DimensionString Value="600" >600</DimensionString>
    <DimensionString Value="1000" >1000</DimensionString>
  </DimensionArray>
  <DimensionArray Type="Length" >
    <DimensionString Value="182" >3</DimensionString>
    <DimensionString Value="257" >4</DimensionString>
    <DimensionString Value="332" >5</DimensionString>
    <DimensionString Value="407" >6</DimensionString>
    <DimensionString Value="482" >7</DimensionString>
    <DimensionString Value="557" >8</DimensionString>
    <DimensionString Value="632" >9</DimensionString>
    <DimensionString Value="707" >10</DimensionString>
    <DimensionString Value="782" >11</DimensionString>
    <DimensionString Value="857" >12</DimensionString>
    <DimensionString Value="932" >13</DimensionString>
    <DimensionString Value="1007" >14</DimensionString>
    <DimensionString Value="1082" >15</DimensionString>
    <DimensionString Value="1157" >16</DimensionString>
    <DimensionString Value="1232" >17</DimensionString>
    <DimensionString Value="1307" >18</DimensionString>
    <DimensionString Value="1382" >19</DimensionString>
    <DimensionString Value="1457" >20</DimensionString>
    <DimensionString Value="1532" >21</DimensionString>
    <DimensionString Value="1607" >22</DimensionString>
    <DimensionString Value="1682" >23</DimensionString>
    <DimensionString Value="1757" >24</DimensionString>
    <DimensionString Value="1832" >25</DimensionString>
  </DimensionArray>
  <RadiatorMainType>	<MainTypeName>RADAL-PANEL 300-</MainTypeName>	<DimensionIndex>0</DimensionIndex>	<kvValue>0</kvValue>		<RadiatorSubTypeMacro From="0" To="22" PowerCorrection="41.28" VolumeCorrection="0.1111">	<Name>RADAL-PANEL 300-{S}</Name>	<Power>960</Power>	<Surface>0</Surface>	<Volume>2.467</Volume>	<Exponent>1.33</Exponent>	<EstimateCode></EstimateCode>	</RadiatorSubTypeMacro>	</RadiatorMainType>
  <RadiatorMainType>	<MainTypeName>RADAL-PANEL 500-</MainTypeName>	<DimensionIndex>1</DimensionIndex>	<kvValue>0</kvValue>		<RadiatorSubTypeMacro From="0" To="22" PowerCorrection="64.21" VolumeCorrection="0.1297">	<Name>RADAL-PANEL 500-{S}</Name>	<Power>1493.3</Power>	<Surface>0</Surface>	<Volume>3.133</Volume>	<Exponent>1.33</Exponent>	<EstimateCode></EstimateCode>	</RadiatorSubTypeMacro>	</RadiatorMainType>
  <RadiatorMainType>	<MainTypeName>RADAL-PANEL 600-</MainTypeName>	<DimensionIndex>2</DimensionIndex>	<kvValue>0</kvValue>		<RadiatorSubTypeMacro From="0" To="22" PowerCorrection="73.39" VolumeCorrection="0.1548">	<Name>RADAL-PANEL 600-{S}</Name>	<Power>1706.7</Power>	<Surface>0</Surface>	<Volume>3.6</Volume>	<Exponent>1.33</Exponent>	<EstimateCode></EstimateCode>	</RadiatorSubTypeMacro>	</RadiatorMainType>
  <RadiatorMainType>	<MainTypeName>RADAL-PANEL1000-</MainTypeName>	<DimensionIndex>3</DimensionIndex>	<kvValue>0</kvValue>		<RadiatorSubTypeMacro From="0" To="22" PowerCorrection="107.8" VolumeCorrection="0.2089">	<Name>RADAL-PANEL 1000-{S}</Name>	<Power>2506.7</Power>	<Surface>0</Surface>	<Volume>5.006</Volume>	<Exponent>1.33</Exponent>	<EstimateCode></EstimateCode>	</RadiatorSubTypeMacro>	</RadiatorMainType>
</WinWattDBRadiator>

</WinWattDB>
