<?xml version="1.0" encoding="ISO-8859-2" ?>
<WinWattDB>

<WinWattDBRadiator DTLog="Yes">
  <ItemHeader>
    <Date><Year>2010</Year><Month>5</Month><Day>3</Day></Date>
    <ItemPath>ROMANTIK</ItemPath>
    <ItemName>ROMANTIK</ItemName>
    <HomePage></HomePage></ItemHeader>
  <DTOrigin>59.44</DTOrigin>
  <DimensionArray Type="Height" >
    <DimensionString Value="280" >250</DimensionString>
    <DimensionString Value="380" >350</DimensionString>
    <DimensionString Value="530" >500</DimensionString>
    <DimensionString Value="630" >600</DimensionString>
    <DimensionString Value="680" >650</DimensionString>
    <DimensionString Value="930" >900</DimensionString>
  </DimensionArray>
  <DimensionArray Type="Length" >
    <DimensionString Value="2" >2</DimensionString>
    <DimensionString Value="3" >3</DimensionString>
    <DimensionString Value="4" >4</DimensionString>
    <DimensionString Value="5" >5</DimensionString>
    <DimensionString Value="6" >6</DimensionString>
    <DimensionString Value="7" >7</DimensionString>
    <DimensionString Value="8" >8</DimensionString>
    <DimensionString Value="9" >9</DimensionString>
    <DimensionString Value="10" >10</DimensionString>
    <DimensionString Value="11" >11</DimensionString>
    <DimensionString Value="12" >12</DimensionString>
    <DimensionString Value="13" >13</DimensionString>
    <DimensionString Value="14" >14</DimensionString>
    <DimensionString Value="15" >15</DimensionString>
    <DimensionString Value="16" >16</DimensionString>
    <DimensionString Value="18" >18</DimensionString>
    <DimensionString Value="20" >20</DimensionString>
    <DimensionString Value="22" >22</DimensionString>
    <DimensionString Value="24" >24</DimensionString>
    <DimensionString Value="26" >26</DimensionString>
    <DimensionString Value="28" >28</DimensionString>
    <DimensionString Value="30" >30</DimensionString>
    <DimensionString Value="32" >32</DimensionString>
  </DimensionArray>
  <RadiatorMainType>	<MainTypeName>ROMANTIK 250-</MainTypeName>	<DimensionIndex>0</DimensionIndex>	<kvValue>0</kvValue>		<RadiatorSubTypeMacro From="0" To="22" SizeCorrection="-3" >	<Name>ROMANTIK 250-{S}</Name>	<Power>71</Power>	<Surface>0</Surface>	<Volume>0.11</Volume>	<Exponent>1.25</Exponent>	<Length>93</Length>	<EstimateCode>ROMANTIK_250-{S}</EstimateCode>	</RadiatorSubTypeMacro>	</RadiatorMainType>
  <RadiatorMainType>	<MainTypeName>ROMANTIK 350-</MainTypeName>	<DimensionIndex>1</DimensionIndex>	<kvValue>0</kvValue>		<RadiatorSubTypeMacro From="0" To="22" SizeCorrection="-3" >	<Name>ROMANTIK 350-{S}</Name>	<Power>94</Power>	<Surface>0</Surface>	<Volume>0.13</Volume>	<Exponent>1.26</Exponent>	<Length>93</Length>	<EstimateCode>ROMANTIK_350-{S}</EstimateCode>	</RadiatorSubTypeMacro>	</RadiatorMainType>
  <RadiatorMainType>	<MainTypeName>ROMANTIK 500-</MainTypeName>	<DimensionIndex>2</DimensionIndex>	<kvValue>0</kvValue>		<RadiatorSubTypeMacro From="0" To="22" SizeCorrection="-3" >	<Name>ROMANTIK 500-{S}</Name>	<Power>131</Power>	<Surface>0</Surface>	<Volume>0.15</Volume>	<Exponent>1.26</Exponent>	<Length>93</Length>	<EstimateCode>ROMANTIK_500-{S}</EstimateCode>	</RadiatorSubTypeMacro>	</RadiatorMainType>
  <RadiatorMainType>	<MainTypeName>ROMANTIK 600-</MainTypeName>	<DimensionIndex>3</DimensionIndex>	<kvValue>0</kvValue>		<RadiatorSubTypeMacro From="0" To="22" SizeCorrection="-3" >	<Name>ROMANTIK 600-{S}</Name>	<Power>152</Power>	<Surface>0</Surface>	<Volume>0.16</Volume>	<Exponent>1.28</Exponent>	<Length>93</Length>	<EstimateCode>ROMANTIK_600-{S}</EstimateCode>	</RadiatorSubTypeMacro>	</RadiatorMainType>
  <RadiatorMainType>	<MainTypeName>ROMANTIK 650-</MainTypeName>	<DimensionIndex>4</DimensionIndex>	<kvValue>0</kvValue>		<RadiatorSubTypeMacro From="0" To="22" SizeCorrection="-3" >	<Name>ROMANTIK 650-{S}</Name>	<Power>164</Power>	<Surface>0</Surface>	<Volume>0.17</Volume>	<Exponent>1.31</Exponent>	<Length>93</Length>	<EstimateCode>ROMANTIK_650-{S}</EstimateCode>	</RadiatorSubTypeMacro>	</RadiatorMainType>
  <RadiatorMainType>	<MainTypeName>ROMANTIK 900-</MainTypeName>	<DimensionIndex>5</DimensionIndex>	<kvValue>0</kvValue>		<RadiatorSubTypeMacro From="0" To="22" SizeCorrection="-3" >	<Name>ROMANTIK 900-{S}</Name>	<Power>207</Power>	<Surface>0</Surface>	<Volume>0.21</Volume>	<Exponent>1.28</Exponent>	<Length>93</Length>	<EstimateCode>ROMANTIK_900-{S}</EstimateCode>	</RadiatorSubTypeMacro>	</RadiatorMainType>
</WinWattDBRadiator>

<WinWattDBRadiator DTLog="Yes">
  <ItemHeader>
    <Date><Year>2010</Year><Month>5</Month><Day>3</Day></Date>
    <ItemPath>ROMANTIK</ItemPath>
    <ItemName>ROMANTIK PLUS</ItemName>
    <HomePage></HomePage></ItemHeader>
  <DTOrigin>59.44</DTOrigin>
  <DimensionArray Type="Height" >
    <DimensionString Value="280" >250</DimensionString>
    <DimensionString Value="380" >350</DimensionString>
    <DimensionString Value="530" >500</DimensionString>
    <DimensionString Value="630" >600</DimensionString>
    <DimensionString Value="680" >650</DimensionString>
    <DimensionString Value="930" >900</DimensionString>
  </DimensionArray>
  <DimensionArray Type="Length" >
    <DimensionString Value="2" >2</DimensionString>
    <DimensionString Value="3" >3</DimensionString>
    <DimensionString Value="4" >4</DimensionString>
    <DimensionString Value="5" >5</DimensionString>
    <DimensionString Value="6" >6</DimensionString>
    <DimensionString Value="7" >7</DimensionString>
    <DimensionString Value="8" >8</DimensionString>
    <DimensionString Value="9" >9</DimensionString>
    <DimensionString Value="10" >10</DimensionString>
    <DimensionString Value="11" >11</DimensionString>
    <DimensionString Value="12" >12</DimensionString>
    <DimensionString Value="13" >13</DimensionString>
    <DimensionString Value="14" >14</DimensionString>
    <DimensionString Value="15" >15</DimensionString>
    <DimensionString Value="16" >16</DimensionString>
    <DimensionString Value="18" >18</DimensionString>
    <DimensionString Value="20" >20</DimensionString>
    <DimensionString Value="22" >22</DimensionString>
    <DimensionString Value="24" >24</DimensionString>
    <DimensionString Value="26" >26</DimensionString>
    <DimensionString Value="28" >28</DimensionString>
    <DimensionString Value="30" >30</DimensionString>
    <DimensionString Value="32" >32</DimensionString>
  </DimensionArray>
  <RadiatorMainType>	<MainTypeName>ROMANTIK PLUS 250-</MainTypeName>	<DimensionIndex>0</DimensionIndex>	<kvValue>0</kvValue>		<RadiatorSubTypeMacro From="0" To="22" SizeCorrection="-3" >	<Name>ROMANTIK PLUS 250-{S}</Name>	<Power>71</Power>	<Surface>0</Surface>	<Volume>0.12</Volume>	<Exponent>1.29</Exponent>	<Length>93</Length>	<EstimateCode>ROMANTIK_PLUS_250-{S}</EstimateCode>	</RadiatorSubTypeMacro>	</RadiatorMainType>
  <RadiatorMainType>	<MainTypeName>ROMANTIK PLUS 350-</MainTypeName>	<DimensionIndex>1</DimensionIndex>	<kvValue>0</kvValue>		<RadiatorSubTypeMacro From="0" To="22" SizeCorrection="-3" >	<Name>ROMANTIK PLUS 350-{S}</Name>	<Power>94</Power>	<Surface>0</Surface>	<Volume>0.13</Volume>	<Exponent>1.31</Exponent>	<Length>93</Length>	<EstimateCode>ROMANTIK_PLUS_350-{S}</EstimateCode>	</RadiatorSubTypeMacro>	</RadiatorMainType>
  <RadiatorMainType>	<MainTypeName>ROMANTIK PLUS 500-</MainTypeName>	<DimensionIndex>2</DimensionIndex>	<kvValue>0</kvValue>		<RadiatorSubTypeMacro From="0" To="22" SizeCorrection="-3" >	<Name>ROMANTIK PLUS 500-{S}</Name>	<Power>131</Power>	<Surface>0</Surface>	<Volume>0.16</Volume>	<Exponent>1.33</Exponent>	<Length>93</Length>	<EstimateCode>ROMANTIK_PLUS_500-{S}</EstimateCode>	</RadiatorSubTypeMacro>	</RadiatorMainType>
  <RadiatorMainType>	<MainTypeName>ROMANTIK PLUS 600-</MainTypeName>	<DimensionIndex>3</DimensionIndex>	<kvValue>0</kvValue>		<RadiatorSubTypeMacro From="0" To="22" SizeCorrection="-3" >	<Name>ROMANTIK PLUS 600-{S}</Name>	<Power>152</Power>	<Surface>0</Surface>	<Volume>0.17</Volume>	<Exponent>1.33</Exponent>	<Length>93</Length>	<EstimateCode>ROMANTIK_PLUS_600-{S}</EstimateCode>	</RadiatorSubTypeMacro>	</RadiatorMainType>
  <RadiatorMainType>	<MainTypeName>ROMANTIK PLUS 650-</MainTypeName>	<DimensionIndex>4</DimensionIndex>	<kvValue>0</kvValue>		<RadiatorSubTypeMacro From="0" To="22" SizeCorrection="-3" >	<Name>ROMANTIK PLUS 650-{S}</Name>	<Power>164</Power>	<Surface>0</Surface>	<Volume>0.18</Volume>	<Exponent>1.34</Exponent>	<Length>93</Length>	<EstimateCode>ROMANTIK_PLUS_650-{S}</EstimateCode>	</RadiatorSubTypeMacro>	</RadiatorMainType>
  <RadiatorMainType>	<MainTypeName>ROMANTIK PLUS 900-</MainTypeName>	<DimensionIndex>5</DimensionIndex>	<kvValue>0</kvValue>		<RadiatorSubTypeMacro From="0" To="22" SizeCorrection="-3" >	<Name>ROMANTIK PLUS 900-{S}</Name>	<Power>207</Power>	<Surface>0</Surface>	<Volume>0.22</Volume>	<Exponent>1.35</Exponent>	<Length>93</Length>	<EstimateCode>ROMANTIK_PLUS_900-{S}</EstimateCode>	</RadiatorSubTypeMacro>	</RadiatorMainType>
</WinWattDBRadiator>

<WinWattDBRadiator DTLog="Yes">
  <ItemHeader>
    <Date><Year>2010</Year><Month>5</Month><Day>3</Day></Date>
    <ItemPath>ROMANTIK</ItemPath>
    <ItemName>ROMANTIK LUX</ItemName>
    <HomePage></HomePage></ItemHeader>
  <DTOrigin>59.44</DTOrigin>
  <DimensionArray Type="Height" >
    <DimensionString Value="1630" >1600</DimensionString>
    <DimensionString Value="1830" >1800</DimensionString>
    <DimensionString Value="2030" >2000</DimensionString>
  </DimensionArray>
  <DimensionArray Type="Length" >
    <DimensionString Value="2" >2</DimensionString>
    <DimensionString Value="3" >3</DimensionString>
    <DimensionString Value="4" >4</DimensionString>
    <DimensionString Value="5" >5</DimensionString>
    <DimensionString Value="6" >6</DimensionString>
    <DimensionString Value="7" >7</DimensionString>
    <DimensionString Value="8" >8</DimensionString>
    <DimensionString Value="9" >9</DimensionString>
    <DimensionString Value="10" >10</DimensionString>
    <DimensionString Value="11" >11</DimensionString>
    <DimensionString Value="12" >12</DimensionString>
    <DimensionString Value="13" >13</DimensionString>
    <DimensionString Value="14" >14</DimensionString>
    <DimensionString Value="15" >15</DimensionString>
    <DimensionString Value="16" >16</DimensionString>
    <DimensionString Value="18" >18</DimensionString>
    <DimensionString Value="20" >20</DimensionString>
    <DimensionString Value="22" >22</DimensionString>
    <DimensionString Value="24" >24</DimensionString>
    <DimensionString Value="26" >26</DimensionString>
    <DimensionString Value="28" >28</DimensionString>
    <DimensionString Value="30" >30</DimensionString>
    <DimensionString Value="32" >32</DimensionString>
  </DimensionArray>
  <RadiatorMainType>	<MainTypeName>ROMANTIK LUX 1600-</MainTypeName>	<DimensionIndex>0</DimensionIndex>	<kvValue>0</kvValue>		<RadiatorSubTypeMacro From="0" To="22" SizeCorrection="-3" >	<Name>ROMANTIK LUX 1600-{S}</Name>	<Power>333</Power>	<Surface>0</Surface>	<Volume>0.33</Volume>	<Exponent>1.31</Exponent>	<Length>93</Length>	<EstimateCode>ROMANTIK_LUX_1600-{S}</EstimateCode>	</RadiatorSubTypeMacro>	</RadiatorMainType>
  <RadiatorMainType>	<MainTypeName>ROMANTIK LUX 1800-</MainTypeName>	<DimensionIndex>1</DimensionIndex>	<kvValue>0</kvValue>		<RadiatorSubTypeMacro From="0" To="22" SizeCorrection="-3" >	<Name>ROMANTIK LUX 1800-{S}</Name>	<Power>352</Power>	<Surface>0</Surface>	<Volume>0.36</Volume>	<Exponent>1.31</Exponent>	<Length>93</Length>	<EstimateCode>ROMANTIK_LUX_1800-{S}</EstimateCode>	</RadiatorSubTypeMacro>	</RadiatorMainType>
  <RadiatorMainType>	<MainTypeName>ROMANTIK LUX 2000-</MainTypeName>	<DimensionIndex>2</DimensionIndex>	<kvValue>0</kvValue>		<RadiatorSubTypeMacro From="0" To="22" SizeCorrection="-3" >	<Name>ROMANTIK LUX 2000-{S}</Name>	<Power>376</Power>	<Surface>0</Surface>	<Volume>0.39</Volume>	<Exponent>1.31</Exponent>	<Length>93</Length>	<EstimateCode>ROMANTIK_LUX_2000-{S}</EstimateCode>	</RadiatorSubTypeMacro>	</RadiatorMainType>
</WinWattDBRadiator>

</WinWattDB>
