<?xml version="1.0" encoding="ISO-8859-2" ?>
<WinWattDB>

<WinWattDBRadiator DTLog="Yes">
  <ItemHeader>
    <Date><Year>1996</Year><Month>8</Month><Day>1</Day></Date>
    <ItemPath>Thermopanel</ItemPath>
    <ItemName>Thermopanel</ItemName>
    <HomePage></HomePage></ItemHeader>
  <DTOrigin>60</DTOrigin>
  <DimensionArray Type="Height" >
    <DimensionString Value="300" >300</DimensionString>
    <DimensionString Value="400" >400</DimensionString>
    <DimensionString Value="500" >500</DimensionString>
    <DimensionString Value="600" >600</DimensionString>
    <DimensionString Value="900" >900</DimensionString>
  </DimensionArray>
  <DimensionArray Type="Width" >
    <DimensionString>10</DimensionString>
    <DimensionString>11</DimensionString>
    <DimensionString>21</DimensionString>
    <DimensionString>22</DimensionString>
    <DimensionString>33</DimensionString>
  </DimensionArray>
  <DimensionArray Type="Length" >
    <DimensionString Value="400" >400</DimensionString>
    <DimensionString Value="500" >500</DimensionString>
    <DimensionString Value="600" >600</DimensionString>
    <DimensionString Value="700" >700</DimensionString>
    <DimensionString Value="800" >800</DimensionString>
    <DimensionString Value="1000" >1000</DimensionString>
    <DimensionString Value="1200" >1200</DimensionString>
    <DimensionString Value="1400" >1400</DimensionString>
    <DimensionString Value="1600" >1600</DimensionString>
    <DimensionString Value="1800" >1800</DimensionString>
    <DimensionString Value="2000" >2000</DimensionString>
    <DimensionString Value="2200" >2200</DimensionString>
    <DimensionString Value="2400" >2400</DimensionString>
    <DimensionString Value="2600" >2600</DimensionString>
    <DimensionString Value="2800" >2800</DimensionString>
  </DimensionArray>
  <RadiatorMainType>	<MainTypeName>Thermopanel 10 BH 300-</MainTypeName>	<DimensionIndex>0</DimensionIndex>	<DimensionIndex>0</DimensionIndex>	<kvValue>0</kvValue>		<RadiatorSubTypeMacro From="0" To="14" Exceptions="1,3">	<Name>Thermopanel 10 BH 300-{S}</Name>	<Power>437.08</Power>	<Surface>0</Surface>	<Volume>1.75</Volume>	<Exponent>1.36</Exponent>	<EstimateCode></EstimateCode>	</RadiatorSubTypeMacro>	</RadiatorMainType>
  <RadiatorMainType>	<MainTypeName>Thermopanel 11 BH 300-</MainTypeName>	<DimensionIndex>0</DimensionIndex>	<DimensionIndex>1</DimensionIndex>	<kvValue>0</kvValue>		<RadiatorSubTypeMacro From="0" To="14" Exceptions="1,3">	<Name>Thermopanel 11 BH 300-{S}</Name>	<Power>652.08</Power>	<Surface>0</Surface>	<Volume>1.821</Volume>	<Exponent>1.32</Exponent>	<EstimateCode></EstimateCode>	</RadiatorSubTypeMacro>	</RadiatorMainType>
  <RadiatorMainType>	<MainTypeName>Thermopanel 21 BH 300-</MainTypeName>	<DimensionIndex>0</DimensionIndex>	<DimensionIndex>2</DimensionIndex>	<kvValue>0</kvValue>		<RadiatorSubTypeMacro From="0" To="14" Exceptions="1,3">	<Name>Thermopanel 21 BH 300-{S}</Name>	<Power>957.08</Power>	<Surface>0</Surface>	<Volume>3.413</Volume>	<Exponent>1.27</Exponent>	<EstimateCode></EstimateCode>	</RadiatorSubTypeMacro>	</RadiatorMainType>
  <RadiatorMainType>	<MainTypeName>Thermopanel 22 BH 300-</MainTypeName>	<DimensionIndex>0</DimensionIndex>	<DimensionIndex>3</DimensionIndex>	<kvValue>0</kvValue>		<RadiatorSubTypeMacro From="0" To="14" Exceptions="1,3">	<Name>Thermopanel 22 BH 300-{S}</Name>	<Power>1176.3</Power>	<Surface>0</Surface>	<Volume>3.513</Volume>	<Exponent>1.25</Exponent>	<EstimateCode></EstimateCode>	</RadiatorSubTypeMacro>	</RadiatorMainType>
  <RadiatorMainType>	<MainTypeName>Thermopanel 33 BH 300-</MainTypeName>	<DimensionIndex>0</DimensionIndex>	<DimensionIndex>4</DimensionIndex>	<kvValue>0</kvValue>		<RadiatorSubTypeMacro From="0" To="14" Exceptions="1,3">	<Name>Thermopanel 33 BH 300-{S}</Name>	<Power>1691.3</Power>	<Surface>0</Surface>	<Volume>5.4</Volume>	<Exponent>1.28</Exponent>	<EstimateCode></EstimateCode>	</RadiatorSubTypeMacro>	</RadiatorMainType>
  <RadiatorMainType>	<MainTypeName>Thermopanel 10 BH 400-</MainTypeName>	<DimensionIndex>1</DimensionIndex>	<DimensionIndex>0</DimensionIndex>	<kvValue>0</kvValue>		<RadiatorSubTypeMacro From="0" To="14" Exceptions="1,3">	<Name>Thermopanel 10 BH 400-{S}</Name>	<Power>571.25</Power>	<Surface>0</Surface>	<Volume>2.213</Volume>	<Exponent>1.33</Exponent>	<EstimateCode></EstimateCode>	</RadiatorSubTypeMacro>	</RadiatorMainType>
  <RadiatorMainType>	<MainTypeName>Thermopanel 11 BH 400-</MainTypeName>	<DimensionIndex>1</DimensionIndex>	<DimensionIndex>1</DimensionIndex>	<kvValue>0</kvValue>		<RadiatorSubTypeMacro From="0" To="14" Exceptions="1,3">	<Name>Thermopanel 11 BH 400-{S}</Name>	<Power>836.25</Power>	<Surface>0</Surface>	<Volume>2.313</Volume>	<Exponent>1.3</Exponent>	<EstimateCode></EstimateCode>	</RadiatorSubTypeMacro>	</RadiatorMainType>
  <RadiatorMainType>	<MainTypeName>Thermopanel 21 BH 400-</MainTypeName>	<DimensionIndex>1</DimensionIndex>	<DimensionIndex>2</DimensionIndex>	<kvValue>0</kvValue>		<RadiatorSubTypeMacro From="0" To="14" Exceptions="1,3">	<Name>Thermopanel 21 BH 400-{S}</Name>	<Power>1221.3</Power>	<Surface>0</Surface>	<Volume>4.413</Volume>	<Exponent>1.27</Exponent>	<EstimateCode></EstimateCode>	</RadiatorSubTypeMacro>	</RadiatorMainType>
  <RadiatorMainType>	<MainTypeName>Thermopanel 22 BH 400-</MainTypeName>	<DimensionIndex>1</DimensionIndex>	<DimensionIndex>3</DimensionIndex>	<kvValue>0</kvValue>		<RadiatorSubTypeMacro From="0" To="14" Exceptions="1,3">	<Name>Thermopanel 22 BH 400-{S}</Name>	<Power>1520</Power>	<Surface>0</Surface>	<Volume>4.479</Volume>	<Exponent>1.26</Exponent>	<EstimateCode></EstimateCode>	</RadiatorSubTypeMacro>	</RadiatorMainType>
  <RadiatorMainType>	<MainTypeName>Thermopanel 33 BH 400-</MainTypeName>	<DimensionIndex>1</DimensionIndex>	<DimensionIndex>4</DimensionIndex>	<kvValue>0</kvValue>		<RadiatorSubTypeMacro From="0" To="14" Exceptions="1,3">	<Name>Thermopanel 33 BH 400-{S}</Name>	<Power>2162.1</Power>	<Surface>0</Surface>	<Volume>6.779</Volume>	<Exponent>1.29</Exponent>	<EstimateCode></EstimateCode>	</RadiatorSubTypeMacro>	</RadiatorMainType>
  <RadiatorMainType>	<MainTypeName>Thermopanel 10 BH 500-</MainTypeName>	<DimensionIndex>2</DimensionIndex>	<DimensionIndex>0</DimensionIndex>	<kvValue>0</kvValue>		<RadiatorSubTypeMacro From="0" To="14">				<Name>Thermopanel 10 BH 500-{S}</Name>	<Power>703.75</Power>	<Surface>0</Surface>	<Volume>2.688</Volume>	<Exponent>1.31</Exponent>	<EstimateCode></EstimateCode>	</RadiatorSubTypeMacro>	</RadiatorMainType>
  <RadiatorMainType>	<MainTypeName>Thermopanel 11 BH 500-</MainTypeName>	<DimensionIndex>2</DimensionIndex>	<DimensionIndex>1</DimensionIndex>	<kvValue>0</kvValue>		<RadiatorSubTypeMacro From="0" To="14">				<Name>Thermopanel 11 BH 500-{S}</Name>	<Power>1020</Power>	<Surface>0</Surface>	<Volume>2.779</Volume>	<Exponent>1.28</Exponent>	<EstimateCode></EstimateCode>	</RadiatorSubTypeMacro>	</RadiatorMainType>
  <RadiatorMainType>	<MainTypeName>Thermopanel 21 BH 500-</MainTypeName>	<DimensionIndex>2</DimensionIndex>	<DimensionIndex>2</DimensionIndex>	<kvValue>0</kvValue>		<RadiatorSubTypeMacro From="0" To="14">				<Name>Thermopanel 21 BH 500-{S}</Name>	<Power>1481.3</Power>	<Surface>0</Surface>	<Volume>5.412</Volume>	<Exponent>1.28</Exponent>	<EstimateCode></EstimateCode>	</RadiatorSubTypeMacro>	</RadiatorMainType>
  <RadiatorMainType>	<MainTypeName>Thermopanel 22 BH 500-</MainTypeName>	<DimensionIndex>2</DimensionIndex>	<DimensionIndex>3</DimensionIndex>	<kvValue>0</kvValue>		<RadiatorSubTypeMacro From="0" To="14">				<Name>Thermopanel 22 BH 500-{S}</Name>	<Power>1852.1</Power>	<Surface>0</Surface>	<Volume>5.463</Volume>	<Exponent>1.27</Exponent>	<EstimateCode></EstimateCode>	</RadiatorSubTypeMacro>	</RadiatorMainType>
  <RadiatorMainType>	<MainTypeName>Thermopanel 33 BH 500-</MainTypeName>	<DimensionIndex>2</DimensionIndex>	<DimensionIndex>4</DimensionIndex>	<kvValue>0</kvValue>		<RadiatorSubTypeMacro From="0" To="14">				<Name>Thermopanel 33 BH 500-{S}</Name>	<Power>2608.8</Power>	<Surface>0</Surface>	<Volume>8.171</Volume>	<Exponent>1.31</Exponent>	<EstimateCode></EstimateCode>	</RadiatorSubTypeMacro>	</RadiatorMainType>
  <RadiatorMainType>	<MainTypeName>Thermopanel 10 BH 600-</MainTypeName>	<DimensionIndex>3</DimensionIndex>	<DimensionIndex>0</DimensionIndex>	<kvValue>0</kvValue>		<RadiatorSubTypeMacro From="0" To="14">				<Name>Thermopanel 10 BH 600-{S}</Name>	<Power>836.25</Power>	<Surface>0</Surface>	<Volume>3.129</Volume>	<Exponent>1.28</Exponent>	<EstimateCode></EstimateCode>	</RadiatorSubTypeMacro>	</RadiatorMainType>
  <RadiatorMainType>	<MainTypeName>Thermopanel 11 BH 600-</MainTypeName>	<DimensionIndex>3</DimensionIndex>	<DimensionIndex>1</DimensionIndex>	<kvValue>0</kvValue>		<RadiatorSubTypeMacro From="0" To="14">				<Name>Thermopanel 11 BH 600-{S}</Name>	<Power>1202.9</Power>	<Surface>0</Surface>	<Volume>3.313</Volume>	<Exponent>1.26</Exponent>	<EstimateCode></EstimateCode>	</RadiatorSubTypeMacro>	</RadiatorMainType>
  <RadiatorMainType>	<MainTypeName>Thermopanel 21 BH 600-</MainTypeName>	<DimensionIndex>3</DimensionIndex>	<DimensionIndex>2</DimensionIndex>	<kvValue>0</kvValue>		<RadiatorSubTypeMacro From="0" To="14">				<Name>Thermopanel 21 BH 600-{S}</Name>	<Power>1735</Power>	<Surface>0</Surface>	<Volume>6.4</Volume>	<Exponent>1.28</Exponent>	<EstimateCode></EstimateCode>	</RadiatorSubTypeMacro>	</RadiatorMainType>
  <RadiatorMainType>	<MainTypeName>Thermopanel 22 BH 600-</MainTypeName>	<DimensionIndex>3</DimensionIndex>	<DimensionIndex>3</DimensionIndex>	<kvValue>0</kvValue>		<RadiatorSubTypeMacro From="0" To="14">				<Name>Thermopanel 22 BH 600-{S}</Name>	<Power>2172.1</Power>	<Surface>0</Surface>	<Volume>6.429</Volume>	<Exponent>1.28</Exponent>	<EstimateCode></EstimateCode>	</RadiatorSubTypeMacro>	</RadiatorMainType>
  <RadiatorMainType>	<MainTypeName>Thermopanel 33 BH 600-</MainTypeName>	<DimensionIndex>3</DimensionIndex>	<DimensionIndex>4</DimensionIndex>	<kvValue>0</kvValue>		<RadiatorSubTypeMacro From="0" To="14">				<Name>Thermopanel 33 BH 600-{S}</Name>	<Power>3032.1</Power>	<Surface>0</Surface>	<Volume>9.55</Volume>	<Exponent>1.32</Exponent>	<EstimateCode></EstimateCode>	</RadiatorSubTypeMacro>	</RadiatorMainType>
  <RadiatorMainType>	<MainTypeName>Thermopanel 10 BH 900-</MainTypeName>	<DimensionIndex>4</DimensionIndex>	<DimensionIndex>0</DimensionIndex>	<kvValue>0</kvValue>		<RadiatorSubTypeMacro From="0" To="8">				<Name>Thermopanel 10 BH 900-{S}</Name>	<Power>1225</Power>	<Surface>0</Surface>	<Volume>4.583</Volume>	<Exponent>1.27</Exponent>	<EstimateCode></EstimateCode>	</RadiatorSubTypeMacro>	</RadiatorMainType>
  <RadiatorMainType>	<MainTypeName>Thermopanel 11 BH 900-</MainTypeName>	<DimensionIndex>4</DimensionIndex>	<DimensionIndex>1</DimensionIndex>	<kvValue>0</kvValue>		<RadiatorSubTypeMacro From="0" To="8">				<Name>Thermopanel 11 BH 900-{S}</Name>	<Power>1743.3</Power>	<Surface>0</Surface>	<Volume>4.633</Volume>	<Exponent>1.27</Exponent>	<EstimateCode></EstimateCode>	</RadiatorSubTypeMacro>	</RadiatorMainType>
  <RadiatorMainType>	<MainTypeName>Thermopanel 21 BH 900-</MainTypeName>	<DimensionIndex>4</DimensionIndex>	<DimensionIndex>2</DimensionIndex>	<kvValue>0</kvValue>		<RadiatorSubTypeMacro From="0" To="8">				<Name>Thermopanel 21 BH 900-{S}</Name>	<Power>2458.3</Power>	<Surface>0</Surface>	<Volume>9.383</Volume>	<Exponent>1.28</Exponent>	<EstimateCode></EstimateCode>	</RadiatorSubTypeMacro>	</RadiatorMainType>
  <RadiatorMainType>	<MainTypeName>Thermopanel 22 BH 900-</MainTypeName>	<DimensionIndex>4</DimensionIndex>	<DimensionIndex>3</DimensionIndex>	<kvValue>0</kvValue>		<RadiatorSubTypeMacro From="0" To="8">				<Name>Thermopanel 22 BH 900-{S}</Name>	<Power>3041.7</Power>	<Surface>0</Surface>	<Volume>9.333</Volume>	<Exponent>1.29</Exponent>	<EstimateCode></EstimateCode>	</RadiatorSubTypeMacro>	</RadiatorMainType>
  <RadiatorMainType>	<MainTypeName>Thermopanel 33 BH 900-</MainTypeName>	<DimensionIndex>4</DimensionIndex>	<DimensionIndex>4</DimensionIndex>	<kvValue>0</kvValue>		<RadiatorSubTypeMacro From="0" To="8">				<Name>Thermopanel 33 BH 900-{S}</Name>	<Power>4116.7</Power>	<Surface>0</Surface>	<Volume>13.17</Volume>	<Exponent>1.33</Exponent>	<EstimateCode></EstimateCode>	</RadiatorSubTypeMacro>	</RadiatorMainType>
</WinWattDBRadiator>


<WinWattDBRadiator DTLog="Yes">
  <ItemHeader>
    <Date><Year>1996</Year><Month>8</Month><Day>1</Day></Date>
    <ItemPath>Thermopanel</ItemPath>
    <ItemName>ThermopeX</ItemName>
    <HomePage></HomePage></ItemHeader>
  <DTOrigin>60</DTOrigin>
  <DimensionArray Type="Height" >
    <DimensionString Value="300" >300</DimensionString>
    <DimensionString Value="400" >400</DimensionString>
    <DimensionString Value="500" >500</DimensionString>
    <DimensionString Value="600" >600</DimensionString>
    <DimensionString Value="900" >900</DimensionString>
  </DimensionArray>
  <DimensionArray Type="Width" >
    <DimensionString>10</DimensionString>
    <DimensionString>11</DimensionString>
    <DimensionString>21</DimensionString>
    <DimensionString>22</DimensionString>
    <DimensionString>33</DimensionString>
  </DimensionArray>
  <DimensionArray Type="Length" >
    <DimensionString Value="400" >400</DimensionString>
    <DimensionString Value="500" >500</DimensionString>
    <DimensionString Value="600" >600</DimensionString>
    <DimensionString Value="700" >700</DimensionString>
    <DimensionString Value="800" >800</DimensionString>
    <DimensionString Value="1000" >1000</DimensionString>
    <DimensionString Value="1200" >1200</DimensionString>
    <DimensionString Value="1400" >1400</DimensionString>
    <DimensionString Value="1600" >1600</DimensionString>
    <DimensionString Value="1800" >1800</DimensionString>
    <DimensionString Value="2000" >2000</DimensionString>
    <DimensionString Value="2200" >2200</DimensionString>
    <DimensionString Value="2400" >2400</DimensionString>
    <DimensionString Value="2600" >2600</DimensionString>
    <DimensionString Value="2800" >2800</DimensionString>
  </DimensionArray>
  <RadiatorMainType>	<MainTypeName>ThermopeX 10 BH 300-</MainTypeName>	<DimensionIndex>0</DimensionIndex>	<DimensionIndex>0</DimensionIndex>	<kvValue>0</kvValue>		<RadiatorSubTypeMacro From="0" To="14" Exceptions="1,3">	<Name>ThermopeX 10 BH 300-{S}</Name>	<Power>437.08</Power>	<Surface>0</Surface>	<Volume>1.75</Volume>	<Exponent>1.36</Exponent>	<EstimateCode></EstimateCode>	</RadiatorSubTypeMacro>	</RadiatorMainType>
  <RadiatorMainType>	<MainTypeName>ThermopeX 11 BH 300-</MainTypeName>	<DimensionIndex>0</DimensionIndex>	<DimensionIndex>1</DimensionIndex>	<kvValue>0</kvValue>		<RadiatorSubTypeMacro From="0" To="14" Exceptions="1,3">	<Name>ThermopeX 11 BH 300-{S}</Name>	<Power>652.08</Power>	<Surface>0</Surface>	<Volume>1.821</Volume>	<Exponent>1.32</Exponent>	<EstimateCode></EstimateCode>	</RadiatorSubTypeMacro>	</RadiatorMainType>
  <RadiatorMainType>	<MainTypeName>ThermopeX 21 BH 300-</MainTypeName>	<DimensionIndex>0</DimensionIndex>	<DimensionIndex>2</DimensionIndex>	<kvValue>0</kvValue>		<RadiatorSubTypeMacro From="0" To="14" Exceptions="1,3">	<Name>ThermopeX 21 BH 300-{S}</Name>	<Power>957.08</Power>	<Surface>0</Surface>	<Volume>3.413</Volume>	<Exponent>1.27</Exponent>	<EstimateCode></EstimateCode>	</RadiatorSubTypeMacro>	</RadiatorMainType>
  <RadiatorMainType>	<MainTypeName>ThermopeX 22 BH 300-</MainTypeName>	<DimensionIndex>0</DimensionIndex>	<DimensionIndex>3</DimensionIndex>	<kvValue>0</kvValue>		<RadiatorSubTypeMacro From="0" To="14" Exceptions="1,3">	<Name>ThermopeX 22 BH 300-{S}</Name>	<Power>1176.3</Power>	<Surface>0</Surface>	<Volume>3.513</Volume>	<Exponent>1.25</Exponent>	<EstimateCode></EstimateCode>	</RadiatorSubTypeMacro>	</RadiatorMainType>
  <RadiatorMainType>	<MainTypeName>ThermopeX 33 BH 300-</MainTypeName>	<DimensionIndex>0</DimensionIndex>	<DimensionIndex>4</DimensionIndex>	<kvValue>0</kvValue>		<RadiatorSubTypeMacro From="0" To="14" Exceptions="1,3">	<Name>ThermopeX 33 BH 300-{S}</Name>	<Power>1691.3</Power>	<Surface>0</Surface>	<Volume>5.4</Volume>	<Exponent>1.28</Exponent>	<EstimateCode></EstimateCode>	</RadiatorSubTypeMacro>	</RadiatorMainType>
  <RadiatorMainType>	<MainTypeName>ThermopeX 10 BH 400-</MainTypeName>	<DimensionIndex>1</DimensionIndex>	<DimensionIndex>0</DimensionIndex>	<kvValue>0</kvValue>		<RadiatorSubTypeMacro From="0" To="14" Exceptions="1,3">	<Name>ThermopeX 10 BH 400-{S}</Name>	<Power>571.25</Power>	<Surface>0</Surface>	<Volume>2.213</Volume>	<Exponent>1.33</Exponent>	<EstimateCode></EstimateCode>	</RadiatorSubTypeMacro>	</RadiatorMainType>
  <RadiatorMainType>	<MainTypeName>ThermopeX 11 BH 400-</MainTypeName>	<DimensionIndex>1</DimensionIndex>	<DimensionIndex>1</DimensionIndex>	<kvValue>0</kvValue>		<RadiatorSubTypeMacro From="0" To="14" Exceptions="1,3">	<Name>ThermopeX 11 BH 400-{S}</Name>	<Power>836.25</Power>	<Surface>0</Surface>	<Volume>2.313</Volume>	<Exponent>1.3</Exponent>	<EstimateCode></EstimateCode>	</RadiatorSubTypeMacro>	</RadiatorMainType>
  <RadiatorMainType>	<MainTypeName>ThermopeX 21 BH 400-</MainTypeName>	<DimensionIndex>1</DimensionIndex>	<DimensionIndex>2</DimensionIndex>	<kvValue>0</kvValue>		<RadiatorSubTypeMacro From="0" To="14" Exceptions="1,3">	<Name>ThermopeX 21 BH 400-{S}</Name>	<Power>1221.3</Power>	<Surface>0</Surface>	<Volume>4.413</Volume>	<Exponent>1.27</Exponent>	<EstimateCode></EstimateCode>	</RadiatorSubTypeMacro>	</RadiatorMainType>
  <RadiatorMainType>	<MainTypeName>ThermopeX 22 BH 400-</MainTypeName>	<DimensionIndex>1</DimensionIndex>	<DimensionIndex>3</DimensionIndex>	<kvValue>0</kvValue>		<RadiatorSubTypeMacro From="0" To="14" Exceptions="1,3">	<Name>ThermopeX 22 BH 400-{S}</Name>	<Power>1520</Power>	<Surface>0</Surface>	<Volume>4.479</Volume>	<Exponent>1.26</Exponent>	<EstimateCode></EstimateCode>	</RadiatorSubTypeMacro>	</RadiatorMainType>
  <RadiatorMainType>	<MainTypeName>ThermopeX 33 BH 400-</MainTypeName>	<DimensionIndex>1</DimensionIndex>	<DimensionIndex>4</DimensionIndex>	<kvValue>0</kvValue>		<RadiatorSubTypeMacro From="0" To="14" Exceptions="1,3">	<Name>ThermopeX 33 BH 400-{S}</Name>	<Power>2162.1</Power>	<Surface>0</Surface>	<Volume>6.779</Volume>	<Exponent>1.29</Exponent>	<EstimateCode></EstimateCode>	</RadiatorSubTypeMacro>	</RadiatorMainType>
  <RadiatorMainType>	<MainTypeName>ThermopeX 10 BH 500-</MainTypeName>	<DimensionIndex>2</DimensionIndex>	<DimensionIndex>0</DimensionIndex>	<kvValue>0</kvValue>		<RadiatorSubTypeMacro From="0" To="14">				<Name>ThermopeX 10 BH 500-{S}</Name>	<Power>703.75</Power>	<Surface>0</Surface>	<Volume>2.688</Volume>	<Exponent>1.31</Exponent>	<EstimateCode></EstimateCode>	</RadiatorSubTypeMacro>	</RadiatorMainType>
  <RadiatorMainType>	<MainTypeName>ThermopeX 11 BH 500-</MainTypeName>	<DimensionIndex>2</DimensionIndex>	<DimensionIndex>1</DimensionIndex>	<kvValue>0</kvValue>		<RadiatorSubTypeMacro From="0" To="14">				<Name>ThermopeX 11 BH 500-{S}</Name>	<Power>1020</Power>	<Surface>0</Surface>	<Volume>2.779</Volume>	<Exponent>1.28</Exponent>	<EstimateCode></EstimateCode>	</RadiatorSubTypeMacro>	</RadiatorMainType>
  <RadiatorMainType>	<MainTypeName>ThermopeX 21 BH 500-</MainTypeName>	<DimensionIndex>2</DimensionIndex>	<DimensionIndex>2</DimensionIndex>	<kvValue>0</kvValue>		<RadiatorSubTypeMacro From="0" To="14">				<Name>ThermopeX 21 BH 500-{S}</Name>	<Power>1481.3</Power>	<Surface>0</Surface>	<Volume>5.412</Volume>	<Exponent>1.28</Exponent>	<EstimateCode></EstimateCode>	</RadiatorSubTypeMacro>	</RadiatorMainType>
  <RadiatorMainType>	<MainTypeName>ThermopeX 22 BH 500-</MainTypeName>	<DimensionIndex>2</DimensionIndex>	<DimensionIndex>3</DimensionIndex>	<kvValue>0</kvValue>		<RadiatorSubTypeMacro From="0" To="14">				<Name>ThermopeX 22 BH 500-{S}</Name>	<Power>1852.1</Power>	<Surface>0</Surface>	<Volume>5.463</Volume>	<Exponent>1.27</Exponent>	<EstimateCode></EstimateCode>	</RadiatorSubTypeMacro>	</RadiatorMainType>
  <RadiatorMainType>	<MainTypeName>ThermopeX 33 BH 500-</MainTypeName>	<DimensionIndex>2</DimensionIndex>	<DimensionIndex>4</DimensionIndex>	<kvValue>0</kvValue>		<RadiatorSubTypeMacro From="0" To="14">				<Name>ThermopeX 33 BH 500-{S}</Name>	<Power>2608.8</Power>	<Surface>0</Surface>	<Volume>8.171</Volume>	<Exponent>1.31</Exponent>	<EstimateCode></EstimateCode>	</RadiatorSubTypeMacro>	</RadiatorMainType>
  <RadiatorMainType>	<MainTypeName>ThermopeX 10 BH 600-</MainTypeName>	<DimensionIndex>3</DimensionIndex>	<DimensionIndex>0</DimensionIndex>	<kvValue>0</kvValue>		<RadiatorSubTypeMacro From="0" To="14">				<Name>ThermopeX 10 BH 600-{S}</Name>	<Power>836.25</Power>	<Surface>0</Surface>	<Volume>3.129</Volume>	<Exponent>1.28</Exponent>	<EstimateCode></EstimateCode>	</RadiatorSubTypeMacro>	</RadiatorMainType>
  <RadiatorMainType>	<MainTypeName>ThermopeX 11 BH 600-</MainTypeName>	<DimensionIndex>3</DimensionIndex>	<DimensionIndex>1</DimensionIndex>	<kvValue>0</kvValue>		<RadiatorSubTypeMacro From="0" To="14">				<Name>ThermopeX 11 BH 600-{S}</Name>	<Power>1202.9</Power>	<Surface>0</Surface>	<Volume>3.313</Volume>	<Exponent>1.26</Exponent>	<EstimateCode></EstimateCode>	</RadiatorSubTypeMacro>	</RadiatorMainType>
  <RadiatorMainType>	<MainTypeName>ThermopeX 21 BH 600-</MainTypeName>	<DimensionIndex>3</DimensionIndex>	<DimensionIndex>2</DimensionIndex>	<kvValue>0</kvValue>		<RadiatorSubTypeMacro From="0" To="14">				<Name>ThermopeX 21 BH 600-{S}</Name>	<Power>1735</Power>	<Surface>0</Surface>	<Volume>6.4</Volume>	<Exponent>1.28</Exponent>	<EstimateCode></EstimateCode>	</RadiatorSubTypeMacro>	</RadiatorMainType>
  <RadiatorMainType>	<MainTypeName>ThermopeX 22 BH 600-</MainTypeName>	<DimensionIndex>3</DimensionIndex>	<DimensionIndex>3</DimensionIndex>	<kvValue>0</kvValue>		<RadiatorSubTypeMacro From="0" To="14">				<Name>ThermopeX 22 BH 600-{S}</Name>	<Power>2172.1</Power>	<Surface>0</Surface>	<Volume>6.429</Volume>	<Exponent>1.28</Exponent>	<EstimateCode></EstimateCode>	</RadiatorSubTypeMacro>	</RadiatorMainType>
  <RadiatorMainType>	<MainTypeName>ThermopeX 33 BH 600-</MainTypeName>	<DimensionIndex>3</DimensionIndex>	<DimensionIndex>4</DimensionIndex>	<kvValue>0</kvValue>		<RadiatorSubTypeMacro From="0" To="14">				<Name>ThermopeX 33 BH 600-{S}</Name>	<Power>3032.1</Power>	<Surface>0</Surface>	<Volume>9.55</Volume>	<Exponent>1.32</Exponent>	<EstimateCode></EstimateCode>	</RadiatorSubTypeMacro>	</RadiatorMainType>
  <RadiatorMainType>	<MainTypeName>ThermopeX 10 BH 900-</MainTypeName>	<DimensionIndex>4</DimensionIndex>	<DimensionIndex>0</DimensionIndex>	<kvValue>0</kvValue>		<RadiatorSubTypeMacro From="0" To="8">				<Name>ThermopeX 10 BH 900-{S}</Name>	<Power>1225</Power>	<Surface>0</Surface>	<Volume>4.583</Volume>	<Exponent>1.27</Exponent>	<EstimateCode></EstimateCode>	</RadiatorSubTypeMacro>	</RadiatorMainType>
  <RadiatorMainType>	<MainTypeName>ThermopeX 11 BH 900-</MainTypeName>	<DimensionIndex>4</DimensionIndex>	<DimensionIndex>1</DimensionIndex>	<kvValue>0</kvValue>		<RadiatorSubTypeMacro From="0" To="8">				<Name>ThermopeX 11 BH 900-{S}</Name>	<Power>1743.3</Power>	<Surface>0</Surface>	<Volume>4.633</Volume>	<Exponent>1.27</Exponent>	<EstimateCode></EstimateCode>	</RadiatorSubTypeMacro>	</RadiatorMainType>
  <RadiatorMainType>	<MainTypeName>ThermopeX 21 BH 900-</MainTypeName>	<DimensionIndex>4</DimensionIndex>	<DimensionIndex>2</DimensionIndex>	<kvValue>0</kvValue>		<RadiatorSubTypeMacro From="0" To="8">				<Name>ThermopeX 21 BH 900-{S}</Name>	<Power>2458.3</Power>	<Surface>0</Surface>	<Volume>9.383</Volume>	<Exponent>1.28</Exponent>	<EstimateCode></EstimateCode>	</RadiatorSubTypeMacro>	</RadiatorMainType>
  <RadiatorMainType>	<MainTypeName>ThermopeX 22 BH 900-</MainTypeName>	<DimensionIndex>4</DimensionIndex>	<DimensionIndex>3</DimensionIndex>	<kvValue>0</kvValue>		<RadiatorSubTypeMacro From="0" To="8">				<Name>ThermopeX 22 BH 900-{S}</Name>	<Power>3041.7</Power>	<Surface>0</Surface>	<Volume>9.333</Volume>	<Exponent>1.29</Exponent>	<EstimateCode></EstimateCode>	</RadiatorSubTypeMacro>	</RadiatorMainType>
  <RadiatorMainType>	<MainTypeName>ThermopeX 33 BH 900-</MainTypeName>	<DimensionIndex>4</DimensionIndex>	<DimensionIndex>4</DimensionIndex>	<kvValue>0</kvValue>		<RadiatorSubTypeMacro From="0" To="8">				<Name>ThermopeX 33 BH 900-{S}</Name>	<Power>4116.7</Power>	<Surface>0</Surface>	<Volume>13.17</Volume>	<Exponent>1.33</Exponent>	<EstimateCode></EstimateCode>	</RadiatorSubTypeMacro>	</RadiatorMainType>
</WinWattDBRadiator>

</WinWattDB>
