<?xml version="1.0" encoding="ISO-8859-2" ?>
<WinWattDB>

<WinWattDBGlobalMacro>
    <Macro ID="$alu1" Language="hun">alum�nium tagos radi�tor</Macro>
</WinWattDBGlobalMacro>


<WinWattDBRadiator DTLog="Yes">
  <ItemHeader>
    <Date><Year>2011</Year><Month>11</Month><Day>13</Day></Date>
    <ItemPath>FONDITAL</ItemPath>
    <ItemName>SOLAR S4 $alu1</ItemName>
    <HomePage>www.vivaco.hu</HomePage></ItemHeader>
  <DTOrigin>49.83</DTOrigin>
  <DimensionArray Type="Height" >
    <DimensionString Value="428" >350</DimensionString>
    <DimensionString Value="577" >500</DimensionString>
    <DimensionString Value="677" >600</DimensionString>
  </DimensionArray>
  <DimensionArray Type="Width" >
    <DimensionString Value="97" >100</DimensionString>
  </DimensionArray>
  <DimensionArray Type="Length" >
    <DimensionString Value="3" >3</DimensionString>
    <DimensionString Value="4" >4</DimensionString>
    <DimensionString Value="5" >5</DimensionString>
    <DimensionString Value="6" >6</DimensionString>
    <DimensionString Value="7" >7</DimensionString>
    <DimensionString Value="8" >8</DimensionString>
    <DimensionString Value="9" >9</DimensionString>
    <DimensionString Value="10" >10</DimensionString>
    <DimensionString Value="11" >11</DimensionString>
    <DimensionString Value="12" >12</DimensionString>
    <DimensionString Value="13" >13</DimensionString>
    <DimensionString Value="14" >14</DimensionString>
    <DimensionString Value="15" >15</DimensionString>
    <DimensionString Value="16" >16</DimensionString>
    <DimensionString Value="17" >17</DimensionString>
    <DimensionString Value="18" >18</DimensionString>
    <DimensionString Value="19" >19</DimensionString>
    <DimensionString Value="20" >20</DimensionString>
    <DimensionString Value="21" >21</DimensionString>
    <DimensionString Value="22" >22</DimensionString>
    <DimensionString Value="23" >23</DimensionString>
    <DimensionString Value="24" >24</DimensionString>
    <DimensionString Value="25" >25</DimensionString>
  </DimensionArray>
  <RadiatorMainType>	<MainTypeName>FONDITAL Solar S4 350/100</MainTypeName>	<DimensionIndex>0</DimensionIndex>	<DimensionIndex>0</DimensionIndex>	<kvValue>11.55</kvValue>		<RadiatorSubTypeMacro From="0" To="22">	<Name>Solar S4 350/100-{S}</Name>	<Power>94.1</Power>		<Surface>0.</Surface>	<Volume>0.27</Volume>	<Exponent>1.3058</Exponent>	<Length>80</Length>	<EstimateCode>FONDITAL_Solar_S4_350/100-{S}</EstimateCode>	</RadiatorSubTypeMacro>	</RadiatorMainType>
  <RadiatorMainType>	<MainTypeName>FONDITAL Solar S4 500/100</MainTypeName>	<DimensionIndex>1</DimensionIndex>	<DimensionIndex>0</DimensionIndex>	<kvValue>12.20</kvValue>		<RadiatorSubTypeMacro From="0" To="22">	<Name>Solar S4 500/100-{S}</Name>	<Power>124.6</Power>	<Surface>0.</Surface>	<Volume>0.32</Volume>	<Exponent>1.3304</Exponent>	<Length>80</Length>	<EstimateCode>FONDITAL_Solar_S4_500/100-{S}</EstimateCode>	</RadiatorSubTypeMacro>	</RadiatorMainType>
  <RadiatorMainType>	<MainTypeName>FONDITAL Solar S4 600/100</MainTypeName>	<DimensionIndex>2</DimensionIndex>	<DimensionIndex>0</DimensionIndex>	<kvValue>10.18</kvValue>		<RadiatorSubTypeMacro From="0" To="22">	<Name>Solar S4 600/100-{S}</Name>	<Power>142.5</Power>	<Surface>0.</Surface>	<Volume>0.36</Volume>	<Exponent>1.3310</Exponent>	<Length>80</Length>	<EstimateCode>FONDITAL_Solar_S4_600/100-{S}</EstimateCode>	</RadiatorSubTypeMacro>	</RadiatorMainType>
</WinWattDBRadiator>

<WinWattDBRadiator DTLog="Yes">
  <ItemHeader>
    <Date><Year>2011</Year><Month>11</Month><Day>13</Day></Date>
    <ItemPath>FONDITAL</ItemPath>
    <ItemName>SOLAR S3 $alu1</ItemName>
    <HomePage>www.vivaco.hu</HomePage></ItemHeader>
  <DTOrigin>49.83</DTOrigin>
  <DimensionArray Type="Height" >
    <DimensionString Value="577" >500</DimensionString>
    <DimensionString Value="677" >600</DimensionString>
  </DimensionArray>
  <DimensionArray Type="Width" >
    <DimensionString Value="97" >100</DimensionString>
  </DimensionArray>
  <DimensionArray Type="Length" >
    <DimensionString Value="3" >3</DimensionString>
    <DimensionString Value="4" >4</DimensionString>
    <DimensionString Value="5" >5</DimensionString>
    <DimensionString Value="6" >6</DimensionString>
    <DimensionString Value="7" >7</DimensionString>
    <DimensionString Value="8" >8</DimensionString>
    <DimensionString Value="9" >9</DimensionString>
    <DimensionString Value="10" >10</DimensionString>
    <DimensionString Value="11" >11</DimensionString>
    <DimensionString Value="12" >12</DimensionString>
    <DimensionString Value="13" >13</DimensionString>
    <DimensionString Value="14" >14</DimensionString>
    <DimensionString Value="15" >15</DimensionString>
    <DimensionString Value="16" >16</DimensionString>
    <DimensionString Value="17" >17</DimensionString>
    <DimensionString Value="18" >18</DimensionString>
    <DimensionString Value="19" >19</DimensionString>
    <DimensionString Value="20" >20</DimensionString>
    <DimensionString Value="21" >21</DimensionString>
    <DimensionString Value="22" >22</DimensionString>
    <DimensionString Value="23" >23</DimensionString>
    <DimensionString Value="24" >24</DimensionString>
    <DimensionString Value="25" >25</DimensionString>
  </DimensionArray>
  <RadiatorMainType>	<MainTypeName>FONDITAL Solar S3 500/100</MainTypeName>	<DimensionIndex>0</DimensionIndex>	<DimensionIndex>0</DimensionIndex>	<kvValue>13.80</kvValue>		<RadiatorSubTypeMacro From="0" To="22">	<Name>Solar S3 500/100-{S}</Name>	<Power>115.4</Power>	<Surface>0.</Surface>	<Volume>0.33</Volume>	<Exponent>1.3122</Exponent>	<Length>80</Length>	<EstimateCode>FONDITAL_Solar_S3_500/100-{S}</EstimateCode>	</RadiatorSubTypeMacro>	</RadiatorMainType>
  <RadiatorMainType>	<MainTypeName>FONDITAL Solar S3 600/100</MainTypeName>	<DimensionIndex>1</DimensionIndex>	<DimensionIndex>0</DimensionIndex>	<kvValue>10.26</kvValue>		<RadiatorSubTypeMacro From="0" To="22">	<Name>Solar S3 600/100-{S}</Name>	<Power>133.5</Power>	<Surface>0.</Surface>	<Volume>0.36</Volume>	<Exponent>1.3100</Exponent>	<Length>80</Length>	<EstimateCode>FONDITAL_Solar_S3_600/100-{S}</EstimateCode>	</RadiatorSubTypeMacro>	</RadiatorMainType>
</WinWattDBRadiator>


<WinWattDBRadiator DTLog="Yes">
  <ItemHeader>
    <Date><Year>2011</Year><Month>11</Month><Day>13</Day></Date>
    <ItemPath>FONDITAL</ItemPath>
    <ItemName>GARDA DUAL $alu1</ItemName>
    <HomePage>www.vivaco.hu</HomePage></ItemHeader>
  <DTOrigin>49.83</DTOrigin>
  <DimensionArray Type="Height" >
    <DimensionString Value="966" >900</DimensionString>
    <DimensionString Value="1066" >1000</DimensionString>
    <DimensionString Value="1266" >1200</DimensionString>
    <DimensionString Value="1466" >1400</DimensionString>
    <DimensionString Value="1666" >1600</DimensionString>
    <DimensionString Value="1866" >1800</DimensionString>
    <DimensionString Value="2066" >2000</DimensionString>
  </DimensionArray>
  <DimensionArray Type="Width" >
    <DimensionString Value="80" >80</DimensionString>
  </DimensionArray>
  <DimensionArray Type="Length" >
    <DimensionString Value="3" >3</DimensionString>
    <DimensionString Value="4" >4</DimensionString>
    <DimensionString Value="5" >5</DimensionString>
    <DimensionString Value="6" >6</DimensionString>
    <DimensionString Value="7" >7</DimensionString>
    <DimensionString Value="8" >8</DimensionString>
    <DimensionString Value="9" >9</DimensionString>
    <DimensionString Value="10" >10</DimensionString>
    <DimensionString Value="11" >11</DimensionString>
    <DimensionString Value="12" >12</DimensionString>
  </DimensionArray>
  <RadiatorMainType>	<MainTypeName>FONDITAL Garda Dual_80  900</MainTypeName>	<DimensionIndex>0</DimensionIndex>	<DimensionIndex>0</DimensionIndex>	<kvValue>10.85</kvValue>	<RadiatorSubTypeMacro From="0" To="9">	<Name>FONDITAL Garda Dual_80  900-{S}</Name>	<Power>175</Power>	<Surface>0.</Surface>	<Volume>0.47</Volume>	<Exponent>1.3695</Exponent>	<Length>80</Length>	<EstimateCode>FONDITAL Garda Dual_80_900-{S}</EstimateCode>		</RadiatorSubTypeMacro>	</RadiatorMainType>
  <RadiatorMainType>	<MainTypeName>FONDITAL Garda Dual_80 1000</MainTypeName>	<DimensionIndex>1</DimensionIndex>	<DimensionIndex>0</DimensionIndex>	<kvValue>10.48</kvValue>	<RadiatorSubTypeMacro From="0" To="9">	<Name>FONDITAL Garda Dual_80 1000-{S}</Name>	<Power>189</Power>	<Surface>0.</Surface>	<Volume>0.52</Volume>	<Exponent>1.3908</Exponent>	<Length>80</Length>	<EstimateCode>FONDITAL Garda Dual_80_1000-{S}</EstimateCode>	</RadiatorSubTypeMacro>	</RadiatorMainType>
  <RadiatorMainType>	<MainTypeName>FONDITAL Garda Dual_80 1200</MainTypeName>	<DimensionIndex>2</DimensionIndex>	<DimensionIndex>0</DimensionIndex>	<kvValue>10.18</kvValue>	<RadiatorSubTypeMacro From="0" To="9">	<Name>FONDITAL Garda Dual_80 1200-{S}</Name>	<Power>215</Power>	<Surface>0.</Surface>	<Volume>0.60</Volume>	<Exponent>1.3889</Exponent>	<Length>80</Length>	<EstimateCode>FONDITAL Garda Dual_80_1200-{S}</EstimateCode>	</RadiatorSubTypeMacro>	</RadiatorMainType>
  <RadiatorMainType>	<MainTypeName>FONDITAL Garda Dual_80 1400</MainTypeName>	<DimensionIndex>3</DimensionIndex>	<DimensionIndex>0</DimensionIndex>	<kvValue>9.90</kvValue> 	<RadiatorSubTypeMacro From="0" To="9">	<Name>FONDITAL Garda Dual_80 1400-{S}</Name>	<Power>241</Power>	<Surface>0.</Surface>	<Volume>0.70</Volume>	<Exponent>1.3875</Exponent>	<Length>80</Length>	<EstimateCode>FONDITAL Garda Dual_80_1400-{S}</EstimateCode>	</RadiatorSubTypeMacro>	</RadiatorMainType>
  <RadiatorMainType>	<MainTypeName>FONDITAL Garda Dual_80 1600</MainTypeName>	<DimensionIndex>4</DimensionIndex>	<DimensionIndex>0</DimensionIndex>	<kvValue>9.72</kvValue> 	<RadiatorSubTypeMacro From="0" To="9">	<Name>FONDITAL Garda Dual_80 1600-{S}</Name>	<Power>266</Power>	<Surface>0.</Surface>	<Volume>0.79</Volume>	<Exponent>1.3980</Exponent>	<Length>80</Length>	<EstimateCode>FONDITAL Garda Dual_80_1600-{S}</EstimateCode>	</RadiatorSubTypeMacro>	</RadiatorMainType>
  <RadiatorMainType>	<MainTypeName>FONDITAL Garda Dual_80 1800</MainTypeName>	<DimensionIndex>5</DimensionIndex>	<DimensionIndex>0</DimensionIndex>	<kvValue>9.55</kvValue> 	<RadiatorSubTypeMacro From="0" To="9">	<Name>FONDITAL Garda Dual_80 1800-{S}</Name>	<Power>288</Power>	<Surface>0.</Surface>	<Volume>0.88</Volume>	<Exponent>1.3832</Exponent>	<Length>80</Length>	<EstimateCode>FONDITAL Garda Dual_80_1800-{S}</EstimateCode>	</RadiatorSubTypeMacro>	</RadiatorMainType>
  <RadiatorMainType>	<MainTypeName>FONDITAL Garda Dual_80 2000</MainTypeName>	<DimensionIndex>6</DimensionIndex>	<DimensionIndex>0</DimensionIndex>	<kvValue>9.23</kvValue> 	<RadiatorSubTypeMacro From="0" To="9">	<Name>FONDITAL Garda Dual_80 2000-{S}</Name>	<Power>310</Power>	<Surface>0.</Surface>	<Volume>0.96</Volume>	<Exponent>1.3902</Exponent>	<Length>80</Length>	<EstimateCode>FONDITAL Garda Dual_80_2000-{S}</EstimateCode>	</RadiatorSubTypeMacro>	</RadiatorMainType>  
  
  
</WinWattDBRadiator>



</WinWattDB>
