<?xml version="1.0" encoding="ISO-8859-2" ?>
<WinWattDB>

<WinWattDBRadiator DTLog="Yes">
  <ItemHeader Extinct="yes">
    <Date><Year>2004</Year><Month>10</Month><Day>19</Day></Date>
    <ItemPath>PURMO</ItemPath>
    <ItemName>PURMO P</ItemName>
    <HomePage></HomePage></ItemHeader>
  <DTOrigin>49.833</DTOrigin>
  <DimensionArray Type="Height" >
    <DimensionString Value="300" >300</DimensionString>
    <DimensionString Value="450" >450</DimensionString>
    <DimensionString Value="600" >600</DimensionString>
    <DimensionString Value="900" >900</DimensionString>
  </DimensionArray>
  <DimensionArray Type="Width" >
    <DimensionString Value="47" >P10</DimensionString>
    <DimensionString Value="102" >P20</DimensionString>
    <DimensionString Value="152" >P30</DimensionString>
  </DimensionArray>
  <DimensionArray Type="Length" >
    <DimensionString Value="400" >400</DimensionString>
    <DimensionString Value="600" >600</DimensionString>
    <DimensionString Value="800" >800</DimensionString>
    <DimensionString Value="1000" >1000</DimensionString>
    <DimensionString Value="1200" >1200</DimensionString>
    <DimensionString Value="1400" >1400</DimensionString>
    <DimensionString Value="1600" >1600</DimensionString>
    <DimensionString Value="1800" >1800</DimensionString>
    <DimensionString Value="2000" >2000</DimensionString>
    <DimensionString Value="2300" >2300</DimensionString>
    <DimensionString Value="2600" >2600</DimensionString>
    <DimensionString Value="3000" >3000</DimensionString>
  </DimensionArray>
  <RadiatorMainType>	<MainTypeName>PURMO P10-300-</MainTypeName>	<DimensionIndex>0</DimensionIndex>	<DimensionIndex>0</DimensionIndex>	<kvValue>2.5</kvValue>		<RadiatorSubTypeMacro From="0" To="11">	<Name>PURMO P10-300-{S}</Name>	<Power>350</Power>	<Surface>0</Surface>	<Volume>1.7</Volume>	<Exponent>1.315</Exponent>	<EstimateCode>PURMO_P10-300-{S}</EstimateCode>	</RadiatorSubTypeMacro>	</RadiatorMainType>
  <RadiatorMainType>	<MainTypeName>PURMO P10-450-</MainTypeName>	<DimensionIndex>1</DimensionIndex>	<DimensionIndex>0</DimensionIndex>	<kvValue>2.5</kvValue>		<RadiatorSubTypeMacro From="0" To="11">	<Name>PURMO P10-450-{S}</Name>	<Power>493</Power>	<Surface>0</Surface>	<Volume>2.3</Volume>	<Exponent>1.312</Exponent>	<EstimateCode>PURMO_P10-450-{S}</EstimateCode>	</RadiatorSubTypeMacro>	</RadiatorMainType>
  <RadiatorMainType>	<MainTypeName>PURMO P10-600-</MainTypeName>	<DimensionIndex>2</DimensionIndex>	<DimensionIndex>0</DimensionIndex>	<kvValue>2.5</kvValue>		<RadiatorSubTypeMacro From="0" To="11">	<Name>PURMO P10-600-{S}</Name>	<Power>628</Power>	<Surface>0</Surface>	<Volume>3</Volume>	<Exponent>1.311</Exponent>	<EstimateCode>PURMO_P10-600-{S}</EstimateCode>	</RadiatorSubTypeMacro>	</RadiatorMainType>
  <RadiatorMainType>	<MainTypeName>PURMO P10-900-</MainTypeName>	<DimensionIndex>3</DimensionIndex>	<DimensionIndex>0</DimensionIndex>	<kvValue>2.5</kvValue>		<RadiatorSubTypeMacro From="0" To="11">	<Name>PURMO P10-900-{S}</Name>	<Power>879.65</Power>	<Surface>0</Surface>	<Volume>4.4</Volume>	<Exponent>1.307</Exponent>	<EstimateCode>PURMO_P10-900-{S}</EstimateCode>	</RadiatorSubTypeMacro>	</RadiatorMainType>
  <RadiatorMainType>	<MainTypeName>PURMO P20-300-</MainTypeName>	<DimensionIndex>0</DimensionIndex>	<DimensionIndex>1</DimensionIndex>	<kvValue>3.1</kvValue>		<RadiatorSubTypeMacro From="0" To="11">	<Name>PURMO P20-300-{S}</Name>	<Power>591.65</Power>	<Surface>0</Surface>	<Volume>3.4</Volume>	<Exponent>1.3</Exponent>	<EstimateCode>PURMO_P20-300-{S}</EstimateCode>	</RadiatorSubTypeMacro>	</RadiatorMainType>
  <RadiatorMainType>	<MainTypeName>PURMO P20-450-</MainTypeName>	<DimensionIndex>1</DimensionIndex>	<DimensionIndex>1</DimensionIndex>	<kvValue>3.1</kvValue>		<RadiatorSubTypeMacro From="0" To="11">	<Name>PURMO P20-450-{S}</Name>	<Power>825.35</Power>	<Surface>0</Surface>	<Volume>4.8</Volume>	<Exponent>1.3</Exponent>	<EstimateCode>PURMO_P20-450-{S}</EstimateCode>	</RadiatorSubTypeMacro>	</RadiatorMainType>
  <RadiatorMainType>	<MainTypeName>PURMO P20-600-</MainTypeName>	<DimensionIndex>2</DimensionIndex>	<DimensionIndex>1</DimensionIndex>	<kvValue>3.1</kvValue>		<RadiatorSubTypeMacro From="0" To="11">	<Name>PURMO P20-600-{S}</Name>	<Power>1044.7</Power>	<Surface>0</Surface>	<Volume>6.2</Volume>	<Exponent>1.3</Exponent>	<EstimateCode>PURMO_P20-600-{S}</EstimateCode>	</RadiatorSubTypeMacro>	</RadiatorMainType>
  <RadiatorMainType>	<MainTypeName>PURMO P20-900-</MainTypeName>	<DimensionIndex>3</DimensionIndex>	<DimensionIndex>1</DimensionIndex>	<kvValue>3.1</kvValue>		<RadiatorSubTypeMacro From="0" To="11">	<Name>PURMO P20-900-{S}</Name>	<Power>1457</Power>	<Surface>0</Surface>	<Volume>8.9</Volume>	<Exponent>1.3</Exponent>	<EstimateCode>PURMO_P20-900-{S}</EstimateCode>	</RadiatorSubTypeMacro>	</RadiatorMainType>
  <RadiatorMainType>	<MainTypeName>PURMO P30-300-</MainTypeName>	<DimensionIndex>0</DimensionIndex>	<DimensionIndex>2</DimensionIndex>	<kvValue>3.1</kvValue>		<RadiatorSubTypeMacro From="0" To="11">	<Name>PURMO P30-300-{S}</Name>	<Power>838.65</Power>	<Surface>0</Surface>	<Volume>5</Volume>	<Exponent>1.3</Exponent>	<EstimateCode>PURMO_P30-300-{S}</EstimateCode>	</RadiatorSubTypeMacro>	</RadiatorMainType>
  <RadiatorMainType>	<MainTypeName>PURMO P30-450-</MainTypeName>	<DimensionIndex>1</DimensionIndex>	<DimensionIndex>2</DimensionIndex>	<kvValue>3.1</kvValue>		<RadiatorSubTypeMacro From="0" To="11">	<Name>PURMO P30-450-{S}</Name>	<Power>1159.7</Power>	<Surface>0</Surface>	<Volume>7</Volume>	<Exponent>1.3</Exponent>	<EstimateCode>PURMO_P30-450-{S}</EstimateCode>	</RadiatorSubTypeMacro>	</RadiatorMainType>
  <RadiatorMainType>	<MainTypeName>PURMO P30-600-</MainTypeName>	<DimensionIndex>2</DimensionIndex>	<DimensionIndex>2</DimensionIndex>	<kvValue>3.1</kvValue>		<RadiatorSubTypeMacro From="0" To="11">	<Name>PURMO P30-600-{S}</Name>	<Power>1459.3</Power>	<Surface>0</Surface>	<Volume>9</Volume>	<Exponent>1.3</Exponent>	<EstimateCode>PURMO_P30-600-{S}</EstimateCode>	</RadiatorSubTypeMacro>	</RadiatorMainType>
  <RadiatorMainType>	<MainTypeName>PURMO P30-900-</MainTypeName>	<DimensionIndex>3</DimensionIndex>	<DimensionIndex>2</DimensionIndex>	<kvValue>3.1</kvValue>		<RadiatorSubTypeMacro From="0" To="11">	<Name>PURMO P30-900-{S}</Name>	<Power>2017.3</Power>	<Surface>0</Surface>	<Volume>13</Volume>	<Exponent>1.3</Exponent>	<EstimateCode>PURMO_P30-900-{S}</EstimateCode>	</RadiatorSubTypeMacro>	</RadiatorMainType>
</WinWattDBRadiator>

</WinWattDB>
