<?xml version="1.0" encoding="ISO-8859-2" ?>
<WinWattDB>

<WinWattDBRadiator DTLog="Yes">
  <ItemHeader Extinct="yes">
    <Date><Year>2004</Year><Month>10</Month><Day>18</Day></Date>
    <ItemPath>PURMO</ItemPath>
    <ItemName>PURMO C</ItemName>
    <HomePage></HomePage></ItemHeader>
  <DTOrigin>49.833</DTOrigin>
  <DimensionArray Type="Height" >
    <DimensionString Value="300" >300</DimensionString>
    <DimensionString Value="450" >450</DimensionString>
    <DimensionString Value="500" >500</DimensionString>
    <DimensionString Value="600" >600</DimensionString>
    <DimensionString Value="900" >900</DimensionString>
  </DimensionArray>
  <DimensionArray Type="Width" >
    <DimensionString Value="60" >C11</DimensionString>
    <DimensionString Value="70" >C21s</DimensionString>
    <DimensionString Value="102" >C22</DimensionString>
    <DimensionString Value="152" >C33</DimensionString>
  </DimensionArray>
  <DimensionArray Type="Length" >
    <DimensionString Value="400" >400</DimensionString>
    <DimensionString Value="500" >500</DimensionString>
    <DimensionString Value="600" >600</DimensionString>
    <DimensionString Value="700" >700</DimensionString>
    <DimensionString Value="800" >800</DimensionString>
    <DimensionString Value="900" >900</DimensionString>
    <DimensionString Value="1000" >1000</DimensionString>
    <DimensionString Value="1100" >1100</DimensionString>
    <DimensionString Value="1200" >1200</DimensionString>
    <DimensionString Value="1400" >1400</DimensionString>
    <DimensionString Value="1600" >1600</DimensionString>
    <DimensionString Value="1800" >1800</DimensionString>
    <DimensionString Value="2000" >2000</DimensionString>
    <DimensionString Value="2300" >2300</DimensionString>
    <DimensionString Value="2600" >2600</DimensionString>
    <DimensionString Value="3000" >3000</DimensionString>
  </DimensionArray>
  <RadiatorMainType>	<MainTypeName>PURMO C11-300-</MainTypeName>	<DimensionIndex>0</DimensionIndex>	<DimensionIndex>0</DimensionIndex>	<kvValue>2.5</kvValue>		<RadiatorSubTypeMacro From="0" To="15" Exceptions="1,3,5,7">	<Name>PURMO C11-300-{S}</Name>	<Power>529.65</Power>	<Surface>0</Surface>	<Volume>1.7</Volume>	<Exponent>1.275</Exponent>	<EstimateCode>PURMO_C11-300-{S}</EstimateCode>	</RadiatorSubTypeMacro>	</RadiatorMainType>
  <RadiatorMainType>	<MainTypeName>PURMO C11-450-</MainTypeName>	<DimensionIndex>1</DimensionIndex>	<DimensionIndex>0</DimensionIndex>	<kvValue>2.5</kvValue>		<RadiatorSubTypeMacro From="0" To="15">				<Name>PURMO C11-450-{S}</Name>	<Power>763.65</Power>	<Surface>0</Surface>	<Volume>2.3</Volume>	<Exponent>1.274</Exponent>	<EstimateCode>PURMO_C11-450-{S}</EstimateCode>	</RadiatorSubTypeMacro>	</RadiatorMainType>
  <RadiatorMainType>	<MainTypeName>PURMO C11-500-</MainTypeName>	<DimensionIndex>2</DimensionIndex>	<DimensionIndex>0</DimensionIndex>	<kvValue>2.5</kvValue>		<RadiatorSubTypeMacro From="0" To="15">				<Name>PURMO C11-500-{S}</Name>	<Power>839.35</Power>	<Surface>0</Surface>	<Volume>2.6</Volume>	<Exponent>1.274</Exponent>	<EstimateCode>PURMO_C11-500-{S}</EstimateCode>	</RadiatorSubTypeMacro>	</RadiatorMainType>
  <RadiatorMainType>	<MainTypeName>PURMO C11-600-</MainTypeName>	<DimensionIndex>3</DimensionIndex>	<DimensionIndex>0</DimensionIndex>	<kvValue>2.5</kvValue>		<RadiatorSubTypeMacro From="0" To="15">				<Name>PURMO C11-600-{S}</Name>	<Power>988</Power>	<Surface>0</Surface>	<Volume>3</Volume>	<Exponent>1.273</Exponent>	<EstimateCode>PURMO_C11-600-{S}</EstimateCode>	</RadiatorSubTypeMacro>	</RadiatorMainType>
  <RadiatorMainType>	<MainTypeName>PURMO C11-900-</MainTypeName>	<DimensionIndex>4</DimensionIndex>	<DimensionIndex>0</DimensionIndex>	<kvValue>2.5</kvValue>		<RadiatorSubTypeMacro From="0" To="15" Exceptions="1,3,5,7">	<Name>PURMO C11-900-{S}</Name>	<Power>1414.7</Power>	<Surface>0</Surface>	<Volume>4.4</Volume>	<Exponent>1.269</Exponent>	<EstimateCode>PURMO_C11-900-{S}</EstimateCode>	</RadiatorSubTypeMacro>	</RadiatorMainType>
  <RadiatorMainType>	<MainTypeName>PURMO C21s-300-</MainTypeName>	<DimensionIndex>0</DimensionIndex>	<DimensionIndex>1</DimensionIndex>	<kvValue>3.1</kvValue>		<RadiatorSubTypeMacro From="0" To="15">				<Name>PURMO C21s-300-{S}</Name>	<Power>736.65</Power>	<Surface>0</Surface>	<Volume>3.4</Volume>	<Exponent>1.29</Exponent>	<EstimateCode>PURMO_C21s-300-{S}</EstimateCode>	</RadiatorSubTypeMacro>	</RadiatorMainType>
  <RadiatorMainType>	<MainTypeName>PURMO C21s-450-</MainTypeName>	<DimensionIndex>1</DimensionIndex>	<DimensionIndex>1</DimensionIndex>	<kvValue>3.1</kvValue>		<RadiatorSubTypeMacro From="0" To="15">				<Name>PURMO C21s-450-{S}</Name>	<Power>1021</Power>	<Surface>0</Surface>	<Volume>4.8</Volume>	<Exponent>1.294</Exponent>	<EstimateCode>PURMO_C21s-450-{S}</EstimateCode>	</RadiatorSubTypeMacro>	</RadiatorMainType>
  <RadiatorMainType>	<MainTypeName>PURMO C21s-500-</MainTypeName>	<DimensionIndex>2</DimensionIndex>	<DimensionIndex>1</DimensionIndex>	<kvValue>3.1</kvValue>		<RadiatorSubTypeMacro From="0" To="15">				<Name>PURMO C21s-500-{S}</Name>	<Power>1113</Power>	<Surface>0</Surface>	<Volume>5.2</Volume>	<Exponent>1.294</Exponent>	<EstimateCode>PURMO_C21s-500-{S}</EstimateCode>	</RadiatorSubTypeMacro>	</RadiatorMainType>
  <RadiatorMainType>	<MainTypeName>PURMO C21s-600-</MainTypeName>	<DimensionIndex>3</DimensionIndex>	<DimensionIndex>1</DimensionIndex>	<kvValue>3.1</kvValue>		<RadiatorSubTypeMacro From="0" To="15">				<Name>PURMO C21s-600-{S}</Name>	<Power>1293.7</Power>	<Surface>0</Surface>	<Volume>6.2</Volume>	<Exponent>1.298</Exponent>	<EstimateCode>PURMO_C21s-600-{S}</EstimateCode>	</RadiatorSubTypeMacro>	</RadiatorMainType>
  <RadiatorMainType>	<MainTypeName>PURMO C21s-900-</MainTypeName>	<DimensionIndex>4</DimensionIndex>	<DimensionIndex>1</DimensionIndex>	<kvValue>3.1</kvValue>		<RadiatorSubTypeMacro From="0" To="15">				<Name>PURMO C21s-900-{S}</Name>	<Power>1822.7</Power>	<Surface>0</Surface>	<Volume>8.9</Volume>	<Exponent>1.306</Exponent>	<EstimateCode>PURMO_C21s-900-{S}</EstimateCode>	</RadiatorSubTypeMacro>	</RadiatorMainType>
  <RadiatorMainType>	<MainTypeName>PURMO C22-300-</MainTypeName>	<DimensionIndex>0</DimensionIndex>	<DimensionIndex>2</DimensionIndex>	<kvValue>3.1</kvValue>		<RadiatorSubTypeMacro From="0" To="15" Exceptions="1,3,5,7">	<Name>PURMO C22-300-{S}</Name>	<Power>945.35</Power>	<Surface>0</Surface>	<Volume>3.4</Volume>	<Exponent>1.305</Exponent>	<EstimateCode>PURMO_C22-300-{S}</EstimateCode>	</RadiatorSubTypeMacro>	</RadiatorMainType>
  <RadiatorMainType>	<MainTypeName>PURMO C22-450-</MainTypeName>	<DimensionIndex>1</DimensionIndex>	<DimensionIndex>2</DimensionIndex>	<kvValue>3.1</kvValue>		<RadiatorSubTypeMacro From="0" To="15">				<Name>PURMO C22-450-{S}</Name>	<Power>1301.7</Power>	<Surface>0</Surface>	<Volume>4.8</Volume>	<Exponent>1.313</Exponent>	<EstimateCode>PURMO_C22-450-{S}</EstimateCode>	</RadiatorSubTypeMacro>	</RadiatorMainType>
  <RadiatorMainType>	<MainTypeName>PURMO C22-500-</MainTypeName>	<DimensionIndex>2</DimensionIndex>	<DimensionIndex>2</DimensionIndex>	<kvValue>3.1</kvValue>		<RadiatorSubTypeMacro From="0" To="15">				<Name>PURMO C22-500-{S}</Name>	<Power>1417.3</Power>	<Surface>0</Surface>	<Volume>5.2</Volume>	<Exponent>1.316</Exponent>	<EstimateCode>PURMO_C22-500-{S}</EstimateCode>	</RadiatorSubTypeMacro>	</RadiatorMainType>
  <RadiatorMainType>	<MainTypeName>PURMO C22-600-</MainTypeName>	<DimensionIndex>3</DimensionIndex>	<DimensionIndex>2</DimensionIndex>	<kvValue>3.1</kvValue>		<RadiatorSubTypeMacro From="0" To="15">				<Name>PURMO C22-600-{S}</Name>	<Power>1647</Power>	<Surface>0</Surface>	<Volume>6.2</Volume>	<Exponent>1.32</Exponent>	<EstimateCode>PURMO_C22-600-{S}</EstimateCode>	</RadiatorSubTypeMacro>	</RadiatorMainType>
  <RadiatorMainType>	<MainTypeName>PURMO C22-900-</MainTypeName>	<DimensionIndex>4</DimensionIndex>	<DimensionIndex>2</DimensionIndex>	<kvValue>3.1</kvValue>		<RadiatorSubTypeMacro From="0" To="15" Exceptions="1,3,5,7">	<Name>PURMO C22-900-{S}</Name>	<Power>2335.7</Power>	<Surface>0</Surface>	<Volume>8.9</Volume>	<Exponent>1.336</Exponent>	<EstimateCode>PURMO_C22-900-{S}</EstimateCode>	</RadiatorSubTypeMacro>	</RadiatorMainType>
  <RadiatorMainType>	<MainTypeName>PURMO C33-300-</MainTypeName>	<DimensionIndex>0</DimensionIndex>	<DimensionIndex>3</DimensionIndex>	<kvValue>3.1</kvValue>		<RadiatorSubTypeMacro From="0" To="15" Exceptions="1,3,5,7">	<Name>PURMO C33-300-{S}</Name>	<Power>1313</Power>	<Surface>0</Surface>	<Volume>5</Volume>	<Exponent>1.35</Exponent>	<EstimateCode>PURMO_C33-300-{S}</EstimateCode>	</RadiatorSubTypeMacro>	</RadiatorMainType>
  <RadiatorMainType>	<MainTypeName>PURMO C33-450-</MainTypeName>	<DimensionIndex>1</DimensionIndex>	<DimensionIndex>3</DimensionIndex>	<kvValue>3.1</kvValue>		<RadiatorSubTypeMacro From="0" To="15">				<Name>PURMO C33-450-{S}</Name>	<Power>1856</Power>	<Surface>0</Surface>	<Volume>7</Volume>	<Exponent>1.342</Exponent>	<EstimateCode>PURMO_C33-450-{S}</EstimateCode>	</RadiatorSubTypeMacro>	</RadiatorMainType>
  <RadiatorMainType>	<MainTypeName>PURMO C33-500-</MainTypeName>	<DimensionIndex>2</DimensionIndex>	<DimensionIndex>3</DimensionIndex>	<kvValue>3.1</kvValue>		<RadiatorSubTypeMacro From="0" To="15">				<Name>PURMO C33-500-{S}</Name>	<Power>2025.7</Power>	<Surface>0</Surface>	<Volume>7.7</Volume>	<Exponent>1.334</Exponent>	<EstimateCode>PURMO_C33-500-{S}</EstimateCode>	</RadiatorSubTypeMacro>	</RadiatorMainType>
  <RadiatorMainType>	<MainTypeName>PURMO C33-600-</MainTypeName>	<DimensionIndex>3</DimensionIndex>	<DimensionIndex>3</DimensionIndex>	<kvValue>3.1</kvValue>		<RadiatorSubTypeMacro From="0" To="15" Exceptions="1,3,5,7">	<Name>PURMO C33-600-{S}</Name>	<Power>2350</Power>	<Surface>0</Surface>	<Volume>9</Volume>	<Exponent>1.334</Exponent>	<EstimateCode>PURMO_C33-600-{S}</EstimateCode>	</RadiatorSubTypeMacro>	</RadiatorMainType>
  <RadiatorMainType>	<MainTypeName>PURMO C33-900-</MainTypeName>	<DimensionIndex>4</DimensionIndex>	<DimensionIndex>3</DimensionIndex>	<kvValue>3.1</kvValue>		<RadiatorSubTypeMacro From="0" To="15" Exceptions="1,3,5,7">	<Name>PURMO C33-900-{S}</Name>	<Power>3215.7</Power>	<Surface>0</Surface>	<Volume>13</Volume>	<Exponent>1.315</Exponent>	<EstimateCode>PURMO_C33-900-{S}</EstimateCode>	</RadiatorSubTypeMacro>	</RadiatorMainType>
</WinWattDBRadiator>

</WinWattDB>
