<?xml version="1.0" encoding="ISO-8859-2" ?>
<WinWattDB>

<WinWattDBGlobalMacro>

</WinWattDBGlobalMacro>

<WaterPumpDBItem>
  <ItemHeader>
    <Date><Year>2015</Year><Month>9</Month><Day>11</Day></Date>
    <ItemPath>GRUNDFOS</ItemPath>
    <ItemName>GRUNDFOS UP</ItemName>
    <HomePage></HomePage></ItemHeader>
    
  <NameBase>GRUNDFOS UP %s</NameBase>

  <WaterPumpSubType>	<SizeName>15-13 B</SizeName>		<DN>15</DN>	<Qmax>0.6 </Qmax>	<PolinomValue>-1.2794    </PolinomValue>	<PolinomValue>-8.2245E-01</PolinomValue>	<PolinomValue>-5.0839E-01</PolinomValue>	<PolinomValue>0.13851</PolinomValue>	<EstimateCode>GRUNDFOS_UP15-13B</EstimateCode>		</WaterPumpSubType>
  <WaterPumpSubType>	<SizeName>15-13 BU</SizeName>		<DN>15</DN>	<Qmax>0.6 </Qmax>	<PolinomValue>-1.2794    </PolinomValue>	<PolinomValue>-8.2245E-01</PolinomValue>	<PolinomValue>-5.0839E-01</PolinomValue>	<PolinomValue>0.13851</PolinomValue>	<EstimateCode>GRUNDFOS_UP15-13BU</EstimateCode>		</WaterPumpSubType>
  <WaterPumpSubType>	<SizeName>15-13 BX</SizeName>		<DN>15</DN>	<Qmax>0.46</Qmax>	<PolinomValue>-9.3820    </PolinomValue>	<PolinomValue>-1.4723E-01</PolinomValue>	<PolinomValue>-6.5205E-01</PolinomValue>	<PolinomValue>0.13020</PolinomValue>	<EstimateCode>GRUNDFOS_UP15-13BX</EstimateCode>		</WaterPumpSubType>
  <WaterPumpSubType>	<SizeName>15-13 BXU</SizeName>		<DN>15</DN>	<Qmax>0.46</Qmax>	<PolinomValue>-9.3820    </PolinomValue>	<PolinomValue>-1.4723E-01</PolinomValue>	<PolinomValue>-6.5205E-01</PolinomValue>	<PolinomValue>0.13020</PolinomValue>	<EstimateCode>GRUNDFOS_UP15-13BXU</EstimateCode>	</WaterPumpSubType>
  <WaterPumpSubType>	<SizeName>20-07 N</SizeName>		<DN>20</DN>	<Qmax>1.7 </Qmax>	<PolinomValue> 2.1688E-01</PolinomValue>	<PolinomValue>-3.4443E-01</PolinomValue>	<PolinomValue>-4.1686E-03</PolinomValue>	<PolinomValue>0.06723</PolinomValue>	<EstimateCode>GRUNDFOS_UP20-07N</EstimateCode>		</WaterPumpSubType>
  <WaterPumpSubType>	<SizeName>20-15 N</SizeName>		<DN>20</DN>	<Qmax>1.75</Qmax>	<PolinomValue>-1.1294E-01</PolinomValue>	<PolinomValue> 6.0667E-02</PolinomValue>	<PolinomValue>-1.8909E-01</PolinomValue>	<PolinomValue>0.11819</PolinomValue>	<EstimateCode>GRUNDFOS_UP20-15N</EstimateCode>		</WaterPumpSubType>
  <WaterPumpSubType>	<SizeName>20-30 N</SizeName>		<DN>20</DN>	<Qmax>2.5 </Qmax>	<PolinomValue> 1.5352E-01</PolinomValue>	<PolinomValue>-2.4674E-01</PolinomValue>	<PolinomValue>-2.5046E-01</PolinomValue>	<PolinomValue>0.30602</PolinomValue>	<EstimateCode>GRUNDFOS_UP20-30N</EstimateCode>		</WaterPumpSubType>
  <WaterPumpSubType>	<SizeName>20-45 N</SizeName>		<DN>20</DN>	<Qmax>3.6 </Qmax>	<PolinomValue>-2.7913E-02</PolinomValue>	<PolinomValue>-1.5729E-01</PolinomValue>	<PolinomValue>-1.6584E-01</PolinomValue>	<PolinomValue>0.43966</PolinomValue>	<EstimateCode>GRUNDFOS_UP20-45N</EstimateCode>		</WaterPumpSubType>
  <WaterPumpSubType>	<SizeName>25-80 B</SizeName>		<DN>25</DN>	<Qmax>7.2 </Qmax>	<PolinomValue>-3.4892E-03</PolinomValue>	<PolinomValue>-3.0184E-02</PolinomValue>	<PolinomValue>-2.3311E-01</PolinomValue>	<PolinomValue>0.75967</PolinomValue>	<EstimateCode>GRUNDFOS_UP20-80B</EstimateCode>		</WaterPumpSubType>
  <WaterPumpSubType>	<SizeName>20-07 N 3f</SizeName>		<DN>20</DN>	<Qmax>1.12</Qmax>	<PolinomValue>-7.0962E-01</PolinomValue>	<PolinomValue> 5.0850E-01</PolinomValue>	<PolinomValue>-2.7016E-01</PolinomValue>	<PolinomValue>0.06904</PolinomValue>	<EstimateCode>GRUNDFOS_UP20-07N3f</EstimateCode>	</WaterPumpSubType>
  <WaterPumpSubType>	<SizeName>20-15 N 3f</SizeName>		<DN>20</DN>	<Qmax>1.75</Qmax>	<PolinomValue> 6.6310E-02</PolinomValue>	<PolinomValue>-2.0974E-01</PolinomValue>	<PolinomValue>-1.4586E-01</PolinomValue>	<PolinomValue>0.15293</PolinomValue>	<EstimateCode>GRUNDFOS_UP20-15N3f</EstimateCode>	</WaterPumpSubType>
  <WaterPumpSubType>	<SizeName>20-30 N 3f</SizeName>		<DN>20</DN>	<Qmax>2.5 </Qmax>	<PolinomValue>-1.0235E-01</PolinomValue>	<PolinomValue> 3.3507E-02</PolinomValue>	<PolinomValue>-3.3521E-01</PolinomValue>	<PolinomValue>0.31495</PolinomValue>	<EstimateCode>GRUNDFOS_UP20-30N3f</EstimateCode>	</WaterPumpSubType>
  <WaterPumpSubType>	<SizeName>20-45 N 3f</SizeName>		<DN>20</DN>	<Qmax>3.6 </Qmax>	<PolinomValue>-4.6522E-02</PolinomValue>	<PolinomValue>-1.3015E-01</PolinomValue>	<PolinomValue>-1.7487E-01</PolinomValue>	<PolinomValue>0.44348</PolinomValue>	<EstimateCode>GRUNDFOS_UP20-45N3f</EstimateCode>	</WaterPumpSubType>
  <WaterPumpSubType>	<SizeName>32-80 B 3f</SizeName>		<DN>32</DN>	<Qmax>7.2 </Qmax>	<PolinomValue> 4.5628E-03</PolinomValue>	<PolinomValue>-5.1518E-02</PolinomValue>	<PolinomValue>-1.0570E-01</PolinomValue>	<PolinomValue>0.77192</PolinomValue>	<EstimateCode>GRUNDFOS_UP32-80B3f</EstimateCode>	</WaterPumpSubType>
  <WaterPumpSubType>	<SizeName>40-50 FB 3f</SizeName>	<DN>40</DN>	<Qmax>7.2 </Qmax>	<PolinomValue> 3.0419E-03</PolinomValue>	<PolinomValue>-4.0484E-02</PolinomValue>	<PolinomValue>-8.8148E-02</PolinomValue>	<PolinomValue>0.54184</PolinomValue>	<EstimateCode>GRUNDFOS_UP40-50FB3f</EstimateCode>	</WaterPumpSubType>
  
</WaterPumpDBItem>   
              

<WaterPumpDBItem>
  <ItemHeader>
    <Date><Year>2015</Year><Month>9</Month><Day>11</Day></Date>
    <ItemPath>GRUNDFOS</ItemPath>
    <ItemName>GRUNDFOS UPS</ItemName>
    <HomePage></HomePage></ItemHeader>
    
  <NameBase>GRUNDFOS UPS %s</NameBase>

  <WaterPumpSubType>	<SizeName>25-40 B (1)</SizeName>	<DN>25</DN>	<Qmax>1.5 </Qmax>	<PolinomValue> 0.        </PolinomValue>	<PolinomValue> 0.        </PolinomValue>	<PolinomValue> 4.0209E-01</PolinomValue>	<PolinomValue>-6.2141E-01</PolinomValue>	<PolinomValue>0.23664</PolinomValue>	<EstimateCode>GRUNDFOS_UPS25-40B</EstimateCode>		</WaterPumpSubType>
  <WaterPumpSubType>	<SizeName>25-40 B (2)</SizeName>	<DN>25</DN>	<Qmax>2.25</Qmax>	<PolinomValue> 0.        </PolinomValue>	<PolinomValue>-5.1175E-02</PolinomValue>	<PolinomValue> 1.8886E-01</PolinomValue>	<PolinomValue>-5.3631E-01</PolinomValue>	<PolinomValue>0.34621</PolinomValue>	<EstimateCode>GRUNDFOS_UPS25-40B</EstimateCode>		</WaterPumpSubType>
  <WaterPumpSubType>	<SizeName>25-40 B (3)</SizeName>	<DN>25</DN>	<Qmax>3.0 </Qmax>	<PolinomValue> 2.5122E-01</PolinomValue>	<PolinomValue>-4.6988E-01</PolinomValue>	<PolinomValue> 2.1226E-01</PolinomValue>	<PolinomValue>-3.8124E-01</PolinomValue>	<PolinomValue>0.39499</PolinomValue>	<EstimateCode>GRUNDFOS_UPS25-40B</EstimateCode>		</WaterPumpSubType>
  <WaterPumpSubType>	<SizeName>25-60 B (1)</SizeName>	<DN>25</DN>	<Qmax>1.75</Qmax>	<PolinomValue> 0.        </PolinomValue>	<PolinomValue>-7.1645E-01</PolinomValue>	<PolinomValue> 1.3037    </PolinomValue>	<PolinomValue>-1.0151    </PolinomValue>	<PolinomValue>0.31566</PolinomValue>	<EstimateCode>GRUNDFOS_UPS25-60B</EstimateCode>		</WaterPumpSubType>
  <WaterPumpSubType>	<SizeName>25-60 B (2)</SizeName>	<DN>25</DN>	<Qmax>2.5 </Qmax>	<PolinomValue> 0.        </PolinomValue>	<PolinomValue>-3.2566E-02</PolinomValue>	<PolinomValue> 2.9270E-01</PolinomValue>	<PolinomValue>-7.5617E-01</PolinomValue>	<PolinomValue>0.50375</PolinomValue>	<EstimateCode>GRUNDFOS_UPS25-60B</EstimateCode>		</WaterPumpSubType>
  <WaterPumpSubType>	<SizeName>25-60 B (3)</SizeName>	<DN>25</DN>	<Qmax>3.8 </Qmax>	<PolinomValue>-2.5895E-01</PolinomValue>	<PolinomValue> 5.3358E-01</PolinomValue>	<PolinomValue>-3.8031E-01</PolinomValue>	<PolinomValue>-3.2384E-01</PolinomValue>	<PolinomValue>0.59238</PolinomValue>	<EstimateCode>GRUNDFOS_UPS25-60B</EstimateCode>		</WaterPumpSubType>
  <WaterPumpSubType>	<SizeName>32-80 B (1)</SizeName>	<DN>32</DN>	<Qmax>2.1 </Qmax>	<PolinomValue> 0.3831    </PolinomValue>	<PolinomValue>-1.6225    </PolinomValue>	<PolinomValue> 2.4686    </PolinomValue>	<PolinomValue>-1.6877    </PolinomValue>	<PolinomValue>0.5122 </PolinomValue>	<EstimateCode>GRUNDFOS_UPS32-80B</EstimateCode>		</WaterPumpSubType>
  <WaterPumpSubType>	<SizeName>32-80 B (2)</SizeName>	<DN>32</DN>	<Qmax>4.7 </Qmax>	<PolinomValue> 0.        </PolinomValue>	<PolinomValue>-9.0361E-02</PolinomValue>	<PolinomValue> 4.8133E-01</PolinomValue>	<PolinomValue>-9.2853E-01</PolinomValue>	<PolinomValue>0.73722</PolinomValue>	<EstimateCode>GRUNDFOS_UPS32-80B</EstimateCode>		</WaterPumpSubType>
  <WaterPumpSubType>	<SizeName>32-80 B (3)</SizeName>	<DN>32</DN>	<Qmax>10.4</Qmax>	<PolinomValue> 1.1595E-02</PolinomValue>	<PolinomValue>-8.3293E-02</PolinomValue>	<PolinomValue> 2.0085E-01</PolinomValue>	<PolinomValue>-3.9990E-01</PolinomValue>	<PolinomValue>0.81924</PolinomValue>	<EstimateCode>GRUNDFOS_UPS32-80B</EstimateCode>		</WaterPumpSubType>
  <WaterPumpSubType>	<SizeName>32-50 FB (1)</SizeName>	<DN>32</DN>	<Qmax>2.1 </Qmax>	<PolinomValue> 0.        </PolinomValue>	<PolinomValue>-8.9556E-02</PolinomValue>	<PolinomValue> 3.2593E-01</PolinomValue>	<PolinomValue>-5.0754E-01</PolinomValue>	<PolinomValue>0.31566</PolinomValue>	<EstimateCode>GRUNDFOS_UPS32-50FB</EstimateCode>	</WaterPumpSubType>
  <WaterPumpSubType>	<SizeName>32-50 FB (2)</SizeName>	<DN>32</DN>	<Qmax>5.3 </Qmax>	<PolinomValue>-9.0102E-02</PolinomValue>	<PolinomValue> 4.0917E-01</PolinomValue>	<PolinomValue>-4.9872E-01</PolinomValue>	<PolinomValue>-1.2954E-01</PolinomValue>	<PolinomValue>0.48564</PolinomValue>	<EstimateCode>GRUNDFOS_UPS32-50FB</EstimateCode>	</WaterPumpSubType>
  <WaterPumpSubType>	<SizeName>32-50 FB (3)</SizeName>	<DN>32</DN>	<Qmax>9.1 </Qmax>	<PolinomValue>-1.0145E-02</PolinomValue>	<PolinomValue> 6.3432E-02</PolinomValue>	<PolinomValue>-1.3785E-01</PolinomValue>	<PolinomValue>-6.1940E-02</PolinomValue>	<PolinomValue>0.52216</PolinomValue>	<EstimateCode>GRUNDFOS_UPS32-50FB</EstimateCode>	</WaterPumpSubType>
  <WaterPumpSubType>	<SizeName>40-50 FB (1)</SizeName>	<DN>40</DN>	<Qmax>2.1 </Qmax>	<PolinomValue> 0.        </PolinomValue>	<PolinomValue>-8.9556E-02</PolinomValue>	<PolinomValue> 3.2593E-01</PolinomValue>	<PolinomValue>-5.0754E-01</PolinomValue>	<PolinomValue>0.31566</PolinomValue>	<EstimateCode>GRUNDFOS_UPS40-50FB</EstimateCode>	</WaterPumpSubType>
  <WaterPumpSubType>	<SizeName>40-50 FB (2)</SizeName>	<DN>40</DN>	<Qmax>5.3 </Qmax>	<PolinomValue>-9.0102E-02</PolinomValue>	<PolinomValue> 4.0917E-01</PolinomValue>	<PolinomValue>-4.9872E-01</PolinomValue>	<PolinomValue>-1.2954E-01</PolinomValue>	<PolinomValue>0.48564</PolinomValue>	<EstimateCode>GRUNDFOS_UPS40-50FB</EstimateCode>	</WaterPumpSubType>
  <WaterPumpSubType>	<SizeName>40-50 FB (3)</SizeName>	<DN>40</DN>	<Qmax>9.1 </Qmax>	<PolinomValue>-1.0145E-02</PolinomValue>	<PolinomValue> 6.3432E-02</PolinomValue>	<PolinomValue>-1.3785E-01</PolinomValue>	<PolinomValue>-6.1940E-02</PolinomValue>	<PolinomValue>0.52216</PolinomValue>	<EstimateCode>GRUNDFOS_UPS40-50FB</EstimateCode>	</WaterPumpSubType>
  
</WaterPumpDBItem>   

</WinWattDB>
