<?xml version="1.0" encoding="ISO-8859-2" ?>
<WinWattDB>

<WinWattDBGlobalMacro>

</WinWattDBGlobalMacro>


<WaterPumpDBItem>
  <ItemHeader>
    <Date><Year>2015</Year><Month>9</Month><Day>11</Day></Date>
    <ItemPath>WILO</ItemPath>
    <ItemName>WILO-Z</ItemName>
    <HomePage></HomePage></ItemHeader>
    
  <NameBase>WILO-Z %s</NameBase>

  <WaterPumpSubType>	<SizeName>15</SizeName>		<DN>15</DN>	<Qmax>0.6</Qmax>	<PolinomValue> 0.     </PolinomValue>	<PolinomValue> 5.1175 </PolinomValue>	<PolinomValue>-4.3255  </PolinomValue>	<PolinomValue>-7.8409E-02</PolinomValue>	<PolinomValue>0.12523</PolinomValue>	<EstimateCode>WILO-Z15</EstimateCode>	</WaterPumpSubType>
  <WaterPumpSubType>	<SizeName>20</SizeName>		<DN>15</DN>	<Qmax>1.6</Qmax>	<PolinomValue> 0.96469</PolinomValue>	<PolinomValue>-0.80391</PolinomValue>	<PolinomValue>-0.075987</PolinomValue>	<PolinomValue>-0.06203   </PolinomValue>	<PolinomValue>0.10168</PolinomValue>	<EstimateCode>WILO-Z20</EstimateCode>	</WaterPumpSubType>
  <WaterPumpSubType>	<SizeName>25 EM</SizeName>	<DN>25</DN>	<Qmax>3.2</Qmax>	<PolinomValue>-0.10049</PolinomValue>	<PolinomValue> 0.16748</PolinomValue>	<PolinomValue> 0.14538 </PolinomValue>	<PolinomValue>-0.51692   </PolinomValue>	<PolinomValue>0.34543</PolinomValue>	<EstimateCode>WILO-Z25EM</EstimateCode>	</WaterPumpSubType>
  <WaterPumpSubType>	<SizeName>25 DM</SizeName>	<DN>25</DN>	<Qmax>3.8</Qmax>	<PolinomValue> 0.13817</PolinomValue>	<PolinomValue>-0.35706</PolinomValue>	<PolinomValue> 0.072934</PolinomValue>	<PolinomValue>-0.042765  </PolinomValue>	<PolinomValue>0.31098</PolinomValue>	<EstimateCode>WILO-Z25DM</EstimateCode>	</WaterPumpSubType>
  
</WaterPumpDBItem>   


<WaterPumpDBItem>
  <ItemHeader>
    <Date><Year>2015</Year><Month>9</Month><Day>11</Day></Date>
    <ItemPath>WILO</ItemPath>
    <ItemName>WILO-TOP-Z</ItemName>
    <HomePage></HomePage></ItemHeader>
    
  <NameBase>WILO-TOP-Z %s</NameBase>

  <WaterPumpSubType>	<SizeName>30 EM (3)</SizeName>	<DN>32</DN>	<Qmax> 3.3</Qmax>	<PolinomValue> 0.        </PolinomValue>	<PolinomValue> 0.        </PolinomValue>	<PolinomValue> 1.4393E-01</PolinomValue>	<PolinomValue>-3.7759E-01</PolinomValue>	<PolinomValue>0.31713</PolinomValue>	<EstimateCode>WILO-TOP-Z30EM</EstimateCode>	</WaterPumpSubType>
  <WaterPumpSubType>	<SizeName>30 EM (2)</SizeName>	<DN>32</DN>	<Qmax> 4.7</Qmax>	<PolinomValue> 0.        </PolinomValue>	<PolinomValue>-3.4314E-02</PolinomValue>	<PolinomValue>-1.2811E-01</PolinomValue>	<PolinomValue> 1.0383E-02</PolinomValue>	<PolinomValue>0.46342</PolinomValue>	<EstimateCode>WILO-TOP-Z30EM</EstimateCode>	</WaterPumpSubType>
  <WaterPumpSubType>	<SizeName>30 EM (1)</SizeName>	<DN>32</DN>	<Qmax> 5.2</Qmax>	<PolinomValue> 5.1814E-02</PolinomValue>	<PolinomValue>-1.5033E-01</PolinomValue>	<PolinomValue>-2.2655E-02</PolinomValue>	<PolinomValue>-2.2564E-03</PolinomValue>	<PolinomValue>0.54300</PolinomValue>	<EstimateCode>WILO-TOP-Z30EM</EstimateCode>	</WaterPumpSubType>
  <WaterPumpSubType>	<SizeName>30 DM (3)</SizeName>	<DN>32</DN>	<Qmax> 3.9</Qmax>	<PolinomValue> 0.        </PolinomValue>	<PolinomValue> 1.7343E-01</PolinomValue>	<PolinomValue>-4.3413E-01</PolinomValue>	<PolinomValue>+7.7812E-02</PolinomValue>	<PolinomValue>0.33530</PolinomValue>	<EstimateCode>WILO-TOP-Z30DM</EstimateCode>	</WaterPumpSubType>
  <WaterPumpSubType>	<SizeName>30 DM (2)</SizeName>	<DN>32</DN>	<Qmax> 4.6</Qmax>	<PolinomValue> 0.        </PolinomValue>	<PolinomValue> 1.1514E-01</PolinomValue>	<PolinomValue>-3.6553E-01</PolinomValue>	<PolinomValue> 7.7422E-02</PolinomValue>	<PolinomValue>0.43421</PolinomValue>	<EstimateCode>WILO-TOP-Z30DM</EstimateCode>	</WaterPumpSubType>
  <WaterPumpSubType>	<SizeName>30 DM (1)</SizeName>	<DN>32</DN>	<Qmax> 5.4</Qmax>	<PolinomValue> 1.0363E-01</PolinomValue>	<PolinomValue>-3.3477E-01</PolinomValue>	<PolinomValue> 1.8569E-01</PolinomValue>	<PolinomValue>-6.7738E-02</PolinomValue>	<PolinomValue>0.5332 </PolinomValue>	<EstimateCode>WILO-TOP-Z30DM</EstimateCode>	</WaterPumpSubType>
  <WaterPumpSubType>	<SizeName>40 EM (3)</SizeName>	<DN>40</DN>	<Qmax>10.0</Qmax>	<PolinomValue> 0.        </PolinomValue>	<PolinomValue>-1.3327E-03</PolinomValue>	<PolinomValue>-4.0996E-02</PolinomValue>	<PolinomValue> 6.8984E-03</PolinomValue>	<PolinomValue>0.41935</PolinomValue>	<EstimateCode>WILO-TOP-Z40EM</EstimateCode>	</WaterPumpSubType>
  <WaterPumpSubType>	<SizeName>40 EM (2)</SizeName>	<DN>40</DN>	<Qmax>13.0</Qmax>	<PolinomValue> 0.        </PolinomValue>	<PolinomValue> 2.3988E-03</PolinomValue>	<PolinomValue>-4.2074E-02</PolinomValue>	<PolinomValue> 2.4961E-02</PolinomValue>	<PolinomValue>0.51168</PolinomValue>	<EstimateCode>WILO-TOP-Z40EM</EstimateCode>	</WaterPumpSubType>
  <WaterPumpSubType>	<SizeName>40 EM (1)</SizeName>	<DN>40</DN>	<Qmax>14.5</Qmax>	<PolinomValue> 7.8507E-04</PolinomValue>	<PolinomValue>-6.9784E-03</PolinomValue>	<PolinomValue>-3.9980E-03</PolinomValue>	<PolinomValue>-1.3894E-02</PolinomValue>	<PolinomValue>0.57256</PolinomValue>	<EstimateCode>WILO-TOP-Z40EM</EstimateCode>	</WaterPumpSubType>
  <WaterPumpSubType>	<SizeName>40 DM (3)</SizeName>	<DN>40</DN>	<Qmax>10.0</Qmax>	<PolinomValue> 0.        </PolinomValue>	<PolinomValue> 3.9980E-03</PolinomValue>	<PolinomValue>-4.2074E-02</PolinomValue>	<PolinomValue>-6.4166E-03</PolinomValue>	<PolinomValue>0.35562</PolinomValue>	<EstimateCode>WILO-TOP-Z40DM</EstimateCode>	</WaterPumpSubType>
  <WaterPumpSubType>	<SizeName>40 DM (2)</SizeName>	<DN>40</DN>	<Qmax>12.0</Qmax>	<PolinomValue> 0.        </PolinomValue>	<PolinomValue> 2.3988E-03</PolinomValue>	<PolinomValue>-4.0932E-02</PolinomValue>	<PolinomValue> 9.0960E-03</PolinomValue>	<PolinomValue>0.45316</PolinomValue>	<EstimateCode>WILO-TOP-Z40DM</EstimateCode>	</WaterPumpSubType>
  <WaterPumpSubType>	<SizeName>40 DM (1)</SizeName>	<DN>40</DN>	<Qmax>14.0</Qmax>	<PolinomValue> 1.3739E-03</PolinomValue>	<PolinomValue>-1.1994E-02</PolinomValue>	<PolinomValue> 4.0586E-03</PolinomValue>	<PolinomValue>-9.2691E-03</PolinomValue>	<PolinomValue>0.56291</PolinomValue>	<EstimateCode>WILO-TOP-Z40DM</EstimateCode>	</WaterPumpSubType>
  <WaterPumpSubType>	<SizeName>50 (3)</SizeName>	<DN>50</DN>	<Qmax>18.0</Qmax>	<PolinomValue> 0.        </PolinomValue>	<PolinomValue> 1.3380E-03</PolinomValue>	<PolinomValue>-1.9588E-02</PolinomValue>	<PolinomValue>-2.7179E-03</PolinomValue>	<PolinomValue>0.46368</PolinomValue>	<EstimateCode>WILO-TOP-Z50</EstimateCode>	</WaterPumpSubType>
  <WaterPumpSubType>	<SizeName>50 (2)</SizeName>	<DN>50</DN>	<Qmax>21.0</Qmax>	<PolinomValue> 0.        </PolinomValue>	<PolinomValue>-1.5352E-04</PolinomValue>	<PolinomValue>-1.2611E-02</PolinomValue>	<PolinomValue> 1.3496E-02</PolinomValue>	<PolinomValue>0.55796</PolinomValue>	<EstimateCode>WILO-TOP-Z50</EstimateCode>	</WaterPumpSubType>
  <WaterPumpSubType>	<SizeName>50 (1)</SizeName>	<DN>50</DN>	<Qmax>25.0</Qmax>	<PolinomValue>-8.8818E-16</PolinomValue>	<PolinomValue>-8.1880E-04</PolinomValue>	<PolinomValue>-5.5439E-03</PolinomValue>	<PolinomValue> 1.1310E-02</PolinomValue>	<PolinomValue>0.67574</PolinomValue>	<EstimateCode>WILO-TOP-Z50</EstimateCode>	</WaterPumpSubType>
  <WaterPumpSubType>	<SizeName>65 (3)</SizeName>	<DN>65</DN>	<Qmax>34.0</Qmax>	<PolinomValue> 0.        </PolinomValue>	<PolinomValue> 3.1773E-04</PolinomValue>	<PolinomValue>-8.9771E-03</PolinomValue>	<PolinomValue> 6.2444E-03</PolinomValue>	<PolinomValue>0.67026</PolinomValue>	<EstimateCode>WILO-TOP-Z65</EstimateCode>	</WaterPumpSubType>
  <WaterPumpSubType>	<SizeName>65 (2)</SizeName>	<DN>65</DN>	<Qmax>37.0</Qmax>	<PolinomValue> 0.        </PolinomValue>	<PolinomValue> 1.8423E-04</PolinomValue>	<PolinomValue>-7.8102E-03</PolinomValue>	<PolinomValue> 9.7306E-03</PolinomValue>	<PolinomValue>0.75831</PolinomValue>	<EstimateCode>WILO-TOP-Z65</EstimateCode>	</WaterPumpSubType>
  <WaterPumpSubType>	<SizeName>65 (1)</SizeName>	<DN>65</DN>	<Qmax>40.0</Qmax>	<PolinomValue> 3.5557E-05</PolinomValue>	<PolinomValue>-7.4364E-04</PolinomValue>	<PolinomValue>-5.4574E-04</PolinomValue>	<PolinomValue>-2.0572E-03</PolinomValue>	<PolinomValue>0.83434</PolinomValue>	<EstimateCode>WILO-TOP-Z65</EstimateCode>	</WaterPumpSubType>
  <WaterPumpSubType>	<SizeName>80 (3)</SizeName>	<DN>80</DN>	<Qmax>40.0</Qmax>	<PolinomValue> 0.        </PolinomValue>	<PolinomValue> 7.6762E-05</PolinomValue>	<PolinomValue>-2.5587E-03</PolinomValue>	<PolinomValue>-2.3692E-03</PolinomValue>	<PolinomValue>0.49852</PolinomValue>	<EstimateCode>WILO-TOP-Z80</EstimateCode>	</WaterPumpSubType>
  <WaterPumpSubType>	<SizeName>80 (2)</SizeName>	<DN>80</DN>	<Qmax>45.0</Qmax>	<PolinomValue> 0.        </PolinomValue>	<PolinomValue> 1.9191E-05</PolinomValue>	<PolinomValue>-1.4621E-03</PolinomValue>	<PolinomValue>-9.6672E-03</PolinomValue>	<PolinomValue>0.64624</PolinomValue>	<EstimateCode>WILO-TOP-Z80</EstimateCode>	</WaterPumpSubType>
  <WaterPumpSubType>	<SizeName>80 (1)</SizeName>	<DN>80</DN>	<Qmax>50.0</Qmax>	<PolinomValue> 1.7271E-06</PolinomValue>	<PolinomValue>-5.8638E-05</PolinomValue>	<PolinomValue>-2.7098E-04</PolinomValue>	<PolinomValue>-1.6559E-02</PolinomValue>	<PolinomValue>0.79959</PolinomValue>	<EstimateCode>WILO-TOP-Z80</EstimateCode>	</WaterPumpSubType>
  
</WaterPumpDBItem>   


</WinWattDB>
