<?xml version="1.0" encoding="ISO-8859-2" ?>
<WinWattDB>

<WinWattDBGlobalMacro>
	<Macro ID="$konv1" Language="hun">konvektorok</Macro>
	<Macro ID="$konv1" Language="sky">konvektorok</Macro>
	<Macro ID="$konv1" Language="rom">Convectori</Macro>
</WinWattDBGlobalMacro>


<WinWattDBRadiator DTLog="Yes">
  <ItemHeader>
    <Date><Year>1999</Year><Month>7</Month><Day>23</Day></Date>
    <ItemPath>PROLUX</ItemPath>
    <ItemName>PROLUX $konv1</ItemName>
    <HomePage></HomePage></ItemHeader>
  <DTOrigin>60</DTOrigin>
  <DimensionArray Type="Height" >
    <DimensionString Value="70" >70 mm</DimensionString>
    <DimensionString Value="140" >140 mm</DimensionString>
    <DimensionString Value="210" >210 mm</DimensionString>
    <DimensionString Value="280" >280 mm</DimensionString>
  </DimensionArray>
  <DimensionArray Type="Width" >
    <DimensionString Value="61" >C 28/L</DimensionString>
    <DimensionString Value="72" >C 28-2</DimensionString>
    <DimensionString Value="122" >C 28-2/L</DimensionString>
    <DimensionString Value="133" >C 28-3</DimensionString>
    <DimensionString Value="183" >C 28-3/L</DimensionString>
    <DimensionString Value="194" >C 28-4</DimensionString>
    <DimensionString Value="244" >C 28-4/L</DimensionString>
    <DimensionString Value="255" >C 28-5</DimensionString>
    <DimensionString Value="305" >C 28-5/L</DimensionString>
  </DimensionArray>
  <DimensionArray Type="Length" >
    <DimensionString Value="500" >50</DimensionString>
    <DimensionString Value="600" >60</DimensionString>
    <DimensionString Value="700" >70</DimensionString>
    <DimensionString Value="800" >80</DimensionString>
    <DimensionString Value="900" >90</DimensionString>
    <DimensionString Value="1000" >100</DimensionString>
    <DimensionString Value="1100" >110</DimensionString>
    <DimensionString Value="1200" >120</DimensionString>
    <DimensionString Value="1300" >130</DimensionString>
    <DimensionString Value="1400" >140</DimensionString>
    <DimensionString Value="1500" >150</DimensionString>
    <DimensionString Value="1600" >160</DimensionString>
    <DimensionString Value="1700" >170</DimensionString>
    <DimensionString Value="1800" >180</DimensionString>
    <DimensionString Value="1900" >190</DimensionString>
    <DimensionString Value="2000" >200</DimensionString>
    <DimensionString Value="2200" >220</DimensionString>
    <DimensionString Value="2400" >240</DimensionString>
    <DimensionString Value="2600" >260</DimensionString>
    <DimensionString Value="2800" >280</DimensionString>
    <DimensionString Value="3000" >300</DimensionString>
    <DimensionString Value="3200" >320</DimensionString>
    <DimensionString Value="3400" >340</DimensionString>
    <DimensionString Value="3600" >360</DimensionString>
    <DimensionString Value="3800" >380</DimensionString>
    <DimensionString Value="4000" >400</DimensionString>
    <DimensionString Value="4200" >420</DimensionString>
    <DimensionString Value="4400" >440</DimensionString>
    <DimensionString Value="4600" >460</DimensionString>
    <DimensionString Value="4800" >480</DimensionString>
    <DimensionString Value="5000" >500</DimensionString>
    <DimensionString Value="5500" >550</DimensionString>
    <DimensionString Value="6000" >600</DimensionString>
  </DimensionArray>
  <RadiatorMainType>	<MainTypeName>PROLUX C 7/L-</MainTypeName>	<DimensionIndex>0</DimensionIndex>	<DimensionIndex>0</DimensionIndex>	<kvValue>0</kvValue>		<RadiatorSubTypeMacro From="0" To="32">	<Name>PROLUX C 7/L-{S}</Name>		<Power>282.18</Power>	<Surface>0.9909</Surface>	<Volume>0.5509</Volume>	<Exponent>1.12</Exponent>	<EstimateCode></EstimateCode>	</RadiatorSubTypeMacro>	</RadiatorMainType>
  <RadiatorMainType>	<MainTypeName>PROLUX C 7-2-</MainTypeName>	<DimensionIndex>0</DimensionIndex>	<DimensionIndex>1</DimensionIndex>	<kvValue>0</kvValue>		<RadiatorSubTypeMacro From="0" To="32">	<Name>PROLUX C 7-2-{S}</Name>		<Power>418.91</Power>	<Surface>1.08</Surface>		<Volume>1.149</Volume>	<Exponent>1.15</Exponent>	<EstimateCode></EstimateCode>	</RadiatorSubTypeMacro>	</RadiatorMainType>
  <RadiatorMainType>	<MainTypeName>PROLUX C 7-2/L-</MainTypeName>	<DimensionIndex>0</DimensionIndex>	<DimensionIndex>2</DimensionIndex>	<kvValue>0</kvValue>		<RadiatorSubTypeMacro From="0" To="32">	<Name>PROLUX C 7-2/L-{S}</Name>		<Power>572.55</Power>	<Surface>1.911</Surface>	<Volume>1.149</Volume>	<Exponent>1.14</Exponent>	<EstimateCode></EstimateCode>	</RadiatorSubTypeMacro>	</RadiatorMainType>
  <RadiatorMainType>	<MainTypeName>PROLUX C 7-3-</MainTypeName>	<DimensionIndex>0</DimensionIndex>	<DimensionIndex>3</DimensionIndex>	<kvValue>0</kvValue>		<RadiatorSubTypeMacro From="0" To="32">	<Name>PROLUX C 7-3-{S}</Name>		<Power>744.91</Power>	<Surface>2.011</Surface>	<Volume>1.8</Volume>	<Exponent>1.18</Exponent>	<EstimateCode></EstimateCode>	</RadiatorSubTypeMacro>	</RadiatorMainType>
  <RadiatorMainType>	<MainTypeName>PROLUX C 7-3/L-</MainTypeName>	<DimensionIndex>0</DimensionIndex>	<DimensionIndex>4</DimensionIndex>	<kvValue>0</kvValue>		<RadiatorSubTypeMacro From="0" To="32">	<Name>PROLUX C 7-3/L-{S}</Name>		<Power>874.18</Power>	<Surface>2.84</Surface>		<Volume>1.8</Volume>	<Exponent>1.17</Exponent>	<EstimateCode></EstimateCode>	</RadiatorSubTypeMacro>	</RadiatorMainType>
  <RadiatorMainType>	<MainTypeName>PROLUX C 7-4-</MainTypeName>	<DimensionIndex>0</DimensionIndex>	<DimensionIndex>5</DimensionIndex>	<kvValue>0</kvValue>		<RadiatorSubTypeMacro From="0" To="32">	<Name>PROLUX C 7-4-{S}</Name>		<Power>1076</Power>	<Surface>3.1</Surface>		<Volume>2.5</Volume>	<Exponent>1.21</Exponent>	<EstimateCode></EstimateCode>	</RadiatorSubTypeMacro>	</RadiatorMainType>
  <RadiatorMainType>	<MainTypeName>PROLUX C 7-4/L-</MainTypeName>	<DimensionIndex>0</DimensionIndex>	<DimensionIndex>6</DimensionIndex>	<kvValue>0</kvValue>		<RadiatorSubTypeMacro From="0" To="32">	<Name>PROLUX C 7-4/L-{S}</Name>		<Power>1187.1</Power>	<Surface>3.251</Surface>	<Volume>2.5</Volume>	<Exponent>1.2</Exponent>	<EstimateCode></EstimateCode>	</RadiatorSubTypeMacro>	</RadiatorMainType>
  <RadiatorMainType>	<MainTypeName>PROLUX C 7-5-</MainTypeName>	<DimensionIndex>0</DimensionIndex>	<DimensionIndex>7</DimensionIndex>	<kvValue>0</kvValue>		<RadiatorSubTypeMacro From="0" To="32">	<Name>PROLUX C 7-5-{S}</Name>		<Power>1413.3</Power>	<Surface>3.891</Surface>	<Volume>3.3</Volume>	<Exponent>1.23</Exponent>	<EstimateCode></EstimateCode>	</RadiatorSubTypeMacro>	</RadiatorMainType>
  <RadiatorMainType>	<MainTypeName>PROLUX C 7-5/L-</MainTypeName>	<DimensionIndex>0</DimensionIndex>	<DimensionIndex>8</DimensionIndex>	<kvValue>0</kvValue>		<RadiatorSubTypeMacro From="0" To="32">	<Name>PROLUX C 7-5/L-{S}</Name>		<Power>1525.6</Power>	<Surface>4.04</Surface>		<Volume>3.3</Volume>	<Exponent>1.22</Exponent>	<EstimateCode></EstimateCode>	</RadiatorSubTypeMacro>	</RadiatorMainType>
  <RadiatorMainType>	<MainTypeName>PROLUX C 14/L-</MainTypeName>	<DimensionIndex>1</DimensionIndex>	<DimensionIndex>0</DimensionIndex>	<kvValue>0</kvValue>		<RadiatorSubTypeMacro From="0" To="32">	<Name>PROLUX C 14/L-{S}</Name>		<Power>453.64</Power>	<Surface>1.98</Surface>		<Volume>1.149</Volume>	<Exponent>1.24</Exponent>	<EstimateCode></EstimateCode>	</RadiatorSubTypeMacro>	</RadiatorMainType>
  <RadiatorMainType>	<MainTypeName>PROLUX C 14-2-</MainTypeName>	<DimensionIndex>1</DimensionIndex>	<DimensionIndex>1</DimensionIndex>	<kvValue>0</kvValue>		<RadiatorSubTypeMacro From="0" To="32">	<Name>PROLUX C 14-2-{S}</Name>		<Power>681.64</Power>	<Surface>2.189</Surface>	<Volume>2.351</Volume>	<Exponent>1.27</Exponent>	<EstimateCode></EstimateCode>	</RadiatorSubTypeMacro>	</RadiatorMainType>
  <RadiatorMainType>	<MainTypeName>PROLUX C 14-2/L-</MainTypeName>	<DimensionIndex>1</DimensionIndex>	<DimensionIndex>2</DimensionIndex>	<kvValue>0</kvValue>		<RadiatorSubTypeMacro From="0" To="32">	<Name>PROLUX C 14-2/L-{S}</Name>	<Power>888.73</Power>	<Surface>3.8</Surface>		<Volume>2.351</Volume>	<Exponent>1.21</Exponent>	<EstimateCode></EstimateCode>	</RadiatorSubTypeMacro>	</RadiatorMainType>
  <RadiatorMainType>	<MainTypeName>PROLUX C 14-3-</MainTypeName>	<DimensionIndex>1</DimensionIndex>	<DimensionIndex>3</DimensionIndex>	<kvValue>0</kvValue>		<RadiatorSubTypeMacro From="0" To="32">	<Name>PROLUX C 14-3-{S}</Name>		<Power>1097.6</Power>	<Surface>4.02</Surface>		<Volume>3.5</Volume>	<Exponent>1.24</Exponent>	<EstimateCode></EstimateCode>	</RadiatorSubTypeMacro>	</RadiatorMainType>
  <RadiatorMainType>	<MainTypeName>PROLUX C 14-3/L-</MainTypeName>	<DimensionIndex>1</DimensionIndex>	<DimensionIndex>4</DimensionIndex>	<kvValue>0</kvValue>		<RadiatorSubTypeMacro From="0" To="32">	<Name>PROLUX C 14-3/L-{S}</Name>	<Power>1318.2</Power>	<Surface>5.2</Surface>		<Volume>3.5</Volume>	<Exponent>1.23</Exponent>	<EstimateCode></EstimateCode>	</RadiatorSubTypeMacro>	</RadiatorMainType>
  <RadiatorMainType>	<MainTypeName>PROLUX C 14-4-</MainTypeName>	<DimensionIndex>1</DimensionIndex>	<DimensionIndex>5</DimensionIndex>	<kvValue>0</kvValue>		<RadiatorSubTypeMacro From="0" To="32">	<Name>PROLUX C 14-4-{S}</Name>		<Power>1566.7</Power>	<Surface>6.2</Surface>		<Volume>5</Volume>	<Exponent>1.26</Exponent>	<EstimateCode></EstimateCode>	</RadiatorSubTypeMacro>	</RadiatorMainType>
  <RadiatorMainType>	<MainTypeName>PROLUX C 14-4/L-</MainTypeName>	<DimensionIndex>1</DimensionIndex>	<DimensionIndex>6</DimensionIndex>	<kvValue>0</kvValue>		<RadiatorSubTypeMacro From="0" To="32">	<Name>PROLUX C 14-4/L-{S}</Name>	<Power>1761.1</Power>	<Surface>7.449</Surface>	<Volume>5</Volume>	<Exponent>1.25</Exponent>	<EstimateCode></EstimateCode>	</RadiatorSubTypeMacro>	</RadiatorMainType>
  <RadiatorMainType>	<MainTypeName>PROLUX C 14-5-</MainTypeName>	<DimensionIndex>1</DimensionIndex>	<DimensionIndex>7</DimensionIndex>	<kvValue>0</kvValue>		<RadiatorSubTypeMacro From="0" To="32">	<Name>PROLUX C 14-5-{S}</Name>		<Power>2051.1</Power>	<Surface>7.78</Surface>		<Volume>6.649</Volume>	<Exponent>1.28</Exponent>	<EstimateCode></EstimateCode>	</RadiatorSubTypeMacro>	</RadiatorMainType>
  <RadiatorMainType>	<MainTypeName>PROLUX C 14-5/L-</MainTypeName>	<DimensionIndex>1</DimensionIndex>	<DimensionIndex>8</DimensionIndex>	<kvValue>0</kvValue>		<RadiatorSubTypeMacro From="0" To="32">	<Name>PROLUX C 14-5/L-{S}</Name>	<Power>2250</Power>	<Surface>9.029</Surface>	<Volume>6.649</Volume>	<Exponent>1.29</Exponent>	<EstimateCode></EstimateCode>	</RadiatorSubTypeMacro>	</RadiatorMainType>
  <RadiatorMainType>	<MainTypeName>PROLUX C 21/L-</MainTypeName>	<DimensionIndex>2</DimensionIndex>	<DimensionIndex>0</DimensionIndex>	<kvValue>0</kvValue>		<RadiatorSubTypeMacro From="0" To="32">	<Name>PROLUX C 21/L-{S}</Name>		<Power>636</Power>	<Surface>2.96</Surface>		<Volume>1.7</Volume>	<Exponent>1.26</Exponent>	<EstimateCode></EstimateCode>	</RadiatorSubTypeMacro>	</RadiatorMainType>
  <RadiatorMainType>	<MainTypeName>PROLUX C 21-2-</MainTypeName>	<DimensionIndex>2</DimensionIndex>	<DimensionIndex>1</DimensionIndex>	<kvValue>0</kvValue>		<RadiatorSubTypeMacro From="0" To="32">	<Name>PROLUX C 21-2-{S}</Name>		<Power>920</Power>	<Surface>3.28</Surface>		<Volume>3.5</Volume>	<Exponent>1.3</Exponent>	<EstimateCode></EstimateCode>	</RadiatorSubTypeMacro>	</RadiatorMainType>
  <RadiatorMainType>	<MainTypeName>PROLUX C 21-2/L-</MainTypeName>	<DimensionIndex>2</DimensionIndex>	<DimensionIndex>2</DimensionIndex>	<kvValue>0</kvValue>		<RadiatorSubTypeMacro From="0" To="32">	<Name>PROLUX C 21-2/L-{S}</Name>	<Power>1204.4</Power>	<Surface>5.84</Surface>		<Volume>3.5</Volume>	<Exponent>1.28</Exponent>	<EstimateCode></EstimateCode>	</RadiatorSubTypeMacro>	</RadiatorMainType>
  <RadiatorMainType>	<MainTypeName>PROLUX C 21-3-</MainTypeName>	<DimensionIndex>2</DimensionIndex>	<DimensionIndex>3</DimensionIndex>	<kvValue>0</kvValue>		<RadiatorSubTypeMacro From="0" To="32">	<Name>PROLUX C 21-3-{S}</Name>		<Power>1447.6</Power>	<Surface>6.071</Surface>	<Volume>5.3</Volume>	<Exponent>1.29</Exponent>	<EstimateCode></EstimateCode>	</RadiatorSubTypeMacro>	</RadiatorMainType>
  <RadiatorMainType>	<MainTypeName>PROLUX C 21-3/L-</MainTypeName>	<DimensionIndex>2</DimensionIndex>	<DimensionIndex>4</DimensionIndex>	<kvValue>0</kvValue>		<RadiatorSubTypeMacro From="0" To="32">	<Name>PROLUX C 21-3/L-{S}</Name>	<Power>1761.6</Power>	<Surface>8.549</Surface>	<Volume>5.3</Volume>	<Exponent>1.29</Exponent>	<EstimateCode></EstimateCode>	</RadiatorSubTypeMacro>	</RadiatorMainType>
  <RadiatorMainType>	<MainTypeName>PROLUX C 21-4-</MainTypeName>	<DimensionIndex>2</DimensionIndex>	<DimensionIndex>5</DimensionIndex>	<kvValue>0</kvValue>		<RadiatorSubTypeMacro From="0" To="32">	<Name>PROLUX C 21-4-{S}</Name>		<Power>2059.1</Power>	<Surface>8.931</Surface>	<Volume>7.5</Volume>	<Exponent>1.31</Exponent>	<EstimateCode></EstimateCode>	</RadiatorSubTypeMacro>	</RadiatorMainType>
  <RadiatorMainType>	<MainTypeName>PROLUX C 21-4/L-</MainTypeName>	<DimensionIndex>2</DimensionIndex>	<DimensionIndex>6</DimensionIndex>	<kvValue>0</kvValue>		<RadiatorSubTypeMacro From="0" To="32">	<Name>PROLUX C 21-4/L-{S}</Name>	<Power>2334.4</Power>	<Surface>11.3</Surface>		<Volume>7.5</Volume>	<Exponent>1.3</Exponent>	<EstimateCode></EstimateCode>	</RadiatorSubTypeMacro>	</RadiatorMainType>
  <RadiatorMainType>	<MainTypeName>PROLUX C 21-5-</MainTypeName>	<DimensionIndex>2</DimensionIndex>	<DimensionIndex>7</DimensionIndex>	<kvValue>0</kvValue>		<RadiatorSubTypeMacro From="0" To="32">	<Name>PROLUX C 21-5-{S}</Name>		<Power>2685.3</Power>	<Surface>11.75</Surface>	<Volume>9.9</Volume>	<Exponent>1.32</Exponent>	<EstimateCode></EstimateCode>	</RadiatorSubTypeMacro>	</RadiatorMainType>
  <RadiatorMainType>	<MainTypeName>PROLUX C 21-5/L-</MainTypeName>	<DimensionIndex>2</DimensionIndex>	<DimensionIndex>8</DimensionIndex>	<kvValue>0</kvValue>		<RadiatorSubTypeMacro From="0" To="32">	<Name>PROLUX C 21-5/L-{S}</Name>	<Power>2953.5</Power>	<Surface>14.12</Surface>	<Volume>9.9</Volume>	<Exponent>1.34</Exponent>	<EstimateCode></EstimateCode>	</RadiatorSubTypeMacro>	</RadiatorMainType>
  <RadiatorMainType>	<MainTypeName>PROLUX C 28/L-</MainTypeName>	<DimensionIndex>3</DimensionIndex>	<DimensionIndex>0</DimensionIndex>	<kvValue>0</kvValue>		<RadiatorSubTypeMacro From="0" To="32">	<Name>PROLUX C 28/L-{S}</Name>		<Power>820.55</Power>	<Surface>3.851</Surface>	<Volume>2.52</Volume>	<Exponent>1.28</Exponent>	<EstimateCode></EstimateCode>	</RadiatorSubTypeMacro>	</RadiatorMainType>
  <RadiatorMainType>	<MainTypeName>PROLUX C 28-2-</MainTypeName>	<DimensionIndex>3</DimensionIndex>	<DimensionIndex>1</DimensionIndex>	<kvValue>0</kvValue>		<RadiatorSubTypeMacro From="0" To="32">	<Name>PROLUX C 28-2-{S}</Name>		<Power>1097.6</Power>	<Surface>4.351</Surface>	<Volume>5.171</Volume>	<Exponent>1.34</Exponent>	<EstimateCode></EstimateCode>	</RadiatorSubTypeMacro>	</RadiatorMainType>
  <RadiatorMainType>	<MainTypeName>PROLUX C 28-2/L-</MainTypeName>	<DimensionIndex>3</DimensionIndex>	<DimensionIndex>2</DimensionIndex>	<kvValue>0</kvValue>		<RadiatorSubTypeMacro From="0" To="32">	<Name>PROLUX C 28-2/L-{S}</Name>	<Power>1520.5</Power>	<Surface>6.84</Surface>		<Volume>5.171</Volume>	<Exponent>1.35</Exponent>	<EstimateCode></EstimateCode>	</RadiatorSubTypeMacro>	</RadiatorMainType>
  <RadiatorMainType>	<MainTypeName>PROLUX C 28-3-</MainTypeName>	<DimensionIndex>3</DimensionIndex>	<DimensionIndex>3</DimensionIndex>	<kvValue>0</kvValue>		<RadiatorSubTypeMacro From="0" To="32">	<Name>PROLUX C 28-3-{S}</Name>		<Power>1800.4</Power>	<Surface>8.051</Surface>	<Volume>7.749</Volume>	<Exponent>1.35</Exponent>	<EstimateCode></EstimateCode>	</RadiatorSubTypeMacro>	</RadiatorMainType>
  <RadiatorMainType>	<MainTypeName>PROLUX C 28-3/L-</MainTypeName>	<DimensionIndex>3</DimensionIndex>	<DimensionIndex>4</DimensionIndex>	<kvValue>0</kvValue>		<RadiatorSubTypeMacro From="0" To="32">	<Name>PROLUX C 28-3/L-{S}</Name>	<Power>2205.6</Power>	<Surface>11.47</Surface>	<Volume>7.749</Volume>	<Exponent>1.35</Exponent>	<EstimateCode></EstimateCode>	</RadiatorSubTypeMacro>	</RadiatorMainType>
  <RadiatorMainType>	<MainTypeName>PROLUX C 28-4-</MainTypeName>	<DimensionIndex>3</DimensionIndex>	<DimensionIndex>5</DimensionIndex>	<kvValue>0</kvValue>		<RadiatorSubTypeMacro From="0" To="32">	<Name>PROLUX C 28-4-{S}</Name>		<Power>2549.6</Power>	<Surface>11.85</Surface>	<Volume>11</Volume>	<Exponent>1.36</Exponent>	<EstimateCode></EstimateCode>	</RadiatorSubTypeMacro>	</RadiatorMainType>
  <RadiatorMainType>	<MainTypeName>PROLUX C 28-4/L-</MainTypeName>	<DimensionIndex>3</DimensionIndex>	<DimensionIndex>6</DimensionIndex>	<kvValue>0</kvValue>		<RadiatorSubTypeMacro From="0" To="32">	<Name>PROLUX C 28-4/L-{S}</Name>	<Power>2909.1</Power>	<Surface>15.13</Surface>	<Volume>11</Volume>	<Exponent>1.35</Exponent>	<EstimateCode></EstimateCode>	</RadiatorSubTypeMacro>	</RadiatorMainType>
  <RadiatorMainType>	<MainTypeName>PROLUX C 28-5-</MainTypeName>	<DimensionIndex>3</DimensionIndex>	<DimensionIndex>7</DimensionIndex>	<kvValue>0</kvValue>		<RadiatorSubTypeMacro From="0" To="32">	<Name>PROLUX C 28-5-{S}</Name>		<Power>3323.5</Power>	<Surface>15.56</Surface>	<Volume>14.99</Volume>	<Exponent>1.37</Exponent>	<EstimateCode></EstimateCode>	</RadiatorSubTypeMacro>	</RadiatorMainType>
  <RadiatorMainType>	<MainTypeName>PROLUX C 28-5/L-</MainTypeName>	<DimensionIndex>3</DimensionIndex>	<DimensionIndex>8</DimensionIndex>	<kvValue>0</kvValue>		<RadiatorSubTypeMacro From="0" To="32">	<Name>PROLUX C 28-5/L-{S}</Name>	<Power>3449.8</Power>	<Surface>18.93</Surface>	<Volume>14.99</Volume>	<Exponent>1.39</Exponent>	<EstimateCode></EstimateCode>	</RadiatorSubTypeMacro>	</RadiatorMainType>
</WinWattDBRadiator>

</WinWattDB>
