<?xml version="1.0" encoding="ISO-8859-2" ?>
<WinWattDB>

<WinWattDBGlobalMacro>
	<Macro ID="$levego1" Language="hun">leveg�</Macro>
	<Macro ID="$levego1" Language="rom">aer</Macro>
</WinWattDBGlobalMacro>


<WinWattDBMedium Type="air" >
  <ItemHeader>
    <Date><Year>2008</Year><Month>8</Month><Day>14</Day></Date>
    <ItemPath>$levego1</ItemPath>
    <ItemName>$levego1</ItemName>
    <HomePage></HomePage></ItemHeader>
  <TempMin>-2</TempMin><TempMax>120</TempMax>
  <Characteristic Mode="polinom"><Name>C</Name>		<PolinomValue>1007.0</PolinomValue>	</Characteristic>
  <Characteristic Mode="polinom"><Name>nu</Name>	<PolinomValue>15.13E-06</PolinomValue>	</Characteristic>
  <Characteristic Mode="polinom"><Name>lambda</Name>	<PolinomValue>0.02603</PolinomValue>	</Characteristic>
  <Characteristic Mode="polinom"><Name>ro</Name>	<PolinomValue>1.1881</PolinomValue>	</Characteristic>
  <Characteristic Mode="polinom"><Name>Pr</Name>	<PolinomValue>0.70</PolinomValue>	</Characteristic>
  <Characteristic Mode="polinom"><Name>v</Name>		<PolinomValue>0.003419</PolinomValue>	</Characteristic>
</WinWattDBMedium>

</WinWattDB>
