<?xml version="1.0" encoding="ISO-8859-2" ?>
<WinWattDB>

<WinWattDBGlobalMacro>
	<Macro ID="$gaztuzhely1" Language="hun">g�zt�zhely</Macro>

</WinWattDBGlobalMacro>

<GasConsumerDBItem>
  <ItemHeader>
    <Date><Year>2011</Year><Month>8</Month><Day>24</Day></Date>
    <ItemPath>Karancs</ItemPath>
    <ItemName>Karancs $gaztuzhely1</ItemName>
    <HomePage></HomePage></ItemHeader>
  <NameBase>Karancs %s $gaztuzhely1</NameBase>
  <GasConsumerSubType><SizeName>3T</SizeName>		<DN>20</DN>	<Power> 8.3</Power>	<PressureMin>2500</PressureMin>	<Type>Kitchen</Type>	<AiringType>A</AiringType>	<EstimateCode></EstimateCode>	</GasConsumerSubType>
  <GasConsumerSubType><SizeName>4T</SizeName>		<DN>20</DN>	<Power>10.0</Power>	<PressureMin>2500</PressureMin>	<Type>Kitchen</Type>	<AiringType>A</AiringType>	<EstimateCode></EstimateCode>	</GasConsumerSubType>
  <GasConsumerSubType><SizeName>3P</SizeName>		<DN>20</DN>	<Power> 8.4</Power>	<PressureMin>2500</PressureMin>	<Type>Kitchen</Type>	<AiringType>A</AiringType>	<EstimateCode></EstimateCode>	</GasConsumerSubType>
  <GasConsumerSubType><SizeName>4P</SizeName>		<DN>20</DN>	<Power>10.2</Power>	<PressureMin>2500</PressureMin>	<Type>Kitchen</Type>	<AiringType>A</AiringType>	<EstimateCode></EstimateCode>	</GasConsumerSubType>
  <GasConsumerSubType><SizeName>4VZ</SizeName>		<DN>20</DN>	<Power>10.2</Power>	<PressureMin>2500</PressureMin>	<Type>Kitchen</Type>	<AiringType>A</AiringType>	<EstimateCode></EstimateCode>	</GasConsumerSubType>
  <GasConsumerSubType><SizeName>kombi</SizeName>	<DN>20</DN>	<Power> 7.0</Power>	<PressureMin>2500</PressureMin>	<Type>Kitchen</Type>	<AiringType>A</AiringType>	<EstimateCode></EstimateCode>	</GasConsumerSubType>
</GasConsumerDBItem>

</WinWattDB>
