<?xml version="1.0" encoding="ISO-8859-2" ?>
<WinWattDB>

<WinWattDBRadiator DTLog="Yes">                                                                                                                                                                                                                                                                          
  <ItemHeader Extinct="yes">                                                                                                                                                                                                                                                                                           
    <Date><Year>2008</Year><Month>6</Month><Day>5</Day></Date>                                                                                                                                                                                                                                           
    <ItemPath>Vogel &amp; Noot</ItemPath>                                                                                                                                                                                                                                                               
    <ItemName>Vogel &amp; Noot ORNIS vertik�lis radi�torok</ItemName>                                                                                                                                                                                                                                    
    <HomePage>//www.vogelundnoot.hu</HomePage></ItemHeader>                                                                                                                                                                                                                                                
  <DTOrigin>49,83</DTOrigin>                                                                                                                                                                                                                                                                                
  <DimensionArray Type="Height" >
    <DimensionString>1800</DimensionString>                                                                                                                                                                                                                                                               
    <DimensionString>2000</DimensionString>                                                                                                                                                                                                                                                               
    <DimensionString>2200</DimensionString>                                                                                                                                                                                                                                                               
    <DimensionString>2400</DimensionString>                                                                                                                                                                                                                                                               
    <DimensionString>2600</DimensionString>                                                                                                                                                                                                                                                               
  </DimensionArray>
  <DimensionArray Type="Width" >
    <DimensionString>10</DimensionString>
    <DimensionString>20K</DimensionString>
  </DimensionArray>
  <DimensionArray Type="Length" >
    <DimensionString>500</DimensionString>
    <DimensionString>600</DimensionString>
  </DimensionArray>

  <RadiatorMainType>
    <MainTypeName>Vogel &amp; Noot 10 1800-</MainTypeName><DimensionIndex>0</DimensionIndex><DimensionIndex>0</DimensionIndex><kvValue>2,52</kvValue>
    <RadiatorSubType><Name>Vogel &amp; Noot 10 1800-500</Name>		<DimensionIndex>0</DimensionIndex>	<Power>751</Power>	<Surface>1,78</Surface>	<Volume>4,68</Volume>	<Exponent>1,385</Exponent>	<Current>1</Current>	<Length>400</Length>	<Height>1800</Height>	<Width>46</Width>	<EstimateCode>Vogel&amp;Noot_10_1800-400</EstimateCode></RadiatorSubType>
    <RadiatorSubType><Name>Vogel &amp; Noot 10 1800-600</Name>		<DimensionIndex>1</DimensionIndex>	<Power>901</Power>	<Surface>2,42</Surface>	<Volume>6,66</Volume>	<Exponent>1,385</Exponent>	<Current>1</Current>	<Length>600</Length>	<Height>1800</Height>	<Width>46</Width>	<EstimateCode>Vogel&amp;Noot_10_1800-600</EstimateCode></RadiatorSubType>
  </RadiatorMainType>                                                                                                  
  <RadiatorMainType>
    <MainTypeName>Vogel &amp; Noot 10 2000-</MainTypeName><DimensionIndex>1</DimensionIndex><DimensionIndex>0</DimensionIndex><kvValue>2,52</kvValue>
    <RadiatorSubType><Name>Vogel &amp; Noot 10 2000-500</Name>		<DimensionIndex>0</DimensionIndex>	<Power>836</Power>	<Surface>1,95</Surface>	<Volume>5,2</Volume>	<Exponent>1,421</Exponent>	<Current>1</Current>	<Length>400</Length>	<Height>2000</Height>	<Width>46</Width>	<EstimateCode>Vogel&amp;Noot_10_2000-400</EstimateCode></RadiatorSubType>
    <RadiatorSubType><Name>Vogel &amp; Noot 10 2000-600</Name>		<DimensionIndex>1</DimensionIndex>	<Power>1003</Power>	<Surface>2,69</Surface>	<Volume>7,4</Volume>	<Exponent>1,421</Exponent>	<Current>1</Current>	<Length>600</Length>	<Height>2000</Height>	<Width>46</Width>	<EstimateCode>Vogel&amp;Noot_10_2000-600</EstimateCode></RadiatorSubType>
  </RadiatorMainType>                                                                                                  
  <RadiatorMainType>
    <MainTypeName>Vogel &amp; Noot 10 2200-</MainTypeName><DimensionIndex>2</DimensionIndex><DimensionIndex>0</DimensionIndex><kvValue>2,52</kvValue>
    <RadiatorSubType><Name>Vogel &amp; Noot 10 2200-500</Name>		<DimensionIndex>0</DimensionIndex>	<Power>931</Power>	<Surface>2,14</Surface>	<Volume>5,72</Volume>	<Exponent>1,4</Exponent>	<Current>1</Current>	<Length>400</Length>	<Height>2200</Height>	<Width>46</Width>	<EstimateCode>Vogel&amp;Noot_10_2200-400</EstimateCode></RadiatorSubType>
    <RadiatorSubType><Name>Vogel &amp; Noot 10 2200-600</Name>		<DimensionIndex>1</DimensionIndex>	<Power>1117</Power>	<Surface>2,96</Surface>	<Volume>8,14</Volume>	<Exponent>1,4</Exponent>	<Current>1</Current>	<Length>600</Length>	<Height>2200</Height>	<Width>46</Width>	<EstimateCode>Vogel&amp;Noot_10_2200-600</EstimateCode></RadiatorSubType>
  </RadiatorMainType>                                                                                                  
  <RadiatorMainType>
    <MainTypeName>Vogel &amp; Noot 10 2400-</MainTypeName><DimensionIndex>3</DimensionIndex><DimensionIndex>0</DimensionIndex><kvValue>2,52</kvValue>
    <RadiatorSubType><Name>Vogel &amp; Noot 10 2400-500</Name>		<DimensionIndex>0</DimensionIndex>	<Power>1037</Power>	<Surface>2,33</Surface>	<Volume>6,24</Volume>	<Exponent>1,378</Exponent>	<Current>1</Current>	<Length>400</Length>	<Height>2400</Height>	<Width>46</Width>	<EstimateCode>Vogel&amp;Noot_10_2400-400</EstimateCode></RadiatorSubType>
    <RadiatorSubType><Name>Vogel &amp; Noot 10 2400-600</Name>		<DimensionIndex>1</DimensionIndex>	<Power>1244</Power>	<Surface>3,23</Surface>	<Volume>8,88</Volume>	<Exponent>1,378</Exponent>	<Current>1</Current>	<Length>600</Length>	<Height>2400</Height>	<Width>46</Width>	<EstimateCode>Vogel&amp;Noot_10_2400-600</EstimateCode></RadiatorSubType>
  </RadiatorMainType>                                                                                                  
  <RadiatorMainType>
    <MainTypeName>Vogel &amp; Noot 10 2600-</MainTypeName><DimensionIndex>4</DimensionIndex><DimensionIndex>0</DimensionIndex><kvValue>2,52</kvValue>
    <RadiatorSubType><Name>Vogel &amp; Noot 10 2600-500</Name>		<DimensionIndex>0</DimensionIndex>	<Power>1157</Power>	<Surface>2,53</Surface>	<Volume>6,76</Volume>	<Exponent>1,358</Exponent>	<Current>1</Current>	<Length>400</Length>	<Height>2600</Height>	<Width>46</Width>	<EstimateCode>Vogel&amp;Noot_10_2600-400</EstimateCode></RadiatorSubType>
    <RadiatorSubType><Name>Vogel &amp; Noot 10 2600-600</Name>		<DimensionIndex>1</DimensionIndex>	<Power>1388</Power>	<Surface>3,5</Surface> 	<Volume>9,62</Volume>	<Exponent>1,358</Exponent>	<Current>1</Current>	<Length>600</Length>	<Height>2600</Height>	<Width>46</Width>	<EstimateCode>Vogel&amp;Noot_10_2600-600</EstimateCode></RadiatorSubType>
  </RadiatorMainType>                                                                                                  

  <RadiatorMainType>
    <MainTypeName>Vogel &amp; Noot 20K 1800-</MainTypeName><DimensionIndex>0</DimensionIndex><DimensionIndex>1</DimensionIndex><kvValue>2,52</kvValue>
    <RadiatorSubType><Name>Vogel &amp; Noot 20K 1800-500</Name>		<DimensionIndex>0</DimensionIndex>	<Power>1255</Power>	<Surface>6,9</Surface>	<Volume>9,0</Volume>	<Exponent>1,336</Exponent>	<Current>1</Current>	<Length>400</Length>	<Height>1800</Height>	<Width>80</Width>	<EstimateCode>Vogel&amp;Noot_20K_1800-400</EstimateCode></RadiatorSubType>
    <RadiatorSubType><Name>Vogel &amp; Noot 20K 1800-600</Name>		<DimensionIndex>1</DimensionIndex>	<Power>1506</Power>	<Surface>9,8</Surface>	<Volume>12,78</Volume>  <Exponent>1,336</Exponent>	<Current>1</Current>	<Length>600</Length>	<Height>1800</Height>	<Width>80</Width>	<EstimateCode>Vogel&amp;Noot_20K_1800-600</EstimateCode></RadiatorSubType>
  </RadiatorMainType>                                                                                                                                                                    
  <RadiatorMainType>                                                                                                                                                                     
    <MainTypeName>Vogel &amp; Noot 20K 2000-</MainTypeName><DimensionIndex>1</DimensionIndex><DimensionIndex>1</DimensionIndex><kvValue>252</kvValue>                                    
    <RadiatorSubType><Name>Vogel &amp; Noot 20K 2000-500</Name>		<DimensionIndex>0</DimensionIndex>	<Power>1373</Power>	<Surface>7,7</Surface>	<Volume>10,0</Volume>	<Exponent>1,347</Exponent>	<Current>1</Current>	<Length>400</Length>	<Height>2000</Height>	<Width>80</Width>	<EstimateCode>Vogel&amp;Noot_20K_2000-400</EstimateCode></RadiatorSubType>
    <RadiatorSubType><Name>Vogel &amp; Noot 20K 2000-600</Name>		<DimensionIndex>1</DimensionIndex>	<Power>1648</Power>	<Surface>10,9</Surface>	<Volume>14,2</Volume>	<Exponent>1,347</Exponent>	<Current>1</Current>	<Length>600</Length>	<Height>2000</Height>	<Width>80</Width>	<EstimateCode>Vogel&amp;Noot_20K_2000-600</EstimateCode></RadiatorSubType>
  </RadiatorMainType>                                                                                                                                                                    
  <RadiatorMainType>                                                                                                                                                                     
    <MainTypeName>Vogel &amp; Noot 20K 2200-</MainTypeName><DimensionIndex>2</DimensionIndex><DimensionIndex>1</DimensionIndex><kvValue>252</kvValue>                                    
    <RadiatorSubType><Name>Vogel &amp; Noot 20K 2200-500</Name>		<DimensionIndex>0</DimensionIndex>	<Power>1492</Power>	<Surface>8,45</Surface>	<Volume>11,0</Volume>	<Exponent>1,365</Exponent>	<Current>1</Current>	<Length>400</Length>	<Height>2200</Height>	<Width>80</Width>	<EstimateCode>Vogel&amp;Noot_20K_2200-400</EstimateCode></RadiatorSubType>
    <RadiatorSubType><Name>Vogel &amp; Noot 20K 2200-600</Name>		<DimensionIndex>1</DimensionIndex>	<Power>1790</Power>	<Surface>12,0</Surface>	<Volume>15,62</Volume>  <Exponent>1,365</Exponent>	<Current>1</Current>	<Length>600</Length>	<Height>2200</Height>	<Width>80</Width>	<EstimateCode>Vogel&amp;Noot_20K_2200-600</EstimateCode></RadiatorSubType>
  </RadiatorMainType>                                                                                                                                                                    
  <RadiatorMainType>                                                                                                                                                                     
    <MainTypeName>Vogel &amp; Noot 20K 2400-</MainTypeName><DimensionIndex>3</DimensionIndex><DimensionIndex>1</DimensionIndex><kvValue>252</kvValue>                                    
    <RadiatorSubType><Name>Vogel &amp; Noot 20K 2400-500</Name>		<DimensionIndex>0</DimensionIndex>	<Power>1613</Power>	<Surface>9,2</Surface>	<Volume>12,0</Volume>	<Exponent>1,383</Exponent>	<Current>1</Current>	<Length>400</Length>	<Height>2400</Height>	<Width>80</Width>	<EstimateCode>Vogel&amp;Noot_20K_2400-400</EstimateCode></RadiatorSubType>
    <RadiatorSubType><Name>Vogel &amp; Noot 20K 2400-600</Name>		<DimensionIndex>1</DimensionIndex>	<Power>1935</Power>	<Surface>13,1</Surface>	<Volume>17,4</Volume>	<Exponent>1,383</Exponent>	<Current>1</Current>	<Length>600</Length>	<Height>2400</Height>	<Width>80</Width>	<EstimateCode>Vogel&amp;Noot_20K_2400-600</EstimateCode></RadiatorSubType>
  </RadiatorMainType>                                                                                                                                                                    
  <RadiatorMainType>                                                                                                                                                                     
    <MainTypeName>Vogel &amp; Noot 20K 2600-</MainTypeName><DimensionIndex>4</DimensionIndex><DimensionIndex>1</DimensionIndex><kvValue>252</kvValue>                                    
    <RadiatorSubType><Name>Vogel &amp; Noot 20K 2600-500</Name>		<DimensionIndex>0</DimensionIndex>	<Power>1735</Power>	<Surface>10</Surface>	<Volume>13,0</Volume>	<Exponent>1,403</Exponent>	<Current>1</Current>	<Length>400</Length>	<Height>2600</Height>	<Width>80</Width>	<EstimateCode>Vogel&amp;Noot_20K_2600-400</EstimateCode></RadiatorSubType>
    <RadiatorSubType><Name>Vogel &amp; Noot 20K 2600-600</Name>		<DimensionIndex>1</DimensionIndex>	<Power>2082</Power>	<Surface>14,15</Surface><Volume>18,46</Volume>  <Exponent>1,403</Exponent>	<Current>1</Current>	<Length>600</Length>	<Height>2600</Height>	<Width>80</Width>	<EstimateCode>Vogel&amp;Noot_20K_2600-600</EstimateCode></RadiatorSubType>
  </RadiatorMainType>                                                                                                  

</WinWattDBRadiator>

</WinWattDB>
