<?xml version="1.0" encoding="ISO-8859-2" ?>
<WinWattDB>


<WinWattDBRadiator DTLog="Yes">
  <ItemHeader>
    <Date><Year>2004</Year><Month>8</Month><Day>7</Day></Date>
    <ItemPath>JAGA</ItemPath>
    <ItemName>JAGA CANAL PLUS</ItemName>
    <HomePage></HomePage>
  </ItemHeader>
  <DTOrigin>59.44</DTOrigin>
  <DimensionArray>
    <DimensionString>B34</DimensionString>
    <DimensionString>B38</DimensionString>
    <DimensionString>B49</DimensionString>
  </DimensionArray>     
  <DimensionArray>
    <DimensionString>120</DimensionString>
    <DimensionString>130</DimensionString>
    <DimensionString>140</DimensionString>
    <DimensionString>160</DimensionString>
    <DimensionString>180</DimensionString>
    <DimensionString>200</DimensionString>
    <DimensionString>220</DimensionString>
    <DimensionString>240</DimensionString>
    <DimensionString>260</DimensionString>
    <DimensionString>280</DimensionString>
    <DimensionString>300</DimensionString>
    <DimensionString>320</DimensionString>
  </DimensionArray>
  
  <RadiatorMainType>
          <MainTypeName>JAGA CANAL PLUS B34 H67/</MainTypeName><DimensionIndex>0</DimensionIndex><kvValue>4,0</kvValue>
          <RadiatorSubType><Name>CANAL PLUS RC2.5 B34 H67 L120 ALU-NATURA</Name>	<DimensionIndex> 0</DimensionIndex>	<Power>1303</Power>	<Surface>0</Surface>	<Volume>0.78</Volume>	<Exponent>1,362</Exponent>	<Current>1</Current>	<Length>1200</Length>	<Height>701</Height>	<Width>340</Width>	<EstimateCode>JAGA_CP250.06712034/SNA</EstimateCode></RadiatorSubType>
          <RadiatorSubType><Name>CANAL PLUS RC2.5 B34 H67 L130 ALU-NATURA</Name>	<DimensionIndex> 1</DimensionIndex>	<Power>1454</Power>	<Surface>0</Surface>	<Volume>0.85</Volume>	<Exponent>1,362</Exponent>	<Current>1</Current>	<Length>1300</Length>	<Height>701</Height>	<Width>340</Width>	<EstimateCode>JAGA_CP250.06713034/SNA</EstimateCode></RadiatorSubType>
          <RadiatorSubType><Name>CANAL PLUS RC2.5 B34 H67 L140 ALU-NATURA</Name>	<DimensionIndex> 2</DimensionIndex>	<Power>1606</Power>	<Surface>0</Surface>	<Volume>0.91</Volume>	<Exponent>1,362</Exponent>	<Current>1</Current>	<Length>1400</Length>	<Height>701</Height>	<Width>340</Width>	<EstimateCode>JAGA_CP250.06714034/SNA</EstimateCode></RadiatorSubType>
          <RadiatorSubType><Name>CANAL PLUS RC2.5 B34 H67 L160 ALU-NATURA</Name>	<DimensionIndex> 3</DimensionIndex>	<Power>1910</Power>	<Surface>0</Surface>	<Volume>1.04</Volume>	<Exponent>1,362</Exponent>	<Current>1</Current>	<Length>1600</Length>	<Height>701</Height>	<Width>340</Width>	<EstimateCode>JAGA_CP250.06716034/SNA</EstimateCode></RadiatorSubType>
          <RadiatorSubType><Name>CANAL PLUS RC2.5 B34 H67 L180 ALU-NATURA</Name>	<DimensionIndex> 4</DimensionIndex>	<Power>2213</Power>	<Surface>0</Surface>	<Volume>1.17</Volume>	<Exponent>1,362</Exponent>	<Current>1</Current>	<Length>1800</Length>	<Height>701</Height>	<Width>340</Width>	<EstimateCode>JAGA_CP250.06718034/SNA</EstimateCode></RadiatorSubType>
          <RadiatorSubType><Name>CANAL PLUS RC2.5 B34 H67 L200 ALU-NATURA</Name>	<DimensionIndex> 5</DimensionIndex>	<Power>2518</Power>	<Surface>0</Surface>	<Volume>1.30</Volume>	<Exponent>1,362</Exponent>	<Current>1</Current>	<Length>2000</Length>	<Height>701</Height>	<Width>340</Width>	<EstimateCode>JAGA_CP250.06720034/SNA</EstimateCode></RadiatorSubType>
          <RadiatorSubType><Name>CANAL PLUS RC2.5 B34 H67 L220 ALU-NATURA</Name>	<DimensionIndex> 6</DimensionIndex>	<Power>2826</Power>	<Surface>0</Surface>	<Volume>1.43</Volume>	<Exponent>1,362</Exponent>	<Current>1</Current>	<Length>2200</Length>	<Height>701</Height>	<Width>340</Width>	<EstimateCode>JAGA_CP250.06722034/SNA</EstimateCode></RadiatorSubType>
          <RadiatorSubType><Name>CANAL PLUS RC2.5 B34 H67 L240 ALU-NATURA</Name>	<DimensionIndex> 7</DimensionIndex>	<Power>3134</Power>	<Surface>0</Surface>	<Volume>1.56</Volume>	<Exponent>1,362</Exponent>	<Current>1</Current>	<Length>2400</Length>	<Height>701</Height>	<Width>340</Width>	<EstimateCode>JAGA_CP250.06724034/SNA</EstimateCode></RadiatorSubType>
          <RadiatorSubType><Name>CANAL PLUS RC2.5 B34 H67 L260 ALU-NATURA</Name>	<DimensionIndex> 8</DimensionIndex>	<Power>3446</Power>	<Surface>0</Surface>	<Volume>1.69</Volume>	<Exponent>1,362</Exponent>	<Current>1</Current>	<Length>2600</Length>	<Height>701</Height>	<Width>340</Width>	<EstimateCode>JAGA_CP250.06726034/SNA</EstimateCode></RadiatorSubType>
          <RadiatorSubType><Name>CANAL PLUS RC2.5 B34 H67 L280 ALU-NATURA</Name>	<DimensionIndex> 9</DimensionIndex>	<Power>3758</Power>	<Surface>0</Surface>	<Volume>1.82</Volume>	<Exponent>1,362</Exponent>	<Current>1</Current>	<Length>2800</Length>	<Height>701</Height>	<Width>340</Width>	<EstimateCode>JAGA_CP250.06728034/SNA</EstimateCode></RadiatorSubType>
          <RadiatorSubType><Name>CANAL PLUS RC2.5 B34 H67 L300 ALU-NATURA</Name>	<DimensionIndex>10</DimensionIndex>	<Power>4075</Power>	<Surface>0</Surface>	<Volume>1.95</Volume>	<Exponent>1,362</Exponent>	<Current>1</Current>	<Length>3000</Length>	<Height>701</Height>	<Width>340</Width>	<EstimateCode>JAGA_CP250.06730034/SNA</EstimateCode></RadiatorSubType>
          <RadiatorSubType><Name>CANAL PLUS RC2.5 B34 H67 L320 ALU-NATURA</Name>	<DimensionIndex>11</DimensionIndex>	<Power>4392</Power>	<Surface>0</Surface>	<Volume>2.08</Volume>	<Exponent>1,362</Exponent>	<Current>1</Current>	<Length>3200</Length>	<Height>701</Height>	<Width>340</Width>	<EstimateCode>JAGA_CP250.06732034/SNA</EstimateCode></RadiatorSubType>
  </RadiatorMainType>
  
  <RadiatorMainType>
          <MainTypeName>JAGA CANAL PLUS B38 H67/</MainTypeName><DimensionIndex>1</DimensionIndex><kvValue>4,0</kvValue>
          <RadiatorSubType><Name>CANAL PLUS RC2.5 B38 H67 L120 ALU-NATURA</Name>	<DimensionIndex> 0</DimensionIndex>	<Power>2132</Power>	<Surface>0</Surface>	<Volume>1.18</Volume>	<Exponent>1,362</Exponent>	<Current>1</Current>	<Length>1200</Length>	<Height>701</Height>	<Width>380</Width>	<EstimateCode>JAGA_CP250.06712038/SNA</EstimateCode></RadiatorSubType>
          <RadiatorSubType><Name>CANAL PLUS RC2.5 B38 H67 L130 ALU-NATURA</Name>	<DimensionIndex> 1</DimensionIndex>	<Power>2378</Power>	<Surface>0</Surface>	<Volume>1.27</Volume>	<Exponent>1,362</Exponent>	<Current>1</Current>	<Length>1300</Length>	<Height>701</Height>	<Width>380</Width>	<EstimateCode>JAGA_CP250.06713038/SNA</EstimateCode></RadiatorSubType>
          <RadiatorSubType><Name>CANAL PLUS RC2.5 B38 H67 L140 ALU-NATURA</Name>	<DimensionIndex> 2</DimensionIndex>	<Power>2624</Power>	<Surface>0</Surface>	<Volume>1.37</Volume>	<Exponent>1,362</Exponent>	<Current>1</Current>	<Length>1400</Length>	<Height>701</Height>	<Width>380</Width>	<EstimateCode>JAGA_CP250.06714038/SNA</EstimateCode></RadiatorSubType>
          <RadiatorSubType><Name>CANAL PLUS RC2.5 B38 H67 L160 ALU-NATURA</Name>	<DimensionIndex> 3</DimensionIndex>	<Power>3118</Power>	<Surface>0</Surface>	<Volume>1.57</Volume>	<Exponent>1,362</Exponent>	<Current>1</Current>	<Length>1600</Length>	<Height>701</Height>	<Width>380</Width>	<EstimateCode>JAGA_CP250.06716038/SNA</EstimateCode></RadiatorSubType>
          <RadiatorSubType><Name>CANAL PLUS RC2.5 B38 H67 L180 ALU-NATURA</Name>	<DimensionIndex> 4</DimensionIndex>	<Power>3615</Power>	<Surface>0</Surface>	<Volume>1.76</Volume>	<Exponent>1,362</Exponent>	<Current>1</Current>	<Length>1800</Length>	<Height>701</Height>	<Width>380</Width>	<EstimateCode>JAGA_CP250.06718038/SNA</EstimateCode></RadiatorSubType>
          <RadiatorSubType><Name>CANAL PLUS RC2.5 B38 H67 L200 ALU-NATURA</Name>	<DimensionIndex> 5</DimensionIndex>	<Power>4115</Power>	<Surface>0</Surface>	<Volume>1.96</Volume>	<Exponent>1,362</Exponent>	<Current>1</Current>	<Length>2000</Length>	<Height>701</Height>	<Width>380</Width>	<EstimateCode>JAGA_CP250.06720038/SNA</EstimateCode></RadiatorSubType>
          <RadiatorSubType><Name>CANAL PLUS RC2.5 B38 H67 L220 ALU-NATURA</Name>	<DimensionIndex> 6</DimensionIndex>	<Power>4543</Power>	<Surface>0</Surface>	<Volume>2.16</Volume>	<Exponent>1,362</Exponent>	<Current>1</Current>	<Length>2200</Length>	<Height>701</Height>	<Width>380</Width>	<EstimateCode>JAGA_CP250.06722038/SNA</EstimateCode></RadiatorSubType>
          <RadiatorSubType><Name>CANAL PLUS RC2.5 B38 H67 L240 ALU-NATURA</Name>	<DimensionIndex> 7</DimensionIndex>	<Power>5001</Power>	<Surface>0</Surface>	<Volume>2.35</Volume>	<Exponent>1,362</Exponent>	<Current>1</Current>	<Length>2400</Length>	<Height>701</Height>	<Width>380</Width>	<EstimateCode>JAGA_CP250.06724038/SNA</EstimateCode></RadiatorSubType>
          <RadiatorSubType><Name>CANAL PLUS RC2.5 B38 H67 L260 ALU-NATURA</Name>	<DimensionIndex> 8</DimensionIndex>	<Power>5425</Power>	<Surface>0</Surface>	<Volume>2.55</Volume>	<Exponent>1,362</Exponent>	<Current>1</Current>	<Length>2600</Length>	<Height>701</Height>	<Width>380</Width>	<EstimateCode>JAGA_CP250.06726038/SNA</EstimateCode></RadiatorSubType>
          <RadiatorSubType><Name>CANAL PLUS RC2.5 B38 H67 L280 ALU-NATURA</Name>	<DimensionIndex> 9</DimensionIndex>	<Power>5850</Power>	<Surface>0</Surface>	<Volume>2.74</Volume>	<Exponent>1,362</Exponent>	<Current>1</Current>	<Length>2800</Length>	<Height>701</Height>	<Width>380</Width>	<EstimateCode>JAGA_CP250.06728038/SNA</EstimateCode></RadiatorSubType>
          <RadiatorSubType><Name>CANAL PLUS RC2.5 B38 H67 L300 ALU-NATURA</Name>	<DimensionIndex>10</DimensionIndex>	<Power>6259</Power>	<Surface>0</Surface>	<Volume>2.94</Volume>	<Exponent>1,362</Exponent>	<Current>1</Current>	<Length>3000</Length>	<Height>701</Height>	<Width>380</Width>	<EstimateCode>JAGA_CP250.06730038/SNA</EstimateCode></RadiatorSubType>
          <RadiatorSubType><Name>CANAL PLUS RC2.5 B38 H67 L320 ALU-NATURA</Name>	<DimensionIndex>11</DimensionIndex>	<Power>6460</Power>	<Surface>0</Surface>	<Volume>3.14</Volume>	<Exponent>1,362</Exponent>	<Current>1</Current>	<Length>3200</Length>	<Height>701</Height>	<Width>490</Width>	<EstimateCode>JAGA_CP250.06732038/SNA</EstimateCode></RadiatorSubType>
  </RadiatorMainType>
  
  <RadiatorMainType>
          <MainTypeName>JAGA CANAL PLUS B49 H67/</MainTypeName><DimensionIndex>2</DimensionIndex><kvValue>4,5</kvValue>
          <RadiatorSubType><Name>CANAL PLUS RC2.5 B49 H67 L120 ALU-NATURA</Name>	<DimensionIndex> 0</DimensionIndex>	<Power>3095</Power>	<Surface>0</Surface>	<Volume>1.58</Volume>	<Exponent>1,362</Exponent>	<Current>1</Current>	<Length>1200</Length>	<Height>701</Height>	<Width>490</Width>	<EstimateCode>JAGA_CP250.06712049/SNA</EstimateCode></RadiatorSubType>
          <RadiatorSubType><Name>CANAL PLUS RC2.5 B49 H67 L130 ALU-NATURA</Name>	<DimensionIndex> 1</DimensionIndex>	<Power>3451</Power>	<Surface>0</Surface>	<Volume>1.72</Volume>	<Exponent>1,362</Exponent>	<Current>1</Current>	<Length>1300</Length>	<Height>701</Height>	<Width>490</Width>	<EstimateCode>JAGA_CP250.06713049/SNA</EstimateCode></RadiatorSubType>
          <RadiatorSubType><Name>CANAL PLUS RC2.5 B49 H67 L140 ALU-NATURA</Name>	<DimensionIndex> 2</DimensionIndex>	<Power>3805</Power>	<Surface>0</Surface>	<Volume>1.85</Volume>	<Exponent>1,362</Exponent>	<Current>1</Current>	<Length>1400</Length>	<Height>701</Height>	<Width>490</Width>	<EstimateCode>JAGA_CP250.06714049/SNA</EstimateCode></RadiatorSubType>
          <RadiatorSubType><Name>CANAL PLUS RC2.5 B49 H67 L160 ALU-NATURA</Name>	<DimensionIndex> 3</DimensionIndex>	<Power>4234</Power>	<Surface>0</Surface>	<Volume>2.11</Volume>	<Exponent>1,362</Exponent>	<Current>1</Current>	<Length>1600</Length>	<Height>701</Height>	<Width>490</Width>	<EstimateCode>JAGA_CP250.06716049/SNA</EstimateCode></RadiatorSubType>
          <RadiatorSubType><Name>CANAL PLUS RC2.5 B49 H67 L180 ALU-NATURA</Name>	<DimensionIndex> 4</DimensionIndex>	<Power>4975</Power>	<Surface>0</Surface>	<Volume>2.38</Volume>	<Exponent>1,362</Exponent>	<Current>1</Current>	<Length>1800</Length>	<Height>701</Height>	<Width>490</Width>	<EstimateCode>JAGA_CP250.06718049/SNA</EstimateCode></RadiatorSubType>
          <RadiatorSubType><Name>CANAL PLUS RC2.5 B49 H67 L200 ALU-NATURA</Name>	<DimensionIndex> 5</DimensionIndex>	<Power>5710</Power>	<Surface>0</Surface>	<Volume>2.64</Volume>	<Exponent>1,362</Exponent>	<Current>1</Current>	<Length>2000</Length>	<Height>701</Height>	<Width>490</Width>	<EstimateCode>JAGA_CP250.06720049/SNA</EstimateCode></RadiatorSubType>
          <RadiatorSubType><Name>CANAL PLUS RC2.5 B49 H67 L220 ALU-NATURA</Name>	<DimensionIndex> 6</DimensionIndex>	<Power>6443</Power>	<Surface>0</Surface>	<Volume>2.90</Volume>	<Exponent>1,362</Exponent>	<Current>1</Current>	<Length>2200</Length>	<Height>701</Height>	<Width>490</Width>	<EstimateCode>JAGA_CP250.06722049/SNA</EstimateCode></RadiatorSubType>
          <RadiatorSubType><Name>CANAL PLUS RC2.5 B49 H67 L240 ALU-NATURA</Name>	<DimensionIndex> 7</DimensionIndex>	<Power>7150</Power>	<Surface>0</Surface>	<Volume>3.17</Volume>	<Exponent>1,362</Exponent>	<Current>1</Current>	<Length>2400</Length>	<Height>701</Height>	<Width>490</Width>	<EstimateCode>JAGA_CP250.06724049/SNA</EstimateCode></RadiatorSubType>
          <RadiatorSubType><Name>CANAL PLUS RC2.5 B49 H67 L260 ALU-NATURA</Name>	<DimensionIndex> 8</DimensionIndex>	<Power>7839</Power>	<Surface>0</Surface>	<Volume>3.43</Volume>	<Exponent>1,362</Exponent>	<Current>1</Current>	<Length>2600</Length>	<Height>701</Height>	<Width>490</Width>	<EstimateCode>JAGA_CP250.06726049/SNA</EstimateCode></RadiatorSubType>
          <RadiatorSubType><Name>CANAL PLUS RC2.5 B49 H67 L280 ALU-NATURA</Name>	<DimensionIndex> 9</DimensionIndex>	<Power>8502</Power>	<Surface>0</Surface>	<Volume>3.70</Volume>	<Exponent>1,362</Exponent>	<Current>1</Current>	<Length>2800</Length>	<Height>701</Height>	<Width>490</Width>	<EstimateCode>JAGA_CP250.06728049/SNA</EstimateCode></RadiatorSubType>
          <RadiatorSubType><Name>CANAL PLUS RC2.5 B49 H67 L300 ALU-NATURA</Name>	<DimensionIndex>10</DimensionIndex>	<Power>9156</Power>	<Surface>0</Surface>	<Volume>3.96</Volume>	<Exponent>1,362</Exponent>	<Current>1</Current>	<Length>3000</Length>	<Height>701</Height>	<Width>490</Width>	<EstimateCode>JAGA_CP250.06730049/SNA</EstimateCode></RadiatorSubType>
          <RadiatorSubType><Name>CANAL PLUS RC2.5 B49 H67 L320 ALU-NATURA</Name>	<DimensionIndex>11</DimensionIndex>	<Power>9802</Power>	<Surface>0</Surface>	<Volume>4.22</Volume>	<Exponent>1,362</Exponent>	<Current>1</Current>	<Length>3200</Length>	<Height>701</Height>	<Width>490</Width>	<EstimateCode>JAGA_CP250.06732049/SNA</EstimateCode></RadiatorSubType>
  </RadiatorMainType>
  
  
</WinWattDBRadiator>

</WinWattDB>
