<?xml version="1.0" encoding="ISO-8859-2" ?>
<WinWattDB>

<WinWattDBRadiator DTLog="Yes">
  <ItemHeader>
    <Date><Year>2004</Year><Month>7</Month><Day>31</Day></Date>
    <ItemPath>JAGA</ItemPath>
    <ItemName>JAGA DECO LOUVRE horisontal</ItemName>
    <HomePage></HomePage></ItemHeader>
  <DTOrigin>59.44</DTOrigin>
  <DimensionArray Type="Height" >
    <DimensionString Value="250" >025</DimensionString>
    <DimensionString Value="310" >031</DimensionString>
    <DimensionString Value="370" >037</DimensionString>
    <DimensionString Value="420" >042</DimensionString>
    <DimensionString Value="480" >048</DimensionString>
    <DimensionString Value="540" >054</DimensionString>
    <DimensionString Value="600" >060</DimensionString>
    <DimensionString Value="650" >065</DimensionString>
    <DimensionString Value="710" >071</DimensionString>
    <DimensionString Value="770" >077</DimensionString>
    <DimensionString Value="820" >082</DimensionString>
    <DimensionString Value="880" >088</DimensionString>
    <DimensionString Value="940" >094</DimensionString>
    <DimensionString Value="990" >099</DimensionString>
    <DimensionString Value="1050" >105</DimensionString>
    <DimensionString Value="1110" >111</DimensionString>
    <DimensionString Value="1170" >117</DimensionString>
  </DimensionArray>
  <DimensionArray Type="Width" >
    <DimensionString Value="60" >single</DimensionString>
    <DimensionString Value="100" >double</DimensionString>
  </DimensionArray>
  <DimensionArray Type="Length" >
    <DimensionString Value="1000" >100</DimensionString>
    <DimensionString Value="1200" >120</DimensionString>
    <DimensionString Value="1400" >140</DimensionString>
    <DimensionString Value="1600" >160</DimensionString>
    <DimensionString Value="1800" >180</DimensionString>
    <DimensionString Value="1920" >192</DimensionString>
    <DimensionString Value="2000" >200</DimensionString>
    <DimensionString Value="2200" >220</DimensionString>
    <DimensionString Value="2400" >240</DimensionString>
    <DimensionString Value="2600" >260</DimensionString>
    <DimensionString Value="2800" >280</DimensionString>
    <DimensionString Value="3000" >300</DimensionString>
  </DimensionArray>
  <RadiatorMainType>	<MainTypeName>JAGA DECO LOUVRE horisontal single 025/</MainTypeName>	<DimensionIndex>0</DimensionIndex>	<DimensionIndex>0</DimensionIndex>	<kvValue>1.1</kvValue>		<RadiatorSubTypeMacro From="0" To="11">				<Name>LHSW H025 L{S}/DECO LOUVRE HORZ SINGLE</Name>	<Power>354.5</Power>	<Surface>0</Surface>	<Volume>2.1</Volume>	<Exponent>1.335</Exponent>	<EstimateCode>JAGA_LHSW0.025{S}</EstimateCode>	</RadiatorSubTypeMacro>	</RadiatorMainType>
  <RadiatorMainType>	<MainTypeName>JAGA DECO LOUVRE horisontal single 031/</MainTypeName>	<DimensionIndex>1</DimensionIndex>	<DimensionIndex>0</DimensionIndex>	<kvValue>1.1</kvValue>		<RadiatorSubTypeMacro From="0" To="11" PowerCorrection="-1.5">	<Name>LHSW H031 L{S}/DECO LOUVRE HORZ SINGLE</Name>	<Power>457.5</Power>	<Surface>0</Surface>	<Volume>2.6</Volume>	<Exponent>1.332</Exponent>	<EstimateCode>JAGA_LHSW0.031{S}</EstimateCode>	</RadiatorSubTypeMacro>	</RadiatorMainType>
  <RadiatorMainType>	<MainTypeName>JAGA DECO LOUVRE horisontal single 037/</MainTypeName>	<DimensionIndex>2</DimensionIndex>	<DimensionIndex>0</DimensionIndex>	<kvValue>1.1</kvValue>		<RadiatorSubTypeMacro From="0" To="11" PowerCorrection="1.5">	<Name>LHSW H037 L{S}/DECO LOUVRE HORZ SINGLE</Name>	<Power>559.5</Power>	<Surface>0</Surface>	<Volume>3.1</Volume>	<Exponent>1.328</Exponent>	<EstimateCode>JAGA_LHSW0.037{S}</EstimateCode>	</RadiatorSubTypeMacro>	</RadiatorMainType>
  <RadiatorMainType>	<MainTypeName>JAGA DECO LOUVRE horisontal single 042/</MainTypeName>	<DimensionIndex>3</DimensionIndex>	<DimensionIndex>0</DimensionIndex>	<kvValue>1.1</kvValue>		<RadiatorSubTypeMacro From="0" To="11" PowerCorrection="1.5">	<Name>LHSW H042 L{S}/DECO LOUVRE HORZ SINGLE</Name>	<Power>663.5</Power>	<Surface>0</Surface>	<Volume>3.6</Volume>	<Exponent>1.324</Exponent>	<EstimateCode>JAGA_LHSW0.042{S}</EstimateCode>	</RadiatorSubTypeMacro>	</RadiatorMainType>
  <RadiatorMainType>	<MainTypeName>JAGA DECO LOUVRE horisontal single 048/</MainTypeName>	<DimensionIndex>4</DimensionIndex>	<DimensionIndex>0</DimensionIndex>	<kvValue>1.1</kvValue>		<RadiatorSubTypeMacro From="0" To="11">				<Name>LHSW H048 L{S}/DECO LOUVRE HORZ SINGLE</Name>	<Power>768.5</Power>	<Surface>0</Surface>	<Volume>4.1</Volume>	<Exponent>1.321</Exponent>	<EstimateCode>JAGA_LHSW0.048{S}</EstimateCode>	</RadiatorSubTypeMacro>	</RadiatorMainType>
  <RadiatorMainType>	<MainTypeName>JAGA DECO LOUVRE horisontal single 054/</MainTypeName>	<DimensionIndex>5</DimensionIndex>	<DimensionIndex>0</DimensionIndex>	<kvValue>1.1</kvValue>		<RadiatorSubTypeMacro From="0" To="11">				<Name>LHSW H054 L{S}/DECO LOUVRE HORZ SINGLE</Name>	<Power>872</Power>	<Surface>0</Surface>	<Volume>4.6</Volume>	<Exponent>1.317</Exponent>	<EstimateCode>JAGA_LHSW0.054{S}</EstimateCode>	</RadiatorSubTypeMacro>	</RadiatorMainType>
  <RadiatorMainType>	<MainTypeName>JAGA DECO LOUVRE horisontal single 060/</MainTypeName>	<DimensionIndex>6</DimensionIndex>	<DimensionIndex>0</DimensionIndex>	<kvValue>1.1</kvValue>		<RadiatorSubTypeMacro From="0" To="11">				<Name>LHSW H060 L{S}/DECO LOUVRE HORZ SINGLE</Name>	<Power>975.5</Power>	<Surface>0</Surface>	<Volume>5.1</Volume>	<Exponent>1.314</Exponent>	<EstimateCode>JAGA_LHSW0.060{S}</EstimateCode>	</RadiatorSubTypeMacro>	</RadiatorMainType>
  <RadiatorMainType>	<MainTypeName>JAGA DECO LOUVRE horisontal single 065/</MainTypeName>	<DimensionIndex>7</DimensionIndex>	<DimensionIndex>0</DimensionIndex>	<kvValue>1.1</kvValue>		<RadiatorSubTypeMacro From="0" To="11">				<Name>LHSW H065 L{S}/DECO LOUVRE HORZ SINGLE</Name>	<Power>1078.5</Power>	<Surface>0</Surface>	<Volume>5.6</Volume>	<Exponent>1.31</Exponent>	<EstimateCode>JAGA_LHSW0.065{S}</EstimateCode>	</RadiatorSubTypeMacro>	</RadiatorMainType>
  <RadiatorMainType>	<MainTypeName>JAGA DECO LOUVRE horisontal single 071/</MainTypeName>	<DimensionIndex>8</DimensionIndex>	<DimensionIndex>0</DimensionIndex>	<kvValue>1.1</kvValue>		<RadiatorSubTypeMacro From="0" To="11">				<Name>LHSW H071 L{S}/DECO LOUVRE HORZ SINGLE</Name>	<Power>1179.5</Power>	<Surface>0</Surface>	<Volume>6.1</Volume>	<Exponent>1.307</Exponent>	<EstimateCode>JAGA_LHSW0.071{S}</EstimateCode>	</RadiatorSubTypeMacro>	</RadiatorMainType>
  <RadiatorMainType>	<MainTypeName>JAGA DECO LOUVRE horisontal single 077/</MainTypeName>	<DimensionIndex>9</DimensionIndex>	<DimensionIndex>0</DimensionIndex>	<kvValue>1.1</kvValue>		<RadiatorSubTypeMacro From="0" To="11">				<Name>LHSW H077 L{S}/DECO LOUVRE HORZ SINGLE</Name>	<Power>1279.5</Power>	<Surface>0</Surface>	<Volume>6.7</Volume>	<Exponent>1.303</Exponent>	<EstimateCode>JAGA_LHSW0.077{S}</EstimateCode>	</RadiatorSubTypeMacro>	</RadiatorMainType>
  <RadiatorMainType>	<MainTypeName>JAGA DECO LOUVRE horisontal single 082/</MainTypeName>	<DimensionIndex>10</DimensionIndex>	<DimensionIndex>0</DimensionIndex>	<kvValue>1.1</kvValue>		<RadiatorSubTypeMacro From="0" To="11">				<Name>LHSW H082 L{S}/DECO LOUVRE HORZ SINGLE</Name>	<Power>1378</Power>	<Surface>0</Surface>	<Volume>7.2</Volume>	<Exponent>1.3</Exponent>	<EstimateCode>JAGA_LHSW0.082{S}</EstimateCode>	</RadiatorSubTypeMacro>	</RadiatorMainType>
  <RadiatorMainType>	<MainTypeName>JAGA DECO LOUVRE horisontal single 088/</MainTypeName>	<DimensionIndex>11</DimensionIndex>	<DimensionIndex>0</DimensionIndex>	<kvValue>1.1</kvValue>		<RadiatorSubTypeMacro From="0" To="11">				<Name>LHSW H088 L{S}/DECO LOUVRE HORZ SINGLE</Name>	<Power>1476</Power>	<Surface>0</Surface>	<Volume>7.7</Volume>	<Exponent>1.296</Exponent>	<EstimateCode>JAGA_LHSW0.088{S}</EstimateCode>	</RadiatorSubTypeMacro>	</RadiatorMainType>
  <RadiatorMainType>	<MainTypeName>JAGA DECO LOUVRE horisontal single 094/</MainTypeName>	<DimensionIndex>12</DimensionIndex>	<DimensionIndex>0</DimensionIndex>	<kvValue>1.1</kvValue>		<RadiatorSubTypeMacro From="0" To="11">				<Name>LHSW H094 L{S}/DECO LOUVRE HORZ SINGLE</Name>	<Power>1572</Power>	<Surface>0</Surface>	<Volume>8.2</Volume>	<Exponent>1.293</Exponent>	<EstimateCode>JAGA_LHSW0.094{S}</EstimateCode>	</RadiatorSubTypeMacro>	</RadiatorMainType>
  <RadiatorMainType>	<MainTypeName>JAGA DECO LOUVRE horisontal single 099/</MainTypeName>	<DimensionIndex>13</DimensionIndex>	<DimensionIndex>0</DimensionIndex>	<kvValue>1.1</kvValue>		<RadiatorSubTypeMacro From="0" To="11">				<Name>LHSW H099 L{S}/DECO LOUVRE HORZ SINGLE</Name>	<Power>1666</Power>	<Surface>0</Surface>	<Volume>8.7</Volume>	<Exponent>1.289</Exponent>	<EstimateCode>JAGA_LHSW0.099{S}</EstimateCode>	</RadiatorSubTypeMacro>	</RadiatorMainType>
  <RadiatorMainType>	<MainTypeName>JAGA DECO LOUVRE horisontal single 105/</MainTypeName>	<DimensionIndex>14</DimensionIndex>	<DimensionIndex>0</DimensionIndex>	<kvValue>1.1</kvValue>		<RadiatorSubTypeMacro From="0" To="11">				<Name>LHSW H105 L{S}/DECO LOUVRE HORZ SINGLE</Name>	<Power>1758.5</Power>	<Surface>0</Surface>	<Volume>9.2</Volume>	<Exponent>1.286</Exponent>	<EstimateCode>JAGA_LHSW0.105{S}</EstimateCode>	</RadiatorSubTypeMacro>	</RadiatorMainType>
  <RadiatorMainType>	<MainTypeName>JAGA DECO LOUVRE horisontal single 111/</MainTypeName>	<DimensionIndex>15</DimensionIndex>	<DimensionIndex>0</DimensionIndex>	<kvValue>1.1</kvValue>		<RadiatorSubTypeMacro From="0" To="11">				<Name>LHSW H111 L{S}/DECO LOUVRE HORZ SINGLE</Name>	<Power>1849</Power>	<Surface>0</Surface>	<Volume>9.7</Volume>	<Exponent>1.282</Exponent>	<EstimateCode>JAGA_LHSW0.111{S}</EstimateCode>	</RadiatorSubTypeMacro>	</RadiatorMainType>
  <RadiatorMainType>	<MainTypeName>JAGA DECO LOUVRE horisontal single 117/</MainTypeName>	<DimensionIndex>16</DimensionIndex>	<DimensionIndex>0</DimensionIndex>	<kvValue>1.1</kvValue>		<RadiatorSubTypeMacro From="0" To="11">				<Name>LHSW H117 L{S}/DECO LOUVRE HORZ SINGLE</Name>	<Power>1939</Power>	<Surface>0</Surface>	<Volume>10.2</Volume>	<Exponent>1.279</Exponent>	<EstimateCode>JAGA_LHSW0.117{S}</EstimateCode>	</RadiatorSubTypeMacro>	</RadiatorMainType>
  <RadiatorMainType>	<MainTypeName>JAGA DECO LOUVRE horisontal single 025/</MainTypeName>	<DimensionIndex>0</DimensionIndex>	<DimensionIndex>1</DimensionIndex>	<kvValue>1.1</kvValue>		<RadiatorSubTypeMacro From="0" To="11" PowerCorrection="-1">	<Name>LHDW H025 L{S}/DECO LOUVRE HORZ DOUBLE</Name>	<Power>666</Power>	<Surface>0</Surface>	<Volume>3.8</Volume>	<Exponent>1.291</Exponent>	<EstimateCode>JAGA_LHDW0.025{S}</EstimateCode>	</RadiatorSubTypeMacro>	</RadiatorMainType>
  <RadiatorMainType>	<MainTypeName>JAGA DECO LOUVRE horisontal double 031/</MainTypeName>	<DimensionIndex>1</DimensionIndex>	<DimensionIndex>1</DimensionIndex>	<kvValue>1.1</kvValue>		<RadiatorSubTypeMacro From="0" To="11">				<Name>LHDW H031 L{S}/DECO LOUVRE HORZ DOUBLE</Name>	<Power>825.5</Power>	<Surface>0</Surface>	<Volume>4.8</Volume>	<Exponent>1.29</Exponent>	<EstimateCode>JAGA_LHDW0.031{S}</EstimateCode>	</RadiatorSubTypeMacro>	</RadiatorMainType>
  <RadiatorMainType>	<MainTypeName>JAGA DECO LOUVRE horisontal double 037/</MainTypeName>	<DimensionIndex>2</DimensionIndex>	<DimensionIndex>1</DimensionIndex>	<kvValue>1.1</kvValue>		<RadiatorSubTypeMacro From="0" To="11">				<Name>LHDW H037 L{S}/DECO LOUVRE HORZ DOUBLE</Name>	<Power>983</Power>	<Surface>0</Surface>	<Volume>5.8</Volume>	<Exponent>1.29</Exponent>	<EstimateCode>JAGA_LHDW0.037{S}</EstimateCode>	</RadiatorSubTypeMacro>	</RadiatorMainType>
  <RadiatorMainType>	<MainTypeName>JAGA DECO LOUVRE horisontal double 042/</MainTypeName>	<DimensionIndex>3</DimensionIndex>	<DimensionIndex>1</DimensionIndex>	<kvValue>1.1</kvValue>		<RadiatorSubTypeMacro From="0" To="11">				<Name>LHDW H042 L{S}/DECO LOUVRE HORZ DOUBLE</Name>	<Power>1139</Power>	<Surface>0</Surface>	<Volume>6.8</Volume>	<Exponent>1.289</Exponent>	<EstimateCode>JAGA_LHDW0.042{S}</EstimateCode>	</RadiatorSubTypeMacro>	</RadiatorMainType>
  <RadiatorMainType>	<MainTypeName>JAGA DECO LOUVRE horisontal double 048/</MainTypeName>	<DimensionIndex>4</DimensionIndex>	<DimensionIndex>1</DimensionIndex>	<kvValue>1.1</kvValue>		<RadiatorSubTypeMacro From="0" To="11">				<Name>LHDW H048 L{S}/DECO LOUVRE HORZ DOUBLE</Name>	<Power>1294</Power>	<Surface>0</Surface>	<Volume>7.8</Volume>	<Exponent>1.288</Exponent>	<EstimateCode>JAGA_LHDW0.048{S}</EstimateCode>	</RadiatorSubTypeMacro>	</RadiatorMainType>
  <RadiatorMainType>	<MainTypeName>JAGA DECO LOUVRE horisontal double 054/</MainTypeName>	<DimensionIndex>5</DimensionIndex>	<DimensionIndex>1</DimensionIndex>	<kvValue>1.1</kvValue>		<RadiatorSubTypeMacro From="0" To="11" PowerCorrection="-1">	<Name>LHDW H054 L{S}/DECO LOUVRE HORZ DOUBLE</Name>	<Power>1448</Power>	<Surface>0</Surface>	<Volume>8.7</Volume>	<Exponent>1.288</Exponent>	<EstimateCode>JAGA_LHDW0.054{S}</EstimateCode>	</RadiatorSubTypeMacro>	</RadiatorMainType>
  <RadiatorMainType>	<MainTypeName>JAGA DECO LOUVRE horisontal double 060/</MainTypeName>	<DimensionIndex>6</DimensionIndex>	<DimensionIndex>1</DimensionIndex>	<kvValue>1.1</kvValue>		<RadiatorSubTypeMacro From="0" To="11">				<Name>LHDW H060 L{S}/DECO LOUVRE HORZ DOUBLE</Name>	<Power>1598.5</Power>	<Surface>0</Surface>	<Volume>9.7</Volume>	<Exponent>1.287</Exponent>	<EstimateCode>JAGA_LHDW0.060{S}</EstimateCode>	</RadiatorSubTypeMacro>	</RadiatorMainType>
  <RadiatorMainType>	<MainTypeName>JAGA DECO LOUVRE horisontal double 065/</MainTypeName>	<DimensionIndex>7</DimensionIndex>	<DimensionIndex>1</DimensionIndex>	<kvValue>1.1</kvValue>		<RadiatorSubTypeMacro From="0" To="11" PowerCorrection="-1">	<Name>LHDW H065 L{S}/DECO LOUVRE HORZ DOUBLE</Name>	<Power>1750</Power>	<Surface>0</Surface>	<Volume>10.7</Volume>	<Exponent>1.287</Exponent>	<EstimateCode>JAGA_LHDW0.065{S}</EstimateCode>	</RadiatorSubTypeMacro>	</RadiatorMainType>
  <RadiatorMainType>	<MainTypeName>JAGA DECO LOUVRE horisontal double 071/</MainTypeName>	<DimensionIndex>8</DimensionIndex>	<DimensionIndex>1</DimensionIndex>	<kvValue>1.1</kvValue>		<RadiatorSubTypeMacro From="0" To="11">				<Name>LHDW H071 L{S}/DECO LOUVRE HORZ DOUBLE</Name>	<Power>1900.5</Power>	<Surface>0</Surface>	<Volume>11.6</Volume>	<Exponent>1.286</Exponent>	<EstimateCode>JAGA_LHDW0.071{S}</EstimateCode>	</RadiatorSubTypeMacro>	</RadiatorMainType>
  <RadiatorMainType>	<MainTypeName>JAGA DECO LOUVRE horisontal double 077/</MainTypeName>	<DimensionIndex>9</DimensionIndex>	<DimensionIndex>1</DimensionIndex>	<kvValue>1.1</kvValue>		<RadiatorSubTypeMacro From="0" To="11">				<Name>LHDW H077 L{S}/DECO LOUVRE HORZ DOUBLE</Name>	<Power>2049</Power>	<Surface>0</Surface>	<Volume>12.6</Volume>	<Exponent>1.285</Exponent>	<EstimateCode>JAGA_LHDW0.077{S}</EstimateCode>	</RadiatorSubTypeMacro>	</RadiatorMainType>
  <RadiatorMainType>	<MainTypeName>JAGA DECO LOUVRE horisontal double 082/</MainTypeName>	<DimensionIndex>10</DimensionIndex>	<DimensionIndex>1</DimensionIndex>	<kvValue>1.1</kvValue>		<RadiatorSubTypeMacro From="0" To="11">				<Name>LHDW H082 L{S}/DECO LOUVRE HORZ DOUBLE</Name>	<Power>2197.5</Power>	<Surface>0</Surface>	<Volume>13.6</Volume>	<Exponent>1.285</Exponent>	<EstimateCode>JAGA_LHDW0.082{S}</EstimateCode>	</RadiatorSubTypeMacro>	</RadiatorMainType>
  <RadiatorMainType>	<MainTypeName>JAGA DECO LOUVRE horisontal double 088/</MainTypeName>	<DimensionIndex>11</DimensionIndex>	<DimensionIndex>1</DimensionIndex>	<kvValue>1.1</kvValue>		<RadiatorSubTypeMacro From="0" To="11" PowerCorrection="1">	<Name>LHDW H088 L{S}/DECO LOUVRE HORZ DOUBLE</Name>	<Power>2344</Power>	<Surface>0</Surface>	<Volume>14.5</Volume>	<Exponent>1.284</Exponent>	<EstimateCode>JAGA_LHDW0.088{S}</EstimateCode>	</RadiatorSubTypeMacro>	</RadiatorMainType>
  <RadiatorMainType>	<MainTypeName>JAGA DECO LOUVRE horisontal double 094/</MainTypeName>	<DimensionIndex>12</DimensionIndex>	<DimensionIndex>1</DimensionIndex>	<kvValue>1.1</kvValue>		<RadiatorSubTypeMacro From="0" To="11">				<Name>LHDW H094 L{S}/DECO LOUVRE HORZ DOUBLE</Name>	<Power>2490</Power>	<Surface>0</Surface>	<Volume>15.5</Volume>	<Exponent>1.284</Exponent>	<EstimateCode>JAGA_LHDW0.094{S}</EstimateCode>	</RadiatorSubTypeMacro>	</RadiatorMainType>
  <RadiatorMainType>	<MainTypeName>JAGA DECO LOUVRE horisontal double 099/</MainTypeName>	<DimensionIndex>13</DimensionIndex>	<DimensionIndex>1</DimensionIndex>	<kvValue>1.1</kvValue>		<RadiatorSubTypeMacro From="0" To="11">				<Name>LHDW H099 L{S}/DECO LOUVRE HORZ DOUBLE</Name>	<Power>2635.5</Power>	<Surface>0</Surface>	<Volume>16.5</Volume>	<Exponent>1.283</Exponent>	<EstimateCode>JAGA_LHDW0.099{S}</EstimateCode>	</RadiatorSubTypeMacro>	</RadiatorMainType>
  <RadiatorMainType>	<MainTypeName>JAGA DECO LOUVRE horisontal double 105/</MainTypeName>	<DimensionIndex>14</DimensionIndex>	<DimensionIndex>1</DimensionIndex>	<kvValue>1.1</kvValue>		<RadiatorSubTypeMacro From="0" To="11">				<Name>LHDW H105 L{S}/DECO LOUVRE HORZ DOUBLE</Name>	<Power>2779.5</Power>	<Surface>0</Surface>	<Volume>17.5</Volume>	<Exponent>1.283</Exponent>	<EstimateCode>JAGA_LHDW0.105{S}</EstimateCode>	</RadiatorSubTypeMacro>	</RadiatorMainType>
  <RadiatorMainType>	<MainTypeName>JAGA DECO LOUVRE horisontal double 111/</MainTypeName>	<DimensionIndex>15</DimensionIndex>	<DimensionIndex>1</DimensionIndex>	<kvValue>1.1</kvValue>		<RadiatorSubTypeMacro From="0" To="11">				<Name>LHDW H111 L{S}/DECO LOUVRE HORZ DOUBLE</Name>	<Power>2920.5</Power>	<Surface>0</Surface>	<Volume>18.4</Volume>	<Exponent>1.282</Exponent>	<EstimateCode>JAGA_LHDW0.111{S}</EstimateCode>	</RadiatorSubTypeMacro>	</RadiatorMainType>
  <RadiatorMainType>	<MainTypeName>JAGA DECO LOUVRE horisontal double 117/</MainTypeName>	<DimensionIndex>16</DimensionIndex>	<DimensionIndex>1</DimensionIndex>	<kvValue>1.1</kvValue>		<RadiatorSubTypeMacro From="0" To="11">				<Name>LHDW H117 L{S}/DECO LOUVRE HORZ DOUBLE</Name>	<Power>3062.5</Power>	<Surface>0</Surface>	<Volume>19.4</Volume>	<Exponent>1.281</Exponent>	<EstimateCode>JAGA_LHDW0.117{S}</EstimateCode>	</RadiatorSubTypeMacro>	</RadiatorMainType>
</WinWattDBRadiator>

</WinWattDB>
