<?xml version="1.0" encoding="ISO-8859-2" ?>
<WinWattDB>

<WinWattDBRadiator DTLog="Yes">
  <ItemHeader>
    <Date><Year>2004</Year><Month>7</Month><Day>31</Day></Date>
    <ItemPath>JAGA</ItemPath>
    <ItemName>JAGA DECO SPACE vertical</ItemName>
    <HomePage></HomePage></ItemHeader>
  <DTOrigin>59.44</DTOrigin>
  <DimensionArray Type="Height" >
    <DimensionString Value="1000" >100</DimensionString>
    <DimensionString Value="1000" >120</DimensionString>
    <DimensionString Value="1000" >140</DimensionString>
    <DimensionString Value="1000" >160</DimensionString>
    <DimensionString Value="1000" >180</DimensionString>
    <DimensionString Value="1000" >192</DimensionString>
    <DimensionString Value="1000" >200</DimensionString>
    <DimensionString Value="1000" >220</DimensionString>
    <DimensionString Value="1000" >240</DimensionString>
    <DimensionString Value="1000" >260</DimensionString>
    <DimensionString Value="1000" >280</DimensionString>
    <DimensionString Value="1000" >300</DimensionString>
  </DimensionArray>
  <DimensionArray Type="Width" >
    <DimensionString Value="95" >single</DimensionString>
    <DimensionString Value="165" >double</DimensionString>
  </DimensionArray>
  <DimensionArray Type="Length" >
    <DimensionString Value="280" >028</DimensionString>
    <DimensionString Value="320" >032</DimensionString>
    <DimensionString Value="360" >036</DimensionString>
    <DimensionString Value="400" >040</DimensionString>
    <DimensionString Value="440" >044</DimensionString>
    <DimensionString Value="480" >048</DimensionString>
    <DimensionString Value="520" >052</DimensionString>
    <DimensionString Value="560" >056</DimensionString>
    <DimensionString Value="600" >060</DimensionString>
    <DimensionString Value="640" >064</DimensionString>
    <DimensionString Value="680" >068</DimensionString>
    <DimensionString Value="720" >072</DimensionString>
    <DimensionString Value="760" >076</DimensionString>
    <DimensionString Value="800" >080</DimensionString>
    <DimensionString Value="840" >084</DimensionString>
    <DimensionString Value="880" >088</DimensionString>
    <DimensionString Value="920" >092</DimensionString>
    <DimensionString Value="960" >096</DimensionString>
    <DimensionString Value="1000" >100</DimensionString>
    <DimensionString Value="1040" >104</DimensionString>
    <DimensionString Value="1080" >108</DimensionString>
    <DimensionString Value="1120" >112</DimensionString>
    <DimensionString Value="1160" >116</DimensionString>
    <DimensionString Value="1200" >120</DimensionString>
  </DimensionArray>
  <RadiatorMainType>	<MainTypeName>JAGA DECO SPACE vertical single 100/</MainTypeName>	<DimensionIndex>0</DimensionIndex>	<DimensionIndex>0</DimensionIndex>	<kvValue>1.1</kvValue>		<RadiatorSubTypeMacro From="0" To="23">	<Name>SVSW H100 L{S}/DECO SPACE VERT SINGLE</Name>	<Power>1965.2</Power>	<Surface>0</Surface>	<Volume>13</Volume>	<Exponent>1.309</Exponent>	<EstimateCode>JAGA_SVSW0.100{S}</EstimateCode>	</RadiatorSubTypeMacro>	</RadiatorMainType>
  <RadiatorMainType>	<MainTypeName>JAGA DECO SPACE vertical single 120/</MainTypeName>	<DimensionIndex>1</DimensionIndex>	<DimensionIndex>0</DimensionIndex>	<kvValue>1.1</kvValue>		<RadiatorSubTypeMacro From="0" To="23">	<Name>SVSW H120 L{S}/DECO SPACE VERT SINGLE</Name>	<Power>2359.8</Power>	<Surface>0</Surface>	<Volume>15</Volume>	<Exponent>1.305</Exponent>	<EstimateCode>JAGA_SVSW0.120{S}</EstimateCode>	</RadiatorSubTypeMacro>	</RadiatorMainType>
  <RadiatorMainType>	<MainTypeName>JAGA DECO SPACE vertical single 140/</MainTypeName>	<DimensionIndex>2</DimensionIndex>	<DimensionIndex>0</DimensionIndex>	<kvValue>1.1</kvValue>		<RadiatorSubTypeMacro From="0" To="23">	<Name>SVSW H140 L{S}/DECO SPACE VERT SINGLE</Name>	<Power>2745.7</Power>	<Surface>0</Surface>	<Volume>17</Volume>	<Exponent>1.3</Exponent>	<EstimateCode>JAGA_SVSW0.140{S}</EstimateCode>	</RadiatorSubTypeMacro>	</RadiatorMainType>
  <RadiatorMainType>	<MainTypeName>JAGA DECO SPACE vertical single 160/</MainTypeName>	<DimensionIndex>3</DimensionIndex>	<DimensionIndex>0</DimensionIndex>	<kvValue>1.1</kvValue>		<RadiatorSubTypeMacro From="0" To="23">	<Name>SVSW H160 L{S}/DECO SPACE VERT SINGLE</Name>	<Power>3127.2</Power>	<Surface>0</Surface>	<Volume>19</Volume>	<Exponent>1.296</Exponent>	<EstimateCode>JAGA_SVSW0.160{S}</EstimateCode>	</RadiatorSubTypeMacro>	</RadiatorMainType>
  <RadiatorMainType>	<MainTypeName>JAGA DECO SPACE vertical single 180/</MainTypeName>	<DimensionIndex>4</DimensionIndex>	<DimensionIndex>0</DimensionIndex>	<kvValue>1.1</kvValue>		<RadiatorSubTypeMacro From="0" To="23">	<Name>SVSW H180 L{S}/DECO SPACE VERT SINGLE</Name>	<Power>3493.5</Power>	<Surface>0</Surface>	<Volume>21</Volume>	<Exponent>1.291</Exponent>	<EstimateCode>JAGA_SVSW0.180{S}</EstimateCode>	</RadiatorSubTypeMacro>	</RadiatorMainType>
  <RadiatorMainType>	<MainTypeName>JAGA DECO SPACE vertical single 192/</MainTypeName>	<DimensionIndex>5</DimensionIndex>	<DimensionIndex>0</DimensionIndex>	<kvValue>1.1</kvValue>		<RadiatorSubTypeMacro From="0" To="23">	<Name>SVSW H192 L{S}/DECO SPACE VERT SINGLE</Name>	<Power>3712</Power>	<Surface>0</Surface>	<Volume>23</Volume>	<Exponent>1.288</Exponent>	<EstimateCode>JAGA_SVSW0.192{S}</EstimateCode>	</RadiatorSubTypeMacro>	</RadiatorMainType>
  <RadiatorMainType>	<MainTypeName>JAGA DECO SPACE vertical single 200/</MainTypeName>	<DimensionIndex>6</DimensionIndex>	<DimensionIndex>0</DimensionIndex>	<kvValue>1.1</kvValue>		<RadiatorSubTypeMacro From="0" To="23">	<Name>SVSW H200 L{S}/DECO SPACE VERT SINGLE</Name>	<Power>3855.4</Power>	<Surface>0</Surface>	<Volume>24</Volume>	<Exponent>1.287</Exponent>	<EstimateCode>JAGA_SVSW0.200{S}</EstimateCode>	</RadiatorSubTypeMacro>	</RadiatorMainType>
  <RadiatorMainType>	<MainTypeName>JAGA DECO SPACE vertical single 220/</MainTypeName>	<DimensionIndex>7</DimensionIndex>	<DimensionIndex>0</DimensionIndex>	<kvValue>1.1</kvValue>		<RadiatorSubTypeMacro From="0" To="23">	<Name>SVSW H220 L{S}/DECO SPACE VERT SINGLE</Name>	<Power>4206.5</Power>	<Surface>0</Surface>	<Volume>26</Volume>	<Exponent>1.282</Exponent>	<EstimateCode>JAGA_SVSW0.220{S}</EstimateCode>	</RadiatorSubTypeMacro>	</RadiatorMainType>
  <RadiatorMainType>	<MainTypeName>JAGA DECO SPACE vertical single 240/</MainTypeName>	<DimensionIndex>8</DimensionIndex>	<DimensionIndex>0</DimensionIndex>	<kvValue>1.1</kvValue>		<RadiatorSubTypeMacro From="0" To="23">	<Name>SVSW H240 L{S}/DECO SPACE VERT SINGLE</Name>	<Power>4546.7</Power>	<Surface>0</Surface>	<Volume>28</Volume>	<Exponent>1.278</Exponent>	<EstimateCode>JAGA_SVSW0.240{S}</EstimateCode>	</RadiatorSubTypeMacro>	</RadiatorMainType>
  <RadiatorMainType>	<MainTypeName>JAGA DECO SPACE vertical single 260/</MainTypeName>	<DimensionIndex>9</DimensionIndex>	<DimensionIndex>0</DimensionIndex>	<kvValue>1.1</kvValue>		<RadiatorSubTypeMacro From="0" To="23">	<Name>SVSW H260 L{S}/DECO SPACE VERT SINGLE</Name>	<Power>4875</Power>	<Surface>0</Surface>	<Volume>30</Volume>	<Exponent>1.273</Exponent>	<EstimateCode>JAGA_SVSW0.260{S}</EstimateCode>	</RadiatorSubTypeMacro>	</RadiatorMainType>
  <RadiatorMainType>	<MainTypeName>JAGA DECO SPACE vertical single 280/</MainTypeName>	<DimensionIndex>10</DimensionIndex>	<DimensionIndex>0</DimensionIndex>	<kvValue>1.1</kvValue>		<RadiatorSubTypeMacro From="0" To="23">	<Name>SVSW H280 L{S}/DECO SPACE VERT SINGLE</Name>	<Power>5194.6</Power>	<Surface>0</Surface>	<Volume>32</Volume>	<Exponent>1.268</Exponent>	<EstimateCode>JAGA_SVSW0.280{S}</EstimateCode>	</RadiatorSubTypeMacro>	</RadiatorMainType>
  <RadiatorMainType>	<MainTypeName>JAGA DECO SPACE vertical single 300/</MainTypeName>	<DimensionIndex>11</DimensionIndex>	<DimensionIndex>0</DimensionIndex>	<kvValue>1.1</kvValue>		<RadiatorSubTypeMacro From="0" To="23">	<Name>SVSW H300 L{S}/DECO SPACE VERT SINGLE</Name>	<Power>5505.4</Power>	<Surface>0</Surface>	<Volume>34</Volume>	<Exponent>1.264</Exponent>	<EstimateCode>JAGA_SVSW0.300{S}</EstimateCode>	</RadiatorSubTypeMacro>	</RadiatorMainType>
  <RadiatorMainType>	<MainTypeName>JAGA DECO SPACE vertical double 100/</MainTypeName>	<DimensionIndex>0</DimensionIndex>	<DimensionIndex>1</DimensionIndex>	<kvValue>1.1</kvValue>		<RadiatorSubTypeMacro From="0" To="23">	<Name>SVDW H100 L{S}/DECO SPACE VERT DOUBLE</Name>	<Power>3362</Power>	<Surface>0</Surface>	<Volume>26</Volume>	<Exponent>1.338</Exponent>	<EstimateCode>JAGA_SVDW0.100{S}</EstimateCode>	</RadiatorSubTypeMacro>	</RadiatorMainType>
  <RadiatorMainType>	<MainTypeName>JAGA DECO SPACE vertical double 120/</MainTypeName>	<DimensionIndex>1</DimensionIndex>	<DimensionIndex>1</DimensionIndex>	<kvValue>1.1</kvValue>		<RadiatorSubTypeMacro From="0" To="23">	<Name>SVDW H120 L{S}/DECO SPACE VERT DOUBLE</Name>	<Power>3953.3</Power>	<Surface>0</Surface>	<Volume>30</Volume>	<Exponent>1.338</Exponent>	<EstimateCode>JAGA_SVDW0.120{S}</EstimateCode>	</RadiatorSubTypeMacro>	</RadiatorMainType>
  <RadiatorMainType>	<MainTypeName>JAGA DECO SPACE vertical double 140/</MainTypeName>	<DimensionIndex>2</DimensionIndex>	<DimensionIndex>1</DimensionIndex>	<kvValue>1.1</kvValue>		<RadiatorSubTypeMacro From="0" To="23">	<Name>SVDW H140 L{S}/DECO SPACE VERT DOUBLE</Name>	<Power>4530.4</Power>	<Surface>0</Surface>	<Volume>35</Volume>	<Exponent>1.337</Exponent>	<EstimateCode>JAGA_SVDW0.140{S}</EstimateCode>	</RadiatorSubTypeMacro>	</RadiatorMainType>
  <RadiatorMainType>	<MainTypeName>JAGA DECO SPACE vertical double 160/</MainTypeName>	<DimensionIndex>3</DimensionIndex>	<DimensionIndex>1</DimensionIndex>	<kvValue>1.1</kvValue>		<RadiatorSubTypeMacro From="0" To="23">	<Name>SVDW H160 L{S}/DECO SPACE VERT DOUBLE</Name>	<Power>5093.5</Power>	<Surface>0</Surface>	<Volume>39</Volume>	<Exponent>1.337</Exponent>	<EstimateCode>JAGA_SVDW0.160{S}</EstimateCode>	</RadiatorSubTypeMacro>	</RadiatorMainType>
  <RadiatorMainType>	<MainTypeName>JAGA DECO SPACE vertical double 180/</MainTypeName>	<DimensionIndex>4</DimensionIndex>	<DimensionIndex>1</DimensionIndex>	<kvValue>1.1</kvValue>		<RadiatorSubTypeMacro From="0" To="23">	<Name>SVDW H180 L{S}/DECO SPACE VERT DOUBLE</Name>	<Power>5653.3</Power>	<Surface>0</Surface>	<Volume>43</Volume>	<Exponent>1.336</Exponent>	<EstimateCode>JAGA_SVDW0.180{S}</EstimateCode>	</RadiatorSubTypeMacro>	</RadiatorMainType>
  <RadiatorMainType>	<MainTypeName>JAGA DECO SPACE vertical double 192/</MainTypeName>	<DimensionIndex>5</DimensionIndex>	<DimensionIndex>1</DimensionIndex>	<kvValue>1.1</kvValue>		<RadiatorSubTypeMacro From="0" To="23">	<Name>SVDW H192 L{S}/DECO SPACE VERT DOUBLE</Name>	<Power>5981.5</Power>	<Surface>0</Surface>	<Volume>45</Volume>	<Exponent>1.336</Exponent>	<EstimateCode>JAGA_SVDW0.192{S}</EstimateCode>	</RadiatorSubTypeMacro>	</RadiatorMainType>
  <RadiatorMainType>	<MainTypeName>JAGA DECO SPACE vertical double 200/</MainTypeName>	<DimensionIndex>6</DimensionIndex>	<DimensionIndex>1</DimensionIndex>	<kvValue>1.1</kvValue>		<RadiatorSubTypeMacro From="0" To="23">	<Name>SVDW H200 L{S}/DECO SPACE VERT DOUBLE</Name>	<Power>6198.9</Power>	<Surface>0</Surface>	<Volume>47</Volume>	<Exponent>1.335</Exponent>	<EstimateCode>JAGA_SVDW0.200{S}</EstimateCode>	</RadiatorSubTypeMacro>	</RadiatorMainType>
  <RadiatorMainType>	<MainTypeName>JAGA DECO SPACE vertical double 220/</MainTypeName>	<DimensionIndex>7</DimensionIndex>	<DimensionIndex>1</DimensionIndex>	<kvValue>1.1</kvValue>		<RadiatorSubTypeMacro From="0" To="23">	<Name>SVDW H220 L{S}/DECO SPACE VERT DOUBLE</Name>	<Power>6738</Power>	<Surface>0</Surface>	<Volume>51</Volume>	<Exponent>1.335</Exponent>	<EstimateCode>JAGA_SVDW0.220{S}</EstimateCode>	</RadiatorSubTypeMacro>	</RadiatorMainType>
  <RadiatorMainType>	<MainTypeName>JAGA DECO SPACE vertical double 240/</MainTypeName>	<DimensionIndex>8</DimensionIndex>	<DimensionIndex>1</DimensionIndex>	<kvValue>1.1</kvValue>		<RadiatorSubTypeMacro From="0" To="23">	<Name>SVDW H240 L{S}/DECO SPACE VERT DOUBLE</Name>	<Power>7264.1</Power>	<Surface>0</Surface>	<Volume>55</Volume>	<Exponent>1.334</Exponent>	<EstimateCode>JAGA_SVDW0.240{S}</EstimateCode>	</RadiatorSubTypeMacro>	</RadiatorMainType>
  <RadiatorMainType>	<MainTypeName>JAGA DECO SPACE vertical double 260/</MainTypeName>	<DimensionIndex>9</DimensionIndex>	<DimensionIndex>1</DimensionIndex>	<kvValue>1.1</kvValue>		<RadiatorSubTypeMacro From="0" To="23">	<Name>SVDW H260 L{S}/DECO SPACE VERT DOUBLE</Name>	<Power>7787</Power>	<Surface>0</Surface>	<Volume>59</Volume>	<Exponent>1.334</Exponent>	<EstimateCode>JAGA_SVDW0.260{S}</EstimateCode>	</RadiatorSubTypeMacro>	</RadiatorMainType>
  <RadiatorMainType>	<MainTypeName>JAGA DECO SPACE vertical double 280/</MainTypeName>	<DimensionIndex>10</DimensionIndex>	<DimensionIndex>1</DimensionIndex>	<kvValue>1.1</kvValue>		<RadiatorSubTypeMacro From="0" To="23">	<Name>SVDW H280 L{S}/DECO SPACE VERT DOUBLE</Name>	<Power>8306.5</Power>	<Surface>0</Surface>	<Volume>63</Volume>	<Exponent>1.333</Exponent>	<EstimateCode>JAGA_SVDW0.280{S}</EstimateCode>	</RadiatorSubTypeMacro>	</RadiatorMainType>
  <RadiatorMainType>	<MainTypeName>JAGA DECO SPACE vertical double 300/</MainTypeName>	<DimensionIndex>11</DimensionIndex>	<DimensionIndex>1</DimensionIndex>	<kvValue>1.1</kvValue>		<RadiatorSubTypeMacro From="0" To="23">	<Name>SVDW H300 L{S}/DECO SPACE VERT DOUBLE</Name>	<Power>8817.4</Power>	<Surface>0</Surface>	<Volume>67</Volume>	<Exponent>1.333</Exponent>	<EstimateCode>JAGA_SVDW0.300{S}</EstimateCode>	</RadiatorSubTypeMacro>	</RadiatorMainType>
</WinWattDBRadiator>

</WinWattDB>
