<?xml version="1.0" encoding="ISO-8859-2" ?>
<WinWattDB>

<WinWattDBRadiator DTLog="Yes">
  <ItemHeader>
    <Date><Year>2004</Year><Month>7</Month><Day>31</Day></Date>
    <ItemPath>JAGA</ItemPath>
    <ItemName>JAGA DECO PANEL horisontal</ItemName>
    <HomePage></HomePage></ItemHeader>
  <DTOrigin>59.44</DTOrigin>
  <DimensionArray Type="Height" >
    <DimensionString Value="280" >028</DimensionString>
    <DimensionString Value="340" >034</DimensionString>
    <DimensionString Value="400" >040</DimensionString>
    <DimensionString Value="470" >047</DimensionString>
    <DimensionString Value="530" >053</DimensionString>
    <DimensionString Value="590" >059</DimensionString>
    <DimensionString Value="660" >066</DimensionString>
    <DimensionString Value="720" >072</DimensionString>
    <DimensionString Value="780" >078</DimensionString>
    <DimensionString Value="840" >084</DimensionString>
    <DimensionString Value="910" >091</DimensionString>
    <DimensionString Value="970" >097</DimensionString>
    <DimensionString Value="1030" >103</DimensionString>
    <DimensionString Value="1100" >110</DimensionString>
    <DimensionString Value="1160" >116</DimensionString>
    <DimensionString Value="1220" >122</DimensionString>
    <DimensionString Value="1290" >129</DimensionString>
  </DimensionArray>
  <DimensionArray Type="Width" >
    <DimensionString Value="60" >single</DimensionString>
    <DimensionString Value="100" >double</DimensionString>
  </DimensionArray>
  <DimensionArray Type="Length" >
    <DimensionString Value="1000" >100</DimensionString>
    <DimensionString Value="1200" >120</DimensionString>
    <DimensionString Value="1400" >140</DimensionString>
    <DimensionString Value="1600" >160</DimensionString>
    <DimensionString Value="1800" >180</DimensionString>
    <DimensionString Value="1920" >192</DimensionString>
    <DimensionString Value="2000" >200</DimensionString>
    <DimensionString Value="2200" >220</DimensionString>
    <DimensionString Value="2400" >240</DimensionString>
    <DimensionString Value="2600" >260</DimensionString>
    <DimensionString Value="2800" >280</DimensionString>
    <DimensionString Value="3000" >300</DimensionString>
  </DimensionArray>
  <RadiatorMainType>	<MainTypeName>JAGA DECO PANEL horisontal single 028/</MainTypeName>	<DimensionIndex>0</DimensionIndex>	<DimensionIndex>0</DimensionIndex>	<kvValue>1.1</kvValue>		<RadiatorSubTypeMacro From="0" To="11">				<Name>PHSW H028 L{S}/DECO PANEL HORZ SINGLE</Name>	<Power>345.5</Power>	<Surface>0</Surface>	<Volume>1.6</Volume>	<Exponent>1.352</Exponent>	<EstimateCode>JAGA_PHSW0.028{S}</EstimateCode>	</RadiatorSubTypeMacro>	</RadiatorMainType>
  <RadiatorMainType>	<MainTypeName>JAGA DECO PANEL horisontal single 034/</MainTypeName>	<DimensionIndex>1</DimensionIndex>	<DimensionIndex>0</DimensionIndex>	<kvValue>1.1</kvValue>		<RadiatorSubTypeMacro From="0" To="11">				<Name>PHSW H034 L{S}/DECO PANEL HORZ SINGLE</Name>	<Power>439.5</Power>	<Surface>0</Surface>	<Volume>2.1</Volume>	<Exponent>1.347</Exponent>	<EstimateCode>JAGA_PHSW0.034{S}</EstimateCode>	</RadiatorSubTypeMacro>	</RadiatorMainType>
  <RadiatorMainType>	<MainTypeName>JAGA DECO PANEL horisontal single 040/</MainTypeName>	<DimensionIndex>2</DimensionIndex>	<DimensionIndex>0</DimensionIndex>	<kvValue>1.1</kvValue>		<RadiatorSubTypeMacro From="0" To="11" PowerCorrection="1">	<Name>PHSW H040 L{S}/DECO PANEL HORZ SINGLE</Name>	<Power>533</Power>	<Surface>0</Surface>	<Volume>2.7</Volume>	<Exponent>1.343</Exponent>	<EstimateCode>JAGA_PHSW0.040{S}</EstimateCode>	</RadiatorSubTypeMacro>	</RadiatorMainType>
  <RadiatorMainType>	<MainTypeName>JAGA DECO PANEL horisontal single 047/</MainTypeName>	<DimensionIndex>3</DimensionIndex>	<DimensionIndex>0</DimensionIndex>	<kvValue>1.1</kvValue>		<RadiatorSubTypeMacro From="0" To="11">				<Name>PHSW H047 L{S}/DECO PANEL HORZ SINGLE</Name>	<Power>626.5</Power>	<Surface>0</Surface>	<Volume>3.2</Volume>	<Exponent>1.338</Exponent>	<EstimateCode>JAGA_PHSW0.047{S}</EstimateCode>	</RadiatorSubTypeMacro>	</RadiatorMainType>
  <RadiatorMainType>	<MainTypeName>JAGA DECO PANEL horisontal single 053/</MainTypeName>	<DimensionIndex>4</DimensionIndex>	<DimensionIndex>0</DimensionIndex>	<kvValue>1.1</kvValue>		<RadiatorSubTypeMacro From="0" To="11">				<Name>PHSW H053 L{S}/DECO PANEL HORZ SINGLE</Name>	<Power>718.5</Power>	<Surface>0</Surface>	<Volume>3.7</Volume>	<Exponent>1.333</Exponent>	<EstimateCode>JAGA_PHSW0.053{S}</EstimateCode>	</RadiatorSubTypeMacro>	</RadiatorMainType>
  <RadiatorMainType>	<MainTypeName>JAGA DECO PANEL horisontal single 059/</MainTypeName>	<DimensionIndex>5</DimensionIndex>	<DimensionIndex>0</DimensionIndex>	<kvValue>1.1</kvValue>		<RadiatorSubTypeMacro From="0" To="11">				<Name>PHSW H059 L{S}/DECO PANEL HORZ SINGLE</Name>	<Power>808.5</Power>	<Surface>0</Surface>	<Volume>4.2</Volume>	<Exponent>1.329</Exponent>	<EstimateCode>JAGA_PHSW0.059{S}</EstimateCode>	</RadiatorSubTypeMacro>	</RadiatorMainType>
  <RadiatorMainType>	<MainTypeName>JAGA DECO PANEL horisontal single 066/</MainTypeName>	<DimensionIndex>6</DimensionIndex>	<DimensionIndex>0</DimensionIndex>	<kvValue>1.1</kvValue>		<RadiatorSubTypeMacro From="0" To="11">				<Name>PHSW H066 L{S}/DECO PANEL HORZ SINGLE</Name>	<Power>897</Power>	<Surface>0</Surface>	<Volume>4.7</Volume>	<Exponent>1.324</Exponent>	<EstimateCode>JAGA_PHSW0.066{S}</EstimateCode>	</RadiatorSubTypeMacro>	</RadiatorMainType>
  <RadiatorMainType>	<MainTypeName>JAGA DECO PANEL horisontal single 072/</MainTypeName>	<DimensionIndex>7</DimensionIndex>	<DimensionIndex>0</DimensionIndex>	<kvValue>1.1</kvValue>		<RadiatorSubTypeMacro From="0" To="11" PowerCorrection="-1">	<Name>PHSW H072 L{S}/DECO PANEL HORZ SINGLE</Name>	<Power>984</Power>	<Surface>0</Surface>	<Volume>5.3</Volume>	<Exponent>1.319</Exponent>	<EstimateCode>JAGA_PHSW0.072{S}</EstimateCode>	</RadiatorSubTypeMacro>	</RadiatorMainType>
  <RadiatorMainType>	<MainTypeName>JAGA DECO PANEL horisontal single 078/</MainTypeName>	<DimensionIndex>8</DimensionIndex>	<DimensionIndex>0</DimensionIndex>	<kvValue>1.1</kvValue>		<RadiatorSubTypeMacro From="0" To="11" PowerCorrection="1">	<Name>PHSW H078 L{S}/DECO PANEL HORZ SINGLE</Name>	<Power>1068</Power>	<Surface>0</Surface>	<Volume>5.8</Volume>	<Exponent>1.315</Exponent>	<EstimateCode>JAGA_PHSW0.078{S}</EstimateCode>	</RadiatorSubTypeMacro>	</RadiatorMainType>
  <RadiatorMainType>	<MainTypeName>JAGA DECO PANEL horisontal single 084/</MainTypeName>	<DimensionIndex>9</DimensionIndex>	<DimensionIndex>0</DimensionIndex>	<kvValue>1.1</kvValue>		<RadiatorSubTypeMacro From="0" To="11">				<Name>PHSW H084 L{S}/DECO PANEL HORZ SINGLE</Name>	<Power>1151</Power>	<Surface>0</Surface>	<Volume>6.3</Volume>	<Exponent>1.31</Exponent>	<EstimateCode>JAGA_PHSW0.084{S}</EstimateCode>	</RadiatorSubTypeMacro>	</RadiatorMainType>
  <RadiatorMainType>	<MainTypeName>JAGA DECO PANEL horisontal single 091/</MainTypeName>	<DimensionIndex>10</DimensionIndex>	<DimensionIndex>0</DimensionIndex>	<kvValue>1.1</kvValue>		<RadiatorSubTypeMacro From="0" To="11">				<Name>PHSW H091 L{S}/DECO PANEL HORZ SINGLE</Name>	<Power>1231.5</Power>	<Surface>0</Surface>	<Volume>6.8</Volume>	<Exponent>1.306</Exponent>	<EstimateCode>JAGA_PHSW0.091{S}</EstimateCode>	</RadiatorSubTypeMacro>	</RadiatorMainType>
  <RadiatorMainType>	<MainTypeName>JAGA DECO PANEL horisontal single 097/</MainTypeName>	<DimensionIndex>11</DimensionIndex>	<DimensionIndex>0</DimensionIndex>	<kvValue>1.1</kvValue>		<RadiatorSubTypeMacro From="0" To="11" PowerCorrection="1">	<Name>PHSW H097 L{S}/DECO PANEL HORZ SINGLE</Name>	<Power>1309</Power>	<Surface>0</Surface>	<Volume>7.9</Volume>	<Exponent>1.301</Exponent>	<EstimateCode>JAGA_PHSW0.097{S}</EstimateCode>	</RadiatorSubTypeMacro>	</RadiatorMainType>
  <RadiatorMainType>	<MainTypeName>JAGA DECO PANEL horisontal single 103/</MainTypeName>	<DimensionIndex>12</DimensionIndex>	<DimensionIndex>0</DimensionIndex>	<kvValue>1.1</kvValue>		<RadiatorSubTypeMacro From="0" To="11">				<Name>PHSW H103 L{S}/DECO PANEL HORZ SINGLE</Name>	<Power>1385.5</Power>	<Surface>0</Surface>	<Volume>8.4</Volume>	<Exponent>1.296</Exponent>	<EstimateCode>JAGA_PHSW0.103{S}</EstimateCode>	</RadiatorSubTypeMacro>	</RadiatorMainType>
  <RadiatorMainType>	<MainTypeName>JAGA DECO PANEL horisontal single 110/</MainTypeName>	<DimensionIndex>13</DimensionIndex>	<DimensionIndex>0</DimensionIndex>	<kvValue>1.1</kvValue>		<RadiatorSubTypeMacro From="0" To="11" PowerCorrection="-1.5">	<Name>PHSW H110 L{S}/DECO PANEL HORZ SINGLE</Name>	<Power>1459.5</Power>	<Surface>0</Surface>	<Volume>8.9</Volume>	<Exponent>1.292</Exponent>	<EstimateCode>JAGA_PHSW0.110{S}</EstimateCode>	</RadiatorSubTypeMacro>	</RadiatorMainType>
  <RadiatorMainType>	<MainTypeName>JAGA DECO PANEL horisontal single 116/</MainTypeName>	<DimensionIndex>14</DimensionIndex>	<DimensionIndex>0</DimensionIndex>	<kvValue>1.1</kvValue>		<RadiatorSubTypeMacro From="0" To="11">				<Name>PHSW H116 L{S}/DECO PANEL HORZ SINGLE</Name>	<Power>1529</Power>	<Surface>0</Surface>	<Volume>9.4</Volume>	<Exponent>1.287</Exponent>	<EstimateCode>JAGA_PHSW0.116{S}</EstimateCode>	</RadiatorSubTypeMacro>	</RadiatorMainType>
  <RadiatorMainType>	<MainTypeName>JAGA DECO PANEL horisontal single 122/</MainTypeName>	<DimensionIndex>15</DimensionIndex>	<DimensionIndex>0</DimensionIndex>	<kvValue>1.1</kvValue>		<RadiatorSubTypeMacro From="0" To="11">				<Name>PHSW H122 L{S}/DECO PANEL HORZ SINGLE</Name>	<Power>1597.5</Power>	<Surface>0</Surface>	<Volume>9.9</Volume>	<Exponent>1.282</Exponent>	<EstimateCode>JAGA_PHSW0.122{S}</EstimateCode>	</RadiatorSubTypeMacro>	</RadiatorMainType>
  <RadiatorMainType>	<MainTypeName>JAGA DECO PANEL horisontal single 129/</MainTypeName>	<DimensionIndex>16</DimensionIndex>	<DimensionIndex>0</DimensionIndex>	<kvValue>1.1</kvValue>		<RadiatorSubTypeMacro From="0" To="11">				<Name>PHSW H129 L{S}/DECO PANEL HORZ SINGLE</Name>	<Power>1664.5</Power>	<Surface>0</Surface>	<Volume>10.4</Volume>	<Exponent>1.278</Exponent>	<EstimateCode>JAGA_PHSW0.129{S}</EstimateCode>	</RadiatorSubTypeMacro>	</RadiatorMainType>
  <RadiatorMainType>	<MainTypeName>JAGA DECO PANEL horisontal single 028/</MainTypeName>	<DimensionIndex>0</DimensionIndex>	<DimensionIndex>1</DimensionIndex>	<kvValue>1.1</kvValue>		<RadiatorSubTypeMacro From="0" To="11">				<Name>PHDW H028 L{S}/DECO PANEL HORZ DOUBLE</Name>	<Power>667.5</Power>	<Surface>0</Surface>	<Volume>1.6</Volume>	<Exponent>1.303</Exponent>	<EstimateCode>JAGA_PHDW0.028{S}</EstimateCode>	</RadiatorSubTypeMacro>	</RadiatorMainType>
  <RadiatorMainType>	<MainTypeName>JAGA DECO PANEL horisontal double 034/</MainTypeName>	<DimensionIndex>1</DimensionIndex>	<DimensionIndex>1</DimensionIndex>	<kvValue>1.1</kvValue>		<RadiatorSubTypeMacro From="0" To="11" PowerCorrection="1">	<Name>PHDW H034 L{S}/DECO PANEL HORZ DOUBLE</Name>	<Power>816</Power>	<Surface>0</Surface>	<Volume>2.1</Volume>	<Exponent>1.301</Exponent>	<EstimateCode>JAGA_PHDW0.034{S}</EstimateCode>	</RadiatorSubTypeMacro>	</RadiatorMainType>
  <RadiatorMainType>	<MainTypeName>JAGA DECO PANEL horisontal double 040/</MainTypeName>	<DimensionIndex>2</DimensionIndex>	<DimensionIndex>1</DimensionIndex>	<kvValue>1.1</kvValue>		<RadiatorSubTypeMacro From="0" To="11" PowerCorrection="-1">	<Name>PHDW H040 L{S}/DECO PANEL HORZ DOUBLE</Name>	<Power>960</Power>	<Surface>0</Surface>	<Volume>2.7</Volume>	<Exponent>1.3</Exponent>	<EstimateCode>JAGA_PHDW0.040{S}</EstimateCode>	</RadiatorSubTypeMacro>	</RadiatorMainType>
  <RadiatorMainType>	<MainTypeName>JAGA DECO PANEL horisontal double 047/</MainTypeName>	<DimensionIndex>3</DimensionIndex>	<DimensionIndex>1</DimensionIndex>	<kvValue>1.1</kvValue>		<RadiatorSubTypeMacro From="0" To="11">				<Name>PHDW H047 L{S}/DECO PANEL HORZ DOUBLE</Name>	<Power>1100.5</Power>	<Surface>0</Surface>	<Volume>3.2</Volume>	<Exponent>1.299</Exponent>	<EstimateCode>JAGA_PHDW0.047{S}</EstimateCode>	</RadiatorSubTypeMacro>	</RadiatorMainType>
  <RadiatorMainType>	<MainTypeName>JAGA DECO PANEL horisontal double 053/</MainTypeName>	<DimensionIndex>4</DimensionIndex>	<DimensionIndex>1</DimensionIndex>	<kvValue>1.1</kvValue>		<RadiatorSubTypeMacro From="0" To="11">				<Name>PHDW H053 L{S}/DECO PANEL HORZ DOUBLE</Name>	<Power>1238.5</Power>	<Surface>0</Surface>	<Volume>3.7</Volume>	<Exponent>1.297</Exponent>	<EstimateCode>JAGA_PHDW0.053{S}</EstimateCode>	</RadiatorSubTypeMacro>	</RadiatorMainType>
  <RadiatorMainType>	<MainTypeName>JAGA DECO PANEL horisontal double 059/</MainTypeName>	<DimensionIndex>5</DimensionIndex>	<DimensionIndex>1</DimensionIndex>	<kvValue>1.1</kvValue>		<RadiatorSubTypeMacro From="0" To="11">				<Name>PHDW H059 L{S}/DECO PANEL HORZ DOUBLE</Name>	<Power>1373.5</Power>	<Surface>0</Surface>	<Volume>4.2</Volume>	<Exponent>1.296</Exponent>	<EstimateCode>JAGA_PHDW0.059{S}</EstimateCode>	</RadiatorSubTypeMacro>	</RadiatorMainType>
  <RadiatorMainType>	<MainTypeName>JAGA DECO PANEL horisontal double 066/</MainTypeName>	<DimensionIndex>6</DimensionIndex>	<DimensionIndex>1</DimensionIndex>	<kvValue>1.1</kvValue>		<RadiatorSubTypeMacro From="0" To="11">				<Name>PHDW H066 L{S}/DECO PANEL HORZ DOUBLE</Name>	<Power>1505</Power>	<Surface>0</Surface>	<Volume>4.7</Volume>	<Exponent>1.295</Exponent>	<EstimateCode>JAGA_PHDW0.066{S}</EstimateCode>	</RadiatorSubTypeMacro>	</RadiatorMainType>
  <RadiatorMainType>	<MainTypeName>JAGA DECO PANEL horisontal double 072/</MainTypeName>	<DimensionIndex>7</DimensionIndex>	<DimensionIndex>1</DimensionIndex>	<kvValue>1.1</kvValue>		<RadiatorSubTypeMacro From="0" To="11">				<Name>PHDW H072 L{S}/DECO PANEL HORZ DOUBLE</Name>	<Power>1634.5</Power>	<Surface>0</Surface>	<Volume>5.3</Volume>	<Exponent>1.293</Exponent>	<EstimateCode>JAGA_PHDW0.072{S}</EstimateCode>	</RadiatorSubTypeMacro>	</RadiatorMainType>
  <RadiatorMainType>	<MainTypeName>JAGA DECO PANEL horisontal double 078/</MainTypeName>	<DimensionIndex>8</DimensionIndex>	<DimensionIndex>1</DimensionIndex>	<kvValue>1.1</kvValue>		<RadiatorSubTypeMacro From="0" To="11">				<Name>PHDW H078 L{S}/DECO PANEL HORZ DOUBLE</Name>	<Power>1762</Power>	<Surface>0</Surface>	<Volume>5.8</Volume>	<Exponent>1.292</Exponent>	<EstimateCode>JAGA_PHDW0.078{S}</EstimateCode>	</RadiatorSubTypeMacro>	</RadiatorMainType>
  <RadiatorMainType>	<MainTypeName>JAGA DECO PANEL horisontal double 084/</MainTypeName>	<DimensionIndex>9</DimensionIndex>	<DimensionIndex>1</DimensionIndex>	<kvValue>1.1</kvValue>		<RadiatorSubTypeMacro From="0" To="11">				<Name>PHDW H084 L{S}/DECO PANEL HORZ DOUBLE</Name>	<Power>1885.5</Power>	<Surface>0</Surface>	<Volume>6.3</Volume>	<Exponent>1.291</Exponent>	<EstimateCode>JAGA_PHDW0.084{S}</EstimateCode>	</RadiatorSubTypeMacro>	</RadiatorMainType>
  <RadiatorMainType>	<MainTypeName>JAGA DECO PANEL horisontal double 091/</MainTypeName>	<DimensionIndex>10</DimensionIndex>	<DimensionIndex>1</DimensionIndex>	<kvValue>1.1</kvValue>		<RadiatorSubTypeMacro From="0" To="11" PowerCorrection="1">	<Name>PHDW H091 L{S}/DECO PANEL HORZ DOUBLE</Name>	<Power>2008</Power>	<Surface>0</Surface>	<Volume>6.8</Volume>	<Exponent>1.289</Exponent>	<EstimateCode>JAGA_PHDW0.091{S}</EstimateCode>	</RadiatorSubTypeMacro>	</RadiatorMainType>
  <RadiatorMainType>	<MainTypeName>JAGA DECO PANEL horisontal double 097/</MainTypeName>	<DimensionIndex>11</DimensionIndex>	<DimensionIndex>1</DimensionIndex>	<kvValue>1.1</kvValue>		<RadiatorSubTypeMacro From="0" To="11">				<Name>PHDW H097 L{S}/DECO PANEL HORZ DOUBLE</Name>	<Power>2129</Power>	<Surface>0</Surface>	<Volume>7.9</Volume>	<Exponent>1.288</Exponent>	<EstimateCode>JAGA_PHDW0.097{S}</EstimateCode>	</RadiatorSubTypeMacro>	</RadiatorMainType>
  <RadiatorMainType>	<MainTypeName>JAGA DECO PANEL horisontal double 103/</MainTypeName>	<DimensionIndex>12</DimensionIndex>	<DimensionIndex>1</DimensionIndex>	<kvValue>1.1</kvValue>		<RadiatorSubTypeMacro From="0" To="11">				<Name>PHDW H103 L{S}/DECO PANEL HORZ DOUBLE</Name>	<Power>2246</Power>	<Surface>0</Surface>	<Volume>8.4</Volume>	<Exponent>1.287</Exponent>	<EstimateCode>JAGA_PHDW0.103{S}</EstimateCode>	</RadiatorSubTypeMacro>	</RadiatorMainType>
  <RadiatorMainType>	<MainTypeName>JAGA DECO PANEL horisontal double 110/</MainTypeName>	<DimensionIndex>13</DimensionIndex>	<DimensionIndex>1</DimensionIndex>	<kvValue>1.1</kvValue>		<RadiatorSubTypeMacro From="0" To="11" PowerCorrection="-1.5">	<Name>PHDW H110 L{S}/DECO PANEL HORZ DOUBLE</Name>	<Power>2363.5</Power>	<Surface>0</Surface>	<Volume>8.9</Volume>	<Exponent>1.285</Exponent>	<EstimateCode>JAGA_PHDW0.110{S}</EstimateCode>	</RadiatorSubTypeMacro>	</RadiatorMainType>
  <RadiatorMainType>	<MainTypeName>JAGA DECO PANEL horisontal double 116/</MainTypeName>	<DimensionIndex>14</DimensionIndex>	<DimensionIndex>1</DimensionIndex>	<kvValue>1.1</kvValue>		<RadiatorSubTypeMacro From="0" To="11" PowerCorrection="-1.5">	<Name>PHDW H116 L{S}/DECO PANEL HORZ DOUBLE</Name>	<Power>2478.5</Power>	<Surface>0</Surface>	<Volume>9.4</Volume>	<Exponent>1.284</Exponent>	<EstimateCode>JAGA_PHDW0.116{S}</EstimateCode>	</RadiatorSubTypeMacro>	</RadiatorMainType>
  <RadiatorMainType>	<MainTypeName>JAGA DECO PANEL horisontal double 122/</MainTypeName>	<DimensionIndex>15</DimensionIndex>	<DimensionIndex>1</DimensionIndex>	<kvValue>1.1</kvValue>		<RadiatorSubTypeMacro From="0" To="11">				<Name>PHDW H122 L{S}/DECO PANEL HORZ DOUBLE</Name>	<Power>2591.5</Power>	<Surface>0</Surface>	<Volume>9.9</Volume>	<Exponent>1.283</Exponent>	<EstimateCode>JAGA_PHDW0.122{S}</EstimateCode>	</RadiatorSubTypeMacro>	</RadiatorMainType>
  <RadiatorMainType>	<MainTypeName>JAGA DECO PANEL horisontal double 129/</MainTypeName>	<DimensionIndex>16</DimensionIndex>	<DimensionIndex>1</DimensionIndex>	<kvValue>1.1</kvValue>		<RadiatorSubTypeMacro From="0" To="11">				<Name>PHDW H129 L{S}/DECO PANEL HORZ DOUBLE</Name>	<Power>2700.5</Power>	<Surface>0</Surface>	<Volume>10.4</Volume>	<Exponent>1.281</Exponent>	<EstimateCode>JAGA_PHDW0.129{S}</EstimateCode>	</RadiatorSubTypeMacro>	</RadiatorMainType>
</WinWattDBRadiator>

</WinWattDB>
