<?xml version="1.0" encoding="ISO-8859-2" ?>
<WinWattDB>

<WinWattDBGlobalMacro>
	<Macro ID="$fal1" Language="hun">fali</Macro>
	<Macro ID="$fal1" Language="sky">fali</Macro>
	<Macro ID="$fal1" Language="rom">de perete</Macro>
</WinWattDBGlobalMacro>

<WinWattDBRadiator DTLog="Yes">
  <ItemHeader>
    <Date><Year>2004</Year><Month>8</Month><Day>4</Day></Date>
    <ItemPath>JAGA</ItemPath>
    <ItemName>JAGA LINEA PLUS $fal1</ItemName>
    <HomePage></HomePage></ItemHeader>
  <DTOrigin>59.44</DTOrigin>
  <DimensionArray Type="Height" >
    <DimensionString Value="200" >020</DimensionString>
    <DimensionString Value="350" >035</DimensionString>
    <DimensionString Value="500" >050</DimensionString>
    <DimensionString Value="650" >065</DimensionString>
    <DimensionString Value="950" >095</DimensionString>
  </DimensionArray>
  <DimensionArray Type="Width" >
    <DimensionString Value="118" >10</DimensionString>
    <DimensionString Value="118" >11</DimensionString>
    <DimensionString Value="168" >15</DimensionString>
    <DimensionString Value="168" >16</DimensionString>
    <DimensionString Value="218" >20</DimensionString>
    <DimensionString Value="218" >21</DimensionString>
  </DimensionArray>
  <DimensionArray Type="Length" >
    <DimensionString Value="500" >050</DimensionString>
    <DimensionString Value="600" >060</DimensionString>
    <DimensionString Value="700" >070</DimensionString>
    <DimensionString Value="800" >080</DimensionString>
    <DimensionString Value="900" >090</DimensionString>
    <DimensionString Value="1000" >100</DimensionString>
    <DimensionString Value="1100" >110</DimensionString>
    <DimensionString Value="1200" >120</DimensionString>
    <DimensionString Value="1400" >140</DimensionString>
    <DimensionString Value="1600" >160</DimensionString>
    <DimensionString Value="1800" >180</DimensionString>
    <DimensionString Value="2000" >200</DimensionString>
    <DimensionString Value="2200" >220</DimensionString>
    <DimensionString Value="2400" >240</DimensionString>
    <DimensionString Value="2600" >260</DimensionString>
    <DimensionString Value="2800" >280</DimensionString>
  </DimensionArray>
  <RadiatorMainType>	<MainTypeName>JAGA LINEA PLUS $fal1 10 H020/</MainTypeName>	<DimensionIndex>0</DimensionIndex>	<DimensionIndex>0</DimensionIndex>	<kvValue>4</kvValue>		<RadiatorSubTypeMacro From="0" To="15">				<Name>LINW H20 L{S} T10/LINEA PLUS $fal1</Name>	<Power>737.39</Power>	<Surface>0</Surface>	<Volume>0.65</Volume>	<Exponent>1.436</Exponent>	<EstimateCode>JAGA_LINW0.020{S}10</EstimateCode>	</RadiatorSubTypeMacro>	</RadiatorMainType>
  <RadiatorMainType>	<MainTypeName>JAGA LINEA PLUS $fal1 10 H035/</MainTypeName>	<DimensionIndex>1</DimensionIndex>	<DimensionIndex>0</DimensionIndex>	<kvValue>4</kvValue>		<RadiatorSubTypeMacro From="0" To="15">				<Name>LINW H35 L{S} T10/LINEA PLUS $fal1</Name>	<Power>1016.1</Power>	<Surface>0</Surface>	<Volume>0.65</Volume>	<Exponent>1.419</Exponent>	<EstimateCode>JAGA_LINW0.035{S}10</EstimateCode>	</RadiatorSubTypeMacro>	</RadiatorMainType>
  <RadiatorMainType>	<MainTypeName>JAGA LINEA PLUS $fal1 10 H050/</MainTypeName>	<DimensionIndex>2</DimensionIndex>	<DimensionIndex>0</DimensionIndex>	<kvValue>4</kvValue>		<RadiatorSubTypeMacro From="0" To="15">				<Name>LINW H50 L{S} T10/LINEA PLUS $fal1</Name>	<Power>1244.3</Power>	<Surface>0</Surface>	<Volume>0.65</Volume>	<Exponent>1.402</Exponent>	<EstimateCode>JAGA_LINW0.050{S}10</EstimateCode>	</RadiatorSubTypeMacro>	</RadiatorMainType>
  <RadiatorMainType>	<MainTypeName>JAGA LINEA PLUS $fal1 10 H065/</MainTypeName>	<DimensionIndex>3</DimensionIndex>	<DimensionIndex>0</DimensionIndex>	<kvValue>4</kvValue>		<RadiatorSubTypeMacro From="0" To="15">				<Name>LINW H65 L{S} T10/LINEA PLUS $fal1</Name>	<Power>1442.6</Power>	<Surface>0</Surface>	<Volume>0.65</Volume>	<Exponent>1.385</Exponent>	<EstimateCode>JAGA_LINW0.065{S}10</EstimateCode>	</RadiatorSubTypeMacro>	</RadiatorMainType>
  <RadiatorMainType>	<MainTypeName>JAGA LINEA PLUS $fal1 10 H095/</MainTypeName>	<DimensionIndex>4</DimensionIndex>	<DimensionIndex>0</DimensionIndex>	<kvValue>4</kvValue>		<RadiatorSubTypeMacro From="1" To="8" PowerCorrection="1.75">	<Name>LINW H95 L{S} T10/LINEA PLUS $fal1</Name>	<Power>1783.8</Power>	<Surface>0</Surface>	<Volume>0.65</Volume>	<Exponent>1.35</Exponent>	<EstimateCode>JAGA_LINW0.095{S}10</EstimateCode>	</RadiatorSubTypeMacro>	</RadiatorMainType>
  <RadiatorMainType>	<MainTypeName>JAGA LINEA PLUS $fal1 11 H035/</MainTypeName>	<DimensionIndex>1</DimensionIndex>	<DimensionIndex>1</DimensionIndex>	<kvValue>3</kvValue>		<RadiatorSubTypeMacro From="0" To="15">				<Name>LINW H35 L{S} T11/LINEA PLUS $fal1</Name>	<Power>1433</Power>	<Surface>0</Surface>	<Volume>1.33</Volume>	<Exponent>1.46</Exponent>	<EstimateCode>JAGA_LINW0.035{S}11</EstimateCode>	</RadiatorSubTypeMacro>	</RadiatorMainType>
  <RadiatorMainType>	<MainTypeName>JAGA LINEA PLUS $fal1 11 H050/</MainTypeName>	<DimensionIndex>2</DimensionIndex>	<DimensionIndex>1</DimensionIndex>	<kvValue>3</kvValue>		<RadiatorSubTypeMacro From="0" To="15">				<Name>LINW H50 L{S} T11/LINEA PLUS $fal1</Name>	<Power>1706.5</Power>	<Surface>0</Surface>	<Volume>1.33</Volume>	<Exponent>1.455</Exponent>	<EstimateCode>JAGA_LINW0.050{S}11</EstimateCode>	</RadiatorSubTypeMacro>	</RadiatorMainType>
  <RadiatorMainType>	<MainTypeName>JAGA LINEA PLUS $fal1 11 H065/</MainTypeName>	<DimensionIndex>3</DimensionIndex>	<DimensionIndex>1</DimensionIndex>	<kvValue>3</kvValue>		<RadiatorSubTypeMacro From="0" To="15" PowerCorrection="1.13">	<Name>LINW H65 L{S} T11/LINEA PLUS $fal1</Name>	<Power>1931.7</Power>	<Surface>0</Surface>	<Volume>1.33</Volume>	<Exponent>1.45</Exponent>	<EstimateCode>JAGA_LINW0.065{S}11</EstimateCode>	</RadiatorSubTypeMacro>	</RadiatorMainType>
  <RadiatorMainType>	<MainTypeName>JAGA LINEA PLUS $fal1 11 H095/</MainTypeName>	<DimensionIndex>4</DimensionIndex>	<DimensionIndex>1</DimensionIndex>	<kvValue>3</kvValue>		<RadiatorSubTypeMacro From="1" To="8" PowerCorrection="1.75">	<Name>LINW H95 L{S} T11/LINEA PLUS $fal1</Name>	<Power>2283.8</Power>	<Surface>0</Surface>	<Volume>1.33</Volume>	<Exponent>1.441</Exponent>	<EstimateCode>JAGA_LINW0.095{S}11</EstimateCode>	</RadiatorSubTypeMacro>	</RadiatorMainType>
  <RadiatorMainType>	<MainTypeName>JAGA LINEA PLUS $fal1 15 H020/</MainTypeName>	<DimensionIndex>0</DimensionIndex>	<DimensionIndex>2</DimensionIndex>	<kvValue>4</kvValue>		<RadiatorSubTypeMacro From="0" To="15">				<Name>LINW H20 L{S} T15/LINEA PLUS $fal1</Name>	<Power>1344.8</Power>	<Surface>0</Surface>	<Volume>0.98</Volume>	<Exponent>1.424</Exponent>	<EstimateCode>JAGA_LINW0.020{S}15</EstimateCode>	</RadiatorSubTypeMacro>	</RadiatorMainType>
  <RadiatorMainType>	<MainTypeName>JAGA LINEA PLUS $fal1 15 H035/</MainTypeName>	<DimensionIndex>1</DimensionIndex>	<DimensionIndex>2</DimensionIndex>	<kvValue>4</kvValue>		<RadiatorSubTypeMacro From="0" To="15">				<Name>LINW H35 L{S} T15/LINEA PLUS $fal1</Name>	<Power>1699.1</Power>	<Surface>0</Surface>	<Volume>0.98</Volume>	<Exponent>1.398</Exponent>	<EstimateCode>JAGA_LINW0.035{S}15</EstimateCode>	</RadiatorSubTypeMacro>	</RadiatorMainType>
  <RadiatorMainType>	<MainTypeName>JAGA LINEA PLUS $fal1 15 H050/</MainTypeName>	<DimensionIndex>2</DimensionIndex>	<DimensionIndex>2</DimensionIndex>	<kvValue>4</kvValue>		<RadiatorSubTypeMacro From="0" To="15" PowerCorrection="1.087">	<Name>LINW H50 L{S} T15/LINEA PLUS $fal1</Name>	<Power>1967.8</Power>	<Surface>0</Surface>	<Volume>0.98</Volume>	<Exponent>1.372</Exponent>	<EstimateCode>JAGA_LINW0.050{S}15</EstimateCode>	</RadiatorSubTypeMacro>	</RadiatorMainType>
  <RadiatorMainType>	<MainTypeName>JAGA LINEA PLUS $fal1 15 H065/</MainTypeName>	<DimensionIndex>3</DimensionIndex>	<DimensionIndex>2</DimensionIndex>	<kvValue>4</kvValue>		<RadiatorSubTypeMacro From="0" To="15" PowerCorrection="1.348">	<Name>LINW H65 L{S} T15/LINEA PLUS $fal1</Name>	<Power>2191.3</Power>	<Surface>0</Surface>	<Volume>0.98</Volume>	<Exponent>1.345</Exponent>	<EstimateCode>JAGA_LINW0.065{S}15</EstimateCode>	</RadiatorSubTypeMacro>	</RadiatorMainType>
  <RadiatorMainType>	<MainTypeName>JAGA LINEA PLUS $fal1 15 H095/</MainTypeName>	<DimensionIndex>4</DimensionIndex>	<DimensionIndex>2</DimensionIndex>	<kvValue>4</kvValue>		<RadiatorSubTypeMacro From="1" To="8" PowerCorrection="1.25">	<Name>LINW H95 L{S} T15/LINEA PLUS $fal1</Name>	<Power>2551.3</Power>	<Surface>0</Surface>	<Volume>0.98</Volume>	<Exponent>1.293</Exponent>	<EstimateCode>JAGA_LINW0.095{S}15</EstimateCode>	</RadiatorSubTypeMacro>	</RadiatorMainType>
  <RadiatorMainType>	<MainTypeName>JAGA LINEA PLUS $fal1 16 H035/</MainTypeName>	<DimensionIndex>1</DimensionIndex>	<DimensionIndex>3</DimensionIndex>	<kvValue>2.5</kvValue>		<RadiatorSubTypeMacro From="0" To="15" PowerCorrection="1.13">	<Name>LINW H35 L{S} T16/LINEA PLUS $fal1</Name>	<Power>2121.7</Power>	<Surface>0</Surface>	<Volume>1.98</Volume>	<Exponent>1.465</Exponent>	<EstimateCode>JAGA_LINW0.035{S}16</EstimateCode>	</RadiatorSubTypeMacro>	</RadiatorMainType>
  <RadiatorMainType>	<MainTypeName>JAGA LINEA PLUS $fal1 16 H050/</MainTypeName>	<DimensionIndex>2</DimensionIndex>	<DimensionIndex>3</DimensionIndex>	<kvValue>2.5</kvValue>		<RadiatorSubTypeMacro From="0" To="15" PowerCorrection="1.087">	<Name>LINW H50 L{S} T16/LINEA PLUS $fal1</Name>	<Power>2547.8</Power>	<Surface>0</Surface>	<Volume>1.98</Volume>	<Exponent>1.463</Exponent>	<EstimateCode>JAGA_LINW0.050{S}16</EstimateCode>	</RadiatorSubTypeMacro>	</RadiatorMainType>
  <RadiatorMainType>	<MainTypeName>JAGA LINEA PLUS $fal1 16 H065/</MainTypeName>	<DimensionIndex>3</DimensionIndex>	<DimensionIndex>3</DimensionIndex>	<kvValue>2.5</kvValue>		<RadiatorSubTypeMacro From="0" To="15">				<Name>LINW H65 L{S} T16/LINEA PLUS $fal1</Name>	<Power>2906.1</Power>	<Surface>0</Surface>	<Volume>1.98</Volume>	<Exponent>1.46</Exponent>	<EstimateCode>JAGA_LINW0.065{S}16</EstimateCode>	</RadiatorSubTypeMacro>	</RadiatorMainType>
  <RadiatorMainType>	<MainTypeName>JAGA LINEA PLUS $fal1 16 H095/</MainTypeName>	<DimensionIndex>4</DimensionIndex>	<DimensionIndex>3</DimensionIndex>	<kvValue>2.5</kvValue>		<RadiatorSubTypeMacro From="1" To="8">				<Name>LINW H95 L{S} T16/LINEA PLUS $fal1</Name>	<Power>3495</Power>	<Surface>0</Surface>	<Volume>1.98</Volume>	<Exponent>1.455</Exponent>	<EstimateCode>JAGA_LINW0.095{S}16</EstimateCode>	</RadiatorSubTypeMacro>	</RadiatorMainType>
  <RadiatorMainType>	<MainTypeName>JAGA LINEA PLUS $fal1 20 H020/</MainTypeName>	<DimensionIndex>0</DimensionIndex>	<DimensionIndex>4</DimensionIndex>	<kvValue>4.5</kvValue>		<RadiatorSubTypeMacro From="0" To="15">				<Name>LINW H20 L{S} T20/LINEA PLUS $fal1</Name>	<Power>1807.8</Power>	<Surface>0</Surface>	<Volume>1.32</Volume>	<Exponent>1.425</Exponent>	<EstimateCode>JAGA_LINW0.020{S}20</EstimateCode>	</RadiatorSubTypeMacro>	</RadiatorMainType>
  <RadiatorMainType>	<MainTypeName>JAGA LINEA PLUS $fal1 20 H035/</MainTypeName>	<DimensionIndex>1</DimensionIndex>	<DimensionIndex>4</DimensionIndex>	<kvValue>4.5</kvValue>		<RadiatorSubTypeMacro From="0" To="15">				<Name>LINW H35 L{S} T20/LINEA PLUS $fal1</Name>	<Power>2325.2</Power>	<Surface>0</Surface>	<Volume>1.32</Volume>	<Exponent>1.399</Exponent>	<EstimateCode>JAGA_LINW0.035{S}20</EstimateCode>	</RadiatorSubTypeMacro>	</RadiatorMainType>
  <RadiatorMainType>	<MainTypeName>JAGA LINEA PLUS $fal1 20 H050/</MainTypeName>	<DimensionIndex>2</DimensionIndex>	<DimensionIndex>4</DimensionIndex>	<kvValue>4.5</kvValue>		<RadiatorSubTypeMacro From="0" To="15">				<Name>LINW H50 L{S} T20/LINEA PLUS $fal1</Name>	<Power>2722.2</Power>	<Surface>0</Surface>	<Volume>1.32</Volume>	<Exponent>1.373</Exponent>	<EstimateCode>JAGA_LINW0.050{S}20</EstimateCode>	</RadiatorSubTypeMacro>	</RadiatorMainType>
  <RadiatorMainType>	<MainTypeName>JAGA LINEA PLUS $fal1 20 H065/</MainTypeName>	<DimensionIndex>3</DimensionIndex>	<DimensionIndex>4</DimensionIndex>	<kvValue>4.5</kvValue>		<RadiatorSubTypeMacro From="0" To="15" PowerCorrection="1.087">	<Name>LINW H65 L{S} T20/LINEA PLUS $fal1</Name>	<Power>3057.8</Power>	<Surface>0</Surface>	<Volume>1.32</Volume>	<Exponent>1.348</Exponent>	<EstimateCode>JAGA_LINW0.065{S}20</EstimateCode>	</RadiatorSubTypeMacro>	</RadiatorMainType>
  <RadiatorMainType>	<MainTypeName>JAGA LINEA PLUS $fal1 20 H095/</MainTypeName>	<DimensionIndex>4</DimensionIndex>	<DimensionIndex>4</DimensionIndex>	<kvValue>4.5</kvValue>		<RadiatorSubTypeMacro From="1" To="8">				<Name>LINW H95 L{S} T20/LINEA PLUS $fal1</Name>	<Power>3603.8</Power>	<Surface>0</Surface>	<Volume>1.32</Volume>	<Exponent>1.296</Exponent>	<EstimateCode>JAGA_LINW0.095{S}20</EstimateCode>	</RadiatorSubTypeMacro>	</RadiatorMainType>
  <RadiatorMainType>	<MainTypeName>JAGA LINEA PLUS $fal1 21 H035/</MainTypeName>	<DimensionIndex>1</DimensionIndex>	<DimensionIndex>5</DimensionIndex>	<kvValue>4</kvValue>		<RadiatorSubTypeMacro From="0" To="15">				<Name>LINW H35 L{S} T21/LINEA PLUS $fal1</Name>	<Power>2722.2</Power>	<Surface>0</Surface>	<Volume>2.66</Volume>	<Exponent>1.481</Exponent>	<EstimateCode>JAGA_LINW0.035{S}21</EstimateCode>	</RadiatorSubTypeMacro>	</RadiatorMainType>
  <RadiatorMainType>	<MainTypeName>JAGA LINEA PLUS $fal1 21 H050/</MainTypeName>	<DimensionIndex>2</DimensionIndex>	<DimensionIndex>5</DimensionIndex>	<kvValue>4</kvValue>		<RadiatorSubTypeMacro From="0" To="15">				<Name>LINW H50 L{S} T21/LINEA PLUS $fal1</Name>	<Power>3361.3</Power>	<Surface>0</Surface>	<Volume>2.66</Volume>	<Exponent>1.486</Exponent>	<EstimateCode>JAGA_LINW0.050{S}21</EstimateCode>	</RadiatorSubTypeMacro>	</RadiatorMainType>
  <RadiatorMainType>	<MainTypeName>JAGA LINEA PLUS $fal1 21 H065/</MainTypeName>	<DimensionIndex>3</DimensionIndex>	<DimensionIndex>5</DimensionIndex>	<kvValue>4</kvValue>		<RadiatorSubTypeMacro From="0" To="15">				<Name>LINW H65 L{S} T21/LINEA PLUS $fal1</Name>	<Power>3942.2</Power>	<Surface>0</Surface>	<Volume>2.66</Volume>	<Exponent>1.49</Exponent>	<EstimateCode>JAGA_LINW0.065{S}21</EstimateCode>	</RadiatorSubTypeMacro>	</RadiatorMainType>
  <RadiatorMainType>	<MainTypeName>JAGA LINEA PLUS $fal1 21 H095/</MainTypeName>	<DimensionIndex>4</DimensionIndex>	<DimensionIndex>5</DimensionIndex>	<kvValue>4</kvValue>		<RadiatorSubTypeMacro From="1" To="8" PowerCorrection="1.5">	<Name>LINW H95 L{S} T21/LINEA PLUS $fal1</Name>	<Power>5012.5</Power>	<Surface>0</Surface>	<Volume>2.66</Volume>	<Exponent>1.499</Exponent>	<EstimateCode>JAGA_LINW0.095{S}21</EstimateCode>	</RadiatorSubTypeMacro>	</RadiatorMainType>
</WinWattDBRadiator>

</WinWattDB>
