<?xml version="1.0" encoding="ISO-8859-2" ?>
<WinWattDB>

<WinWattDBRadiator DTLog="Yes">
  <ItemHeader>
    <Date><Year>2004</Year><Month>8</Month><Day>4</Day></Date>
    <ItemPath>JAGA</ItemPath>
    <ItemName>JAGA MAXI WT</ItemName>
    <HomePage></HomePage></ItemHeader>
  <DTOrigin>59.44</DTOrigin>
  <DimensionArray Type="Height" >
    <DimensionString Value="440" >044</DimensionString>
    <DimensionString Value="590" >059</DimensionString>
    <DimensionString Value="740" >074</DimensionString>
  </DimensionArray>
  <DimensionArray Type="Width" >
    <DimensionString Value="130" >10</DimensionString>
    <DimensionString Value="130" >11</DimensionString>
    <DimensionString Value="180" >15</DimensionString>
    <DimensionString Value="180" >16</DimensionString>
    <DimensionString Value="230" >20</DimensionString>
    <DimensionString Value="230" >21</DimensionString>
  </DimensionArray>
  <DimensionArray Type="Length" >
    <DimensionString Value="630" >063</DimensionString>
    <DimensionString Value="830" >083</DimensionString>
    <DimensionString Value="1030" >103</DimensionString>
    <DimensionString Value="1230" >123</DimensionString>
    <DimensionString Value="1430" >143</DimensionString>
    <DimensionString Value="1630" >163</DimensionString>
    <DimensionString Value="1830" >183</DimensionString>
    <DimensionString Value="2030" >203</DimensionString>
  </DimensionArray>
  <RadiatorMainType>	<MainTypeName>JAGA MAXI WT 10 H044/</MainTypeName>	<DimensionIndex>0</DimensionIndex>	<DimensionIndex>0</DimensionIndex>	<kvValue>4</kvValue>		<RadiatorSubTypeMacro From="0" To="7" PowerCorrection="-1.15">	<Name>MAXW H44 L{S} T10/MAXI MODEL WT</Name>	<Power>1305</Power>	<Surface>0</Surface>	<Volume>0.65</Volume>	<Exponent>1.391</Exponent>	<EstimateCode>JAGA_MAXW0.044{S}10/WT</EstimateCode>	</RadiatorSubTypeMacro>	</RadiatorMainType>
  <RadiatorMainType>	<MainTypeName>JAGA MAXI WT 10 H059/</MainTypeName>	<DimensionIndex>1</DimensionIndex>	<DimensionIndex>0</DimensionIndex>	<kvValue>4</kvValue>		<RadiatorSubTypeMacro From="0" To="7">				<Name>MAXW H59 L{S} T10/MAXI MODEL WT</Name>	<Power>1492.9</Power>	<Surface>0</Surface>	<Volume>0.65</Volume>	<Exponent>1.377</Exponent>	<EstimateCode>JAGA_MAXW0.059{S}10/WT</EstimateCode>	</RadiatorSubTypeMacro>	</RadiatorMainType>
  <RadiatorMainType>	<MainTypeName>JAGA MAXI WT 10 H074/</MainTypeName>	<DimensionIndex>2</DimensionIndex>	<DimensionIndex>0</DimensionIndex>	<kvValue>4</kvValue>		<RadiatorSubTypeMacro From="0" To="7">				<Name>MAXW H74 L{S} T10/MAXI MODEL WT</Name>	<Power>1638.6</Power>	<Surface>0</Surface>	<Volume>0.65</Volume>	<Exponent>1.363</Exponent>	<EstimateCode>JAGA_MAXW0.074{S}10/WT</EstimateCode>	</RadiatorSubTypeMacro>	</RadiatorMainType>
  <RadiatorMainType>	<MainTypeName>JAGA MAXI WT 11 H044/</MainTypeName>	<DimensionIndex>0</DimensionIndex>	<DimensionIndex>1</DimensionIndex>	<kvValue>3</kvValue>		<RadiatorSubTypeMacro From="0" To="7" PowerCorrection="-1.3">	<Name>MAXW H44 L{S} T11/MAXI MODEL WT</Name>	<Power>1710</Power>	<Surface>0</Surface>	<Volume>1.329</Volume>	<Exponent>1.439</Exponent>	<EstimateCode>JAGA_MAXW0.044{S}11/WT</EstimateCode>	</RadiatorSubTypeMacro>	</RadiatorMainType>
  <RadiatorMainType>	<MainTypeName>JAGA MAXI WT 11 H059/</MainTypeName>	<DimensionIndex>1</DimensionIndex>	<DimensionIndex>1</DimensionIndex>	<kvValue>3</kvValue>		<RadiatorSubTypeMacro From="0" To="7" PowerCorrection="1.9">	<Name>MAXW H59 L{S} T11/MAXI MODEL WT</Name>	<Power>1927.1</Power>	<Surface>0</Surface>	<Volume>1.329</Volume>	<Exponent>1.437</Exponent>	<EstimateCode>JAGA_MAXW0.059{S}11/WT</EstimateCode>	</RadiatorSubTypeMacro>	</RadiatorMainType>
  <RadiatorMainType>	<MainTypeName>JAGA MAXI WT 11 H074/</MainTypeName>	<DimensionIndex>2</DimensionIndex>	<DimensionIndex>1</DimensionIndex>	<kvValue>3</kvValue>		<RadiatorSubTypeMacro From="0" To="7">				<Name>MAXW H74 L{S} T11/MAXI MODEL WT</Name>	<Power>2112.1</Power>	<Surface>0</Surface>	<Volume>1.329</Volume>	<Exponent>1.436</Exponent>	<EstimateCode>JAGA_MAXW0.074{S}11/WT</EstimateCode>	</RadiatorSubTypeMacro>	</RadiatorMainType>
  <RadiatorMainType>	<MainTypeName>JAGA MAXI WT 15 H044/</MainTypeName>	<DimensionIndex>0</DimensionIndex>	<DimensionIndex>2</DimensionIndex>	<kvValue>4</kvValue>		<RadiatorSubTypeMacro From="0" To="7">				<Name>MAXW H44 L{S} T15/MAXI MODEL WT</Name>	<Power>2110</Power>	<Surface>0</Surface>	<Volume>0.9786</Volume>	<Exponent>1.38</Exponent>	<EstimateCode>JAGA_MAXW0.044{S}15/WT</EstimateCode>	</RadiatorSubTypeMacro>	</RadiatorMainType>
  <RadiatorMainType>	<MainTypeName>JAGA MAXI WT 15 H059/</MainTypeName>	<DimensionIndex>1</DimensionIndex>	<DimensionIndex>2</DimensionIndex>	<kvValue>4</kvValue>		<RadiatorSubTypeMacro From="0" To="7">				<Name>MAXW H59 L{S} T15/MAXI MODEL WT</Name>	<Power>2380</Power>	<Surface>0</Surface>	<Volume>0.9786</Volume>	<Exponent>1.362</Exponent>	<EstimateCode>JAGA_MAXW0.059{S}15/WT</EstimateCode>	</RadiatorSubTypeMacro>	</RadiatorMainType>
  <RadiatorMainType>	<MainTypeName>JAGA MAXI WT 15 H074/</MainTypeName>	<DimensionIndex>2</DimensionIndex>	<DimensionIndex>2</DimensionIndex>	<kvValue>4</kvValue>		<RadiatorSubTypeMacro From="0" To="7">				<Name>MAXW H74 L{S} T15/MAXI MODEL WT</Name>	<Power>2568.6</Power>	<Surface>0</Surface>	<Volume>0.9786</Volume>	<Exponent>1.345</Exponent>	<EstimateCode>JAGA_MAXW0.074{S}15/WT</EstimateCode>	</RadiatorSubTypeMacro>	</RadiatorMainType>
  <RadiatorMainType>	<MainTypeName>JAGA MAXI WT 16 H044/</MainTypeName>	<DimensionIndex>0</DimensionIndex>	<DimensionIndex>3</DimensionIndex>	<kvValue>2.5</kvValue>		<RadiatorSubTypeMacro From="0" To="7">				<Name>MAXW H44 L{S} T16/MAXI MODEL WT</Name>	<Power>2322.9</Power>	<Surface>0</Surface>	<Volume>1.979</Volume>	<Exponent>1.462</Exponent>	<EstimateCode>JAGA_MAXW0.044{S}16/WT</EstimateCode>	</RadiatorSubTypeMacro>	</RadiatorMainType>
  <RadiatorMainType>	<MainTypeName>JAGA MAXI WT 16 H059/</MainTypeName>	<DimensionIndex>1</DimensionIndex>	<DimensionIndex>3</DimensionIndex>	<kvValue>2.5</kvValue>		<RadiatorSubTypeMacro From="0" To="7">				<Name>MAXW H59 L{S} T16/MAXI MODEL WT</Name>	<Power>2697.9</Power>	<Surface>0</Surface>	<Volume>1.979</Volume>	<Exponent>1.468</Exponent>	<EstimateCode>JAGA_MAXW0.059{S}16/WT</EstimateCode>	</RadiatorSubTypeMacro>	</RadiatorMainType>
  <RadiatorMainType>	<MainTypeName>JAGA MAXI WT 16 H074/</MainTypeName>	<DimensionIndex>2</DimensionIndex>	<DimensionIndex>3</DimensionIndex>	<kvValue>2.5</kvValue>		<RadiatorSubTypeMacro From="0" To="7">				<Name>MAXW H74 L{S} T16/MAXI MODEL WT</Name>	<Power>3043.6</Power>	<Surface>0</Surface>	<Volume>1.979</Volume>	<Exponent>1.474</Exponent>	<EstimateCode>JAGA_MAXW0.074{S}16/WT</EstimateCode>	</RadiatorSubTypeMacro>	</RadiatorMainType>
  <RadiatorMainType>	<MainTypeName>JAGA MAXI WT 20 H044/</MainTypeName>	<DimensionIndex>0</DimensionIndex>	<DimensionIndex>4</DimensionIndex>	<kvValue>4.5</kvValue>		<RadiatorSubTypeMacro From="0" To="7" PowerCorrection="1.05">	<Name>MAXW H44 L{S} T20/MAXI MODEL WT</Name>	<Power>2950.7</Power>	<Surface>0</Surface>	<Volume>1.321</Volume>	<Exponent>1.38</Exponent>	<EstimateCode>JAGA_MAXW0.044{S}20/WT</EstimateCode>	</RadiatorSubTypeMacro>	</RadiatorMainType>
  <RadiatorMainType>	<MainTypeName>JAGA MAXI WT 20 H059/</MainTypeName>	<DimensionIndex>1</DimensionIndex>	<DimensionIndex>4</DimensionIndex>	<kvValue>4.5</kvValue>		<RadiatorSubTypeMacro From="0" To="7">				<Name>MAXW H59 L{S} T20/MAXI MODEL WT</Name>	<Power>3322.9</Power>	<Surface>0</Surface>	<Volume>1.321</Volume>	<Exponent>1.362</Exponent>	<EstimateCode>JAGA_MAXW0.059{S}20/WT</EstimateCode>	</RadiatorSubTypeMacro>	</RadiatorMainType>
  <RadiatorMainType>	<MainTypeName>JAGA MAXI WT 20 H074/</MainTypeName>	<DimensionIndex>2</DimensionIndex>	<DimensionIndex>4</DimensionIndex>	<kvValue>4.5</kvValue>		<RadiatorSubTypeMacro From="0" To="7">				<Name>MAXW H74 L{S} T20/MAXI MODEL WT</Name>	<Power>3583.6</Power>	<Surface>0</Surface>	<Volume>1.321</Volume>	<Exponent>1.345</Exponent>	<EstimateCode>JAGA_MAXW0.074{S}20/WT</EstimateCode>	</RadiatorSubTypeMacro>	</RadiatorMainType>
  <RadiatorMainType>	<MainTypeName>JAGA MAXI WT 21 H044/</MainTypeName>	<DimensionIndex>0</DimensionIndex>	<DimensionIndex>5</DimensionIndex>	<kvValue>4</kvValue>		<RadiatorSubTypeMacro From="0" To="7">				<Name>MAXW H44 L{S} T21/MAXI MODEL WT</Name>	<Power>3140</Power>	<Surface>0</Surface>	<Volume>2.657</Volume>	<Exponent>1.48</Exponent>	<EstimateCode>JAGA_MAXW0.044{S}21/WT</EstimateCode>	</RadiatorSubTypeMacro>	</RadiatorMainType>
  <RadiatorMainType>	<MainTypeName>JAGA MAXI WT 21 H059/</MainTypeName>	<DimensionIndex>1</DimensionIndex>	<DimensionIndex>5</DimensionIndex>	<kvValue>4</kvValue>		<RadiatorSubTypeMacro From="0" To="7">				<Name>MAXW H59 L{S} T21/MAXI MODEL WT</Name>	<Power>3742.1</Power>	<Surface>0</Surface>	<Volume>2.657</Volume>	<Exponent>1.492</Exponent>	<EstimateCode>JAGA_MAXW0.059{S}21/WT</EstimateCode>	</RadiatorSubTypeMacro>	</RadiatorMainType>
  <RadiatorMainType>	<MainTypeName>JAGA MAXI WT 21 H074/</MainTypeName>	<DimensionIndex>2</DimensionIndex>	<DimensionIndex>5</DimensionIndex>	<kvValue>4</kvValue>		<RadiatorSubTypeMacro From="0" To="7" PowerCorrection="1.3">	<Name>MAXW H74 L{S} T21/MAXI MODEL WT</Name>	<Power>4332.9</Power>	<Surface>0</Surface>	<Volume>2.657</Volume>	<Exponent>1.505</Exponent>	<EstimateCode>JAGA_MAXW0.074{S}21/WT</EstimateCode>	</RadiatorSubTypeMacro>	</RadiatorMainType>
</WinWattDBRadiator>

</WinWattDB>
