<?xml version="1.0" encoding="ISO-8859-2" ?>
<WinWattDB>

<WinWattDBGlobalMacro>
	<Macro ID="$fal1" Language="hun">fali</Macro>
	<Macro ID="$fal1" Language="sky">fali</Macro>
	<Macro ID="$fal1" Language="rom">de perete</Macro>
</WinWattDBGlobalMacro>

<WinWattDBRadiator DTLog="Yes">
  <ItemHeader>
    <Date><Year>2004</Year><Month>8</Month><Day>4</Day></Date>
    <ItemPath>JAGA</ItemPath>
    <ItemName>JAGA MINI $fal1</ItemName>
    <HomePage></HomePage></ItemHeader>
  <DTOrigin>59.44</DTOrigin>
  <DimensionArray Type="Height" >
    <DimensionString Value="80" >008</DimensionString>
    <DimensionString Value="130" >013</DimensionString>
    <DimensionString Value="230" >023</DimensionString>
    <DimensionString Value="280" >028</DimensionString>
  </DimensionArray>
  <DimensionArray Type="Width" >
    <DimensionString Value="85" >05</DimensionString>
    <DimensionString Value="85" >06</DimensionString>
    <DimensionString Value="135" >09</DimensionString>
    <DimensionString Value="135" >10</DimensionString>
    <DimensionString Value="135" >11</DimensionString>
    <DimensionString Value="185" >14</DimensionString>
    <DimensionString Value="185" >15</DimensionString>
    <DimensionString Value="185" >16</DimensionString>
    <DimensionString Value="235" >19</DimensionString>
    <DimensionString Value="235" >20</DimensionString>
    <DimensionString Value="235" >21</DimensionString>
  </DimensionArray>
  <DimensionArray Type="Length" >
    <DimensionString Value="600" >060</DimensionString>
    <DimensionString Value="700" >070</DimensionString>
    <DimensionString Value="800" >080</DimensionString>
    <DimensionString Value="900" >090</DimensionString>
    <DimensionString Value="1000" >100</DimensionString>
    <DimensionString Value="1100" >110</DimensionString>
    <DimensionString Value="1200" >120</DimensionString>
    <DimensionString Value="1400" >140</DimensionString>
    <DimensionString Value="1600" >160</DimensionString>
    <DimensionString Value="1800" >180</DimensionString>
    <DimensionString Value="2000" >200</DimensionString>
    <DimensionString Value="2200" >220</DimensionString>
    <DimensionString Value="2400" >240</DimensionString>
    <DimensionString Value="2600" >260</DimensionString>
    <DimensionString Value="2800" >280</DimensionString>
    <DimensionString Value="3000" >300</DimensionString>
  </DimensionArray>
  <RadiatorMainType>	<MainTypeName>JAGA MINI $fal1 05 H013/</MainTypeName>	<DimensionIndex>1</DimensionIndex>	<DimensionIndex>0</DimensionIndex>	<kvValue>3</kvValue>		<RadiatorSubTypeMacro From="0" To="15">	<Name>MINW H13 L{S} T05/MINI $fal1</Name>	<Power>425.83</Power>	<Surface>0</Surface>	<Volume>0.32</Volume>	<Exponent>1.413</Exponent>	<EstimateCode>JAGA_MINW0.013{S}05</EstimateCode>	</RadiatorSubTypeMacro>	</RadiatorMainType>
  <RadiatorMainType>	<MainTypeName>JAGA MINI $fal1 06 H023/</MainTypeName>	<DimensionIndex>2</DimensionIndex>	<DimensionIndex>1</DimensionIndex>	<kvValue>2.2</kvValue>		<RadiatorSubTypeMacro From="0" To="15">	<Name>MINW H23 L{S} T06/MINI $fal1</Name>	<Power>697.08</Power>	<Surface>0</Surface>	<Volume>0.64</Volume>	<Exponent>1.411</Exponent>	<EstimateCode>JAGA_MINW0.023{S}06</EstimateCode>	</RadiatorSubTypeMacro>	</RadiatorMainType>
  <RadiatorMainType>	<MainTypeName>JAGA MINI $fal1 06 H028/</MainTypeName>	<DimensionIndex>3</DimensionIndex>	<DimensionIndex>1</DimensionIndex>	<kvValue>2.2</kvValue>		<RadiatorSubTypeMacro From="0" To="15">	<Name>MINW H28 L{S} T06/MINI $fal1</Name>	<Power>735.83</Power>	<Surface>0</Surface>	<Volume>0.64</Volume>	<Exponent>1.403</Exponent>	<EstimateCode>JAGA_MINW0.028{S}06</EstimateCode>	</RadiatorSubTypeMacro>	</RadiatorMainType>
  <RadiatorMainType>	<MainTypeName>JAGA MINI $fal1 09 H008/</MainTypeName>	<DimensionIndex>0</DimensionIndex>	<DimensionIndex>2</DimensionIndex>	<kvValue>3</kvValue>		<RadiatorSubTypeMacro From="0" To="15">	<Name>MINW H08 L{S} T09/MINI $fal1</Name>	<Power>550.42</Power>	<Surface>0</Surface>	<Volume>0.31</Volume>	<Exponent>1.418</Exponent>	<EstimateCode>JAGA_MINW0.008{S}09</EstimateCode>	</RadiatorSubTypeMacro>	</RadiatorMainType>
  <RadiatorMainType>	<MainTypeName>JAGA MINI $fal1 10 H013/</MainTypeName>	<DimensionIndex>1</DimensionIndex>	<DimensionIndex>3</DimensionIndex>	<kvValue>4</kvValue>		<RadiatorSubTypeMacro From="0" To="15">	<Name>MINW H13 L{S} T10/MINI $fal1</Name>	<Power>654.17</Power>	<Surface>0</Surface>	<Volume>0.65</Volume>	<Exponent>1.419</Exponent>	<EstimateCode>JAGA_MINW0.013{S}10</EstimateCode>	</RadiatorSubTypeMacro>	</RadiatorMainType>
  <RadiatorMainType>	<MainTypeName>JAGA MINI $fal1 11 H023/</MainTypeName>	<DimensionIndex>2</DimensionIndex>	<DimensionIndex>4</DimensionIndex>	<kvValue>3</kvValue>		<RadiatorSubTypeMacro From="0" To="15">	<Name>MINW H23 L{S} T11/MINI $fal1</Name>	<Power>1302.9</Power>	<Surface>0</Surface>	<Volume>1.33</Volume>	<Exponent>1.441</Exponent>	<EstimateCode>JAGA_MINW0.023{S}11</EstimateCode>	</RadiatorSubTypeMacro>	</RadiatorMainType>
  <RadiatorMainType>	<MainTypeName>JAGA MINI $fal1 11 H028/</MainTypeName>	<DimensionIndex>3</DimensionIndex>	<DimensionIndex>4</DimensionIndex>	<kvValue>3</kvValue>		<RadiatorSubTypeMacro From="0" To="15">	<Name>MINW H28 L{S} T11/MINI $fal1</Name>	<Power>1415.8</Power>	<Surface>0</Surface>	<Volume>1.33</Volume>	<Exponent>1.441</Exponent>	<EstimateCode>JAGA_MINW0.028{S}11</EstimateCode>	</RadiatorSubTypeMacro>	</RadiatorMainType>
  <RadiatorMainType>	<MainTypeName>JAGA MINI $fal1 14 H008/</MainTypeName>	<DimensionIndex>0</DimensionIndex>	<DimensionIndex>5</DimensionIndex>	<kvValue>2.5</kvValue>		<RadiatorSubTypeMacro From="0" To="15">	<Name>MINW H08 L{S} T14/MINI $fal1</Name>	<Power>898.75</Power>	<Surface>0</Surface>	<Volume>0.47</Volume>	<Exponent>1.418</Exponent>	<EstimateCode>JAGA_MINW0.008{S}14</EstimateCode>	</RadiatorSubTypeMacro>	</RadiatorMainType>
  <RadiatorMainType>	<MainTypeName>JAGA MINI $fal1 15 H013/</MainTypeName>	<DimensionIndex>1</DimensionIndex>	<DimensionIndex>6</DimensionIndex>	<kvValue>4</kvValue>		<RadiatorSubTypeMacro From="0" To="15">	<Name>MINW H13 L{S} T15/MINI $fal1</Name>	<Power>1097.1</Power>	<Surface>0</Surface>	<Volume>0.98</Volume>	<Exponent>1.416</Exponent>	<EstimateCode>JAGA_MINW0.013{S}15</EstimateCode>	</RadiatorSubTypeMacro>	</RadiatorMainType>
  <RadiatorMainType>	<MainTypeName>JAGA MINI $fal1 16 H023/</MainTypeName>	<DimensionIndex>2</DimensionIndex>	<DimensionIndex>7</DimensionIndex>	<kvValue>2.5</kvValue>		<RadiatorSubTypeMacro From="0" To="15">	<Name>MINW H23 L{S} T16/MINI $fal1</Name>	<Power>1704.2</Power>	<Surface>0</Surface>	<Volume>1.98</Volume>	<Exponent>1.453</Exponent>	<EstimateCode>JAGA_MINW0.023{S}16</EstimateCode>	</RadiatorSubTypeMacro>	</RadiatorMainType>
  <RadiatorMainType>	<MainTypeName>JAGA MINI $fal1 16 H028/</MainTypeName>	<DimensionIndex>3</DimensionIndex>	<DimensionIndex>7</DimensionIndex>	<kvValue>2.5</kvValue>		<RadiatorSubTypeMacro From="0" To="15">	<Name>MINW H28 L{S} T16/MINI $fal1</Name>	<Power>1868.8</Power>	<Surface>0</Surface>	<Volume>1.98</Volume>	<Exponent>1.455</Exponent>	<EstimateCode>JAGA_MINW0.028{S}16</EstimateCode>	</RadiatorSubTypeMacro>	</RadiatorMainType>
  <RadiatorMainType>	<MainTypeName>JAGA MINI $fal1 19 H008/</MainTypeName>	<DimensionIndex>0</DimensionIndex>	<DimensionIndex>8</DimensionIndex>	<kvValue>1.7</kvValue>		<RadiatorSubTypeMacro From="0" To="15">	<Name>MINW H08 L{S} T19/MINI $fal1</Name>	<Power>1233.8</Power>	<Surface>0</Surface>	<Volume>0.63</Volume>	<Exponent>1.418</Exponent>	<EstimateCode>JAGA_MINW0.008{S}19</EstimateCode>	</RadiatorSubTypeMacro>	</RadiatorMainType>
  <RadiatorMainType>	<MainTypeName>JAGA MINI $fal1 20 H020/</MainTypeName>	<DimensionIndex>1</DimensionIndex>	<DimensionIndex>9</DimensionIndex>	<kvValue>4.5</kvValue>		<RadiatorSubTypeMacro From="0" To="15">	<Name>MINW H13 L{S} T20/MINI $fal1</Name>	<Power>1547.5</Power>	<Surface>0</Surface>	<Volume>1.32</Volume>	<Exponent>1.416</Exponent>	<EstimateCode>JAGA_MINW0.013{S}20</EstimateCode>	</RadiatorSubTypeMacro>	</RadiatorMainType>
  <RadiatorMainType>	<MainTypeName>JAGA MINI $fal1 21 H020/</MainTypeName>	<DimensionIndex>2</DimensionIndex>	<DimensionIndex>10</DimensionIndex>	<kvValue>4</kvValue>		<RadiatorSubTypeMacro From="0" To="15">	<Name>MINW H23 L{S} T21/MINI $fal1</Name>	<Power>2221.7</Power>	<Surface>0</Surface>	<Volume>2.66</Volume>	<Exponent>1.463</Exponent>	<EstimateCode>JAGA_MINW0.023{S}21</EstimateCode>	</RadiatorSubTypeMacro>	</RadiatorMainType>
  <RadiatorMainType>	<MainTypeName>JAGA MINI $fal1 21 H020/</MainTypeName>	<DimensionIndex>3</DimensionIndex>	<DimensionIndex>10</DimensionIndex>	<kvValue>4</kvValue>		<RadiatorSubTypeMacro From="0" To="15">	<Name>MINW H28 L{S} T21/MINI $fal1</Name>	<Power>2456.3</Power>	<Surface>0</Surface>	<Volume>2.66</Volume>	<Exponent>1.467</Exponent>	<EstimateCode>JAGA_MINW0.028{S}21</EstimateCode>	</RadiatorSubTypeMacro>	</RadiatorMainType>
</WinWattDBRadiator>

</WinWattDB>
