<?xml version="1.0" encoding="ISO-8859-2" ?>
<WinWattDB>

<WinWattDBRadiator DTLog="Yes">
  <ItemHeader>
    <Date><Year>2004</Year><Month>8</Month><Day>7</Day></Date>
    <ItemPath>JAGA</ItemPath>
    <ItemName>JAGA MINI CANAL</ItemName>
    <HomePage></HomePage></ItemHeader>
  <DTOrigin>59.44</DTOrigin>
  <DimensionArray Type="Height" >
    <DimensionString Value="90" >009</DimensionString>
    <DimensionString Value="110" >011</DimensionString>
    <DimensionString Value="140" >014</DimensionString>
    <DimensionString Value="190" >019</DimensionString>
  </DimensionArray>
  <DimensionArray Type="Width" >
    <DimensionString Value="140" >B14</DimensionString>
    <DimensionString Value="180" >B18</DimensionString>
    <DimensionString Value="260" >B26</DimensionString>
    <DimensionString Value="340" >B34</DimensionString>
    <DimensionString Value="420" >B42</DimensionString>
  </DimensionArray>
  <DimensionArray Type="Length" >
    <DimensionString Value="700" >070</DimensionString>
    <DimensionString Value="800" >080</DimensionString>
    <DimensionString Value="900" >090</DimensionString>
    <DimensionString Value="1000" >100</DimensionString>
    <DimensionString Value="1100" >110</DimensionString>
    <DimensionString Value="1200" >120</DimensionString>
    <DimensionString Value="1300" >130</DimensionString>
    <DimensionString Value="1500" >150</DimensionString>
    <DimensionString Value="1700" >170</DimensionString>
    <DimensionString Value="1900" >190</DimensionString>
    <DimensionString Value="2100" >210</DimensionString>
    <DimensionString Value="2300" >230</DimensionString>
    <DimensionString Value="2500" >250</DimensionString>
    <DimensionString Value="2700" >270</DimensionString>
    <DimensionString Value="2900" >290</DimensionString>
    <DimensionString Value="3100" >310</DimensionString>
    <DimensionString Value="3300" >330</DimensionString>
    <DimensionString Value="3500" >350</DimensionString>
    <DimensionString Value="3700" >370</DimensionString>
    <DimensionString Value="3900" >390</DimensionString>
    <DimensionString Value="4100" >410</DimensionString>
    <DimensionString Value="4300" >430</DimensionString>
    <DimensionString Value="4500" >450</DimensionString>
    <DimensionString Value="4700" >470</DimensionString>
    <DimensionString Value="4900" >490</DimensionString>
  </DimensionArray>
  <RadiatorMainType>	<MainTypeName>JAGA MINI CANAL B14 H009/</MainTypeName>	<DimensionIndex>0</DimensionIndex>	<DimensionIndex>0</DimensionIndex>	<kvValue>3.5</kvValue>		<RadiatorSubTypeMacro From="0" To="24" PowerCorrection="-73.83">	<Name>MINI-CANAL H09 L{S} B14 ALU-NATURAL</Name>	<Power>244.05</Power>	<Surface>0</Surface>	<Volume>0.1595</Volume>	<Exponent>1.362</Exponent>	<EstimateCode>JAGA_MICA0.009{S}14/SNA</EstimateCode>	</RadiatorSubTypeMacro>	</RadiatorMainType>
  <RadiatorMainType>	<MainTypeName>JAGA MINI CANAL B14 H011/</MainTypeName>	<DimensionIndex>1</DimensionIndex>	<DimensionIndex>0</DimensionIndex>	<kvValue>3.5</kvValue>		<RadiatorSubTypeMacro From="0" To="24" PowerCorrection="-84">		<Name>MINI-CANAL H11 L{S} B14 ALU-NATURAL</Name>	<Power>280</Power>	<Surface>0</Surface>	<Volume>0.1595</Volume>	<Exponent>1.362</Exponent>	<EstimateCode>JAGA_MICA0.011{S}14/SNA</EstimateCode>	</RadiatorSubTypeMacro>	</RadiatorMainType>
  <RadiatorMainType>	<MainTypeName>JAGA MINI CANAL B14 H014/</MainTypeName>	<DimensionIndex>2</DimensionIndex>	<DimensionIndex>0</DimensionIndex>	<kvValue>4.5</kvValue>		<RadiatorSubTypeMacro From="0" To="24" PowerCorrection="-95.67">	<Name>MINI-CANAL H14 L{S} B14 ALU-NATURAL</Name>	<Power>318.1</Power>	<Surface>0</Surface>	<Volume>0.3214</Volume>	<Exponent>1.362</Exponent>	<EstimateCode>JAGA_MICA0.014{S}14/SNA</EstimateCode>	</RadiatorSubTypeMacro>	</RadiatorMainType>
  <RadiatorMainType>	<MainTypeName>JAGA MINI CANAL B18 H009/</MainTypeName>	<DimensionIndex>0</DimensionIndex>	<DimensionIndex>1</DimensionIndex>	<kvValue>3</kvValue>		<RadiatorSubTypeMacro From="0" To="24" PowerCorrection="-87.33">	<Name>MINI-CANAL H09 L{S} B18 ALU-NATURAL</Name>	<Power>289.05</Power>	<Surface>0</Surface>	<Volume>0.3214</Volume>	<Exponent>1.362</Exponent>	<EstimateCode>JAGA_MICA0.009{S}18/SNA</EstimateCode>	</RadiatorSubTypeMacro>	</RadiatorMainType>
  <RadiatorMainType>	<MainTypeName>JAGA MINI CANAL B18 H011/</MainTypeName>	<DimensionIndex>1</DimensionIndex>	<DimensionIndex>1</DimensionIndex>	<kvValue>3</kvValue>		<RadiatorSubTypeMacro From="0" To="24" PowerCorrection="-99.33">	<Name>MINI-CANAL H11 L{S} B18 ALU-NATURAL</Name>	<Power>331.9</Power>	<Surface>0</Surface>	<Volume>0.3214</Volume>	<Exponent>1.362</Exponent>	<EstimateCode>JAGA_MICA0.011{S}18/SNA</EstimateCode>	</RadiatorSubTypeMacro>	</RadiatorMainType>
  <RadiatorMainType>	<MainTypeName>JAGA MINI CANAL B26 H009/</MainTypeName>	<DimensionIndex>0</DimensionIndex>	<DimensionIndex>2</DimensionIndex>	<kvValue>4</kvValue>		<RadiatorSubTypeMacro From="0" To="24" PowerCorrection="-112.7">	<Name>MINI-CANAL H09 L{S} B26 ALU-NATURAL</Name>	<Power>379.52</Power>	<Surface>0</Surface>	<Volume>0.3214</Volume>	<Exponent>1.362</Exponent>	<EstimateCode>JAGA_MICA0.009{S}26/SNA</EstimateCode>	</RadiatorSubTypeMacro>	</RadiatorMainType>
  <RadiatorMainType>	<MainTypeName>JAGA MINI CANAL B26 H011/</MainTypeName>	<DimensionIndex>1</DimensionIndex>	<DimensionIndex>2</DimensionIndex>	<kvValue>4</kvValue>		<RadiatorSubTypeMacro From="0" To="24" PowerCorrection="-134.7">	<Name>MINI-CANAL H11 L{S} B26 ALU-NATURAL</Name>	<Power>448.1</Power>	<Surface>0</Surface>	<Volume>0.3214</Volume>	<Exponent>1.362</Exponent>	<EstimateCode>JAGA_MICA0.011{S}26/SNA</EstimateCode>	</RadiatorSubTypeMacro>	</RadiatorMainType>
  <RadiatorMainType>	<MainTypeName>JAGA MINI CANAL B26 H014/</MainTypeName>	<DimensionIndex>2</DimensionIndex>	<DimensionIndex>2</DimensionIndex>	<kvValue>4</kvValue>		<RadiatorSubTypeMacro From="0" To="24" PowerCorrection="-165.2">	<Name>MINI-CANAL H14 L{S} B26 ALU-NATURAL</Name>	<Power>551.67</Power>	<Surface>0</Surface>	<Volume>0.65</Volume>	<Exponent>1.362</Exponent>	<EstimateCode>JAGA_MICA0.014{S}26/SNA</EstimateCode>	</RadiatorSubTypeMacro>	</RadiatorMainType>
  <RadiatorMainType>	<MainTypeName>JAGA MINI CANAL B26 H019/</MainTypeName>	<DimensionIndex>3</DimensionIndex>	<DimensionIndex>2</DimensionIndex>	<kvValue>4</kvValue>		<RadiatorSubTypeMacro From="0" To="24" PowerCorrection="-188">		<Name>MINI-CANAL H19 L{S} B26 ALU-NATURAL</Name>	<Power>627.14</Power>	<Surface>0</Surface>	<Volume>0.65</Volume>	<Exponent>1.362</Exponent>	<EstimateCode>JAGA_MICA0.019{S}26/SNA</EstimateCode>	</RadiatorSubTypeMacro>	</RadiatorMainType>
  <RadiatorMainType>	<MainTypeName>JAGA MINI CANAL B34 H009/</MainTypeName>	<DimensionIndex>0</DimensionIndex>	<DimensionIndex>3</DimensionIndex>	<kvValue>4</kvValue>		<RadiatorSubTypeMacro From="0" To="24" PowerCorrection="-148.2">	<Name>MINI-CANAL H09 L{S} B34 ALU-NATURAL</Name>	<Power>493.1</Power>	<Surface>0</Surface>	<Volume>0.4786</Volume>	<Exponent>1.362</Exponent>	<EstimateCode>JAGA_MICA0.009{S}34/SNA</EstimateCode>	</RadiatorSubTypeMacro>	</RadiatorMainType>
  <RadiatorMainType>	<MainTypeName>JAGA MINI CANAL B34 H011/</MainTypeName>	<DimensionIndex>1</DimensionIndex>	<DimensionIndex>3</DimensionIndex>	<kvValue>4</kvValue>		<RadiatorSubTypeMacro From="0" To="24" PowerCorrection="-174.3">	<Name>MINI-CANAL H11 L{S} B34 ALU-NATURAL</Name>	<Power>581.9</Power>	<Surface>0</Surface>	<Volume>0.4786</Volume>	<Exponent>1.362</Exponent>	<EstimateCode>JAGA_MICA0.011{S}34/SNA</EstimateCode>	</RadiatorSubTypeMacro>	</RadiatorMainType>
  <RadiatorMainType>	<MainTypeName>JAGA MINI CANAL B34 H014/</MainTypeName>	<DimensionIndex>2</DimensionIndex>	<DimensionIndex>3</DimensionIndex>	<kvValue>4</kvValue>		<RadiatorSubTypeMacro From="0" To="24" PowerCorrection="-226.2">	<Name>MINI-CANAL H14 L{S} B34 ALU-NATURAL</Name>	<Power>753.1</Power>	<Surface>0</Surface>	<Volume>0.9786</Volume>	<Exponent>1.362</Exponent>	<EstimateCode>JAGA_MICA0.014{S}34/SNA</EstimateCode>	</RadiatorSubTypeMacro>	</RadiatorMainType>
  <RadiatorMainType>	<MainTypeName>JAGA MINI CANAL B34 H019/</MainTypeName>	<DimensionIndex>3</DimensionIndex>	<DimensionIndex>3</DimensionIndex>	<kvValue>4</kvValue>		<RadiatorSubTypeMacro From="0" To="24" PowerCorrection="-254.2">	<Name>MINI-CANAL H19 L{S} B34 ALU-NATURAL</Name>	<Power>848.81</Power>	<Surface>0</Surface>	<Volume>0.9786</Volume>	<Exponent>1.362</Exponent>	<EstimateCode>JAGA_MICA0.019{S}34/SNA</EstimateCode>	</RadiatorSubTypeMacro>	</RadiatorMainType>
  <RadiatorMainType>	<MainTypeName>JAGA MINI CANAL B42 H009/</MainTypeName>	<DimensionIndex>0</DimensionIndex>	<DimensionIndex>4</DimensionIndex>	<kvValue>2.2</kvValue>		<RadiatorSubTypeMacro From="0" To="24" PowerCorrection="-213.5">	<Name>MINI-CANAL H09 L{S} B42 ALU-NATURAL</Name>	<Power>712.14</Power>	<Surface>0</Surface>	<Volume>0.6595</Volume>	<Exponent>1.362</Exponent>	<EstimateCode>JAGA_MICA0.009{S}42/SNA</EstimateCode>	</RadiatorSubTypeMacro>	</RadiatorMainType>
  <RadiatorMainType>	<MainTypeName>JAGA MINI CANAL B42 H011/</MainTypeName>	<DimensionIndex>1</DimensionIndex>	<DimensionIndex>4</DimensionIndex>	<kvValue>2.2</kvValue>		<RadiatorSubTypeMacro From="0" To="24" PowerCorrection="-245.7">	<Name>MINI-CANAL H11 L{S} B42 ALU-NATURAL</Name>	<Power>818.1</Power>	<Surface>0</Surface>	<Volume>0.6595</Volume>	<Exponent>1.362</Exponent>	<EstimateCode>JAGA_MICA0.011{S}42/SNA</EstimateCode>	</RadiatorSubTypeMacro>	</RadiatorMainType>
  <RadiatorMainType>	<MainTypeName>JAGA MINI CANAL B42 H014/</MainTypeName>	<DimensionIndex>2</DimensionIndex>	<DimensionIndex>4</DimensionIndex>	<kvValue>4.5</kvValue>		<RadiatorSubTypeMacro From="0" To="24" PowerCorrection="-304.5">	<Name>MINI-CANAL H14 L{S} B42 ALU-NATURAL</Name>	<Power>1015</Power>	<Surface>0</Surface>	<Volume>1.321</Volume>	<Exponent>1.362</Exponent>	<EstimateCode>JAGA_MICA0.014{S}42/SNA</EstimateCode>	</RadiatorSubTypeMacro>	</RadiatorMainType>
  <RadiatorMainType>	<MainTypeName>JAGA MINI CANAL B42 H019/</MainTypeName>	<DimensionIndex>3</DimensionIndex>	<DimensionIndex>4</DimensionIndex>	<kvValue>4.5</kvValue>		<RadiatorSubTypeMacro From="0" To="24" PowerCorrection="-351.5">	<Name>MINI-CANAL H19 L{S} B42 ALU-NATURAL</Name>	<Power>1166.4</Power>	<Surface>0</Surface>	<Volume>1.321</Volume>	<Exponent>1.362</Exponent>	<EstimateCode>JAGA_MICA0.019{S}42/SNA</EstimateCode>	</RadiatorSubTypeMacro>	</RadiatorMainType>
</WinWattDBRadiator>

</WinWattDB>
