<?xml version="1.0" encoding="ISO-8859-2" ?>
<WinWattDB>

<WinWattDBGlobalMacro>
	<Macro ID="$fal1" Language="hun">fali</Macro>
	<Macro ID="$fal1" Language="sky">fali</Macro>
	<Macro ID="$fal1" Language="rom">de perete</Macro>
</WinWattDBGlobalMacro>

<WinWattDBRadiator DTLog="Yes">
  <ItemHeader>
    <Date><Year>2004</Year><Month>8</Month><Day>4</Day></Date>
    <ItemPath>JAGA</ItemPath>
    <ItemName>JAGA STRADA $fal1</ItemName>
    <HomePage></HomePage></ItemHeader>
  <DTOrigin>59.44</DTOrigin>
  <DimensionArray Type="Height" >
    <DimensionString Value="200" >020</DimensionString>
    <DimensionString Value="350" >035</DimensionString>
    <DimensionString Value="500" >050</DimensionString>
    <DimensionString Value="650" >065</DimensionString>
    <DimensionString Value="950" >095</DimensionString>
  </DimensionArray>
  <DimensionArray Type="Width" >
    <DimensionString Value="85" >06</DimensionString>
    <DimensionString Value="118" >10</DimensionString>
    <DimensionString Value="118" >11</DimensionString>
    <DimensionString Value="168" >15</DimensionString>
    <DimensionString Value="168" >16</DimensionString>
    <DimensionString Value="218" >20</DimensionString>
    <DimensionString Value="218" >21</DimensionString>
  </DimensionArray>
  <DimensionArray Type="Length" >
    <DimensionString Value="500" >050</DimensionString>
    <DimensionString Value="600" >060</DimensionString>
    <DimensionString Value="700" >070</DimensionString>
    <DimensionString Value="800" >080</DimensionString>
    <DimensionString Value="900" >090</DimensionString>
    <DimensionString Value="1000" >100</DimensionString>
    <DimensionString Value="1100" >110</DimensionString>
    <DimensionString Value="1200" >120</DimensionString>
    <DimensionString Value="1400" >140</DimensionString>
    <DimensionString Value="1600" >160</DimensionString>
    <DimensionString Value="1800" >180</DimensionString>
    <DimensionString Value="2000" >200</DimensionString>
    <DimensionString Value="2400" >240</DimensionString>
    <DimensionString Value="2800" >280</DimensionString>
  </DimensionArray>
  <RadiatorMainType>	<MainTypeName>JAGA STRADA $fal1 06 H020/</MainTypeName>	<DimensionIndex>0</DimensionIndex>	<DimensionIndex>0</DimensionIndex>	<kvValue>3</kvValue>		<RadiatorSubTypeMacro From="0" To="13">				<Name>STRW H20 L{S} T06/STRADA $fal1</Name>	<Power>695.22</Power>	<Surface>0</Surface>	<Volume>0.5087</Volume>	<Exponent>1.41</Exponent>	<EstimateCode>JAGA_STRW0.020{S}06</EstimateCode>	</RadiatorSubTypeMacro>	</RadiatorMainType>
  <RadiatorMainType>	<MainTypeName>JAGA STRADA $fal1 06 H035/</MainTypeName>	<DimensionIndex>1</DimensionIndex>	<DimensionIndex>0</DimensionIndex>	<kvValue>2.2</kvValue>		<RadiatorSubTypeMacro From="0" To="13">				<Name>STRW H35 L{S} T06/STRADA $fal1</Name>	<Power>1018.3</Power>	<Surface>0</Surface>	<Volume>0.6261</Volume>	<Exponent>1.393</Exponent>	<EstimateCode>JAGA_STRW0.035{S}06</EstimateCode>	</RadiatorSubTypeMacro>	</RadiatorMainType>
  <RadiatorMainType>	<MainTypeName>JAGA STRADA $fal1 06 H050/</MainTypeName>	<DimensionIndex>2</DimensionIndex>	<DimensionIndex>0</DimensionIndex>	<kvValue>2.2</kvValue>		<RadiatorSubTypeMacro From="0" To="13" PowerCorrection="1.174">	<Name>STRW H50 L{S} T06/STRADA $fal1</Name>	<Power>1215.7</Power>	<Surface>0</Surface>	<Volume>0.6261</Volume>	<Exponent>1.372</Exponent>	<EstimateCode>JAGA_STRW0.050{S}06</EstimateCode>	</RadiatorSubTypeMacro>	</RadiatorMainType>
  <RadiatorMainType>	<MainTypeName>JAGA STRADA $fal1 06 H065/</MainTypeName>	<DimensionIndex>3</DimensionIndex>	<DimensionIndex>0</DimensionIndex>	<kvValue>2.2</kvValue>		<RadiatorSubTypeMacro From="0" To="13">				<Name>STRW H65 L{S} T06/STRADA $fal1</Name>	<Power>1363.5</Power>	<Surface>0</Surface>	<Volume>0.6261</Volume>	<Exponent>1.35</Exponent>	<EstimateCode>JAGA_STRW0.065{S}06</EstimateCode>	</RadiatorSubTypeMacro>	</RadiatorMainType>
  <RadiatorMainType>	<MainTypeName>JAGA STRADA $fal1 06 H095/</MainTypeName>	<DimensionIndex>4</DimensionIndex>	<DimensionIndex>0</DimensionIndex>	<kvValue>2.2</kvValue>		<RadiatorSubTypeMacro From="1" To="8">				<Name>STRW H95 L{S} T06/STRADA $fal1</Name>	<Power>1555</Power>	<Surface>0</Surface>	<Volume>0.625</Volume>	<Exponent>1.307</Exponent>	<EstimateCode>JAGA_STRW0.095{S}06</EstimateCode>	</RadiatorSubTypeMacro>	</RadiatorMainType>
  <RadiatorMainType>	<MainTypeName>JAGA STRADA $fal1 10 H020/</MainTypeName>	<DimensionIndex>0</DimensionIndex>	<DimensionIndex>1</DimensionIndex>	<kvValue>4</kvValue>		<RadiatorSubTypeMacro From="0" To="13">				<Name>STRW H20 L{S} T10/STRADA $fal1</Name>	<Power>847.39</Power>	<Surface>0</Surface>	<Volume>0.6478</Volume>	<Exponent>1.413</Exponent>	<EstimateCode>JAGA_STRW0.020{S}10</EstimateCode>	</RadiatorSubTypeMacro>	</RadiatorMainType>
  <RadiatorMainType>	<MainTypeName>JAGA STRADA $fal1 10 H035/</MainTypeName>	<DimensionIndex>1</DimensionIndex>	<DimensionIndex>1</DimensionIndex>	<kvValue>4</kvValue>		<RadiatorSubTypeMacro From="0" To="13">				<Name>STRW H35 L{S} T10/STRADA $fal1</Name>	<Power>1159.1</Power>	<Surface>0</Surface>	<Volume>0.6478</Volume>	<Exponent>1.399</Exponent>	<EstimateCode>JAGA_STRW0.035{S}10</EstimateCode>	</RadiatorSubTypeMacro>	</RadiatorMainType>
  <RadiatorMainType>	<MainTypeName>JAGA STRADA $fal1 10 H050/</MainTypeName>	<DimensionIndex>2</DimensionIndex>	<DimensionIndex>1</DimensionIndex>	<kvValue>4</kvValue>		<RadiatorSubTypeMacro From="0" To="13">				<Name>STRW H50 L{S} T10/STRADA $fal1</Name>	<Power>1385.2</Power>	<Surface>0</Surface>	<Volume>0.6478</Volume>	<Exponent>1.385</Exponent>	<EstimateCode>JAGA_STRW0.050{S}10</EstimateCode>	</RadiatorSubTypeMacro>	</RadiatorMainType>
  <RadiatorMainType>	<MainTypeName>JAGA STRADA $fal1 10 H065/</MainTypeName>	<DimensionIndex>3</DimensionIndex>	<DimensionIndex>1</DimensionIndex>	<kvValue>4</kvValue>		<RadiatorSubTypeMacro From="0" To="13">				<Name>STRW H65 L{S} T10/STRADA $fal1</Name>	<Power>1554.8</Power>	<Surface>0</Surface>	<Volume>0.6478</Volume>	<Exponent>1.371</Exponent>	<EstimateCode>JAGA_STRW0.065{S}10</EstimateCode>	</RadiatorSubTypeMacro>	</RadiatorMainType>
  <RadiatorMainType>	<MainTypeName>JAGA STRADA $fal1 10 H095/</MainTypeName>	<DimensionIndex>4</DimensionIndex>	<DimensionIndex>1</DimensionIndex>	<kvValue>4</kvValue>		<RadiatorSubTypeMacro From="1" To="8" PowerCorrection="1.5">	<Name>STRW H95 L{S} T10/STRADA $fal1</Name>	<Power>1777.5</Power>	<Surface>0</Surface>	<Volume>0.65</Volume>	<Exponent>1.343</Exponent>	<EstimateCode>JAGA_STRW0.095{S}10</EstimateCode>	</RadiatorSubTypeMacro>	</RadiatorMainType>
  <RadiatorMainType>	<MainTypeName>JAGA STRADA $fal1 11 H035/</MainTypeName>	<DimensionIndex>1</DimensionIndex>	<DimensionIndex>2</DimensionIndex>	<kvValue>3</kvValue>		<RadiatorSubTypeMacro From="0" To="13">				<Name>STRW H35 L{S} T11/STRADA $fal1</Name>	<Power>1555.2</Power>	<Surface>0</Surface>	<Volume>1.326</Volume>	<Exponent>1.44</Exponent>	<EstimateCode>JAGA_STRW0.035{S}11</EstimateCode>	</RadiatorSubTypeMacro>	</RadiatorMainType>
  <RadiatorMainType>	<MainTypeName>JAGA STRADA $fal1 11 H050/</MainTypeName>	<DimensionIndex>2</DimensionIndex>	<DimensionIndex>2</DimensionIndex>	<kvValue>3</kvValue>		<RadiatorSubTypeMacro From="0" To="13">				<Name>STRW H50 L{S} T11/STRADA $fal1</Name>	<Power>1801.7</Power>	<Surface>0</Surface>	<Volume>1.326</Volume>	<Exponent>1.438</Exponent>	<EstimateCode>JAGA_STRW0.050{S}11</EstimateCode>	</RadiatorSubTypeMacro>	</RadiatorMainType>
  <RadiatorMainType>	<MainTypeName>JAGA STRADA $fal1 11 H065/</MainTypeName>	<DimensionIndex>3</DimensionIndex>	<DimensionIndex>2</DimensionIndex>	<kvValue>3</kvValue>		<RadiatorSubTypeMacro From="0" To="13" PowerCorrection="1.391">	<Name>STRW H65 L{S} T11/STRADA $fal1</Name>	<Power>2005.2</Power>	<Surface>0</Surface>	<Volume>1.326</Volume>	<Exponent>1.437</Exponent>	<EstimateCode>JAGA_STRW0.065{S}11</EstimateCode>	</RadiatorSubTypeMacro>	</RadiatorMainType>
  <RadiatorMainType>	<MainTypeName>JAGA STRADA $fal1 11 H095/</MainTypeName>	<DimensionIndex>4</DimensionIndex>	<DimensionIndex>2</DimensionIndex>	<kvValue>3</kvValue>		<RadiatorSubTypeMacro From="1" To="8">				<Name>STRW H95 L{S} T11/STRADA $fal1</Name>	<Power>2332.5</Power>	<Surface>0</Surface>	<Volume>1.325</Volume>	<Exponent>1.434</Exponent>	<EstimateCode>JAGA_STRW0.095{S}11</EstimateCode>	</RadiatorSubTypeMacro>	</RadiatorMainType>
  <RadiatorMainType>	<MainTypeName>JAGA STRADA $fal1 15 H020/</MainTypeName>	<DimensionIndex>0</DimensionIndex>	<DimensionIndex>3</DimensionIndex>	<kvValue>4</kvValue>		<RadiatorSubTypeMacro From="0" To="13">				<Name>STRW H20 L{S} T15/STRADA $fal1</Name>	<Power>1409.1</Power>	<Surface>0</Surface>	<Volume>0.9783</Volume>	<Exponent>1.408</Exponent>	<EstimateCode>JAGA_STRW0.020{S}15</EstimateCode>	</RadiatorSubTypeMacro>	</RadiatorMainType>
  <RadiatorMainType>	<MainTypeName>JAGA STRADA $fal1 15 H035/</MainTypeName>	<DimensionIndex>1</DimensionIndex>	<DimensionIndex>3</DimensionIndex>	<kvValue>4</kvValue>		<RadiatorSubTypeMacro From="0" To="13">				<Name>STRW H35 L{S} T15/STRADA $fal1</Name>	<Power>1893</Power>	<Surface>0</Surface>	<Volume>0.9783</Volume>	<Exponent>1.39</Exponent>	<EstimateCode>JAGA_STRW0.035{S}15</EstimateCode>	</RadiatorSubTypeMacro>	</RadiatorMainType>
  <RadiatorMainType>	<MainTypeName>JAGA STRADA $fal1 15 H050/</MainTypeName>	<DimensionIndex>2</DimensionIndex>	<DimensionIndex>3</DimensionIndex>	<kvValue>4</kvValue>		<RadiatorSubTypeMacro From="0" To="13">				<Name>STRW H50 L{S} T15/STRADA $fal1</Name>	<Power>2226.5</Power>	<Surface>0</Surface>	<Volume>0.9783</Volume>	<Exponent>1.373</Exponent>	<EstimateCode>JAGA_STRW0.050{S}15</EstimateCode>	</RadiatorSubTypeMacro>	</RadiatorMainType>
  <RadiatorMainType>	<MainTypeName>JAGA STRADA $fal1 15 H065/</MainTypeName>	<DimensionIndex>3</DimensionIndex>	<DimensionIndex>3</DimensionIndex>	<kvValue>4</kvValue>		<RadiatorSubTypeMacro From="0" To="13">				<Name>STRW H65 L{S} T15/STRADA $fal1</Name>	<Power>2460.4</Power>	<Surface>0</Surface>	<Volume>0.9783</Volume>	<Exponent>1.355</Exponent>	<EstimateCode>JAGA_STRW0.065{S}15</EstimateCode>	</RadiatorSubTypeMacro>	</RadiatorMainType>
  <RadiatorMainType>	<MainTypeName>JAGA STRADA $fal1 15 H095/</MainTypeName>	<DimensionIndex>4</DimensionIndex>	<DimensionIndex>3</DimensionIndex>	<kvValue>4</kvValue>		<RadiatorSubTypeMacro From="1" To="8">				<Name>STRW H95 L{S} T15/STRADA $fal1</Name>	<Power>2728.8</Power>	<Surface>0</Surface>	<Volume>0.975</Volume>	<Exponent>1.32</Exponent>	<EstimateCode>JAGA_STRW0.095{S}15</EstimateCode>	</RadiatorSubTypeMacro>	</RadiatorMainType>
  <RadiatorMainType>	<MainTypeName>JAGA STRADA $fal1 16 H035/</MainTypeName>	<DimensionIndex>1</DimensionIndex>	<DimensionIndex>4</DimensionIndex>	<kvValue>2.5</kvValue>		<RadiatorSubTypeMacro From="0" To="13">				<Name>STRW H35 L{S} T16/STRADA $fal1</Name>	<Power>2078.3</Power>	<Surface>0</Surface>	<Volume>1.978</Volume>	<Exponent>1.458</Exponent>	<EstimateCode>JAGA_STRW0.035{S}16</EstimateCode>	</RadiatorSubTypeMacro>	</RadiatorMainType>
  <RadiatorMainType>	<MainTypeName>JAGA STRADA $fal1 16 H050/</MainTypeName>	<DimensionIndex>2</DimensionIndex>	<DimensionIndex>4</DimensionIndex>	<kvValue>2.5</kvValue>		<RadiatorSubTypeMacro From="0" To="13">				<Name>STRW H50 L{S} T16/STRADA $fal1</Name>	<Power>2478.7</Power>	<Surface>0</Surface>	<Volume>1.978</Volume>	<Exponent>1.464</Exponent>	<EstimateCode>JAGA_STRW0.050{S}16</EstimateCode>	</RadiatorSubTypeMacro>	</RadiatorMainType>
  <RadiatorMainType>	<MainTypeName>JAGA STRADA $fal1 16 H065/</MainTypeName>	<DimensionIndex>3</DimensionIndex>	<DimensionIndex>4</DimensionIndex>	<kvValue>2.5</kvValue>		<RadiatorSubTypeMacro From="0" To="13" PowerCorrection="1.217">	<Name>STRW H65 L{S} T16/STRADA $fal1</Name>	<Power>2839.6</Power>	<Surface>0</Surface>	<Volume>1.978</Volume>	<Exponent>1.47</Exponent>	<EstimateCode>JAGA_STRW0.065{S}16</EstimateCode>	</RadiatorSubTypeMacro>	</RadiatorMainType>
  <RadiatorMainType>	<MainTypeName>JAGA STRADA $fal1 16 H095/</MainTypeName>	<DimensionIndex>4</DimensionIndex>	<DimensionIndex>4</DimensionIndex>	<kvValue>2.5</kvValue>		<RadiatorSubTypeMacro From="1" To="8">				<Name>STRW H95 L{S} T16/STRADA $fal1</Name>	<Power>3507.5</Power>	<Surface>0</Surface>	<Volume>1.975</Volume>	<Exponent>1.482</Exponent>	<EstimateCode>JAGA_STRW0.095{S}16</EstimateCode>	</RadiatorSubTypeMacro>	</RadiatorMainType>
  <RadiatorMainType>	<MainTypeName>JAGA STRADA $fal1 20 H020/</MainTypeName>	<DimensionIndex>0</DimensionIndex>	<DimensionIndex>5</DimensionIndex>	<kvValue>4.5</kvValue>		<RadiatorSubTypeMacro From="0" To="13">				<Name>STRW H20 L{S} T20/STRADA $fal1</Name>	<Power>1981.3</Power>	<Surface>0</Surface>	<Volume>1.322</Volume>	<Exponent>1.408</Exponent>	<EstimateCode>JAGA_STRW0.020{S}20</EstimateCode>	</RadiatorSubTypeMacro>	</RadiatorMainType>
  <RadiatorMainType>	<MainTypeName>JAGA STRADA $fal1 20 H035/</MainTypeName>	<DimensionIndex>1</DimensionIndex>	<DimensionIndex>5</DimensionIndex>	<kvValue>4.5</kvValue>		<RadiatorSubTypeMacro From="0" To="13">				<Name>STRW H35 L{S} T20/STRADA $fal1</Name>	<Power>2653</Power>	<Surface>0</Surface>	<Volume>1.322</Volume>	<Exponent>1.39</Exponent>	<EstimateCode>JAGA_STRW0.035{S}20</EstimateCode>	</RadiatorSubTypeMacro>	</RadiatorMainType>
  <RadiatorMainType>	<MainTypeName>JAGA STRADA $fal1 20 H050/</MainTypeName>	<DimensionIndex>2</DimensionIndex>	<DimensionIndex>5</DimensionIndex>	<kvValue>4.5</kvValue>		<RadiatorSubTypeMacro From="0" To="13">				<Name>STRW H50 L{S} T20/STRADA $fal1</Name>	<Power>3113.5</Power>	<Surface>0</Surface>	<Volume>1.322</Volume>	<Exponent>1.373</Exponent>	<EstimateCode>JAGA_STRW0.050{S}20</EstimateCode>	</RadiatorSubTypeMacro>	</RadiatorMainType>
  <RadiatorMainType>	<MainTypeName>JAGA STRADA $fal1 20 H065/</MainTypeName>	<DimensionIndex>3</DimensionIndex>	<DimensionIndex>5</DimensionIndex>	<kvValue>4.5</kvValue>		<RadiatorSubTypeMacro From="0" To="13">				<Name>STRW H65 L{S} T20/STRADA $fal1</Name>	<Power>3436.5</Power>	<Surface>0</Surface>	<Volume>1.322</Volume>	<Exponent>1.355</Exponent>	<EstimateCode>JAGA_STRW0.065{S}20</EstimateCode>	</RadiatorSubTypeMacro>	</RadiatorMainType>
  <RadiatorMainType>	<MainTypeName>JAGA STRADA $fal1 20 H095/</MainTypeName>	<DimensionIndex>4</DimensionIndex>	<DimensionIndex>5</DimensionIndex>	<kvValue>4.5</kvValue>		<RadiatorSubTypeMacro From="1" To="8">				<Name>STRW H95 L{S} T20/STRADA $fal1</Name>	<Power>3806.3</Power>	<Surface>0</Surface>	<Volume>1.325</Volume>	<Exponent>1.32</Exponent>	<EstimateCode>JAGA_STRW0.095{S}20</EstimateCode>	</RadiatorSubTypeMacro>	</RadiatorMainType>
  <RadiatorMainType>	<MainTypeName>JAGA STRADA $fal1 21 H035/</MainTypeName>	<DimensionIndex>1</DimensionIndex>	<DimensionIndex>6</DimensionIndex>	<kvValue>4</kvValue>		<RadiatorSubTypeMacro From="0" To="13">				<Name>STRW H35 L{S} T21/STRADA $fal1</Name>	<Power>2764.8</Power>	<Surface>0</Surface>	<Volume>2.661</Volume>	<Exponent>1.472</Exponent>	<EstimateCode>JAGA_STRW0.035{S}21</EstimateCode>	</RadiatorSubTypeMacro>	</RadiatorMainType>
  <RadiatorMainType>	<MainTypeName>JAGA STRADA $fal1 21 H050/</MainTypeName>	<DimensionIndex>2</DimensionIndex>	<DimensionIndex>6</DimensionIndex>	<kvValue>4</kvValue>		<RadiatorSubTypeMacro From="0" To="13">				<Name>STRW H50 L{S} T21/STRADA $fal1</Name>	<Power>3385.2</Power>	<Surface>0</Surface>	<Volume>2.661</Volume>	<Exponent>1.485</Exponent>	<EstimateCode>JAGA_STRW0.050{S}21</EstimateCode>	</RadiatorSubTypeMacro>	</RadiatorMainType>
  <RadiatorMainType>	<MainTypeName>JAGA STRADA $fal1 21 H065/</MainTypeName>	<DimensionIndex>3</DimensionIndex>	<DimensionIndex>6</DimensionIndex>	<kvValue>4</kvValue>		<RadiatorSubTypeMacro From="0" To="13">				<Name>STRW H65 L{S} T21/STRADA $fal1</Name>	<Power>3981.3</Power>	<Surface>0</Surface>	<Volume>2.661</Volume>	<Exponent>1.497</Exponent>	<EstimateCode>JAGA_STRW0.065{S}21</EstimateCode>	</RadiatorSubTypeMacro>	</RadiatorMainType>
  <RadiatorMainType>	<MainTypeName>JAGA STRADA $fal1 21 H095/</MainTypeName>	<DimensionIndex>4</DimensionIndex>	<DimensionIndex>6</DimensionIndex>	<kvValue>4</kvValue>		<RadiatorSubTypeMacro From="1" To="8">				<Name>STRW H95 L{S} T21/STRADA $fal1</Name>	<Power>5173.8</Power>	<Surface>0</Surface>	<Volume>2.65</Volume>	<Exponent>1.522</Exponent>	<EstimateCode>JAGA_STRW0.095{S}21</EstimateCode>	</RadiatorSubTypeMacro>	</RadiatorMainType>
</WinWattDBRadiator>

</WinWattDB>
