<?xml version="1.0" encoding="ISO-8859-2" ?>
<WinWattDB>

<WinWattDBGlobalMacro>
	<Macro ID="$fal1" Language="hun">fali</Macro>
	<Macro ID="$fal1" Language="sky">fali</Macro>
	<Macro ID="$fal1" Language="rom">de perete</Macro>
</WinWattDBGlobalMacro>

<WinWattDBRadiator DTLog="Yes">
  <ItemHeader>
    <Date><Year>2004</Year><Month>8</Month><Day>4</Day></Date>
    <ItemPath>JAGA</ItemPath>
    <ItemName>JAGA TEMPO $fal1</ItemName>
    <HomePage></HomePage></ItemHeader>
  <DTOrigin>59.44</DTOrigin>
  <DimensionArray Type="Height" >
    <DimensionString Value="200" >020</DimensionString>
    <DimensionString Value="300" >030</DimensionString>
    <DimensionString Value="400" >040</DimensionString>
    <DimensionString Value="500" >050</DimensionString>
    <DimensionString Value="600" >060</DimensionString>
    <DimensionString Value="700" >070</DimensionString>
    <DimensionString Value="900" >090</DimensionString>
  </DimensionArray>
  <DimensionArray Type="Width" >
    <DimensionString Value="118" >10</DimensionString>
    <DimensionString Value="118" >11</DimensionString>
    <DimensionString Value="168" >15</DimensionString>
    <DimensionString Value="168" >16</DimensionString>
    <DimensionString Value="218" >20</DimensionString>
    <DimensionString Value="218" >21</DimensionString>
  </DimensionArray>
  <DimensionArray Type="Length" >
    <DimensionString Value="400" >040</DimensionString>
    <DimensionString Value="500" >050</DimensionString>
    <DimensionString Value="600" >060</DimensionString>
    <DimensionString Value="700" >070</DimensionString>
    <DimensionString Value="800" >080</DimensionString>
    <DimensionString Value="900" >090</DimensionString>
    <DimensionString Value="1000" >100</DimensionString>
    <DimensionString Value="1100" >110</DimensionString>
    <DimensionString Value="1200" >120</DimensionString>
    <DimensionString Value="1400" >140</DimensionString>
    <DimensionString Value="1600" >160</DimensionString>
    <DimensionString Value="1800" >180</DimensionString>
    <DimensionString Value="2000" >200</DimensionString>
    <DimensionString Value="2200" >220</DimensionString>
    <DimensionString Value="2400" >240</DimensionString>
    <DimensionString Value="2600" >260</DimensionString>
    <DimensionString Value="2800" >280</DimensionString>
    <DimensionString Value="3000" >300</DimensionString>
  </DimensionArray>
  <RadiatorMainType>	<MainTypeName>JAGA TEMPO $fal1 10 H020/</MainTypeName>	<DimensionIndex>0</DimensionIndex>	<DimensionIndex>0</DimensionIndex>	<kvValue>4</kvValue>		<RadiatorSubTypeMacro From="0" To="17">					<Name>TEMW H20 L{S} T10/TEMPO $fal1</Name>	<Power>847.69</Power>	<Surface>0</Surface>	<Volume>0.65</Volume>	<Exponent>1.413</Exponent>	<EstimateCode>JAGA_TEMW0.020{S}10</EstimateCode>	</RadiatorSubTypeMacro>	</RadiatorMainType>
  <RadiatorMainType>	<MainTypeName>JAGA TEMPO $fal1 10 H030/</MainTypeName>	<DimensionIndex>1</DimensionIndex>	<DimensionIndex>0</DimensionIndex>	<kvValue>4</kvValue>		<RadiatorSubTypeMacro From="0" To="17">					<Name>TEMW H30 L{S} T10/TEMPO $fal1</Name>	<Power>1066.5</Power>	<Surface>0</Surface>	<Volume>0.65</Volume>	<Exponent>1.403</Exponent>	<EstimateCode>JAGA_TEMW0.030{S}10</EstimateCode>	</RadiatorSubTypeMacro>	</RadiatorMainType>
  <RadiatorMainType>	<MainTypeName>JAGA TEMPO $fal1 10 H040/</MainTypeName>	<DimensionIndex>2</DimensionIndex>	<DimensionIndex>0</DimensionIndex>	<kvValue>4</kvValue>		<RadiatorSubTypeMacro From="0" To="17">					<Name>TEMW H40 L{S} T10/TEMPO $fal1</Name>	<Power>1241.5</Power>	<Surface>0</Surface>	<Volume>0.65</Volume>	<Exponent>1.394</Exponent>	<EstimateCode>JAGA_TEMW0.040{S}10</EstimateCode>	</RadiatorSubTypeMacro>	</RadiatorMainType>
  <RadiatorMainType>	<MainTypeName>JAGA TEMPO $fal1 10 H050/</MainTypeName>	<DimensionIndex>3</DimensionIndex>	<DimensionIndex>0</DimensionIndex>	<kvValue>4</kvValue>		<RadiatorSubTypeMacro From="0" To="17" PowerCorrection="-1">		<Name>TEMW H50 L{S} T10/TEMPO $fal1</Name>	<Power>1385</Power>	<Surface>0</Surface>	<Volume>0.65</Volume>	<Exponent>1.385</Exponent>	<EstimateCode>JAGA_TEMW0.050{S}10</EstimateCode>	</RadiatorSubTypeMacro>	</RadiatorMainType>
  <RadiatorMainType>	<MainTypeName>JAGA TEMPO $fal1 10 H060/</MainTypeName>	<DimensionIndex>4</DimensionIndex>	<DimensionIndex>0</DimensionIndex>	<kvValue>4</kvValue>		<RadiatorSubTypeMacro From="0" To="17">					<Name>TEMW H60 L{S} T10/TEMPO $fal1</Name>	<Power>1503.5</Power>	<Surface>0</Surface>	<Volume>0.65</Volume>	<Exponent>1.376</Exponent>	<EstimateCode>JAGA_TEMW0.060{S}10</EstimateCode>	</RadiatorSubTypeMacro>	</RadiatorMainType>
  <RadiatorMainType>	<MainTypeName>JAGA TEMPO $fal1 10 H070/</MainTypeName>	<DimensionIndex>5</DimensionIndex>	<DimensionIndex>0</DimensionIndex>	<kvValue>4</kvValue>		<RadiatorSubTypeMacro From="0" To="17">					<Name>TEMW H70 L{S} T10/TEMPO $fal1</Name>	<Power>1601.5</Power>	<Surface>0</Surface>	<Volume>0.65</Volume>	<Exponent>1.366</Exponent>	<EstimateCode>JAGA_TEMW0.070{S}10</EstimateCode>	</RadiatorSubTypeMacro>	</RadiatorMainType>
  <RadiatorMainType>	<MainTypeName>JAGA TEMPO $fal1 10 H090/</MainTypeName>	<DimensionIndex>6</DimensionIndex>	<DimensionIndex>0</DimensionIndex>	<kvValue>4</kvValue>		<RadiatorSubTypeMacro From="0" To="17">					<Name>TEMW H90 L{S} T10/TEMPO $fal1</Name>	<Power>1750.8</Power>	<Surface>0</Surface>	<Volume>0.65</Volume>	<Exponent>1.348</Exponent>	<EstimateCode>JAGA_TEMW0.090{S}10</EstimateCode>	</RadiatorSubTypeMacro>	</RadiatorMainType>
  <RadiatorMainType>	<MainTypeName>JAGA TEMPO $fal1 11 H030/</MainTypeName>	<DimensionIndex>1</DimensionIndex>	<DimensionIndex>1</DimensionIndex>	<kvValue>3</kvValue>		<RadiatorSubTypeMacro From="0" To="17" PowerCorrection="-1.077">	<Name>TEMW H30 L{S} T11/TEMPO $fal1</Name>	<Power>1457.7</Power>	<Surface>0</Surface>	<Volume>1.33</Volume>	<Exponent>1.44</Exponent>	<EstimateCode>JAGA_TEMW0.030{S}11</EstimateCode>	</RadiatorSubTypeMacro>	</RadiatorMainType>
  <RadiatorMainType>	<MainTypeName>JAGA TEMPO $fal1 11 H040/</MainTypeName>	<DimensionIndex>2</DimensionIndex>	<DimensionIndex>1</DimensionIndex>	<kvValue>3</kvValue>		<RadiatorSubTypeMacro From="0" To="17">					<Name>TEMW H40 L{S} T11/TEMPO $fal1</Name>	<Power>1643.1</Power>	<Surface>0</Surface>	<Volume>1.33</Volume>	<Exponent>1.439</Exponent>	<EstimateCode>JAGA_TEMW0.040{S}11</EstimateCode>	</RadiatorSubTypeMacro>	</RadiatorMainType>
  <RadiatorMainType>	<MainTypeName>JAGA TEMPO $fal1 11 H050/</MainTypeName>	<DimensionIndex>3</DimensionIndex>	<DimensionIndex>1</DimensionIndex>	<kvValue>3</kvValue>		<RadiatorSubTypeMacro From="0" To="17">					<Name>TEMW H50 L{S} T11/TEMPO $fal1</Name>	<Power>1801.9</Power>	<Surface>0</Surface>	<Volume>1.33</Volume>	<Exponent>1.438</Exponent>	<EstimateCode>JAGA_TEMW0.050{S}11</EstimateCode>	</RadiatorSubTypeMacro>	</RadiatorMainType>
  <RadiatorMainType>	<MainTypeName>JAGA TEMPO $fal1 11 H060/</MainTypeName>	<DimensionIndex>4</DimensionIndex>	<DimensionIndex>1</DimensionIndex>	<kvValue>3</kvValue>		<RadiatorSubTypeMacro From="0" To="17">					<Name>TEMW H60 L{S} T11/TEMPO $fal1</Name>	<Power>1942.3</Power>	<Surface>0</Surface>	<Volume>1.33</Volume>	<Exponent>1.437</Exponent>	<EstimateCode>JAGA_TEMW0.060{S}11</EstimateCode>	</RadiatorSubTypeMacro>	</RadiatorMainType>
  <RadiatorMainType>	<MainTypeName>JAGA TEMPO $fal1 11 H070/</MainTypeName>	<DimensionIndex>5</DimensionIndex>	<DimensionIndex>1</DimensionIndex>	<kvValue>3</kvValue>		<RadiatorSubTypeMacro From="0" To="17">					<Name>TEMW H70 L{S} T11/TEMPO $fal1</Name>	<Power>2065.4</Power>	<Surface>0</Surface>	<Volume>1.33</Volume>	<Exponent>1.436</Exponent>	<EstimateCode>JAGA_TEMW0.070{S}11</EstimateCode>	</RadiatorSubTypeMacro>	</RadiatorMainType>
  <RadiatorMainType>	<MainTypeName>JAGA TEMPO $fal1 11 H090/</MainTypeName>	<DimensionIndex>6</DimensionIndex>	<DimensionIndex>1</DimensionIndex>	<kvValue>3</kvValue>		<RadiatorSubTypeMacro From="0" To="17">					<Name>TEMW H90 L{S} T11/TEMPO $fal1</Name>	<Power>2283.8</Power>	<Surface>0</Surface>	<Volume>1.33</Volume>	<Exponent>1.434</Exponent>	<EstimateCode>JAGA_TEMW0.090{S}11</EstimateCode>	</RadiatorSubTypeMacro>	</RadiatorMainType>
  <RadiatorMainType>	<MainTypeName>JAGA TEMPO $fal1 15 H020/</MainTypeName>	<DimensionIndex>0</DimensionIndex>	<DimensionIndex>2</DimensionIndex>	<kvValue>4</kvValue>		<RadiatorSubTypeMacro From="0" To="17">					<Name>TEMW H20 L{S} T15/TEMPO $fal1</Name>	<Power>1409.2</Power>	<Surface>0</Surface>	<Volume>0.98</Volume>	<Exponent>1.408</Exponent>	<EstimateCode>JAGA_TEMW0.020{S}15</EstimateCode>	</RadiatorSubTypeMacro>	</RadiatorMainType>
  <RadiatorMainType>	<MainTypeName>JAGA TEMPO $fal1 15 H030/</MainTypeName>	<DimensionIndex>1</DimensionIndex>	<DimensionIndex>2</DimensionIndex>	<kvValue>4</kvValue>		<RadiatorSubTypeMacro From="0" To="17">					<Name>TEMW H30 L{S} T15/TEMPO $fal1</Name>	<Power>1752.7</Power>	<Surface>0</Surface>	<Volume>0.98</Volume>	<Exponent>1.396</Exponent>	<EstimateCode>JAGA_TEMW0.030{S}15</EstimateCode>	</RadiatorSubTypeMacro>	</RadiatorMainType>
  <RadiatorMainType>	<MainTypeName>JAGA TEMPO $fal1 15 H040/</MainTypeName>	<DimensionIndex>2</DimensionIndex>	<DimensionIndex>2</DimensionIndex>	<kvValue>4</kvValue>		<RadiatorSubTypeMacro From="0" To="17">					<Name>TEMW H40 L{S} T15/TEMPO $fal1</Name>	<Power>2018.1</Power>	<Surface>0</Surface>	<Volume>0.98</Volume>	<Exponent>1.385</Exponent>	<EstimateCode>JAGA_TEMW0.040{S}15</EstimateCode>	</RadiatorSubTypeMacro>	</RadiatorMainType>
  <RadiatorMainType>	<MainTypeName>JAGA TEMPO $fal1 15 H050/</MainTypeName>	<DimensionIndex>3</DimensionIndex>	<DimensionIndex>2</DimensionIndex>	<kvValue>4</kvValue>		<RadiatorSubTypeMacro From="0" To="17">					<Name>TEMW H50 L{S} T15/TEMPO $fal1</Name>	<Power>2226.2</Power>	<Surface>0</Surface>	<Volume>0.98</Volume>	<Exponent>1.373</Exponent>	<EstimateCode>JAGA_TEMW0.050{S}15</EstimateCode>	</RadiatorSubTypeMacro>	</RadiatorMainType>
  <RadiatorMainType>	<MainTypeName>JAGA TEMPO $fal1 15 H060/</MainTypeName>	<DimensionIndex>4</DimensionIndex>	<DimensionIndex>2</DimensionIndex>	<kvValue>4</kvValue>		<RadiatorSubTypeMacro From="0" To="17" PowerCorrection="-1.077">	<Name>TEMW H60 L{S} T15/TEMPO $fal1</Name>	<Power>2392.7</Power>	<Surface>0</Surface>	<Volume>0.98</Volume>	<Exponent>1.361</Exponent>	<EstimateCode>JAGA_TEMW0.060{S}15</EstimateCode>	</RadiatorSubTypeMacro>	</RadiatorMainType>
  <RadiatorMainType>	<MainTypeName>JAGA TEMPO $fal1 15 H070/</MainTypeName>	<DimensionIndex>5</DimensionIndex>	<DimensionIndex>2</DimensionIndex>	<kvValue>4</kvValue>		<RadiatorSubTypeMacro From="0" To="17">					<Name>TEMW H70 L{S} T15/TEMPO $fal1</Name>	<Power>2522.3</Power>	<Surface>0</Surface>	<Volume>0.98</Volume>	<Exponent>1.35</Exponent>	<EstimateCode>JAGA_TEMW0.070{S}15</EstimateCode>	</RadiatorSubTypeMacro>	</RadiatorMainType>
  <RadiatorMainType>	<MainTypeName>JAGA TEMPO $fal1 15 H090/</MainTypeName>	<DimensionIndex>6</DimensionIndex>	<DimensionIndex>2</DimensionIndex>	<kvValue>4</kvValue>		<RadiatorSubTypeMacro From="0" To="17">					<Name>TEMW H90 L{S} T15/TEMPO $fal1</Name>	<Power>2698.5</Power>	<Surface>0</Surface>	<Volume>0.98</Volume>	<Exponent>1.326</Exponent>	<EstimateCode>JAGA_TEMW0.090{S}15</EstimateCode>	</RadiatorSubTypeMacro>	</RadiatorMainType>
  <RadiatorMainType>	<MainTypeName>JAGA TEMPO $fal1 16 H030/</MainTypeName>	<DimensionIndex>1</DimensionIndex>	<DimensionIndex>3</DimensionIndex>	<kvValue>2.5</kvValue>		<RadiatorSubTypeMacro From="0" To="17">					<Name>TEMW H30 L{S} T16/TEMPO $fal1</Name>	<Power>1930</Power>	<Surface>0</Surface>	<Volume>1.98</Volume>	<Exponent>1.456</Exponent>	<EstimateCode>JAGA_TEMW0.030{S}16</EstimateCode>	</RadiatorSubTypeMacro>	</RadiatorMainType>
  <RadiatorMainType>	<MainTypeName>JAGA TEMPO $fal1 16 H040/</MainTypeName>	<DimensionIndex>2</DimensionIndex>	<DimensionIndex>3</DimensionIndex>	<kvValue>2.5</kvValue>		<RadiatorSubTypeMacro From="0" To="17">					<Name>TEMW H40 L{S} T16/TEMPO $fal1</Name>	<Power>2218.8</Power>	<Surface>0</Surface>	<Volume>1.98</Volume>	<Exponent>1.46</Exponent>	<EstimateCode>JAGA_TEMW0.040{S}16</EstimateCode>	</RadiatorSubTypeMacro>	</RadiatorMainType>
  <RadiatorMainType>	<MainTypeName>JAGA TEMPO $fal1 16 H050/</MainTypeName>	<DimensionIndex>3</DimensionIndex>	<DimensionIndex>3</DimensionIndex>	<kvValue>2.5</kvValue>		<RadiatorSubTypeMacro From="0" To="17">					<Name>TEMW H50 L{S} T16/TEMPO $fal1</Name>	<Power>2478.8</Power>	<Surface>0</Surface>	<Volume>1.98</Volume>	<Exponent>1.464</Exponent>	<EstimateCode>JAGA_TEMW0.050{S}16</EstimateCode>	</RadiatorSubTypeMacro>	</RadiatorMainType>
  <RadiatorMainType>	<MainTypeName>JAGA TEMPO $fal1 16 H060/</MainTypeName>	<DimensionIndex>4</DimensionIndex>	<DimensionIndex>3</DimensionIndex>	<kvValue>2.5</kvValue>		<RadiatorSubTypeMacro From="0" To="17">					<Name>TEMW H60 L{S} T16/TEMPO $fal1</Name>	<Power>2723.5</Power>	<Surface>0</Surface>	<Volume>1.98</Volume>	<Exponent>1.468</Exponent>	<EstimateCode>JAGA_TEMW0.060{S}16</EstimateCode>	</RadiatorSubTypeMacro>	</RadiatorMainType>
  <RadiatorMainType>	<MainTypeName>JAGA TEMPO $fal1 16 H070/</MainTypeName>	<DimensionIndex>5</DimensionIndex>	<DimensionIndex>3</DimensionIndex>	<kvValue>2.5</kvValue>		<RadiatorSubTypeMacro From="0" To="17">					<Name>TEMW H70 L{S} T16/TEMPO $fal1</Name>	<Power>2956.2</Power>	<Surface>0</Surface>	<Volume>1.98</Volume>	<Exponent>1.472</Exponent>	<EstimateCode>JAGA_TEMW0.070{S}16</EstimateCode>	</RadiatorSubTypeMacro>	</RadiatorMainType>
  <RadiatorMainType>	<MainTypeName>JAGA TEMPO $fal1 16 H090/</MainTypeName>	<DimensionIndex>6</DimensionIndex>	<DimensionIndex>3</DimensionIndex>	<kvValue>2.5</kvValue>		<RadiatorSubTypeMacro From="0" To="17">					<Name>TEMW H90 L{S} T16/TEMPO $fal1</Name>	<Power>3400.8</Power>	<Surface>0</Surface>	<Volume>1.98</Volume>	<Exponent>1.48</Exponent>	<EstimateCode>JAGA_TEMW0.090{S}16</EstimateCode>	</RadiatorSubTypeMacro>	</RadiatorMainType>
  <RadiatorMainType>	<MainTypeName>JAGA TEMPO $fal1 20 H020/</MainTypeName>	<DimensionIndex>0</DimensionIndex>	<DimensionIndex>4</DimensionIndex>	<kvValue>4.5</kvValue>		<RadiatorSubTypeMacro From="0" To="17">					<Name>TEMW H20 L{S} T20/TEMPO $fal1</Name>	<Power>1980.8</Power>	<Surface>0</Surface>	<Volume>1.32</Volume>	<Exponent>1.408</Exponent>	<EstimateCode>JAGA_TEMW0.020{S}20</EstimateCode>	</RadiatorSubTypeMacro>	</RadiatorMainType>
  <RadiatorMainType>	<MainTypeName>JAGA TEMPO $fal1 20 H030/</MainTypeName>	<DimensionIndex>1</DimensionIndex>	<DimensionIndex>4</DimensionIndex>	<kvValue>4.5</kvValue>		<RadiatorSubTypeMacro From="0" To="17">					<Name>TEMW H30 L{S} T20/TEMPO $fal1</Name>	<Power>2458.8</Power>	<Surface>0</Surface>	<Volume>1.32</Volume>	<Exponent>1.396</Exponent>	<EstimateCode>JAGA_TEMW0.030{S}20</EstimateCode>	</RadiatorSubTypeMacro>	</RadiatorMainType>
  <RadiatorMainType>	<MainTypeName>JAGA TEMPO $fal1 20 H040/</MainTypeName>	<DimensionIndex>2</DimensionIndex>	<DimensionIndex>4</DimensionIndex>	<kvValue>4.5</kvValue>		<RadiatorSubTypeMacro From="0" To="17">					<Name>TEMW H40 L{S} T20/TEMPO $fal1</Name>	<Power>2826.5</Power>	<Surface>0</Surface>	<Volume>1.32</Volume>	<Exponent>1.384</Exponent>	<EstimateCode>JAGA_TEMW0.040{S}20</EstimateCode>	</RadiatorSubTypeMacro>	</RadiatorMainType>
  <RadiatorMainType>	<MainTypeName>JAGA TEMPO $fal1 20 H050/</MainTypeName>	<DimensionIndex>3</DimensionIndex>	<DimensionIndex>4</DimensionIndex>	<kvValue>4.5</kvValue>		<RadiatorSubTypeMacro From="0" To="17">					<Name>TEMW H50 L{S} T20/TEMPO $fal1</Name>	<Power>3113.8</Power>	<Surface>0</Surface>	<Volume>1.32</Volume>	<Exponent>1.373</Exponent>	<EstimateCode>JAGA_TEMW0.050{S}20</EstimateCode>	</RadiatorSubTypeMacro>	</RadiatorMainType>
  <RadiatorMainType>	<MainTypeName>JAGA TEMPO $fal1 20 H060/</MainTypeName>	<DimensionIndex>4</DimensionIndex>	<DimensionIndex>4</DimensionIndex>	<kvValue>4.5</kvValue>		<RadiatorSubTypeMacro From="0" To="17">					<Name>TEMW H60 L{S} T20/TEMPO $fal1</Name>	<Power>3343.5</Power>	<Surface>0</Surface>	<Volume>1.32</Volume>	<Exponent>1.361</Exponent>	<EstimateCode>JAGA_TEMW0.060{S}20</EstimateCode>	</RadiatorSubTypeMacro>	</RadiatorMainType>
  <RadiatorMainType>	<MainTypeName>JAGA TEMPO $fal1 20 H070/</MainTypeName>	<DimensionIndex>5</DimensionIndex>	<DimensionIndex>4</DimensionIndex>	<kvValue>4.5</kvValue>		<RadiatorSubTypeMacro From="0" To="17">					<Name>TEMW H70 L{S} T20/TEMPO $fal1</Name>	<Power>3521.2</Power>	<Surface>0</Surface>	<Volume>1.32</Volume>	<Exponent>1.349</Exponent>	<EstimateCode>JAGA_TEMW0.070{S}20</EstimateCode>	</RadiatorSubTypeMacro>	</RadiatorMainType>
  <RadiatorMainType>	<MainTypeName>JAGA TEMPO $fal1 20 H090/</MainTypeName>	<DimensionIndex>6</DimensionIndex>	<DimensionIndex>4</DimensionIndex>	<kvValue>4.5</kvValue>		<RadiatorSubTypeMacro From="0" To="17">					<Name>TEMW H90 L{S} T20/TEMPO $fal1</Name>	<Power>3764.2</Power>	<Surface>0</Surface>	<Volume>1.32</Volume>	<Exponent>1.326</Exponent>	<EstimateCode>JAGA_TEMW0.090{S}20</EstimateCode>	</RadiatorSubTypeMacro>	</RadiatorMainType>
  <RadiatorMainType>	<MainTypeName>JAGA TEMPO $fal1 21 H030/</MainTypeName>	<DimensionIndex>1</DimensionIndex>	<DimensionIndex>5</DimensionIndex>	<kvValue>4</kvValue>		<RadiatorSubTypeMacro From="0" To="17">					<Name>TEMW H30 L{S} T21/TEMPO $fal1</Name>	<Power>2546.2</Power>	<Surface>0</Surface>	<Volume>2.66</Volume>	<Exponent>1.468</Exponent>	<EstimateCode>JAGA_TEMW0.030{S}21</EstimateCode>	</RadiatorSubTypeMacro>	</RadiatorMainType>
  <RadiatorMainType>	<MainTypeName>JAGA TEMPO $fal1 21 H040/</MainTypeName>	<DimensionIndex>2</DimensionIndex>	<DimensionIndex>5</DimensionIndex>	<kvValue>4</kvValue>		<RadiatorSubTypeMacro From="0" To="17">					<Name>TEMW H40 L{S} T21/TEMPO $fal1</Name>	<Power>2976.5</Power>	<Surface>0</Surface>	<Volume>2.66</Volume>	<Exponent>1.477</Exponent>	<EstimateCode>JAGA_TEMW0.040{S}21</EstimateCode>	</RadiatorSubTypeMacro>	</RadiatorMainType>
  <RadiatorMainType>	<MainTypeName>JAGA TEMPO $fal1 21 H050/</MainTypeName>	<DimensionIndex>3</DimensionIndex>	<DimensionIndex>5</DimensionIndex>	<kvValue>4</kvValue>		<RadiatorSubTypeMacro From="0" To="17">					<Name>TEMW H50 L{S} T21/TEMPO $fal1</Name>	<Power>3385</Power>	<Surface>0</Surface>	<Volume>2.66</Volume>	<Exponent>1.485</Exponent>	<EstimateCode>JAGA_TEMW0.050{S}21</EstimateCode>	</RadiatorSubTypeMacro>	</RadiatorMainType>
  <RadiatorMainType>	<MainTypeName>JAGA TEMPO $fal1 21 H060/</MainTypeName>	<DimensionIndex>4</DimensionIndex>	<DimensionIndex>5</DimensionIndex>	<kvValue>4</kvValue>		<RadiatorSubTypeMacro From="0" To="17">					<Name>TEMW H60 L{S} T21/TEMPO $fal1</Name>	<Power>3783.8</Power>	<Surface>0</Surface>	<Volume>2.66</Volume>	<Exponent>1.493</Exponent>	<EstimateCode>JAGA_TEMW0.060{S}21</EstimateCode>	</RadiatorSubTypeMacro>	</RadiatorMainType>
  <RadiatorMainType>	<MainTypeName>JAGA TEMPO $fal1 21 H070/</MainTypeName>	<DimensionIndex>5</DimensionIndex>	<DimensionIndex>5</DimensionIndex>	<kvValue>4</kvValue>		<RadiatorSubTypeMacro From="0" To="17">					<Name>TEMW H70 L{S} T21/TEMPO $fal1</Name>	<Power>4177.7</Power>	<Surface>0</Surface>	<Volume>2.66</Volume>	<Exponent>1.501</Exponent>	<EstimateCode>JAGA_TEMW0.070{S}21</EstimateCode>	</RadiatorSubTypeMacro>	</RadiatorMainType>
  <RadiatorMainType>	<MainTypeName>JAGA TEMPO $fal1 21 H090/</MainTypeName>	<DimensionIndex>6</DimensionIndex>	<DimensionIndex>5</DimensionIndex>	<kvValue>4</kvValue>		<RadiatorSubTypeMacro From="0" To="17">					<Name>TEMW H90 L{S} T21/TEMPO $fal1</Name>	<Power>4972.7</Power>	<Surface>0</Surface>	<Volume>2.66</Volume>	<Exponent>1.518</Exponent>	<EstimateCode>JAGA_TEMW0.090{S}21</EstimateCode>	</RadiatorSubTypeMacro>	</RadiatorMainType>
</WinWattDBRadiator>

</WinWattDB>
