<?xml version="1.0" encoding="ISO-8859-2"?>	<CHMBAUDB>
<CHMBAUInjektor CalcMode="TempCorrection">
	<ItemHeader>	<Date>	<Year>2019</Year>	<Month>10</Month>	<Day>4</Day>	</Date>
		<ItemPath>Almeva</ItemPath>
		<ItemName>Exodraft RS009</ItemName>
	</ItemHeader>
	<Limit>0,277777777777778</Limit>	<Polinom n="0">64,925</Polinom>	<Polinom n="1">-482,87</Polinom>	<Polinom n="2">-7765,8</Polinom>	<Polinom n="3">178580</Polinom>	<Polinom n="4">-1311400</Polinom>	<Polinom n="5">4176900</Polinom>	<Polinom n="6">-4918400</Polinom>
</CHMBAUInjektor>
<CHMBAUInjektor CalcMode="TempCorrection">
	<ItemHeader>	<Date>	<Year>2019</Year>	<Month>10</Month>	<Day>4</Day>	</Date>
		<ItemPath>Almeva</ItemPath>
		<ItemName>Exodraft RS012</ItemName>
	</ItemHeader>
	<Limit>0,625</Limit>	<Polinom n="0">113,99</Polinom>	<Polinom n="1">-520,43</Polinom>	<Polinom n="2">-923,53</Polinom>	<Polinom n="3">20120</Polinom>	<Polinom n="4">-76071</Polinom>	<Polinom n="5">115910</Polinom>	<Polinom n="6">-63592</Polinom>
</CHMBAUInjektor>
<CHMBAUInjektor CalcMode="TempCorrection">
	<ItemHeader>	<Date>	<Year>2019</Year>	<Month>10</Month>	<Day>4</Day>	</Date>
		<ItemPath>Almeva</ItemPath>
		<ItemName>Exodraft RS014</ItemName>
	</ItemHeader>
	<Limit>0,868055555555556</Limit>	<Polinom n="0">138,46</Polinom>	<Polinom n="1">-139,71</Polinom>	<Polinom n="2">-2084,7</Polinom>	<Polinom n="3">11216</Polinom>	<Polinom n="4">-23907</Polinom>	<Polinom n="5">23099</Polinom>	<Polinom n="6">-8401,4</Polinom>
</CHMBAUInjektor>
<CHMBAUInjektor CalcMode="TempCorrection">
	<ItemHeader>	<Date>	<Year>2019</Year>	<Month>10</Month>	<Day>4</Day>	</Date>
		<ItemPath>Almeva</ItemPath>
		<ItemName>Exodraft RS016</ItemName>
	</ItemHeader>
	<Limit>1,04166666666667</Limit>	<Polinom n="0">186,4</Polinom>	<Polinom n="1">-152,94</Polinom>	<Polinom n="2">-585,67</Polinom>	<Polinom n="3">2314,7</Polinom>	<Polinom n="4">-3729,8</Polinom>	<Polinom n="5">2721,9</Polinom>	<Polinom n="6">-747,32</Polinom>
</CHMBAUInjektor>
<CHMBAUInjektor CalcMode="TempCorrection">
	<ItemHeader>	<Date>	<Year>2019</Year>	<Month>10</Month>	<Day>4</Day>	</Date>
		<ItemPath>Almeva</ItemPath>
		<ItemName>Exodraft RS255</ItemName>
	</ItemHeader>
	<Limit>0,347222222222222</Limit>	<Polinom n="0">156,22</Polinom>	<Polinom n="1">-60,577</Polinom>	<Polinom n="2">-4720,8</Polinom>	<Polinom n="3">56012</Polinom>	<Polinom n="4">-311210</Polinom>	<Polinom n="5">745740</Polinom>	<Polinom n="6">-661160</Polinom>
</CHMBAUInjektor>
<CHMBAUInjektor CalcMode="TempCorrection">
	<ItemHeader>	<Date>	<Year>2019</Year>	<Month>10</Month>	<Day>4</Day>	</Date>
		<ItemPath>Almeva</ItemPath>
		<ItemName>Exodraft RS285</ItemName>
	</ItemHeader>
	<Limit>0,513888888888889</Limit>	<Polinom n="0">193,96</Polinom>	<Polinom n="1">-119,02</Polinom>	<Polinom n="2">-253,92</Polinom>	<Polinom n="3">-277,1</Polinom>	<Polinom n="4">-720,45</Polinom>	<Polinom n="5">4108,9</Polinom>	<Polinom n="6">-6672,1</Polinom>
</CHMBAUInjektor>
<CHMBAUInjektor CalcMode="TempCorrection">
	<ItemHeader>	<Date>	<Year>2019</Year>	<Month>10</Month>	<Day>4</Day>	</Date>
		<ItemPath>Almeva</ItemPath>
		<ItemName>Exodraft RSV009</ItemName>
	</ItemHeader>
	<Limit>0,194444444444444</Limit>	<Polinom n="0">74,414</Polinom>	<Polinom n="1">-302,75</Polinom>	<Polinom n="2">13128</Polinom>	<Polinom n="3">-441130</Polinom>	<Polinom n="4">4927600</Polinom>	<Polinom n="5">-23294000</Polinom>	<Polinom n="6">40030000</Polinom>
</CHMBAUInjektor>
<CHMBAUInjektor CalcMode="TempCorrection">
	<ItemHeader>	<Date>	<Year>2019</Year>	<Month>10</Month>	<Day>4</Day>	</Date>
		<ItemPath>Almeva</ItemPath>
		<ItemName>Exodraft RSV012</ItemName>
	</ItemHeader>
	<Limit>0,444444444444444</Limit>	<Polinom n="0">129,34</Polinom>	<Polinom n="1">293,78</Polinom>	<Polinom n="2">-13093</Polinom>	<Polinom n="3">89012</Polinom>	<Polinom n="4">-273490</Polinom>	<Polinom n="5">398230</Polinom>	<Polinom n="6">-223240</Polinom>
</CHMBAUInjektor>
<CHMBAUInjektor CalcMode="TempCorrection">
	<ItemHeader>	<Date>	<Year>2019</Year>	<Month>10</Month>	<Day>4</Day>	</Date>
		<ItemPath>Almeva</ItemPath>
		<ItemName>Exodraft RSV014</ItemName>
	</ItemHeader>
	<Limit>0,666666666666667</Limit>	<Polinom n="0">175,58</Polinom>	<Polinom n="1">133,91</Polinom>	<Polinom n="2">-4312,1</Polinom>	<Polinom n="3">18557</Polinom>	<Polinom n="4">-36537</Polinom>	<Polinom n="5">32198</Polinom>	<Polinom n="6">-9902,1</Polinom>
</CHMBAUInjektor>
<CHMBAUInjektor CalcMode="TempCorrection">
	<ItemHeader>	<Date>	<Year>2019</Year>	<Month>10</Month>	<Day>4</Day>	</Date>
		<ItemPath>Almeva</ItemPath>
		<ItemName>Exodraft RSV016</ItemName>
	</ItemHeader>
	<Limit>0,958333333333333</Limit>	<Polinom n="0">199,5</Polinom>	<Polinom n="1">-29,683</Polinom>	<Polinom n="2">-880,01</Polinom>	<Polinom n="3">1837,8</Polinom>	<Polinom n="4">-1075,3</Polinom>	<Polinom n="5">-838,9</Polinom>	<Polinom n="6">782,03</Polinom>
</CHMBAUInjektor>
<CHMBAUInjektor CalcMode="TempCorrection">
	<ItemHeader>	<Date>	<Year>2019</Year>	<Month>10</Month>	<Day>4</Day>	</Date>
		<ItemPath>Almeva</ItemPath>
		<ItemName>Exodraft RSV160</ItemName>
	</ItemHeader>
	<Limit>0,152777777777778</Limit>	<Polinom n="0">101,23</Polinom>	<Polinom n="1">1458,3</Polinom>	<Polinom n="2">-117450</Polinom>	<Polinom n="3">3090200</Polinom>	<Polinom n="4">-38103000</Polinom>	<Polinom n="5">216350000</Polinom>	<Polinom n="6">-461030000</Polinom>
</CHMBAUInjektor>
<CHMBAUInjektor CalcMode="TempCorrection">
	<ItemHeader>	<Date>	<Year>2019</Year>	<Month>10</Month>	<Day>4</Day>	</Date>
		<ItemPath>Almeva</ItemPath>
		<ItemName>Exodraft RSV200</ItemName>
	</ItemHeader>
	<Limit>0,333333333333333</Limit>	<Polinom n="0">187,41</Polinom>	<Polinom n="1">84,899</Polinom>	<Polinom n="2">-15029</Polinom>	<Polinom n="3">233210</Polinom>	<Polinom n="4">-1622700</Polinom>	<Polinom n="5">4868300</Polinom>	<Polinom n="6">-5241100</Polinom>
</CHMBAUInjektor>
<CHMBAUInjektor CalcMode="TempCorrection">
	<ItemHeader>	<Date>	<Year>2019</Year>	<Month>10</Month>	<Day>4</Day>	</Date>
		<ItemPath>Almeva</ItemPath>
		<ItemName>Exodraft RSV250</ItemName>
	</ItemHeader>
	<Limit>0,416666666666667</Limit>	<Polinom n="0">299,67</Polinom>	<Polinom n="1">-115,6</Polinom>	<Polinom n="2">-5826,5</Polinom>	<Polinom n="3">67035</Polinom>	<Polinom n="4">-358080</Polinom>	<Polinom n="5">851290</Polinom>	<Polinom n="6">-759340</Polinom>
</CHMBAUInjektor>
<CHMBAUInjektor CalcMode="TempCorrection">
	<ItemHeader>	<Date>	<Year>2019</Year>	<Month>10</Month>	<Day>4</Day>	</Date>
		<ItemPath>Almeva</ItemPath>
		<ItemName>Exodraft RSV315</ItemName>
	</ItemHeader>
	<Limit>0,833333333333333</Limit>	<Polinom n="0">429,3</Polinom>	<Polinom n="1">-116,47</Polinom>	<Polinom n="2">-2806,9</Polinom>	<Polinom n="3">18361</Polinom>	<Polinom n="4">-51676</Polinom>	<Polinom n="5">60761</Polinom>	<Polinom n="6">-25389</Polinom>
</CHMBAUInjektor>
<CHMBAUInjektor CalcMode="TempCorrection">
	<ItemHeader>	<Date>	<Year>2019</Year>	<Month>10</Month>	<Day>4</Day>	</Date>
		<ItemPath>Almeva</ItemPath>
		<ItemName>Exodraft RSV400</ItemName>
	</ItemHeader>
	<Limit>1,23611111111111</Limit>	<Polinom n="0">535,25</Polinom>	<Polinom n="1">-248,22</Polinom>	<Polinom n="2">-585,58</Polinom>	<Polinom n="3">4216,8</Polinom>	<Polinom n="4">-9973,6</Polinom>	<Polinom n="5">8854,1</Polinom>	<Polinom n="6">-2683,9</Polinom>
</CHMBAUInjektor>
<CHMBAUInjektor CalcMode="TempCorrection">
	<ItemHeader>	<Date>	<Year>2019</Year>	<Month>10</Month>	<Day>4</Day>	</Date>
		<ItemPath>Almeva</ItemPath>
		<ItemName>Exodraft RSHT009</ItemName>
	</ItemHeader>
	<Limit>0,108333333333333</Limit>	<Polinom n="0">59,322</Polinom>	<Polinom n="1">-161,74</Polinom>	<Polinom n="2">-10141</Polinom>	<Polinom n="3">389840</Polinom>	<Polinom n="4">-7665900</Polinom>	<Polinom n="5">65252000</Polinom>	<Polinom n="6">-213980000</Polinom>
</CHMBAUInjektor>
<CHMBAUInjektor CalcMode="TempCorrection">
	<ItemHeader>	<Date>	<Year>2019</Year>	<Month>10</Month>	<Day>4</Day>	</Date>
		<ItemPath>Almeva</ItemPath>
		<ItemName>Exodraft RSHT012</ItemName>
	</ItemHeader>
	<Limit>0,222222222222222</Limit>	<Polinom n="0">84,072</Polinom>	<Polinom n="1">99,303</Polinom>	<Polinom n="2">-9188,5</Polinom>	<Polinom n="3">181250</Polinom>	<Polinom n="4">-1775100</Polinom>	<Polinom n="5">8055800</Polinom>	<Polinom n="6">-13976000</Polinom>
</CHMBAUInjektor>
<CHMBAUInjektor CalcMode="TempCorrection">
	<ItemHeader>	<Date>	<Year>2019</Year>	<Month>10</Month>	<Day>4</Day>	</Date>
		<ItemPath>Almeva</ItemPath>
		<ItemName>Exodraft RSHT014</ItemName>
	</ItemHeader>
	<Limit>0,361111111111111</Limit>	<Polinom n="0">88,542</Polinom>	<Polinom n="1">70,915</Polinom>	<Polinom n="2">232,32</Polinom>	<Polinom n="3">-93,386</Polinom>	<Polinom n="4">-60486</Polinom>	<Polinom n="5">276490</Polinom>	<Polinom n="6">-364640</Polinom>
</CHMBAUInjektor>
<CHMBAUInjektor CalcMode="TempCorrection">
	<ItemHeader>	<Date>	<Year>2019</Year>	<Month>10</Month>	<Day>4</Day>	</Date>
		<ItemPath>Almeva</ItemPath>
		<ItemName>Exodraft RSHT016</ItemName>
	</ItemHeader>
	<Limit>0,652777777777778</Limit>	<Polinom n="0">96,61</Polinom>	<Polinom n="1">-94,043</Polinom>	<Polinom n="2">2883,1</Polinom>	<Polinom n="3">-16076</Polinom>	<Polinom n="4">36921</Polinom>	<Polinom n="5">-39531</Polinom>	<Polinom n="6">15340</Polinom>
</CHMBAUInjektor>	</CHMBAUDB>
