<?xml version="1.0" encoding="ISO-8859-2" ?>
<CHMBAUDB>

<CHMBAUInjektor CalcMode="TempCorrection">
  <ItemHeader>
    <Date><Year>2006</Year><Month>6</Month><Day>14</Day></Date>
    <ItemPath>Exhausto</ItemPath>
    <ItemName>Exhausto RS 9</ItemName>
    <HomePage></HomePage>
  </ItemHeader>
  <Polinom n="3">51962.</Polinom>	
  <Polinom n="2">-4210.7</Polinom>	
  <Polinom n="1">-463.06</Polinom>	
  <Polinom n="0">63</Polinom>	
  <Limit>0.0917</Limit>
</CHMBAUInjektor>

<CHMBAUInjektor CalcMode="TempCorrection">
  <ItemHeader>
    <Date><Year>2006</Year><Month>6</Month><Day>14</Day></Date>
    <ItemPath>Exhausto</ItemPath>
    <ItemName>Exhausto RS 12</ItemName>
    <HomePage></HomePage>
  </ItemHeader>
  <Polinom n="6">31090000.</Polinom>	
  <Polinom n="5">-18717000.</Polinom>	
  <Polinom n="4">3957900.</Polinom>	
  <Polinom n="3">-324270.</Polinom>	
  <Polinom n="2">6108.6</Polinom>	
  <Polinom n="1">-228.3</Polinom>	
  <Polinom n="0">109.</Polinom>	
  <Limit>0.208</Limit>
</CHMBAUInjektor>

<CHMBAUInjektor CalcMode="TempCorrection">
  <ItemHeader>
    <Date><Year>2006</Year><Month>6</Month><Day>14</Day></Date>
    <ItemPath>Exhausto</ItemPath>
    <ItemName>Exhausto RS 14</ItemName>
    <HomePage></HomePage>
  </ItemHeader>
  <Polinom n="6">913750.</Polinom>	
  <Polinom n="5">-983580.</Polinom>	
  <Polinom n="4">383080.</Polinom>	
  <Polinom n="3">-62420.</Polinom>	
  <Polinom n="2">3457.1</Polinom>	
  <Polinom n="1">-239.66</Polinom>	
  <Polinom n="0">134.</Polinom>	
  <Limit>0.347</Limit>
</CHMBAUInjektor>

<CHMBAUInjektor CalcMode="TempCorrection">
  <ItemHeader>
    <Date><Year>2006</Year><Month>6</Month><Day>14</Day></Date>
    <ItemPath>Exhausto</ItemPath>
    <ItemName>Exhausto RS 16</ItemName>
    <HomePage></HomePage>
  </ItemHeader>
  <Polinom n="6">17110.</Polinom>	
  <Polinom n="5">-38343.</Polinom>	
  <Polinom n="4">31768.</Polinom>	
  <Polinom n="3">-11966.</Polinom>	
  <Polinom n="2">2074.1</Polinom>	
  <Polinom n="1">-344.98</Polinom>	
  <Polinom n="0">188.</Polinom>	
  <Limit>0.625</Limit>
</CHMBAUInjektor>

<CHMBAUInjektor CalcMode="TempCorrection">
  <ItemHeader>
    <Date><Year>2006</Year><Month>6</Month><Day>22</Day></Date>
    <ItemPath>Exhausto</ItemPath>
    <ItemName>Exhausto RS 180</ItemName>
    <HomePage></HomePage>
  </ItemHeader>
  <Polinom n="6">7530800.</Polinom>	
  <Polinom n="5">-3216500.</Polinom>	
  <Polinom n="4">292350.</Polinom>	
  <Polinom n="3">31378.</Polinom>	
  <Polinom n="2">-3743.3</Polinom>	
  <Polinom n="1">-374.18</Polinom>	
  <Polinom n="0">53.</Polinom>	
  <Limit>0.194</Limit>
</CHMBAUInjektor>

<CHMBAUInjektor CalcMode="TempCorrection">
  <ItemHeader>
    <Date><Year>2006</Year><Month>6</Month><Day>22</Day></Date>
    <ItemPath>Exhausto</ItemPath>
    <ItemName>Exhausto RS 225</ItemName>
    <HomePage></HomePage>
  </ItemHeader>
  <Polinom n="6">-1332800.</Polinom>	
  <Polinom n="5">1072900.</Polinom>	
  <Polinom n="4">-314670.</Polinom>	
  <Polinom n="3">40806.</Polinom>	
  <Polinom n="2">-2015.2</Polinom>	
  <Polinom n="1">-314.97</Polinom>	
  <Polinom n="0">80.5</Polinom>	
  <Limit>0.28</Limit>
</CHMBAUInjektor>

<CHMBAUInjektor CalcMode="TempCorrection">
  <ItemHeader>
    <Date><Year>2006</Year><Month>6</Month><Day>14</Day></Date>
    <ItemPath>Exhausto</ItemPath>
    <ItemName>Exhausto RS 255</ItemName>
    <HomePage></HomePage>
  </ItemHeader>
  <Polinom n="6">-526600.</Polinom>	
  <Polinom n="5">559950.</Polinom>	
  <Polinom n="4">-223120.</Polinom>	
  <Polinom n="3">36737.</Polinom>	
  <Polinom n="2">-2640.3</Polinom>	
  <Polinom n="1">-157.61</Polinom>	
  <Polinom n="0">155.</Polinom>	
  <Limit>0.33</Limit>
</CHMBAUInjektor>

<CHMBAUInjektor CalcMode="TempCorrection">
  <ItemHeader>
    <Date><Year>2006</Year><Month>6</Month><Day>14</Day></Date>
    <ItemPath>Exhausto</ItemPath>
    <ItemName>Exhausto RS 285</ItemName>
    <HomePage></HomePage>
  </ItemHeader>
  <Polinom n="6">25144.</Polinom>	
  <Polinom n="5">-34631.</Polinom>	
  <Polinom n="4">14526.</Polinom>	
  <Polinom n="3">-2326.7</Polinom>	
  <Polinom n="2">-174.8</Polinom>	
  <Polinom n="1">-131.15</Polinom>	
  <Polinom n="0">192.</Polinom>	
  <Limit>0.51</Limit>
</CHMBAUInjektor>


<CHMBAUInjektor CalcMode="TempCorrection">
  <ItemHeader>
    <Date><Year>2006</Year><Month>6</Month><Day>14</Day></Date>
    <ItemPath>Exhausto</ItemPath>
    <ItemName>Exhausto RSV 9</ItemName>
    <HomePage></HomePage>
  </ItemHeader>
  <Polinom n="4">701340.</Polinom>	
  <Polinom n="3">-88447.</Polinom>	
  <Polinom n="2">-1503.6</Polinom>	
  <Polinom n="1">-57.206</Polinom>	
  <Polinom n="0">72.</Polinom>	
  <Limit>0.0917</Limit>
</CHMBAUInjektor>

<CHMBAUInjektor CalcMode="TempCorrection">
  <ItemHeader>
    <Date><Year>2006</Year><Month>6</Month><Day>14</Day></Date>
    <ItemPath>Exhausto</ItemPath>
    <ItemName>Exhausto RSV 12</ItemName>
    <HomePage></HomePage>
  </ItemHeader>
  <Polinom n="6">17941000</Polinom>	
  <Polinom n="5">-12844000</Polinom>	
  <Polinom n="4">3443200</Polinom>	
  <Polinom n="3">-407870</Polinom>	
  <Polinom n="2">18300</Polinom>	
  <Polinom n="1">-483.76</Polinom>	
  <Polinom n="0">132.</Polinom>	
  <Limit>0.208</Limit>
</CHMBAUInjektor>

<CHMBAUInjektor CalcMode="TempCorrection">
  <ItemHeader>
    <Date><Year>2006</Year><Month>6</Month><Day>14</Day></Date>
    <ItemPath>Exhausto</ItemPath>
    <ItemName>Exhausto RSV 14</ItemName>
    <HomePage></HomePage>
  </ItemHeader>
  <Polinom n="6">619430.</Polinom>	
  <Polinom n="5">-797500.</Polinom>	
  <Polinom n="4">380610.</Polinom>	
  <Polinom n="3">-80136.</Polinom>	
  <Polinom n="2">6514.8</Polinom>	
  <Polinom n="1">-313.92</Polinom>	
  <Polinom n="0">178.</Polinom>	
  <Limit>0.4</Limit>
</CHMBAUInjektor>

<CHMBAUInjektor CalcMode="TempCorrection">
  <ItemHeader>
    <Date><Year>2006</Year><Month>6</Month><Day>14</Day></Date>
    <ItemPath>Exhausto</ItemPath>
    <ItemName>Exhausto RSV 16</ItemName>
    <HomePage></HomePage>
  </ItemHeader>
  <Polinom n="6">6230.2</Polinom>	
  <Polinom n="5">-13037.</Polinom>	
  <Polinom n="4">8988.7</Polinom>	
  <Polinom n="3">-1808.1</Polinom>	
  <Polinom n="2">-359.97</Polinom>	
  <Polinom n="1">-45.766</Polinom>	
  <Polinom n="0">200</Polinom>	
  <Limit>0.66</Limit>
</CHMBAUInjektor>

<CHMBAUInjektor CalcMode="TempCorrection">
  <ItemHeader>
    <Date><Year>2006</Year><Month>6</Month><Day>14</Day></Date>
    <ItemPath>Exhausto</ItemPath>
    <ItemName>Exhausto RSV 160</ItemName>
    <HomePage></HomePage>
  </ItemHeader>
  <Polinom n="4">-101790.</Polinom>	
  <Polinom n="3">-138550.</Polinom>	
  <Polinom n="2">6224.7</Polinom>	
  <Polinom n="1">-617.06</Polinom>	
  <Polinom n="0">117.</Polinom>	
  <Limit>0.083</Limit>
</CHMBAUInjektor>

<CHMBAUInjektor CalcMode="TempCorrection">
  <ItemHeader>
    <Date><Year>2006</Year><Month>6</Month><Day>14</Day></Date>
    <ItemPath>Exhausto</ItemPath>
    <ItemName>Exhausto RSV 200</ItemName>
    <HomePage></HomePage>
  </ItemHeader>
  <Polinom n="6">9707800.</Polinom>	
  <Polinom n="5">-2741400.</Polinom>	
  <Polinom n="4">-1524.1</Polinom>	
  <Polinom n="3">39776.</Polinom>	
  <Polinom n="2">-3767.1</Polinom>	
  <Polinom n="1">-214.66</Polinom>	
  <Polinom n="0">185.</Polinom>	
  <Limit>0.2</Limit>
</CHMBAUInjektor>

<CHMBAUInjektor CalcMode="TempCorrection">
  <ItemHeader>
    <Date><Year>2006</Year><Month>6</Month><Day>14</Day></Date>
    <ItemPath>Exhausto</ItemPath>
    <ItemName>Exhausto RSV 250</ItemName>
    <HomePage></HomePage>
  </ItemHeader>
  <Polinom n="4">-411.03</Polinom>	
  <Polinom n="3">-2280.2</Polinom>	
  <Polinom n="2">277.45</Polinom>	
  <Polinom n="1">-310.25</Polinom>	
  <Polinom n="0">297.</Polinom>	
  <Limit>0.39</Limit>
</CHMBAUInjektor>

<CHMBAUInjektor CalcMode="TempCorrection">
  <ItemHeader>
    <Date><Year>2006</Year><Month>6</Month><Day>14</Day></Date>
    <ItemPath>Exhausto</ItemPath>
    <ItemName>Exhausto RSV 315</ItemName>
    <HomePage></HomePage>
  </ItemHeader>
  <Polinom n="6">-3278.0</Polinom>	
  <Polinom n="5">15065.</Polinom>	
  <Polinom n="4">-16410.</Polinom>	
  <Polinom n="3">5843.7</Polinom>	
  <Polinom n="2">-791.02</Polinom>	
  <Polinom n="1">-235.77</Polinom>	
  <Polinom n="0">430.</Polinom>	
  <Limit>0.695</Limit>
</CHMBAUInjektor>

<CHMBAUInjektor CalcMode="TempCorrection">
  <ItemHeader>
    <Date><Year>2006</Year><Month>6</Month><Day>14</Day></Date>
    <ItemPath>Exhausto</ItemPath>
    <ItemName>Exhausto RSV 400</ItemName>
    <HomePage></HomePage>
  </ItemHeader>
  <Polinom n="6">-2225.6</Polinom>	
  <Polinom n="5">7857.2</Polinom>	
  <Polinom n="4">-9454.3</Polinom>	
  <Polinom n="3">4392.</Polinom>	
  <Polinom n="2">-777.76</Polinom>	
  <Polinom n="1">-212.47</Polinom>	
  <Polinom n="0">535</Polinom>	
  <Limit>1.04</Limit>
</CHMBAUInjektor>


<CHMBAUInjektor CalcMode="TempCorrection">
  <ItemHeader>
    <Date><Year>2006</Year><Month>6</Month><Day>14</Day></Date>
    <ItemPath>Exhausto</ItemPath>
    <ItemName>Exhausto RSV 200-4-1</ItemName>
    <HomePage></HomePage>
  </ItemHeader>
  <Polinom n="6">-58407000.</Polinom>	
  <Polinom n="5">30754000.</Polinom>	
  <Polinom n="4">-6139100.</Polinom>	
  <Polinom n="3">537320.</Polinom>	
  <Polinom n="2">-19179.</Polinom>	
  <Polinom n="1">-216.72</Polinom>	
  <Polinom n="0">115.</Polinom>	
  <Limit>0.167</Limit>
</CHMBAUInjektor>

<CHMBAUInjektor CalcMode="TempCorrection">
  <ItemHeader>
    <Date><Year>2006</Year><Month>6</Month><Day>14</Day></Date>
    <ItemPath>Exhausto</ItemPath>
    <ItemName>Exhausto RSV 400-4-2</ItemName>
    <HomePage></HomePage>
  </ItemHeader>
  <Polinom n="6">375.05</Polinom>	
  <Polinom n="5">175.24</Polinom>	
  <Polinom n="4">-1153.4</Polinom>	
  <Polinom n="3">-159.46</Polinom>	
  <Polinom n="2">711.94</Polinom>	
  <Polinom n="1">-463.85</Polinom>	
  <Polinom n="0">815.</Polinom>	
  <Limit>1.11</Limit>
</CHMBAUInjektor>

<CHMBAUInjektor CalcMode="TempCorrection">
  <ItemHeader>
    <Date><Year>2006</Year><Month>6</Month><Day>14</Day></Date>
    <ItemPath>Exhausto</ItemPath>
    <ItemName>Exhausto RSV 450-4-2</ItemName>
    <HomePage></HomePage>
  </ItemHeader>
  <Polinom n="6">-15.288</Polinom>	
  <Polinom n="5">101.65</Polinom>	
  <Polinom n="4">-274.65</Polinom>	
  <Polinom n="3">332.78</Polinom>	
  <Polinom n="2">-346.91</Polinom>	
  <Polinom n="1">11.339</Polinom>	
  <Polinom n="0">845</Polinom>	
  <Limit>1.875</Limit>
</CHMBAUInjektor>

</CHMBAUDB>
