<?xml version="1.0" encoding="ISO-8859-2" ?>
<CHMBAUDB>

<CHMBAUInjektor>
  <ItemHeader>
    <Date><Year>2004</Year><Month>11</Month><Day>9</Day></Date>
    <ItemPath>Injektor</ItemPath>
    <ItemName>CK 200 A</ItemName>
    <HomePage></HomePage>
  </ItemHeader>
  <Polinom n="2">353.65</Polinom>	<Polinom n="1">-173.46</Polinom>	<Polinom n="0">51</Polinom>	<Limit>0.245</Limit>
</CHMBAUInjektor>

<CHMBAUInjektor>
  <ItemHeader>
    <Date><Year>2004</Year><Month>11</Month><Day>9</Day></Date>
    <ItemPath>Injektor</ItemPath>
    <ItemName>CK 200 B</ItemName>
    <HomePage></HomePage>
  </ItemHeader>
  <Polinom n="2">343.34</Polinom>	<Polinom n="1">-203.08</Polinom>	<Polinom n="0">72</Polinom>	<Limit>0.295</Limit>
</CHMBAUInjektor>

<CHMBAUInjektor>
  <ItemHeader>
    <Date><Year>2004</Year><Month>11</Month><Day>9</Day></Date>
    <ItemPath>Injektor</ItemPath>
    <ItemName>CK 250 C</ItemName>
    <HomePage></HomePage>
  </ItemHeader>
  <Polinom n="2">381.71</Polinom>	<Polinom n="1">-231.28</Polinom>	<Polinom n="0">84</Polinom>	<Limit>0.30</Limit>
</CHMBAUInjektor>

</CHMBAUDB>
