<?xml version="1.0" encoding="ISO-8859-2"?>	<CHMBAUDB>
<CHMBAUInjektor CalcMode="TempCorrection">
	<ItemHeader>	<Date>	<Year>2019</Year>	<Month>10</Month>	<Day>4</Day>	</Date>
		<ItemPath>Moro</ItemPath>
		<ItemName>Moro MN202</ItemName>
	</ItemHeader>
	<Limit>0,075</Limit>	<Polinom n="0">224,34</Polinom>	<Polinom n="1">-130,49</Polinom>	<Polinom n="2">-134620</Polinom>	<Polinom n="3">8033500</Polinom>	<Polinom n="4">-180710000</Polinom>	<Polinom n="5">1486500000</Polinom>	<Polinom n="6">-3536700000</Polinom>
</CHMBAUInjektor>
<CHMBAUInjektor CalcMode="TempCorrection">
	<ItemHeader>	<Date>	<Year>2019</Year>	<Month>10</Month>	<Day>4</Day>	</Date>
		<ItemPath>Moro</ItemPath>
		<ItemName>Moro MN252</ItemName>
	</ItemHeader>
	<Limit>0,130555555555556</Limit>	<Polinom n="0">295,29</Polinom>	<Polinom n="1">-1532,1</Polinom>	<Polinom n="2">-3653,9</Polinom>	<Polinom n="3">551280</Polinom>	<Polinom n="4">-1855000</Polinom>	<Polinom n="5">-51529000</Polinom>	<Polinom n="6">261650000</Polinom>
</CHMBAUInjektor>
<CHMBAUInjektor CalcMode="TempCorrection">
	<ItemHeader>	<Date>	<Year>2019</Year>	<Month>10</Month>	<Day>4</Day>	</Date>
		<ItemPath>Moro</ItemPath>
		<ItemName>Moro MN302</ItemName>
	</ItemHeader>
	<Limit>0,175</Limit>	<Polinom n="0">426,12</Polinom>	<Polinom n="1">-754,95</Polinom>	<Polinom n="2">-29492</Polinom>	<Polinom n="3">877610</Polinom>	<Polinom n="4">-10308000</Polinom>	<Polinom n="5">53874000</Polinom>	<Polinom n="6">-111890000</Polinom>
</CHMBAUInjektor>
<CHMBAUInjektor CalcMode="TempCorrection">
	<ItemHeader>	<Date>	<Year>2019</Year>	<Month>10</Month>	<Day>4</Day>	</Date>
		<ItemPath>Moro</ItemPath>
		<ItemName>Moro MN402</ItemName>
	</ItemHeader>
	<Limit>0,230555555555556</Limit>	<Polinom n="0">576,99</Polinom>	<Polinom n="1">-2079,7</Polinom>	<Polinom n="2">-26354</Polinom>	<Polinom n="3">845100</Polinom>	<Polinom n="4">-7155600</Polinom>	<Polinom n="5">25047000</Polinom>	<Polinom n="6">-32796000</Polinom>
</CHMBAUInjektor>
<CHMBAUInjektor CalcMode="TempCorrection">
	<ItemHeader>	<Date>	<Year>2019</Year>	<Month>10</Month>	<Day>4</Day>	</Date>
		<ItemPath>Moro</ItemPath>
		<ItemName>Moro MN502</ItemName>
	</ItemHeader>
	<Limit>0,341666666666667</Limit>	<Polinom n="0">698,25</Polinom>	<Polinom n="1">-378,24</Polinom>	<Polinom n="2">-16038</Polinom>	<Polinom n="3">229770</Polinom>	<Polinom n="4">-1206700</Polinom>	<Polinom n="5">2702900</Polinom>	<Polinom n="6">-2307400</Polinom>
</CHMBAUInjektor>
<CHMBAUInjektor CalcMode="TempCorrection">
	<ItemHeader>	<Date>	<Year>2019</Year>	<Month>10</Month>	<Day>4</Day>	</Date>
		<ItemPath>Moro</ItemPath>
		<ItemName>Moro MN552</ItemName>
	</ItemHeader>
	<Limit>0,386111111111111</Limit>	<Polinom n="0">1019,2</Polinom>	<Polinom n="1">-1167,5</Polinom>	<Polinom n="2">-12356</Polinom>	<Polinom n="3">161020</Polinom>	<Polinom n="4">-615680</Polinom>	<Polinom n="5">862760</Polinom>	<Polinom n="6">-409090</Polinom>
</CHMBAUInjektor>
<CHMBAUInjektor CalcMode="TempCorrection">
	<ItemHeader>	<Date>	<Year>2019</Year>	<Month>10</Month>	<Day>4</Day>	</Date>
		<ItemPath>Moro</ItemPath>
		<ItemName>Moro MN602</ItemName>
	</ItemHeader>
	<Limit>0,791666666666667</Limit>	<Polinom n="0">1401,9</Polinom>	<Polinom n="1">-1677,9</Polinom>	<Polinom n="2">327,05</Polinom>	<Polinom n="3">3886</Polinom>	<Polinom n="4">15951</Polinom>	<Polinom n="5">-50419</Polinom>	<Polinom n="6">30790</Polinom>
</CHMBAUInjektor>
<CHMBAUInjektor CalcMode="TempCorrection">
	<ItemHeader>	<Date>	<Year>2019</Year>	<Month>10</Month>	<Day>4</Day>	</Date>
		<ItemPath>Moro</ItemPath>
		<ItemName>Moro MN504</ItemName>
	</ItemHeader>
	<Limit>0,222222222222222</Limit>	<Polinom n="0">239,85</Polinom>	<Polinom n="1">-1908</Polinom>	<Polinom n="2">23793</Polinom>	<Polinom n="3">-289640</Polinom>	<Polinom n="4">2464700</Polinom>	<Polinom n="5">-10724000</Polinom>	<Polinom n="6">16859000</Polinom>
</CHMBAUInjektor>
<CHMBAUInjektor CalcMode="TempCorrection">
	<ItemHeader>	<Date>	<Year>2019</Year>	<Month>10</Month>	<Day>4</Day>	</Date>
		<ItemPath>Moro</ItemPath>
		<ItemName>Moro MN554</ItemName>
	</ItemHeader>
	<Limit>0,25</Limit>	<Polinom n="0">270,94</Polinom>	<Polinom n="1">-911,66</Polinom>	<Polinom n="2">-7913,3</Polinom>	<Polinom n="3">275200</Polinom>	<Polinom n="4">-2184000</Polinom>	<Polinom n="5">6610000</Polinom>	<Polinom n="6">-7251700</Polinom>
</CHMBAUInjektor>
<CHMBAUInjektor CalcMode="TempCorrection">
	<ItemHeader>	<Date>	<Year>2019</Year>	<Month>10</Month>	<Day>4</Day>	</Date>
		<ItemPath>Moro</ItemPath>
		<ItemName>Moro MN604</ItemName>
	</ItemHeader>
	<Limit>0,388888888888889</Limit>	<Polinom n="0">306,82</Polinom>	<Polinom n="1">-1186,8</Polinom>	<Polinom n="2">6743,4</Polinom>	<Polinom n="3">-28539</Polinom>	<Polinom n="4">110600</Polinom>	<Polinom n="5">-305990</Polinom>	<Polinom n="6">306210</Polinom>
</CHMBAUInjektor>	</CHMBAUDB>
