<?xml version="1.0" encoding="ISO-8859-2"?>	<CHMBAUDB>
<CHMBAUInjektor>
	<ItemHeader>	<Date>	<Year>2019</Year>	<Month>7</Month>	<Day>12</Day>	</Date>
		<ItemPath>RSV</ItemPath>
		<ItemName>RSV 009-4-1</ItemName>
	</ItemHeader>
	<Limit>0,105</Limit>	<Polinom n="0">73,3</Polinom>	<Polinom n="1">-226</Polinom>	<Polinom n="2">8110</Polinom>	<Polinom n="3">-233000</Polinom>	<Polinom n="4">1340000</Polinom>
</CHMBAUInjektor>
<CHMBAUInjektor>
	<ItemHeader>	<Date>	<Year>2019</Year>	<Month>7</Month>	<Day>12</Day>	</Date>
		<ItemPath>RSV</ItemPath>
		<ItemName>RSV 012-4-1</ItemName>
	</ItemHeader>
	<Limit>0,21</Limit>	<Polinom n="0">132</Polinom>	<Polinom n="1">21,2</Polinom>	<Polinom n="2">-6760</Polinom>	<Polinom n="3">28900</Polinom>	<Polinom n="4">-28300</Polinom>
</CHMBAUInjektor>
<CHMBAUInjektor>
	<ItemHeader>	<Date>	<Year>2019</Year>	<Month>7</Month>	<Day>12</Day>	</Date>
		<ItemPath>RSV</ItemPath>
		<ItemName>RSV 014-4-1</ItemName>
	</ItemHeader>
	<Limit>0,4</Limit>	<Polinom n="0">177</Polinom>	<Polinom n="1">56,1</Polinom>	<Polinom n="2">-2990</Polinom>	<Polinom n="3">9400</Polinom>	<Polinom n="4">-9420</Polinom>
</CHMBAUInjektor>
<CHMBAUInjektor>
	<ItemHeader>	<Date>	<Year>2019</Year>	<Month>7</Month>	<Day>12</Day>	</Date>
		<ItemPath>RSV</ItemPath>
		<ItemName>RSV 016-4-1</ItemName>
	</ItemHeader>
	<Limit>0,65</Limit>	<Polinom n="0">200</Polinom>	<Polinom n="1">-34,3</Polinom>	<Polinom n="2">-830</Polinom>	<Polinom n="3">1630</Polinom>	<Polinom n="4">-1080</Polinom>
</CHMBAUInjektor>
<CHMBAUInjektor>
	<ItemHeader>	<Date>	<Year>2019</Year>	<Month>7</Month>	<Day>12</Day>	</Date>
		<ItemPath>RSV</ItemPath>
		<ItemName>RSV 160-4-1</ItemName>
	</ItemHeader>
	<Limit>0,085</Limit>	<Polinom n="0">121</Polinom>	<Polinom n="1">-1320</Polinom>	<Polinom n="2">44500</Polinom>	<Polinom n="3">-891000</Polinom>	<Polinom n="4">4610000</Polinom>
</CHMBAUInjektor>
<CHMBAUInjektor>
	<ItemHeader>	<Date>	<Year>2019</Year>	<Month>7</Month>	<Day>12</Day>	</Date>
		<ItemPath>RSV</ItemPath>
		<ItemName>RSV 200-4-1</ItemName>
	</ItemHeader>
	<Limit>0,2</Limit>	<Polinom n="0">186</Polinom>	<Polinom n="1">-822</Polinom>	<Polinom n="2">15300</Polinom>	<Polinom n="3">-141000</Polinom>	<Polinom n="4">340000</Polinom>
</CHMBAUInjektor>
<CHMBAUInjektor>
	<ItemHeader>	<Date>	<Year>2019</Year>	<Month>7</Month>	<Day>12</Day>	</Date>
		<ItemPath>RSV</ItemPath>
		<ItemName>RSV 250-4-1</ItemName>
	</ItemHeader>
	<Limit>0,39</Limit>	<Polinom n="0">297</Polinom>	<Polinom n="1">-324</Polinom>	<Polinom n="2">758</Polinom>	<Polinom n="3">-4970</Polinom>	<Polinom n="4">3720</Polinom>
</CHMBAUInjektor>
<CHMBAUInjektor>
	<ItemHeader>	<Date>	<Year>2019</Year>	<Month>7</Month>	<Day>12</Day>	</Date>
		<ItemPath>RSV</ItemPath>
		<ItemName>RSV 315-4-1</ItemName>
	</ItemHeader>
	<Limit>0,69</Limit>	<Polinom n="0">431</Polinom>	<Polinom n="1">-470</Polinom>	<Polinom n="2">2030</Polinom>	<Polinom n="3">-5700</Polinom>	<Polinom n="4">3940</Polinom>
</CHMBAUInjektor>
<CHMBAUInjektor>
	<ItemHeader>	<Date>	<Year>2019</Year>	<Month>7</Month>	<Day>12</Day>	</Date>
		<ItemPath>RSV</ItemPath>
		<ItemName>RSV 400-4-1</ItemName>
	</ItemHeader>
	<Limit>1,05</Limit>	<Polinom n="0">537</Polinom>	<Polinom n="1">-431</Polinom>	<Polinom n="2">1210</Polinom>	<Polinom n="3">-2340</Polinom>	<Polinom n="4">1140</Polinom>
</CHMBAUInjektor>
<CHMBAUInjektor>
	<ItemHeader>	<Date>	<Year>2019</Year>	<Month>7</Month>	<Day>12</Day>	</Date>
		<ItemPath>RSV</ItemPath>
		<ItemName>RSV 400-4-2</ItemName>
	</ItemHeader>
	<Limit>1,14</Limit>	<Polinom n="0">820</Polinom>	<Polinom n="1">-709</Polinom>	<Polinom n="2">2240</Polinom>	<Polinom n="3">-3410</Polinom>	<Polinom n="4">1360</Polinom>
</CHMBAUInjektor>
<CHMBAUInjektor>
	<ItemHeader>	<Date>	<Year>2019</Year>	<Month>7</Month>	<Day>12</Day>	</Date>
		<ItemPath>RSV</ItemPath>
		<ItemName>RSV 450-4-2</ItemName>
	</ItemHeader>
	<Limit>1,88</Limit>	<Polinom n="0">843</Polinom>	<Polinom n="1">-19,7</Polinom>	<Polinom n="2">-185</Polinom>	<Polinom n="3">33,6</Polinom>	<Polinom n="4">-19,4</Polinom>
</CHMBAUInjektor>	</CHMBAUDB>
