<?xml version="1.0" encoding="ISO-8859-2"?>	<CHMBAUDB>
<CHMBAUInjektor CalcMode="TempCorrection">
	<ItemHeader>	<Date>	<Year>2020</Year>	<Month>2</Month>	<Day>24</Day>	</Date>
		<ItemPath>Schiedel</ItemPath>
		<ItemName>Schiedel Ignis-Vent 22 40</ItemName>
	</ItemHeader>
	<Limit>0,236</Limit>	<Polinom n="0">61,9707679748535</Polinom>	<Polinom n="1">-1113,67248535156</Polinom>	<Polinom n="2">13143,44140625</Polinom>	<Polinom n="3">-98075,890625</Polinom>	<Polinom n="4">418517,84375</Polinom>	<Polinom n="5">-928710,5</Polinom>	<Polinom n="6">822555,3125</Polinom>
</CHMBAUInjektor>
<CHMBAUInjektor CalcMode="TempCorrection">
	<ItemHeader>	<Date>	<Year>2020</Year>	<Month>2</Month>	<Day>24</Day>	</Date>
		<ItemPath>Schiedel</ItemPath>
		<ItemName>Schiedel Ignis-Vent 12 40</ItemName>
	</ItemHeader>
	<Limit>0,1</Limit>	<Polinom n="0">96,7634429931641</Polinom>	<Polinom n="1">-6489,32763671875</Polinom>	<Polinom n="2">276445,78125</Polinom>	<Polinom n="3">-6853231</Polinom>	<Polinom n="4">94085048</Polinom>	<Polinom n="5">-665521408</Polinom>	<Polinom n="6">1890648064</Polinom>
</CHMBAUInjektor>	</CHMBAUDB>
