<?xml version="1.0" encoding="ISO-8859-2" ?>
<WinWattDB>

<WinWattDBGlobalMacro>
	<Macro ID="$t1" Language="hun">TAGOS</Macro>
	<Macro ID="$t1" Language="sky">SKUPINOV�</Macro>
	<Macro ID="$t1" Language="rom">radiator din elemente</Macro>
</WinWattDBGlobalMacro>

<WinWattDBRadiator DTLog="No">
  <ItemHeader>
    <Date><Year>2001</Year><Month>7</Month><Day>22</Day></Date>
    <ItemPath>DUNAFERR</ItemPath>
    <ItemName>DUNAFERR $t1</ItemName>
    <SecurityCode Language="hun">Dunaferr_-977150207</SecurityCode>
    <BinSecurityCode>Dunaferr_-407162797</BinSecurityCode>
    <HomePage>//www.dunaferr.hu/02-termekek/tovabb2.htm</HomePage></ItemHeader>
  <DTOrigin>60</DTOrigin>
  <DimensionArray Type="Height" >
    <DimensionString Value="300" >200</DimensionString>
    <DimensionString Value="450" >350</DimensionString>
    <DimensionString Value="600" >500</DimensionString>
    <DimensionString Value="700" >600</DimensionString>
    <DimensionString Value="1000" >900</DimensionString>
  </DimensionArray>
  <DimensionArray Type="Width" >
    <DimensionString Value="110" >110</DimensionString>
    <DimensionString Value="160" >160</DimensionString>
    <DimensionString Value="220" >220</DimensionString>
    <DimensionString Value="250" >250</DimensionString>
  </DimensionArray>
  <DimensionArray Type="Length" >
    <DimensionString Value="3" >3</DimensionString>
    <DimensionString Value="4" >4</DimensionString>
    <DimensionString Value="5" >5</DimensionString>
    <DimensionString Value="6" >6</DimensionString>
    <DimensionString Value="7" >7</DimensionString>
    <DimensionString Value="8" >8</DimensionString>
    <DimensionString Value="9" >9</DimensionString>
    <DimensionString Value="10" >10</DimensionString>
    <DimensionString Value="11" >11</DimensionString>
    <DimensionString Value="12" >12</DimensionString>
    <DimensionString Value="13" >13</DimensionString>
    <DimensionString Value="14" >14</DimensionString>
    <DimensionString Value="15" >15</DimensionString>
    <DimensionString Value="16" >16</DimensionString>
    <DimensionString Value="17" >17</DimensionString>
    <DimensionString Value="18" >18</DimensionString>
    <DimensionString Value="19" >19</DimensionString>
    <DimensionString Value="20" >20</DimensionString>
    <DimensionString Value="21" >21</DimensionString>
    <DimensionString Value="22" >22</DimensionString>
    <DimensionString Value="23" >23</DimensionString>
    <DimensionString Value="24" >24</DimensionString>
    <DimensionString Value="25" >25</DimensionString>
    <DimensionString Value="26" >26</DimensionString>
    <DimensionString Value="27" >27</DimensionString>
    <DimensionString Value="28" >28</DimensionString>
    <DimensionString Value="29" >29</DimensionString>
    <DimensionString Value="30" >30</DimensionString>
    <DimensionString Value="31" >31</DimensionString>
    <DimensionString Value="32" >32</DimensionString>
    <DimensionString Value="33" >33</DimensionString>
    <DimensionString Value="34" >34</DimensionString>
    <DimensionString Value="35" >35</DimensionString>
    <DimensionString Value="36" >36</DimensionString>
    <DimensionString Value="37" >37</DimensionString>
    <DimensionString Value="38" >38</DimensionString>
    <DimensionString Value="39" >39</DimensionString>
    <DimensionString Value="40" >40</DimensionString>
  </DimensionArray>
  <RadiatorMainType>	<MainTypeName>DF 200-250</MainTypeName>	<DimensionIndex>0</DimensionIndex>	<DimensionIndex>3</DimensionIndex>	<kvValue>0</kvValue>		<RadiatorSubTypeMacro From="0" To="37">	<Name>DF {S}x200-250</Name>	<Power>78</Power>	<Surface>0.16</Surface>		<Volume>0.97</Volume>	<Exponent>1.33</Exponent>	<Length>50</Length>	<EstimateCode>DF_{S}x200-250</EstimateCode>	</RadiatorSubTypeMacro>	</RadiatorMainType>
  <RadiatorMainType>	<MainTypeName>DF 350-160</MainTypeName>	<DimensionIndex>1</DimensionIndex>	<DimensionIndex>1</DimensionIndex>	<kvValue>0</kvValue>		<RadiatorSubTypeMacro From="0" To="37">	<Name>DF {S}x350-160</Name>	<Power>75.6</Power>	<Surface>0.1552</Surface>	<Volume>0.98</Volume>	<Exponent>1.33</Exponent>	<Length>50</Length>	<EstimateCode>DF_{S}x350-160</EstimateCode>	</RadiatorSubTypeMacro>	</RadiatorMainType>
  <RadiatorMainType>	<MainTypeName>DF 350-220</MainTypeName>	<DimensionIndex>1</DimensionIndex>	<DimensionIndex>2</DimensionIndex>	<kvValue>0</kvValue>		<RadiatorSubTypeMacro From="0" To="37">	<Name>DF {S}x350-220</Name>	<Power>98.907</Power>	<Surface>0.21</Surface>		<Volume>1.21</Volume>	<Exponent>1.33</Exponent>	<Length>50</Length>	<EstimateCode>DF_{S}x350-220</EstimateCode>	</RadiatorSubTypeMacro>	</RadiatorMainType>
  <RadiatorMainType>	<MainTypeName>DF 500-110</MainTypeName>	<DimensionIndex>2</DimensionIndex>	<DimensionIndex>0</DimensionIndex>	<kvValue>0</kvValue>		<RadiatorSubTypeMacro From="0" To="37">	<Name>DF {S}x500-110</Name>	<Power>73.304</Power>	<Surface>0.14</Surface>		<Volume>0.88</Volume>	<Exponent>1.33</Exponent>	<Length>50</Length>	<EstimateCode>DF_{S}x500-110</EstimateCode>	</RadiatorSubTypeMacro>	</RadiatorMainType>
  <RadiatorMainType>	<MainTypeName>DF 500-160</MainTypeName>	<DimensionIndex>2</DimensionIndex>	<DimensionIndex>1</DimensionIndex>	<kvValue>0</kvValue>		<RadiatorSubTypeMacro From="0" To="37">	<Name>DF {S}x500-160</Name>	<Power>96.519</Power>	<Surface>0.2052</Surface>	<Volume>1.18</Volume>	<Exponent>1.33</Exponent>	<Length>50</Length>	<EstimateCode>DF_{S}x500-160</EstimateCode>	</RadiatorSubTypeMacro>	</RadiatorMainType>
  <RadiatorMainType>	<MainTypeName>DF 500-220</MainTypeName>	<DimensionIndex>2</DimensionIndex>	<DimensionIndex>2</DimensionIndex>	<kvValue>0</kvValue>		<RadiatorSubTypeMacro From="0" To="37">	<Name>DF {S}x500-220</Name>	<Power>134.91</Power>	<Surface>0.2852</Surface>	<Volume>1.57</Volume>	<Exponent>1.33</Exponent>	<Length>50</Length>	<EstimateCode>DF_{S}x500-220</EstimateCode>	</RadiatorSubTypeMacro>	</RadiatorMainType>
  <RadiatorMainType>	<MainTypeName>DF 600-160</MainTypeName>	<DimensionIndex>3</DimensionIndex>	<DimensionIndex>1</DimensionIndex>	<kvValue>0</kvValue>		<RadiatorSubTypeMacro From="0" To="37">	<Name>DF {S}x600-160</Name>	<Power>112.8</Power>	<Surface>0.24</Surface>		<Volume>1.32</Volume>	<Exponent>1.33</Exponent>	<Length>50</Length>	<EstimateCode>DF_{S}x600-160</EstimateCode>	</RadiatorSubTypeMacro>	</RadiatorMainType>
  <RadiatorMainType>	<MainTypeName>DF 600-220</MainTypeName>	<DimensionIndex>3</DimensionIndex>	<DimensionIndex>2</DimensionIndex>	<kvValue>0</kvValue>		<RadiatorSubTypeMacro From="0" To="37">	<Name>DF {S}x600-220</Name>	<Power>145.4</Power>	<Surface>0.338</Surface>	<Volume>1.78</Volume>	<Exponent>1.33</Exponent>	<Length>50</Length>	<EstimateCode>DF_{S}x600-220</EstimateCode>	</RadiatorSubTypeMacro>	</RadiatorMainType>
  <RadiatorMainType>	<MainTypeName>DF 900-110</MainTypeName>	<DimensionIndex>4</DimensionIndex>	<DimensionIndex>0</DimensionIndex>	<kvValue>0</kvValue>		<RadiatorSubTypeMacro From="0" To="37">	<Name>DF {S}x900-110</Name>	<Power>123.3</Power>	<Surface>0.24</Surface>		<Volume>1.18</Volume>	<Exponent>1.33</Exponent>	<Length>50</Length>	<EstimateCode>DF_{S}x900-110</EstimateCode>	</RadiatorSubTypeMacro>	</RadiatorMainType>
  <RadiatorMainType>	<MainTypeName>DF 900-160</MainTypeName>	<DimensionIndex>4</DimensionIndex>	<DimensionIndex>1</DimensionIndex>	<kvValue>0</kvValue>		<RadiatorSubTypeMacro From="0" To="37">	<Name>DF {S}x900-160</Name>	<Power>160.52</Power>	<Surface>0.3452</Surface>	<Volume>1.72</Volume>	<Exponent>1.33</Exponent>	<Length>50</Length>	<EstimateCode>DF_{S}x900-160</EstimateCode>	</RadiatorSubTypeMacro>	</RadiatorMainType>
  <RadiatorMainType>	<MainTypeName>DF 900-220</MainTypeName>	<DimensionIndex>4</DimensionIndex>	<DimensionIndex>2</DimensionIndex>	<kvValue>0</kvValue>		<RadiatorSubTypeMacro From="0" To="37">	<Name>DF {S}x900-220</Name>	<Power>212.8</Power>	<Surface>0.48</Surface>		<Volume>2.39</Volume>	<Exponent>1.33</Exponent>	<Length>50</Length>	<EstimateCode>DF_{S}x900-220</EstimateCode>	</RadiatorSubTypeMacro>	</RadiatorMainType>
</WinWattDBRadiator>

</WinWattDB>
