<?xml version="1.0" encoding="ISO-8859-2" ?>
<WinWattDB>

<WinWattDBGlobalMacro>
	<Macro ID="$sorozat" Language="hun">sorozat</Macro>
</WinWattDBGlobalMacro>

<WinWattDBTank BuildType="WithPump">
  <ItemHeader>
    <Date><Year>2007</Year><Month>9</Month><Day>18</Day></Date>
    <ItemPath>AQUA CONTROL</ItemPath>
    <ItemName>AQUA CONTROL AC G1 $sorozat</ItemName>
    <HomePage>www.aqua-control.hu</HomePage></ItemHeader>
  <NameBase>AQUA CONTROL AC %s</NameBase><PressureLimit>6</PressureLimit>
  <TankSubType><SizeName>G1/100</SizeName>	<Volume>165</Volume>	<EstimateCode>AQUA_CONTROL_AC_G1/100</EstimateCode></TankSubType>
  <TankSubType><SizeName>G1/300</SizeName>	<Volume>439</Volume>	<EstimateCode>AQUA_CONTROL_AC_G1/300</EstimateCode></TankSubType>
  <TankSubType><SizeName>G1/800</SizeName>	<Volume>880</Volume>	<EstimateCode>AQUA_CONTROL_AC_G1/800</EstimateCode></TankSubType>
</WinWattDBTank>

<WinWattDBTank BuildType="WithPump">
  <ItemHeader>
    <Date><Year>2007</Year><Month>9</Month><Day>18</Day></Date>
    <ItemPath>AQUA CONTROL</ItemPath>
    <ItemName>AQUA CONTROL AC G2 $sorozat</ItemName>
    <HomePage>www.aqua-control.hu</HomePage></ItemHeader>
  <NameBase>AQUA CONTROL AC %s</NameBase><PressureLimit>6</PressureLimit>
  <TankSubType><SizeName>G2/300</SizeName>		<Volume>439</Volume>	<EstimateCode>AQUA_CONTROL_AC_G2/300</EstimateCode></TankSubType>
  <TankSubType><SizeName>G2/800</SizeName>		<Volume>880</Volume>	<EstimateCode>AQUA_CONTROL_AC_G2/800</EstimateCode></TankSubType>
  <TankSubType><SizeName>G2/1200</SizeName>		<Volume>1200</Volume>	<EstimateCode>AQUA_CONTROL_AC_G2/1200</EstimateCode></TankSubType>
  <TankSubType><SizeName>G2/800+KT800</SizeName>	<Volume>1760</Volume>	<EstimateCode>AQUA_CONTROL_AC_G2/800+KT800</EstimateCode></TankSubType>
  <TankSubType><SizeName>G2/1200+KT1200</SizeName>	<Volume>2400</Volume>	<EstimateCode>AQUA_CONTROL_AC_G2/1200+KT1200</EstimateCode></TankSubType>
</WinWattDBTank>

<WinWattDBTank BuildType="WithPump">
  <ItemHeader>
    <Date><Year>2007</Year><Month>9</Month><Day>18</Day></Date>
    <ItemPath>AQUA CONTROL</ItemPath>
    <ItemName>AQUA CONTROL AC G3 $sorozat</ItemName>
    <HomePage>www.aqua-control.hu</HomePage></ItemHeader>
  <NameBase>AQUA CONTROL AC %s</NameBase><PressureLimit>6</PressureLimit>
  <TankSubType><SizeName>G3/800</SizeName>		<Volume>880</Volume>	<EstimateCode>AQUA_CONTROL_AC_G3/800</EstimateCode></TankSubType>
  <TankSubType><SizeName>G3/1200</SizeName>		<Volume>1200</Volume>	<EstimateCode>AQUA_CONTROL_AC_G3/1200</EstimateCode></TankSubType>
  <TankSubType><SizeName>G3/800+KT800</SizeName>	<Volume>1760</Volume>	<EstimateCode>AQUA_CONTROL_AC_G3/800+KT800</EstimateCode></TankSubType>
  <TankSubType><SizeName>G3/1200+KT1200</SizeName>	<Volume>2400</Volume>	<EstimateCode>AQUA_CONTROL_AC_G3/1200+KT1200</EstimateCode></TankSubType>
</WinWattDBTank>

</WinWattDB>
