<?xml version="1.0" encoding="ISO-8859-2" ?>
<WinWattDB>

<WinWattDBGlobalMacro>
	<Macro ID="$oszlopos_1" Language="hun">oszlopos</Macro>
	<Macro ID="$oszlopos_1" Language="sky">oszlopos</Macro>
	<Macro ID="$oszlopos_1" Language="rom">cu coloane</Macro>
	<Macro ID="$bank_1" Language="hun">bank-radi�tor</Macro>
	<Macro ID="$bank_1" Language="sky">bank-radi�tor</Macro>
	<Macro ID="$bank_1" Language="rom">radiator-banca</Macro>
</WinWattDBGlobalMacro>

<WinWattDBRadiator DTLog="Yes">
  <ItemHeader>
    <Date><Year>2005</Year><Month>8</Month><Day>7</Day></Date>
    <ItemPath>ZEHNDER</ItemPath>
    <ItemName>ZEHNDER $bank_1</ItemName>
    <HomePage>www.zehnder-online.de</HomePage>
  </ItemHeader>
  <DTOrigin>49.833</DTOrigin>
  <DimensionArray Type="Height" >
    <DimensionString>470</DimensionString>
    <DimensionString>515</DimensionString>
    <DimensionString>560</DimensionString>
    <DimensionString>605</DimensionString>
    <DimensionString>650</DimensionString>
  </DimensionArray>
  <DimensionArray Type="Width" >
    <DimensionString>4 $oszlopos_1</DimensionString>
    <DimensionString>5 $oszlopos_1</DimensionString>
    <DimensionString>6 $oszlopos_1</DimensionString>
  </DimensionArray>
  <DimensionArray Type="Length" >
    <DimensionString>1200</DimensionString>
    <DimensionString>1500</DimensionString>
    <DimensionString>1800</DimensionString>
    <DimensionString>2000</DimensionString>
    <DimensionString>2500</DimensionString>
    <DimensionString>3000</DimensionString>
  </DimensionArray>
  <RadiatorMainType>
    <MainTypeName>B4xxx/4-</MainTypeName><DimensionIndex>0</DimensionIndex><DimensionIndex>0</DimensionIndex><kvValue>4</kvValue>
<RadiatorSubType><Name>Bank B4120/4</Name>	<DimensionIndex>0</DimensionIndex>	<Power>766 </Power>	<Surface>1.49</Surface>	<Volume>8.36 </Volume>	<Exponent>1.26</Exponent>	<Current>1</Current>	<Length>1200</Length>	<Height>479</Height>	<Width>136</Width>	<EstimateCode>ZEHNDER_BANK_B4120/4</EstimateCode></RadiatorSubType>
<RadiatorSubType><Name>Bank B4150/4</Name>	<DimensionIndex>1</DimensionIndex>	<Power>922 </Power>	<Surface>1.87</Surface>	<Volume>10.28</Volume>	<Exponent>1.26</Exponent>	<Current>1</Current>	<Length>1500</Length>	<Height>479</Height>	<Width>136</Width>	<EstimateCode>ZEHNDER_BANK_B4150/4</EstimateCode></RadiatorSubType>
<RadiatorSubType><Name>Bank B4180/4</Name>	<DimensionIndex>2</DimensionIndex>	<Power>1108</Power>	<Surface>2.25</Surface>	<Volume>12.2 </Volume>	<Exponent>1.26</Exponent>	<Current>1</Current>	<Length>1800</Length>	<Height>479</Height>	<Width>136</Width>	<EstimateCode>ZEHNDER_BANK_B4180/4</EstimateCode></RadiatorSubType>
<RadiatorSubType><Name>Bank B4200/4</Name>	<DimensionIndex>3</DimensionIndex>	<Power>1226</Power>	<Surface>2.5 </Surface>	<Volume>13.48</Volume>	<Exponent>1.26</Exponent>	<Current>1</Current>	<Length>2000</Length>	<Height>479</Height>	<Width>136</Width>	<EstimateCode>ZEHNDER_BANK_B4200/4</EstimateCode></RadiatorSubType>
<RadiatorSubType><Name>Bank B4250/4</Name>	<DimensionIndex>4</DimensionIndex>	<Power>1555</Power>	<Surface>3.13</Surface>	<Volume>16.88</Volume>	<Exponent>1.26</Exponent>	<Current>1</Current>	<Length>2500</Length>	<Height>479</Height>	<Width>136</Width>	<EstimateCode>ZEHNDER_BANK_B4250/4</EstimateCode></RadiatorSubType>
<RadiatorSubType><Name>Bank B4300/4</Name>	<DimensionIndex>5</DimensionIndex>	<Power>1925</Power>	<Surface>3.76</Surface>	<Volume>19.88</Volume>	<Exponent>1.26</Exponent>	<Current>1</Current>	<Length>3000</Length>	<Height>479</Height>	<Width>136</Width>	<EstimateCode>ZEHNDER_BANK_B4300/4</EstimateCode></RadiatorSubType>
  </RadiatorMainType>
  <RadiatorMainType>
    <MainTypeName>B5xxx/4-</MainTypeName><DimensionIndex>0</DimensionIndex><DimensionIndex>1</DimensionIndex><kvValue>4</kvValue>
<RadiatorSubType><Name>Bank B5120/4</Name>	<DimensionIndex>0</DimensionIndex>	<Power>921 </Power>	<Surface>1.87</Surface>	<Volume>10.28</Volume>	<Exponent>1.26</Exponent>	<Current>1</Current>	<Length>1200</Length>	<Height>479</Height>	<Width>173</Width>	<EstimateCode>ZEHNDER_BANK_B5120/4</EstimateCode></RadiatorSubType>
<RadiatorSubType><Name>Bank B5150/4</Name>	<DimensionIndex>1</DimensionIndex>	<Power>1130</Power>	<Surface>2.34</Surface>	<Volume>12.68</Volume>	<Exponent>1.26</Exponent>	<Current>1</Current>	<Length>1500</Length>	<Height>479</Height>	<Width>173</Width>	<EstimateCode>ZEHNDER_BANK_B5150/4</EstimateCode></RadiatorSubType>
<RadiatorSubType><Name>Bank B5180/4</Name>	<DimensionIndex>2</DimensionIndex>	<Power>1357</Power>	<Surface>2.82</Surface>	<Volume>15.08</Volume>	<Exponent>1.26</Exponent>	<Current>1</Current>	<Length>1800</Length>	<Height>479</Height>	<Width>173</Width>	<EstimateCode>ZEHNDER_BANK_B5180/4</EstimateCode></RadiatorSubType>
<RadiatorSubType><Name>Bank B5200/4</Name>	<DimensionIndex>3</DimensionIndex>	<Power>1516</Power>	<Surface>3.13</Surface>	<Volume>16.68</Volume>	<Exponent>1.26</Exponent>	<Current>1</Current>	<Length>2000</Length>	<Height>479</Height>	<Width>173</Width>	<EstimateCode>ZEHNDER_BANK_B5200/4</EstimateCode></RadiatorSubType>
<RadiatorSubType><Name>Bank B5250/4</Name>	<DimensionIndex>4</DimensionIndex>	<Power>1936</Power>	<Surface>3.92</Surface>	<Volume>20.68</Volume>	<Exponent>1.26</Exponent>	<Current>1</Current>	<Length>2500</Length>	<Height>479</Height>	<Width>173</Width>	<EstimateCode>ZEHNDER_BANK_B5250/4</EstimateCode></RadiatorSubType>
<RadiatorSubType><Name>Bank B5300/4</Name>	<DimensionIndex>5</DimensionIndex>	<Power>2403</Power>	<Surface>4.7</Surface>	<Volume>24.68</Volume>	<Exponent>1.26</Exponent>	<Current>1</Current>	<Length>3000</Length>	<Height>479</Height>	<Width>173</Width>	<EstimateCode>ZEHNDER_BANK_B5300/4</EstimateCode></RadiatorSubType>
  </RadiatorMainType>
  <RadiatorMainType>
    <MainTypeName>B6xxx/4-</MainTypeName><DimensionIndex>0</DimensionIndex><DimensionIndex>2</DimensionIndex><kvValue>4</kvValue>
<RadiatorSubType><Name>Bank B6120/4</Name>	<DimensionIndex>0</DimensionIndex>	<Power>1092</Power>	<Surface>2.25</Surface>	<Volume>12.32</Volume>	<Exponent>1.26</Exponent>	<Current>1</Current>	<Length>1200</Length>	<Height>479</Height>	<Width>210</Width>	<EstimateCode>ZEHNDER_BANK_B6120/4</EstimateCode></RadiatorSubType>
<RadiatorSubType><Name>Bank B6150/4</Name>	<DimensionIndex>1</DimensionIndex>	<Power>1342</Power>	<Surface>2.82</Surface>	<Volume>15.2</Volume>	<Exponent>1.26</Exponent>	<Current>1</Current>	<Length>1500</Length>	<Height>479</Height>	<Width>210</Width>	<EstimateCode>ZEHNDER_BANK_B6150/4</EstimateCode></RadiatorSubType>
<RadiatorSubType><Name>Bank B6180/4</Name>	<DimensionIndex>2</DimensionIndex>	<Power>1612</Power>	<Surface>3.38</Surface>	<Volume>18.08</Volume>	<Exponent>1.26</Exponent>	<Current>1</Current>	<Length>1800</Length>	<Height>479</Height>	<Width>210</Width>	<EstimateCode>ZEHNDER_BANK_B6180/4</EstimateCode></RadiatorSubType>
<RadiatorSubType><Name>Bank B6200/4</Name>	<DimensionIndex>3</DimensionIndex>	<Power>1790</Power>	<Surface>3.76</Surface>	<Volume>20</Volume>	<Exponent>1.26</Exponent>	<Current>1</Current>	<Length>2000</Length>	<Height>479</Height>	<Width>210</Width>	<EstimateCode>ZEHNDER_BANK_B6200/4</EstimateCode></RadiatorSubType>
<RadiatorSubType><Name>Bank B6250/4</Name>	<DimensionIndex>4</DimensionIndex>	<Power>2307</Power>	<Surface>4.7</Surface>	<Volume>24.8</Volume>	<Exponent>1.26</Exponent>	<Current>1</Current>	<Length>2500</Length>	<Height>479</Height>	<Width>210</Width>	<EstimateCode>ZEHNDER_BANK_B6250/4</EstimateCode></RadiatorSubType>
<RadiatorSubType><Name>Bank B6300/4</Name>	<DimensionIndex>5</DimensionIndex>	<Power>2848</Power>	<Surface>5.64</Surface>	<Volume>29.6</Volume>	<Exponent>1.26</Exponent>	<Current>1</Current>	<Length>3000</Length>	<Height>479</Height>	<Width>210</Width>	<EstimateCode>ZEHNDER_BANK_B6300/4</EstimateCode></RadiatorSubType>
  </RadiatorMainType>
  <RadiatorMainType>
    <MainTypeName>B4xxx/5-</MainTypeName><DimensionIndex>1</DimensionIndex><DimensionIndex>0</DimensionIndex><kvValue>4</kvValue>
<RadiatorSubType><Name>Bank B4120/5</Name>	<DimensionIndex>0</DimensionIndex>	<Power>930</Power>	<Surface>1.87</Surface>	<Volume>10.45</Volume>	<Exponent>1.26</Exponent>	<Current>1</Current>	<Length>1200</Length>	<Height>525</Height>	<Width>136</Width>	<EstimateCode>ZEHNDER_BANK_B4120/5</EstimateCode></RadiatorSubType>
<RadiatorSubType><Name>Bank B4150/5</Name>	<DimensionIndex>1</DimensionIndex>	<Power>1107</Power>	<Surface>2.34</Surface>	<Volume>12.85</Volume>	<Exponent>1.26</Exponent>	<Current>1</Current>	<Length>1500</Length>	<Height>525</Height>	<Width>136</Width>	<EstimateCode>ZEHNDER_BANK_B4150/5</EstimateCode></RadiatorSubType>
<RadiatorSubType><Name>Bank B4180/5</Name>	<DimensionIndex>2</DimensionIndex>	<Power>1332</Power>	<Surface>2.81</Surface>	<Volume>15.25</Volume>	<Exponent>1.26</Exponent>	<Current>1</Current>	<Length>1800</Length>	<Height>525</Height>	<Width>136</Width>	<EstimateCode>ZEHNDER_BANK_B4180/5</EstimateCode></RadiatorSubType>
<RadiatorSubType><Name>Bank B4200/5</Name>	<DimensionIndex>3</DimensionIndex>	<Power>1439</Power>	<Surface>3.13</Surface>	<Volume>16.85</Volume>	<Exponent>1.26</Exponent>	<Current>1</Current>	<Length>2000</Length>	<Height>525</Height>	<Width>136</Width>	<EstimateCode>ZEHNDER_BANK_B4200/5</EstimateCode></RadiatorSubType>
<RadiatorSubType><Name>Bank B4250/5</Name>	<DimensionIndex>4</DimensionIndex>	<Power>1864</Power>	<Surface>3.91</Surface>	<Volume>20.85</Volume>	<Exponent>1.26</Exponent>	<Current>1</Current>	<Length>2500</Length>	<Height>525</Height>	<Width>136</Width>	<EstimateCode>ZEHNDER_BANK_B4250/5</EstimateCode></RadiatorSubType>
<RadiatorSubType><Name>Bank B4300/5</Name>	<DimensionIndex>5</DimensionIndex>	<Power>2312</Power>	<Surface>4.7</Surface>	<Volume>24.85</Volume>	<Exponent>1.26</Exponent>	<Current>1</Current>	<Length>3000</Length>	<Height>525</Height>	<Width>136</Width>	<EstimateCode>ZEHNDER_BANK_B4300/5</EstimateCode></RadiatorSubType>
  </RadiatorMainType>
  <RadiatorMainType>
    <MainTypeName>B5xxx/5-</MainTypeName><DimensionIndex>1</DimensionIndex><DimensionIndex>1</DimensionIndex><kvValue>4</kvValue>
<RadiatorSubType><Name>Bank B5120/5</Name>	<DimensionIndex>0</DimensionIndex>	<Power>1119</Power>	<Surface>2.34</Surface>	<Volume>12.85</Volume>	<Exponent>1.26</Exponent>	<Current>1</Current>	<Length>1200</Length>	<Height>525</Height>	<Width>173</Width>	<EstimateCode>ZEHNDER_BANK_B5120/5</EstimateCode></RadiatorSubType>
<RadiatorSubType><Name>Bank B5150/5</Name>	<DimensionIndex>1</DimensionIndex>	<Power>1358</Power>	<Surface>2.93</Surface>	<Volume>15.85</Volume>	<Exponent>1.26</Exponent>	<Current>1</Current>	<Length>1500</Length>	<Height>525</Height>	<Width>173</Width>	<EstimateCode>ZEHNDER_BANK_B5150/5</EstimateCode></RadiatorSubType>
<RadiatorSubType><Name>Bank B5180/5</Name>	<DimensionIndex>2</DimensionIndex>	<Power>1626</Power>	<Surface>3.52</Surface>	<Volume>18.85</Volume>	<Exponent>1.26</Exponent>	<Current>1</Current>	<Length>1800</Length>	<Height>525</Height>	<Width>173</Width>	<EstimateCode>ZEHNDER_BANK_B5180/5</EstimateCode></RadiatorSubType>
<RadiatorSubType><Name>Bank B5200/5</Name>	<DimensionIndex>3</DimensionIndex>	<Power>1782</Power>	<Surface>3.91</Surface>	<Volume>20.85</Volume>	<Exponent>1.26</Exponent>	<Current>1</Current>	<Length>2000</Length>	<Height>525</Height>	<Width>173</Width>	<EstimateCode>ZEHNDER_BANK_B5200/5</EstimateCode></RadiatorSubType>
<RadiatorSubType><Name>Bank B5250/5</Name>	<DimensionIndex>4</DimensionIndex>	<Power>2323</Power>	<Surface>4.9</Surface>	<Volume>25.85</Volume>	<Exponent>1.26</Exponent>	<Current>1</Current>	<Length>2500</Length>	<Height>525</Height>	<Width>173</Width>	<EstimateCode>ZEHNDER_BANK_B5250/5</EstimateCode></RadiatorSubType>
<RadiatorSubType><Name>Bank B5300/5</Name>	<DimensionIndex>5</DimensionIndex>	<Power>2888</Power>	<Surface>5.88</Surface>	<Volume>30.85</Volume>	<Exponent>1.26</Exponent>	<Current>1</Current>	<Length>3000</Length>	<Height>525</Height>	<Width>173</Width>	<EstimateCode>ZEHNDER_BANK_B5300/5</EstimateCode></RadiatorSubType>
  </RadiatorMainType>
  <RadiatorMainType>
    <MainTypeName>B6xxx/5-</MainTypeName><DimensionIndex>1</DimensionIndex><DimensionIndex>2</DimensionIndex><kvValue>4</kvValue>
<RadiatorSubType><Name>Bank B6120/5</Name>	<DimensionIndex>0</DimensionIndex>	<Power>1313</Power>	<Surface>2.82</Surface>	<Volume>15.4</Volume>	<Exponent>1.26</Exponent>	<Current>1</Current>	<Length>1200</Length>	<Height>525</Height>	<Width>210</Width>	<EstimateCode>ZEHNDER_BANK_B6120/5</EstimateCode></RadiatorSubType>
<RadiatorSubType><Name>Bank B6150/5</Name>	<DimensionIndex>1</DimensionIndex>	<Power>1600</Power>	<Surface>3.52</Surface>	<Volume>19</Volume>	<Exponent>1.26</Exponent>	<Current>1</Current>	<Length>1500</Length>	<Height>525</Height>	<Width>210</Width>	<EstimateCode>ZEHNDER_BANK_B6150/5</EstimateCode></RadiatorSubType>
<RadiatorSubType><Name>Bank B6180/5</Name>	<DimensionIndex>2</DimensionIndex>	<Power>1924</Power>	<Surface>4.23</Surface>	<Volume>22.6</Volume>	<Exponent>1.26</Exponent>	<Current>1</Current>	<Length>1800</Length>	<Height>525</Height>	<Width>210</Width>	<EstimateCode>ZEHNDER_BANK_B6180/5</EstimateCode></RadiatorSubType>
<RadiatorSubType><Name>Bank B6200/5</Name>	<DimensionIndex>3</DimensionIndex>	<Power>2121</Power>	<Surface>4.7</Surface>	<Volume>25</Volume>	<Exponent>1.26</Exponent>	<Current>1</Current>	<Length>2000</Length>	<Height>525</Height>	<Width>210</Width>	<EstimateCode>ZEHNDER_BANK_B6200/5</EstimateCode></RadiatorSubType>
<RadiatorSubType><Name>Bank B6250/5</Name>	<DimensionIndex>4</DimensionIndex>	<Power>2740</Power>	<Surface>5.88</Surface>	<Volume>31</Volume>	<Exponent>1.26</Exponent>	<Current>1</Current>	<Length>2500</Length>	<Height>525</Height>	<Width>210</Width>	<EstimateCode>ZEHNDER_BANK_B6250/5</EstimateCode></RadiatorSubType>
<RadiatorSubType><Name>Bank B6300/5</Name>	<DimensionIndex>5</DimensionIndex>	<Power>3388</Power>	<Surface>7.06</Surface>	<Volume>37</Volume>	<Exponent>1.26</Exponent>	<Current>1</Current>	<Length>3000</Length>	<Height>525</Height>	<Width>210</Width>	<EstimateCode>ZEHNDER_BANK_B6300/5</EstimateCode></RadiatorSubType>
  </RadiatorMainType>
  <RadiatorMainType>
    <MainTypeName>B4xxx/6-</MainTypeName><DimensionIndex>2</DimensionIndex><DimensionIndex>0</DimensionIndex><kvValue>4</kvValue>
<RadiatorSubType><Name>Bank B4120/6</Name>	<DimensionIndex>0</DimensionIndex>	<Power>1112</Power>	<Surface>2.24</Surface>	<Volume>12.54</Volume>	<Exponent>1.26</Exponent>	<Current>1</Current>	<Length>1200</Length>	<Height>571</Height>	<Width>136</Width>	<EstimateCode>ZEHNDER_BANK_B4120/6</EstimateCode></RadiatorSubType>
<RadiatorSubType><Name>Bank B4150/6</Name>	<DimensionIndex>1</DimensionIndex>	<Power>1334</Power>	<Surface>2.8</Surface>	<Volume>15.42</Volume>	<Exponent>1.26</Exponent>	<Current>1</Current>	<Length>1500</Length>	<Height>571</Height>	<Width>136</Width>	<EstimateCode>ZEHNDER_BANK_B4150/6</EstimateCode></RadiatorSubType>
<RadiatorSubType><Name>Bank B4180/6</Name>	<DimensionIndex>2</DimensionIndex>	<Power>1560</Power>	<Surface>3.37</Surface>	<Volume>18.3</Volume>	<Exponent>1.26</Exponent>	<Current>1</Current>	<Length>1800</Length>	<Height>571</Height>	<Width>136</Width>	<EstimateCode>ZEHNDER_BANK_B4180/6</EstimateCode></RadiatorSubType>
<RadiatorSubType><Name>Bank B4200/6</Name>	<DimensionIndex>3</DimensionIndex>	<Power>1713</Power>	<Surface>3.75</Surface>	<Volume>20.22</Volume>	<Exponent>1.26</Exponent>	<Current>1</Current>	<Length>2000</Length>	<Height>571</Height>	<Width>136</Width>	<EstimateCode>ZEHNDER_BANK_B4200/6</EstimateCode></RadiatorSubType>
<RadiatorSubType><Name>Bank B4250/6</Name>	<DimensionIndex>4</DimensionIndex>	<Power>2185</Power>	<Surface>4.69</Surface>	<Volume>25.02</Volume>	<Exponent>1.26</Exponent>	<Current>1</Current>	<Length>2500</Length>	<Height>571</Height>	<Width>136</Width>	<EstimateCode>ZEHNDER_BANK_B4250/6</EstimateCode></RadiatorSubType>
<RadiatorSubType><Name>Bank B4300/6</Name>	<DimensionIndex>5</DimensionIndex>	<Power>2702</Power>	<Surface>5.63</Surface>	<Volume>29.82</Volume>	<Exponent>1.26</Exponent>	<Current>1</Current>	<Length>3000</Length>	<Height>571</Height>	<Width>136</Width>	<EstimateCode>ZEHNDER_BANK_B4300/6</EstimateCode></RadiatorSubType>
  </RadiatorMainType>
  <RadiatorMainType>
    <MainTypeName>B5xxx/6-</MainTypeName><DimensionIndex>2</DimensionIndex><DimensionIndex>1</DimensionIndex><kvValue>4</kvValue>
<RadiatorSubType><Name>Bank B5120/6</Name>	<DimensionIndex>0</DimensionIndex>	<Power>1289</Power>	<Surface>2.81</Surface>	<Volume>15.42</Volume>	<Exponent>1.26</Exponent>	<Current>1</Current>	<Length>1200</Length>	<Height>571</Height>	<Width>173</Width>	<EstimateCode>ZEHNDER_BANK_B5120/6</EstimateCode></RadiatorSubType>
<RadiatorSubType><Name>Bank B5150/6</Name>	<DimensionIndex>1</DimensionIndex>	<Power>1577</Power>	<Surface>3.52</Surface>	<Volume>19.02</Volume>	<Exponent>1.26</Exponent>	<Current>1</Current>	<Length>1500</Length>	<Height>571</Height>	<Width>173</Width>	<EstimateCode>ZEHNDER_BANK_B5150/6</EstimateCode></RadiatorSubType>
<RadiatorSubType><Name>Bank B5180/6</Name>	<DimensionIndex>2</DimensionIndex>	<Power>1888</Power>	<Surface>4.22</Surface>	<Volume>22.62</Volume>	<Exponent>1.26</Exponent>	<Current>1</Current>	<Length>1800</Length>	<Height>571</Height>	<Width>173</Width>	<EstimateCode>ZEHNDER_BANK_B5180/6</EstimateCode></RadiatorSubType>
<RadiatorSubType><Name>Bank B5200/6</Name>	<DimensionIndex>3</DimensionIndex>	<Power>2104</Power>	<Surface>4.69</Surface>	<Volume>25.02</Volume>	<Exponent>1.26</Exponent>	<Current>1</Current>	<Length>2000</Length>	<Height>571</Height>	<Width>173</Width>	<EstimateCode>ZEHNDER_BANK_B5200/6</EstimateCode></RadiatorSubType>
<RadiatorSubType><Name>Bank B5250/6</Name>	<DimensionIndex>4</DimensionIndex>	<Power>2704</Power>	<Surface>5.87</Surface>	<Volume>31.02</Volume>	<Exponent>1.26</Exponent>	<Current>1</Current>	<Length>2500</Length>	<Height>571</Height>	<Width>173</Width>	<EstimateCode>ZEHNDER_BANK_B5250/6</EstimateCode></RadiatorSubType>
<RadiatorSubType><Name>Bank B5300/6</Name>	<DimensionIndex>5</DimensionIndex>	<Power>3352</Power>	<Surface>7.05</Surface>	<Volume>37.02</Volume>	<Exponent>1.26</Exponent>	<Current>1</Current>	<Length>3000</Length>	<Height>571</Height>	<Width>173</Width>	<EstimateCode>ZEHNDER_BANK_B5300/6</EstimateCode></RadiatorSubType>
  </RadiatorMainType>
  <RadiatorMainType>
    <MainTypeName>B6xxx/6-</MainTypeName><DimensionIndex>2</DimensionIndex><DimensionIndex>2</DimensionIndex><kvValue>4</kvValue>
<RadiatorSubType><Name>Bank B6120/6</Name>	<DimensionIndex>0</DimensionIndex>	<Power>1531</Power>	<Surface>3.38</Surface>	<Volume>18.48</Volume>	<Exponent>1.26</Exponent>	<Current>1</Current>	<Length>1200</Length>	<Height>571</Height>	<Width>210</Width>	<EstimateCode>ZEHNDER_BANK_B6120/6</EstimateCode></RadiatorSubType>
<RadiatorSubType><Name>Bank B6150/6</Name>	<DimensionIndex>1</DimensionIndex>	<Power>1859</Power>	<Surface>4.22</Surface>	<Volume>22.8</Volume>	<Exponent>1.26</Exponent>	<Current>1</Current>	<Length>1500</Length>	<Height>571</Height>	<Width>210</Width>	<EstimateCode>ZEHNDER_BANK_B6150/6</EstimateCode></RadiatorSubType>
<RadiatorSubType><Name>Bank B6180/6</Name>	<DimensionIndex>2</DimensionIndex>	<Power>2236</Power>	<Surface>5.07</Surface>	<Volume>27.12</Volume>	<Exponent>1.26</Exponent>	<Current>1</Current>	<Length>1800</Length>	<Height>571</Height>	<Width>210</Width>	<EstimateCode>ZEHNDER_BANK_B6180/6</EstimateCode></RadiatorSubType>
<RadiatorSubType><Name>Bank B6200/6</Name>	<DimensionIndex>3</DimensionIndex>	<Power>2485</Power>	<Surface>5.64</Surface>	<Volume>30</Volume>	<Exponent>1.26</Exponent>	<Current>1</Current>	<Length>2000</Length>	<Height>571</Height>	<Width>210</Width>	<EstimateCode>ZEHNDER_BANK_B6200/6</EstimateCode></RadiatorSubType>
<RadiatorSubType><Name>Bank B6250/6</Name>	<DimensionIndex>4</DimensionIndex>	<Power>3189</Power>	<Surface>7.05</Surface>	<Volume>37.2</Volume>	<Exponent>1.26</Exponent>	<Current>1</Current>	<Length>2500</Length>	<Height>571</Height>	<Width>210</Width>	<EstimateCode>ZEHNDER_BANK_B6250/6</EstimateCode></RadiatorSubType>
<RadiatorSubType><Name>Bank B6300/6</Name>	<DimensionIndex>5</DimensionIndex>	<Power>3948</Power>	<Surface>8.47</Surface>	<Volume>44.4</Volume>	<Exponent>1.26</Exponent>	<Current>1</Current>	<Length>3000</Length>	<Height>571</Height>	<Width>210</Width>	<EstimateCode>ZEHNDER_BANK_B6300/6</EstimateCode></RadiatorSubType>
  </RadiatorMainType>
  <RadiatorMainType>
    <MainTypeName>B4xxx/7-</MainTypeName><DimensionIndex>3</DimensionIndex><DimensionIndex>0</DimensionIndex><kvValue>4</kvValue>
<RadiatorSubType><Name>Bank B4120/7</Name>	<DimensionIndex>0</DimensionIndex>	<Power>1179</Power>	<Surface>2.61</Surface>	<Volume>14.63</Volume>	<Exponent>1.26</Exponent>	<Current>1</Current>	<Length>1200</Length>	<Height>617</Height>	<Width>136</Width>	<EstimateCode>ZEHNDER_BANK_B4120/7</EstimateCode></RadiatorSubType>
<RadiatorSubType><Name>Bank B4150/7</Name>	<DimensionIndex>1</DimensionIndex>	<Power>1500</Power>	<Surface>3.27</Surface>	<Volume>17.99</Volume>	<Exponent>1.26</Exponent>	<Current>1</Current>	<Length>1500</Length>	<Height>617</Height>	<Width>136</Width>	<EstimateCode>ZEHNDER_BANK_B4150/7</EstimateCode></RadiatorSubType>
<RadiatorSubType><Name>Bank B4180/7</Name>	<DimensionIndex>2</DimensionIndex>	<Power>1790</Power>	<Surface>3.93</Surface>	<Volume>21.35</Volume>	<Exponent>1.26</Exponent>	<Current>1</Current>	<Length>1800</Length>	<Height>617</Height>	<Width>136</Width>	<EstimateCode>ZEHNDER_BANK_B4180/7</EstimateCode></RadiatorSubType>
<RadiatorSubType><Name>Bank B4200/7</Name>	<DimensionIndex>3</DimensionIndex>	<Power>1982</Power>	<Surface>4.38</Surface>	<Volume>23.59</Volume>	<Exponent>1.26</Exponent>	<Current>1</Current>	<Length>2000</Length>	<Height>617</Height>	<Width>136</Width>	<EstimateCode>ZEHNDER_BANK_B4200/7</EstimateCode></RadiatorSubType>
<RadiatorSubType><Name>Bank B4250/7</Name>	<DimensionIndex>4</DimensionIndex>	<Power>2519</Power>	<Surface>5.47</Surface>	<Volume>29.19</Volume>	<Exponent>1.26</Exponent>	<Current>1</Current>	<Length>2500</Length>	<Height>617</Height>	<Width>136</Width>	<EstimateCode>ZEHNDER_BANK_B4250/7</EstimateCode></RadiatorSubType>
<RadiatorSubType><Name>Bank B4300/7</Name>	<DimensionIndex>5</DimensionIndex>	<Power>3116</Power>	<Surface>6.57</Surface>	<Volume>34.79</Volume>	<Exponent>1.26</Exponent>	<Current>1</Current>	<Length>3000</Length>	<Height>617</Height>	<Width>136</Width>	<EstimateCode>ZEHNDER_BANK_B4300/7</EstimateCode></RadiatorSubType>
  </RadiatorMainType>
  <RadiatorMainType>
    <MainTypeName>B5xxx/7-</MainTypeName><DimensionIndex>3</DimensionIndex><DimensionIndex>1</DimensionIndex><kvValue>4</kvValue>
<RadiatorSubType><Name>Bank B5120/7</Name>	<DimensionIndex>0</DimensionIndex>	<Power>1479</Power>	<Surface>3.28</Surface>	<Volume>17.99</Volume>	<Exponent>1.26</Exponent>	<Current>1</Current>	<Length>1200</Length>	<Height>617</Height>	<Width>173</Width>	<EstimateCode>ZEHNDER_BANK_B5120/7</EstimateCode></RadiatorSubType>
<RadiatorSubType><Name>Bank B5150/7</Name>	<DimensionIndex>1</DimensionIndex>	<Power>1825</Power>	<Surface>4.1</Surface>	<Volume>22.19</Volume>	<Exponent>1.26</Exponent>	<Current>1</Current>	<Length>1500</Length>	<Height>617</Height>	<Width>173</Width>	<EstimateCode>ZEHNDER_BANK_B5150/7</EstimateCode></RadiatorSubType>
<RadiatorSubType><Name>Bank B5180/7</Name>	<DimensionIndex>2</DimensionIndex>	<Power>2194</Power>	<Surface>4.93</Surface>	<Volume>26.39</Volume>	<Exponent>1.26</Exponent>	<Current>1</Current>	<Length>1800</Length>	<Height>617</Height>	<Width>173</Width>	<EstimateCode>ZEHNDER_BANK_B5180/7</EstimateCode></RadiatorSubType>
<RadiatorSubType><Name>Bank B5200/7</Name>	<DimensionIndex>3</DimensionIndex>	<Power>2444</Power>	<Surface>5.47</Surface>	<Volume>29.19</Volume>	<Exponent>1.26</Exponent>	<Current>1</Current>	<Length>2000</Length>	<Height>617</Height>	<Width>173</Width>	<EstimateCode>ZEHNDER_BANK_B5200/7</EstimateCode></RadiatorSubType>
<RadiatorSubType><Name>Bank B5250/7</Name>	<DimensionIndex>4</DimensionIndex>	<Power>3130</Power>	<Surface>6.85</Surface>	<Volume>36.19</Volume>	<Exponent>1.26</Exponent>	<Current>1</Current>	<Length>2500</Length>	<Height>617</Height>	<Width>173</Width>	<EstimateCode>ZEHNDER_BANK_B5250/7</EstimateCode></RadiatorSubType>
<RadiatorSubType><Name>Bank B5300/7</Name>	<DimensionIndex>5</DimensionIndex>	<Power>3881</Power>	<Surface>8.23</Surface>	<Volume>43.19</Volume>	<Exponent>1.26</Exponent>	<Current>1</Current>	<Length>3000</Length>	<Height>617</Height>	<Width>173</Width>	<EstimateCode>ZEHNDER_BANK_B5300/7</EstimateCode></RadiatorSubType>
  </RadiatorMainType>
  <RadiatorMainType>
    <MainTypeName>B6xxx/7-</MainTypeName><DimensionIndex>3</DimensionIndex><DimensionIndex>2</DimensionIndex><kvValue>4</kvValue>
<RadiatorSubType><Name>Bank B6120/7</Name>	<DimensionIndex>0</DimensionIndex>	<Power>1735</Power>	<Surface>3.94</Surface>	<Volume>21.56</Volume>	<Exponent>1.26</Exponent>	<Current>1</Current>	<Length>1200</Length>	<Height>617</Height>	<Width>210</Width>	<EstimateCode>ZEHNDER_BANK_B6120/7</EstimateCode></RadiatorSubType>
<RadiatorSubType><Name>Bank B6150/7</Name>	<DimensionIndex>1</DimensionIndex>	<Power>2142</Power>	<Surface>4.93</Surface>	<Volume>26.6</Volume>	<Exponent>1.26</Exponent>	<Current>1</Current>	<Length>1500</Length>	<Height>617</Height>	<Width>210</Width>	<EstimateCode>ZEHNDER_BANK_B6150/7</EstimateCode></RadiatorSubType>
<RadiatorSubType><Name>Bank B6180/7</Name>	<DimensionIndex>2</DimensionIndex>	<Power>2567</Power>	<Surface>5.92</Surface>	<Volume>31.64</Volume>	<Exponent>1.26</Exponent>	<Current>1</Current>	<Length>1800</Length>	<Height>617</Height>	<Width>210</Width>	<EstimateCode>ZEHNDER_BANK_B6180/7</EstimateCode></RadiatorSubType>
<RadiatorSubType><Name>Bank B6200/7</Name>	<DimensionIndex>3</DimensionIndex>	<Power>2853</Power>	<Surface>6.58</Surface>	<Volume>35</Volume>	<Exponent>1.26</Exponent>	<Current>1</Current>	<Length>2000</Length>	<Height>617</Height>	<Width>210</Width>	<EstimateCode>ZEHNDER_BANK_B6200/7</EstimateCode></RadiatorSubType>
<RadiatorSubType><Name>Bank B6250/7</Name>	<DimensionIndex>4</DimensionIndex>	<Power>3677</Power>	<Surface>8.23</Surface>	<Volume>43.4</Volume>	<Exponent>1.26</Exponent>	<Current>1</Current>	<Length>2500</Length>	<Height>617</Height>	<Width>210</Width>	<EstimateCode>ZEHNDER_BANK_B6250/7</EstimateCode></RadiatorSubType>
<RadiatorSubType><Name>Bank B6300/7</Name>	<DimensionIndex>5</DimensionIndex>	<Power>4537</Power>	<Surface>9.88</Surface>	<Volume>51.8</Volume>	<Exponent>1.26</Exponent>	<Current>1</Current>	<Length>3000</Length>	<Height>617</Height>	<Width>210</Width>	<EstimateCode>ZEHNDER_BANK_B6300/7</EstimateCode></RadiatorSubType>
  </RadiatorMainType>
  <RadiatorMainType>
    <MainTypeName>B4xxx/8-</MainTypeName><DimensionIndex>4</DimensionIndex><DimensionIndex>0</DimensionIndex><kvValue>4</kvValue>
<RadiatorSubType><Name>Bank B4120/8</Name>	<DimensionIndex>0</DimensionIndex>	<Power>1382</Power>	<Surface>2.98</Surface>	<Volume>16.72</Volume>	<Exponent>1.26</Exponent>	<Current>1</Current>	<Length>1200</Length>	<Height>663</Height>	<Width>136</Width>	<EstimateCode>ZEHNDER_BANK_B4120/8</EstimateCode></RadiatorSubType>
<RadiatorSubType><Name>Bank B4150/8</Name>	<DimensionIndex>1</DimensionIndex>	<Power>1671</Power>	<Surface>3.74</Surface>	<Volume>20.56</Volume>	<Exponent>1.26</Exponent>	<Current>1</Current>	<Length>1500</Length>	<Height>663</Height>	<Width>136</Width>	<EstimateCode>ZEHNDER_BANK_B4150/8</EstimateCode></RadiatorSubType>
<RadiatorSubType><Name>Bank B4180/8</Name>	<DimensionIndex>2</DimensionIndex>	<Power>2011</Power>	<Surface>4.5</Surface>	<Volume>24.4</Volume>	<Exponent>1.26</Exponent>	<Current>1</Current>	<Length>1800</Length>	<Height>663</Height>	<Width>136</Width>	<EstimateCode>ZEHNDER_BANK_B4180/8</EstimateCode></RadiatorSubType>
<RadiatorSubType><Name>Bank B4200/8</Name>	<DimensionIndex>3</DimensionIndex>	<Power>2219</Power>	<Surface>5</Surface>	<Volume>26.96</Volume>	<Exponent>1.26</Exponent>	<Current>1</Current>	<Length>2000</Length>	<Height>663</Height>	<Width>136</Width>	<EstimateCode>ZEHNDER_BANK_B4200/8</EstimateCode></RadiatorSubType>
<RadiatorSubType><Name>Bank B4250/8</Name>	<DimensionIndex>4</DimensionIndex>	<Power>2821</Power>	<Surface>6.26</Surface>	<Volume>33.36</Volume>	<Exponent>1.26</Exponent>	<Current>1</Current>	<Length>2500</Length>	<Height>663</Height>	<Width>136</Width>	<EstimateCode>ZEHNDER_BANK_B4250/8</EstimateCode></RadiatorSubType>
<RadiatorSubType><Name>Bank B4300/8</Name>	<DimensionIndex>5</DimensionIndex>	<Power>3478</Power>	<Surface>7.51</Surface>	<Volume>39.76</Volume>	<Exponent>1.26</Exponent>	<Current>1</Current>	<Length>3000</Length>	<Height>663</Height>	<Width>136</Width>	<EstimateCode>ZEHNDER_BANK_B4300/8</EstimateCode></RadiatorSubType>
  </RadiatorMainType>
  <RadiatorMainType>
    <MainTypeName>B5xxx/8-</MainTypeName><DimensionIndex>4</DimensionIndex><DimensionIndex>1</DimensionIndex><kvValue>4</kvValue>
<RadiatorSubType><Name>Bank B5120/8</Name>	<DimensionIndex>0</DimensionIndex>	<Power>1662</Power>	<Surface>3.74</Surface>	<Volume>20.56</Volume>	<Exponent>1.26</Exponent>	<Current>1</Current>	<Length>1200</Length>	<Height>663</Height>	<Width>173</Width>	<EstimateCode>ZEHNDER_BANK_B5120/8</EstimateCode></RadiatorSubType>
<RadiatorSubType><Name>Bank B5150/8</Name>	<DimensionIndex>1</DimensionIndex>	<Power>2050</Power>	<Surface>4.69</Surface>	<Volume>25.36</Volume>	<Exponent>1.26</Exponent>	<Current>1</Current>	<Length>1500</Length>	<Height>663</Height>	<Width>173</Width>	<EstimateCode>ZEHNDER_BANK_B5150/8</EstimateCode></RadiatorSubType>
<RadiatorSubType><Name>Bank B5180/8</Name>	<DimensionIndex>2</DimensionIndex>	<Power>2445</Power>	<Surface>5.63</Surface>	<Volume>30.16</Volume>	<Exponent>1.26</Exponent>	<Current>1</Current>	<Length>1800</Length>	<Height>663</Height>	<Width>173</Width>	<EstimateCode>ZEHNDER_BANK_B5180/8</EstimateCode></RadiatorSubType>
<RadiatorSubType><Name>Bank B5200/8</Name>	<DimensionIndex>3</DimensionIndex>	<Power>2736</Power>	<Surface>6.26</Surface>	<Volume>33.36</Volume>	<Exponent>1.26</Exponent>	<Current>1</Current>	<Length>2000</Length>	<Height>663</Height>	<Width>173</Width>	<EstimateCode>ZEHNDER_BANK_B5200/8</EstimateCode></RadiatorSubType>
<RadiatorSubType><Name>Bank B5250/8</Name>	<DimensionIndex>4</DimensionIndex>	<Power>3506</Power>	<Surface>7.83</Surface>	<Volume>41.36</Volume>	<Exponent>1.26</Exponent>	<Current>1</Current>	<Length>2500</Length>	<Height>663</Height>	<Width>173</Width>	<EstimateCode>ZEHNDER_BANK_B5250/8</EstimateCode></RadiatorSubType>
<RadiatorSubType><Name>Bank B5300/8</Name>	<DimensionIndex>5</DimensionIndex>	<Power>4368</Power>	<Surface>9.4</Surface>	<Volume>49.36</Volume>	<Exponent>1.26</Exponent>	<Current>1</Current>	<Length>3000</Length>	<Height>663</Height>	<Width>173</Width>	<EstimateCode>ZEHNDER_BANK_B5300/8</EstimateCode></RadiatorSubType>
  </RadiatorMainType>
  <RadiatorMainType>
    <MainTypeName>B6xxx/8-</MainTypeName><DimensionIndex>4</DimensionIndex><DimensionIndex>2</DimensionIndex><kvValue>4</kvValue>
<RadiatorSubType><Name>Bank B6120/8</Name>	<DimensionIndex>0</DimensionIndex>	<Power>1941</Power>	<Surface>4.5</Surface>	<Volume>24.64</Volume>	<Exponent>1.26</Exponent>	<Current>1</Current>	<Length>1200</Length>	<Height>663</Height>	<Width>210</Width>	<EstimateCode>ZEHNDER_BANK_B6120/8</EstimateCode></RadiatorSubType>
<RadiatorSubType><Name>Bank B6150/8</Name>	<DimensionIndex>1</DimensionIndex>	<Power>2397</Power>	<Surface>5.63</Surface>	<Volume>30.4</Volume>	<Exponent>1.26</Exponent>	<Current>1</Current>	<Length>1500</Length>	<Height>663</Height>	<Width>210</Width>	<EstimateCode>ZEHNDER_BANK_B6150/8</EstimateCode></RadiatorSubType>
<RadiatorSubType><Name>Bank B6180/8</Name>	<DimensionIndex>2</DimensionIndex>	<Power>2812</Power>	<Surface>6.76</Surface>	<Volume>36.16</Volume>	<Exponent>1.26</Exponent>	<Current>1</Current>	<Length>1800</Length>	<Height>663</Height>	<Width>210</Width>	<EstimateCode>ZEHNDER_BANK_B6180/8</EstimateCode></RadiatorSubType>
<RadiatorSubType><Name>Bank B6200/8</Name>	<DimensionIndex>3</DimensionIndex>	<Power>3180</Power>	<Surface>7.52</Surface>	<Volume>40</Volume>	<Exponent>1.26</Exponent>	<Current>1</Current>	<Length>2000</Length>	<Height>663</Height>	<Width>210</Width>	<EstimateCode>ZEHNDER_BANK_B6200/8</EstimateCode></RadiatorSubType>
<RadiatorSubType><Name>Bank B6250/8</Name>	<DimensionIndex>4</DimensionIndex>	<Power>4120</Power>	<Surface>9.4</Surface>	<Volume>49.6</Volume>	<Exponent>1.26</Exponent>	<Current>1</Current>	<Length>2500</Length>	<Height>663</Height>	<Width>210</Width>	<EstimateCode>ZEHNDER_BANK_B6250/8</EstimateCode></RadiatorSubType>
<RadiatorSubType><Name>Bank B6300/8</Name>	<DimensionIndex>5</DimensionIndex>	<Power>5068</Power>	<Surface>11.29</Surface>	<Volume>59.2</Volume>	<Exponent>1.26</Exponent>	<Current>1</Current>	<Length>3000</Length>	<Height>663</Height>	<Width>210</Width>	<EstimateCode>ZEHNDER_BANK_B6300/8</EstimateCode></RadiatorSubType>
  </RadiatorMainType>
</WinWattDBRadiator>

</WinWattDB>
