<?xml version="1.0" encoding="ISO-8859-2" ?>
<WinWattDB>

<WinWattDBGlobalMacro>
	<Macro ID="$o_1" Language="hun">oszlopos</Macro>
	<Macro ID="$o_1" Language="sky">oszlopos</Macro>
	<Macro ID="$o_1" Language="rom">cu coloane</Macro>
</WinWattDBGlobalMacro>

<WinWattDBRadiator DTLog="Yes">
  <ItemHeader>
    <Date><Year>2005</Year><Month>8</Month><Day>7</Day></Date>
    <ItemPath>ZEHNDER</ItemPath>
    <ItemName>ZEHNDER charleston bank</ItemName>
    <HomePage>www.zehnder-online.de</HomePage></ItemHeader>
  <DTOrigin>49.833</DTOrigin>
  <DimensionArray Type="Height" >
    <DimensionString Value="430" >430</DimensionString>
  </DimensionArray>
  <DimensionArray Type="Width" >
    <DimensionString Value="136" >4 $o_1</DimensionString>
    <DimensionString Value="173" >5 $o_1</DimensionString>
    <DimensionString Value="210" >6 $o_1</DimensionString>
  </DimensionArray>
  <DimensionArray Type="Length" >
    <DimensionString Value="1012" >22</DimensionString>
    <DimensionString Value="1242" >27</DimensionString>
    <DimensionString Value="1426" >31</DimensionString>
    <DimensionString Value="1610" >35</DimensionString>
    <DimensionString Value="1748" >38</DimensionString>
    <DimensionString Value="2024" >44</DimensionString>
    <DimensionString Value="2300" >50</DimensionString>
  </DimensionArray>
  <RadiatorMainType>	<MainTypeName>CB 4026-</MainTypeName>	<DimensionIndex>0</DimensionIndex>	<DimensionIndex>0</DimensionIndex>	<kvValue>4</kvValue>		<RadiatorSubTypeMacro From="0" To="6">	<Name>Charleston Bank CB 4026-{S}</Name>	<Power>793.48</Power>	<Surface>1.693</Surface>	<Volume>13.48</Volume>	<Exponent>1.25</Exponent>	<EstimateCode>ZEHNDER_CHARLESTON_BANK_CB_4026-{S}</EstimateCode>	</RadiatorSubTypeMacro>	</RadiatorMainType>
  <RadiatorMainType>	<MainTypeName>CB 5026-</MainTypeName>	<DimensionIndex>0</DimensionIndex>	<DimensionIndex>1</DimensionIndex>	<kvValue>4</kvValue>		<RadiatorSubTypeMacro From="0" To="6">	<Name>Charleston Bank CB 5026-{S}</Name>	<Power>980.59</Power>	<Surface>2.151</Surface>	<Volume>16.3</Volume>	<Exponent>1.25</Exponent>	<EstimateCode>ZEHNDER_CHARLESTON_BANK_CB_5026-{S}</EstimateCode>	</RadiatorSubTypeMacro>	</RadiatorMainType>
  <RadiatorMainType>	<MainTypeName>CB 6026-</MainTypeName>	<DimensionIndex>0</DimensionIndex>	<DimensionIndex>2</DimensionIndex>	<kvValue>4</kvValue>		<RadiatorSubTypeMacro From="0" To="6">	<Name>Charleston Bank CB 6026-{S}</Name>	<Power>1163</Power>	<Surface>2.609</Surface>	<Volume>19.13</Volume>	<Exponent>1.27</Exponent>	<EstimateCode>ZEHNDER_CHARLESTON_BANK_CB_6026-{S}</EstimateCode>	</RadiatorSubTypeMacro>	</RadiatorMainType>
</WinWattDBRadiator>

</WinWattDB>
