<?xml version="1.0" encoding="ISO-8859-2" ?>
<WinWattDB>

<WinWattDBGlobalMacro>
	<Macro ID="$o_1" Language="hun">oszlopos</Macro>
	<Macro ID="$o_1" Language="sky">oszlopos</Macro>
	<Macro ID="$o_1" Language="rom">cu coloane</Macro>
</WinWattDBGlobalMacro>

<WinWattDBRadiator DTLog="Yes">
  <ItemHeader>
    <Date><Year>2005</Year><Month>7</Month><Day>6</Day></Date>
    <ItemPath>ZEHNDER</ItemPath>
    <ItemName>ZEHNDER charleston klinik</ItemName>
    <HomePage>www.zehnder-online.de</HomePage></ItemHeader>
  <DTOrigin>49.833</DTOrigin>
  <DimensionArray Type="Height" >
    <DimensionString>190 mm</DimensionString>
    <DimensionString Value="260" >260 mm</DimensionString>
    <DimensionString>300 mm</DimensionString>
    <DimensionString>350 mm</DimensionString>
    <DimensionString>400 mm</DimensionString>
    <DimensionString>450 mm</DimensionString>
    <DimensionString>500 mm</DimensionString>
    <DimensionString>550 mm</DimensionString>
    <DimensionString>600 mm</DimensionString>
    <DimensionString>750 mm</DimensionString>
    <DimensionString>900 mm</DimensionString>
    <DimensionString>1000 mm</DimensionString>
    <DimensionString>1100 mm</DimensionString>
    <DimensionString>1200 mm</DimensionString>
    <DimensionString>1500 mm</DimensionString>
    <DimensionString>1800 mm</DimensionString>
    <DimensionString>2000 mm</DimensionString>
    <DimensionString>2200 mm</DimensionString>
    <DimensionString>2500 mm</DimensionString>
    <DimensionString>2800 mm</DimensionString>
    <DimensionString>3000 mm</DimensionString>
  </DimensionArray>
  <DimensionArray Type="Width" >
    <DimensionString Value=" 62" >2 $o_1</DimensionString>
    <DimensionString Value="100" >3 $o_1</DimensionString>
    <DimensionString Value="136" >4 $o_1</DimensionString>
    <DimensionString Value="173" >5 $o_1</DimensionString>
    <DimensionString Value="210" >6 $o_1</DimensionString>
  </DimensionArray>
  <DimensionArray Type="Length" >
    <DimensionString Value="1" >1</DimensionString>
    <DimensionString Value="2" >2</DimensionString>
    <DimensionString Value="3" >3</DimensionString>
    <DimensionString Value="4" >4</DimensionString>
    <DimensionString Value="5" >5</DimensionString>
    <DimensionString Value="6" >6</DimensionString>
    <DimensionString Value="7" >7</DimensionString>
    <DimensionString Value="8" >8</DimensionString>
    <DimensionString Value="9" >9</DimensionString>
    <DimensionString Value="10" >10</DimensionString>
    <DimensionString Value="11" >11</DimensionString>
    <DimensionString Value="12" >12</DimensionString>
    <DimensionString Value="13" >13</DimensionString>
    <DimensionString Value="14" >14</DimensionString>
    <DimensionString Value="15" >15</DimensionString>
    <DimensionString Value="16" >16</DimensionString>
    <DimensionString Value="17" >17</DimensionString>
    <DimensionString Value="18" >18</DimensionString>
    <DimensionString Value="19" >19</DimensionString>
    <DimensionString Value="20" >20</DimensionString>
    <DimensionString Value="21" >21</DimensionString>
    <DimensionString Value="22" >22</DimensionString>
    <DimensionString Value="23" >23</DimensionString>
    <DimensionString Value="24" >24</DimensionString>
    <DimensionString Value="25" >25</DimensionString>
    <DimensionString Value="26" >26</DimensionString>
    <DimensionString Value="27" >27</DimensionString>
    <DimensionString Value="28" >28</DimensionString>
    <DimensionString Value="29" >29</DimensionString>
    <DimensionString Value="30" >30</DimensionString>
    <DimensionString Value="31" >31</DimensionString>
    <DimensionString Value="32" >32</DimensionString>
    <DimensionString Value="33" >33</DimensionString>
    <DimensionString Value="34" >34</DimensionString>
    <DimensionString Value="35" >35</DimensionString>
    <DimensionString Value="36" >36</DimensionString>
    <DimensionString Value="37" >37</DimensionString>
    <DimensionString Value="38" >38</DimensionString>
    <DimensionString Value="39" >39</DimensionString>
    <DimensionString Value="40" >40</DimensionString>
    <DimensionString Value="41" >41</DimensionString>
    <DimensionString Value="42" >42</DimensionString>
    <DimensionString Value="43" >43</DimensionString>
    <DimensionString Value="44" >44</DimensionString>
  </DimensionArray>
  <RadiatorMainType>	<MainTypeName>charleston klinik K 2019-</MainTypeName>	<DimensionIndex>0</DimensionIndex>	<DimensionIndex>0</DimensionIndex>	<kvValue>4</kvValue>		<RadiatorSubTypeMacro From="0" To="43" SizeCorrection="-19">	<Name>charleston klinik K 2019-{S}</Name>	<Power>17.2</Power>	<Surface>0.03</Surface>	<Volume>0.3</Volume>	<Exponent>1.3</Exponent>	<Length>65</Length>	<Height>177</Height>	<EstimateCode>ZEHNDER_CHARLESTON_K_2019-{S}</EstimateCode>	</RadiatorSubTypeMacro>	</RadiatorMainType>
  <RadiatorMainType>	<MainTypeName>charleston klinik K 3019-</MainTypeName>	<DimensionIndex>0</DimensionIndex>	<DimensionIndex>1</DimensionIndex>	<kvValue>4</kvValue>		<RadiatorSubTypeMacro From="0" To="43" SizeCorrection="-19">	<Name>charleston klinik K 3019-{S}</Name>	<Power>23.5</Power>	<Surface>0.05</Surface>	<Volume>0.5</Volume>	<Exponent>1.26</Exponent>	<Length>65</Length>	<Height>185</Height>	<EstimateCode>ZEHNDER_CHARLESTON_K_3019-{S}</EstimateCode>	</RadiatorSubTypeMacro>	</RadiatorMainType>
  <RadiatorMainType>	<MainTypeName>charleston klinik K 4019-</MainTypeName>	<DimensionIndex>0</DimensionIndex>	<DimensionIndex>2</DimensionIndex>	<kvValue>4</kvValue>		<RadiatorSubTypeMacro From="0" To="43" SizeCorrection="-19">	<Name>charleston klinik K 4019-{S}</Name>	<Power>31.7</Power>	<Surface>0.07</Surface>	<Volume>0.6</Volume>	<Exponent>1.26</Exponent>	<Length>65</Length>	<Height>200</Height>	<EstimateCode>ZEHNDER_CHARLESTON_K_4019-{S}</EstimateCode>	</RadiatorSubTypeMacro>	</RadiatorMainType>
  <RadiatorMainType>	<MainTypeName>charleston klinik K 5019-</MainTypeName>	<DimensionIndex>0</DimensionIndex>	<DimensionIndex>3</DimensionIndex>	<kvValue>4</kvValue>		<RadiatorSubTypeMacro From="0" To="34" SizeCorrection="-19">	<Name>charleston klinik K 5019-{S}</Name>	<Power>38.8</Power>	<Surface>0.08</Surface>	<Volume>0.8</Volume>	<Exponent>1.26</Exponent>	<Length>65</Length>	<Height>200</Height>	<EstimateCode>ZEHNDER_CHARLESTON_K_5019-{S}</EstimateCode>	</RadiatorSubTypeMacro>	</RadiatorMainType>
  <RadiatorMainType>	<MainTypeName>charleston klinik K 6019-</MainTypeName>	<DimensionIndex>0</DimensionIndex>	<DimensionIndex>4</DimensionIndex>	<kvValue>4</kvValue>		<RadiatorSubTypeMacro From="0" To="29" SizeCorrection="-19">	<Name>charleston klinik K 6019-{S}</Name>	<Power>45.8</Power>	<Surface>0.1</Surface>	<Volume>0.9</Volume>	<Exponent>1.27</Exponent>	<Length>65</Length>	<Height>200</Height>	<EstimateCode>ZEHNDER_CHARLESTON_K_6019-{S}</EstimateCode>	</RadiatorSubTypeMacro>	</RadiatorMainType>
  <RadiatorMainType>	<MainTypeName>charleston klinik K 2026-</MainTypeName>	<DimensionIndex>1</DimensionIndex>	<DimensionIndex>0</DimensionIndex>	<kvValue>4</kvValue>		<RadiatorSubTypeMacro From="0" To="43" SizeCorrection="-19">	<Name>charleston klinik K 2026-{S}</Name>	<Power>23.9</Power>	<Surface>0.04</Surface>	<Volume>0.4</Volume>	<Exponent>1.3</Exponent>	<Length>65</Length>				<EstimateCode>ZEHNDER_CHARLESTON_K_2026-{S}</EstimateCode>	</RadiatorSubTypeMacro>	</RadiatorMainType>
  <RadiatorMainType>	<MainTypeName>charleston klinik K 3026-</MainTypeName>	<DimensionIndex>1</DimensionIndex>	<DimensionIndex>1</DimensionIndex>	<kvValue>4</kvValue>		<RadiatorSubTypeMacro From="0" To="43" SizeCorrection="-19">	<Name>charleston klinik K 3026-{S}</Name>	<Power>31.6</Power>	<Surface>0.06</Surface>	<Volume>0.6</Volume>	<Exponent>1.27</Exponent>	<Length>65</Length>				<EstimateCode>ZEHNDER_CHARLESTON_K_3026-{S}</EstimateCode>	</RadiatorSubTypeMacro>	</RadiatorMainType>
  <RadiatorMainType>	<MainTypeName>charleston klinik K 4026-</MainTypeName>	<DimensionIndex>1</DimensionIndex>	<DimensionIndex>2</DimensionIndex>	<kvValue>4</kvValue>		<RadiatorSubTypeMacro From="0" To="43" SizeCorrection="-19">	<Name>charleston klinik K 4026-{S}</Name>	<Power>40</Power>	<Surface>0.09</Surface>	<Volume>0.7</Volume>	<Exponent>1.26</Exponent>	<Length>65</Length>				<EstimateCode>ZEHNDER_CHARLESTON_K_4026-{S}</EstimateCode>	</RadiatorSubTypeMacro>	</RadiatorMainType>
  <RadiatorMainType>	<MainTypeName>charleston klinik K 5026-</MainTypeName>	<DimensionIndex>1</DimensionIndex>	<DimensionIndex>3</DimensionIndex>	<kvValue>4</kvValue>		<RadiatorSubTypeMacro From="0" To="34" SizeCorrection="-19">	<Name>charleston klinik K 5026-{S}</Name>	<Power>48.9</Power>	<Surface>0.11</Surface>	<Volume>0.9</Volume>	<Exponent>1.25</Exponent>	<Length>65</Length>				<EstimateCode>ZEHNDER_CHARLESTON_K_5026-{S}</EstimateCode>	</RadiatorSubTypeMacro>	</RadiatorMainType>
  <RadiatorMainType>	<MainTypeName>charleston klinik K 6026-</MainTypeName>	<DimensionIndex>1</DimensionIndex>	<DimensionIndex>4</DimensionIndex>	<kvValue>4</kvValue>		<RadiatorSubTypeMacro From="0" To="29" SizeCorrection="-19">	<Name>charleston klinik K 6026-{S}</Name>	<Power>58.1</Power>	<Surface>0.13</Surface>	<Volume>1</Volume>	<Exponent>1.28</Exponent>	<Length>65</Length>				<EstimateCode>ZEHNDER_CHARLESTON_K_6026-{S}</EstimateCode>	</RadiatorSubTypeMacro>	</RadiatorMainType>
  <RadiatorMainType>	<MainTypeName>charleston klinik K 2030-</MainTypeName>	<DimensionIndex>2</DimensionIndex>	<DimensionIndex>0</DimensionIndex>	<kvValue>4</kvValue>		<RadiatorSubTypeMacro From="0" To="43" SizeCorrection="-19">	<Name>charleston klinik K 2030-{S}</Name>	<Power>26.5</Power>	<Surface>0.05</Surface>	<Volume>0.4</Volume>	<Exponent>1.29</Exponent>	<Length>65</Length>	<Height>292</Height>	<EstimateCode>ZEHNDER_CHARLESTON_K_2030-{S}</EstimateCode>	</RadiatorSubTypeMacro>	</RadiatorMainType>
  <RadiatorMainType>	<MainTypeName>charleston klinik K 3030-</MainTypeName>	<DimensionIndex>2</DimensionIndex>	<DimensionIndex>1</DimensionIndex>	<kvValue>4</kvValue>		<RadiatorSubTypeMacro From="0" To="43" SizeCorrection="-19">	<Name>charleston klinik K 3030-{S}</Name>	<Power>35.9</Power>	<Surface>0.07</Surface>	<Volume>0.6</Volume>	<Exponent>1.27</Exponent>	<Length>65</Length>	<Height>300</Height>	<EstimateCode>ZEHNDER_CHARLESTON_K_3030-{S}</EstimateCode>	</RadiatorSubTypeMacro>	</RadiatorMainType>
  <RadiatorMainType>	<MainTypeName>charleston klinik K 4030-</MainTypeName>	<DimensionIndex>2</DimensionIndex>	<DimensionIndex>2</DimensionIndex>	<kvValue>4</kvValue>		<RadiatorSubTypeMacro From="0" To="43" SizeCorrection="-19">	<Name>charleston klinik K 4030-{S}</Name>	<Power>45.5</Power>	<Surface>0.1</Surface>	<Volume>0.8</Volume>	<Exponent>1.26</Exponent>	<Length>65</Length>	<Height>300</Height>	<EstimateCode>ZEHNDER_CHARLESTON_K_4030-{S}</EstimateCode>	</RadiatorSubTypeMacro>	</RadiatorMainType>
  <RadiatorMainType>	<MainTypeName>charleston klinik K 5030-</MainTypeName>	<DimensionIndex>2</DimensionIndex>	<DimensionIndex>3</DimensionIndex>	<kvValue>4</kvValue>		<RadiatorSubTypeMacro From="0" To="34" SizeCorrection="-19">	<Name>charleston klinik K 5030-{S}</Name>	<Power>55.7</Power>	<Surface>0.12</Surface>	<Volume>1</Volume>	<Exponent>1.25</Exponent>	<Length>65</Length>	<Height>300</Height>	<EstimateCode>ZEHNDER_CHARLESTON_K_5030-{S}</EstimateCode>	</RadiatorSubTypeMacro>	</RadiatorMainType>
  <RadiatorMainType>	<MainTypeName>charleston klinik K 6030-</MainTypeName>	<DimensionIndex>2</DimensionIndex>	<DimensionIndex>4</DimensionIndex>	<kvValue>4</kvValue>		<RadiatorSubTypeMacro From="0" To="29" SizeCorrection="-19">	<Name>charleston klinik K 6030-{S}</Name>	<Power>66.2</Power>	<Surface>0.15</Surface>	<Volume>1.1</Volume>	<Exponent>1.29</Exponent>	<Length>65</Length>	<Height>300</Height>	<EstimateCode>ZEHNDER_CHARLESTON_K_6030-{S}</EstimateCode>	</RadiatorSubTypeMacro>	</RadiatorMainType>
  <RadiatorMainType>	<MainTypeName>charleston klinik K 2035-</MainTypeName>	<DimensionIndex>3</DimensionIndex>	<DimensionIndex>0</DimensionIndex>	<kvValue>4</kvValue>		<RadiatorSubTypeMacro From="0" To="43" SizeCorrection="-19">	<Name>charleston klinik K 2035-{S}</Name>	<Power>29.3</Power>	<Surface>0.06</Surface>	<Volume>0.4</Volume>	<Exponent>1.29</Exponent>	<Length>65</Length>	<Height>342</Height>	<EstimateCode>ZEHNDER_CHARLESTON_K_2035-{S}</EstimateCode>	</RadiatorSubTypeMacro>	</RadiatorMainType>
  <RadiatorMainType>	<MainTypeName>charleston klinik K 3035-</MainTypeName>	<DimensionIndex>3</DimensionIndex>	<DimensionIndex>1</DimensionIndex>	<kvValue>4</kvValue>		<RadiatorSubTypeMacro From="0" To="43" SizeCorrection="-19">	<Name>charleston klinik K 3035-{S}</Name>	<Power>41.1</Power>	<Surface>0.08</Surface>	<Volume>0.7</Volume>	<Exponent>1.28</Exponent>	<Length>65</Length>	<Height>350</Height>	<EstimateCode>ZEHNDER_CHARLESTON_K_3035-{S}</EstimateCode>	</RadiatorSubTypeMacro>	</RadiatorMainType>
  <RadiatorMainType>	<MainTypeName>charleston klinik K 4035-</MainTypeName>	<DimensionIndex>3</DimensionIndex>	<DimensionIndex>2</DimensionIndex>	<kvValue>4</kvValue>		<RadiatorSubTypeMacro From="0" To="43" SizeCorrection="-19">	<Name>charleston klinik K 4035-{S}</Name>	<Power>52.3</Power>	<Surface>0.11</Surface>	<Volume>0.9</Volume>	<Exponent>1.26</Exponent>	<Length>65</Length>	<Height>350</Height>	<EstimateCode>ZEHNDER_CHARLESTON_K_4035-{S}</EstimateCode>	</RadiatorSubTypeMacro>	</RadiatorMainType>
  <RadiatorMainType>	<MainTypeName>charleston klinik K 5035-</MainTypeName>	<DimensionIndex>3</DimensionIndex>	<DimensionIndex>3</DimensionIndex>	<kvValue>4</kvValue>		<RadiatorSubTypeMacro From="0" To="34" SizeCorrection="-19">	<Name>charleston klinik K 5035-{S}</Name>	<Power>64</Power>	<Surface>0.14</Surface>	<Volume>1.1</Volume>	<Exponent>1.25</Exponent>	<Length>65</Length>	<Height>350</Height>	<EstimateCode>ZEHNDER_CHARLESTON_K_5035-{S}</EstimateCode>	</RadiatorSubTypeMacro>	</RadiatorMainType>
  <RadiatorMainType>	<MainTypeName>charleston klinik K 6035-</MainTypeName>	<DimensionIndex>3</DimensionIndex>	<DimensionIndex>4</DimensionIndex>	<kvValue>4</kvValue>		<RadiatorSubTypeMacro From="0" To="29" SizeCorrection="-19">	<Name>charleston klinik K 6035-{S}</Name>	<Power>76.2</Power>	<Surface>0.17</Surface>	<Volume>1.3</Volume>	<Exponent>1.29</Exponent>	<Length>65</Length>	<Height>350</Height>	<EstimateCode>ZEHNDER_CHARLESTON_K_6035-{S}</EstimateCode>	</RadiatorSubTypeMacro>	</RadiatorMainType>
  <RadiatorMainType>	<MainTypeName>charleston klinik K 2040-</MainTypeName>	<DimensionIndex>4</DimensionIndex>	<DimensionIndex>0</DimensionIndex>	<kvValue>4</kvValue>		<RadiatorSubTypeMacro From="0" To="43" SizeCorrection="-19">	<Name>charleston klinik K 2040-{S}</Name>	<Power>32.3</Power>	<Surface>0.07</Surface>	<Volume>0.5</Volume>	<Exponent>1.29</Exponent>	<Length>65</Length>	<Height>392</Height>	<EstimateCode>ZEHNDER_CHARLESTON_K_2040-{S}</EstimateCode>	</RadiatorSubTypeMacro>	</RadiatorMainType>
  <RadiatorMainType>	<MainTypeName>charleston klinik K 3040-</MainTypeName>	<DimensionIndex>4</DimensionIndex>	<DimensionIndex>1</DimensionIndex>	<kvValue>4</kvValue>		<RadiatorSubTypeMacro From="0" To="43" SizeCorrection="-19">	<Name>charleston klinik K 3040-{S}</Name>	<Power>46.3</Power>	<Surface>0.1</Surface>	<Volume>0.7</Volume>	<Exponent>1.28</Exponent>	<Length>65</Length>	<Height>400</Height>	<EstimateCode>ZEHNDER_CHARLESTON_K_3040-{S}</EstimateCode>	</RadiatorSubTypeMacro>	</RadiatorMainType>
  <RadiatorMainType>	<MainTypeName>charleston klinik K 4040-</MainTypeName>	<DimensionIndex>4</DimensionIndex>	<DimensionIndex>2</DimensionIndex>	<kvValue>4</kvValue>		<RadiatorSubTypeMacro From="0" To="43" SizeCorrection="-19">	<Name>charleston klinik K 4040-{S}</Name>	<Power>59.1</Power>	<Surface>0.13</Surface>	<Volume>0.9</Volume>	<Exponent>1.27</Exponent>	<Length>65</Length>	<Height>400</Height>	<EstimateCode>ZEHNDER_CHARLESTON_K_4040-{S}</EstimateCode>	</RadiatorSubTypeMacro>	</RadiatorMainType>
  <RadiatorMainType>	<MainTypeName>charleston klinik K 5040-</MainTypeName>	<DimensionIndex>4</DimensionIndex>	<DimensionIndex>3</DimensionIndex>	<kvValue>4</kvValue>		<RadiatorSubTypeMacro From="0" To="34" SizeCorrection="-19">	<Name>charleston klinik K 5040-{S}</Name>	<Power>72.4</Power>	<Surface>0.16</Surface>	<Volume>1.2</Volume>	<Exponent>1.26</Exponent>	<Length>65</Length>	<Height>400</Height>	<EstimateCode>ZEHNDER_CHARLESTON_K_5040-{S}</EstimateCode>	</RadiatorSubTypeMacro>	</RadiatorMainType>
  <RadiatorMainType>	<MainTypeName>charleston klinik K 6040-</MainTypeName>	<DimensionIndex>4</DimensionIndex>	<DimensionIndex>4</DimensionIndex>	<kvValue>4</kvValue>		<RadiatorSubTypeMacro From="0" To="29" SizeCorrection="-19">	<Name>charleston klinik K 6040-{S}</Name>	<Power>86.2</Power>	<Surface>0.19</Surface>	<Volume>1.4</Volume>	<Exponent>1.29</Exponent>	<Length>65</Length>	<Height>400</Height>	<EstimateCode>ZEHNDER_CHARLESTON_K_6040-{S}</EstimateCode>	</RadiatorSubTypeMacro>	</RadiatorMainType>
  <RadiatorMainType>	<MainTypeName>charleston klinik K 2045-</MainTypeName>	<DimensionIndex>5</DimensionIndex>	<DimensionIndex>0</DimensionIndex>	<kvValue>4</kvValue>		<RadiatorSubTypeMacro From="0" To="43" SizeCorrection="-19">	<Name>charleston klinik K 2045-{S}</Name>	<Power>35.4</Power>	<Surface>0.07</Surface>	<Volume>0.5</Volume>	<Exponent>1.29</Exponent>	<Length>65</Length>	<Height>442</Height>	<EstimateCode>ZEHNDER_CHARLESTON_K_2045-{S}</EstimateCode>	</RadiatorSubTypeMacro>	</RadiatorMainType>
  <RadiatorMainType>	<MainTypeName>charleston klinik K 3045-</MainTypeName>	<DimensionIndex>5</DimensionIndex>	<DimensionIndex>1</DimensionIndex>	<kvValue>4</kvValue>		<RadiatorSubTypeMacro From="0" To="43" SizeCorrection="-19">	<Name>charleston klinik K 3045-{S}</Name>	<Power>51.3</Power>	<Surface>0.11</Surface>	<Volume>0.8</Volume>	<Exponent>1.28</Exponent>	<Length>65</Length>	<Height>450</Height>	<EstimateCode>ZEHNDER_CHARLESTON_K_3045-{S}</EstimateCode>	</RadiatorSubTypeMacro>	</RadiatorMainType>
  <RadiatorMainType>	<MainTypeName>charleston klinik K 4045-</MainTypeName>	<DimensionIndex>5</DimensionIndex>	<DimensionIndex>2</DimensionIndex>	<kvValue>4</kvValue>		<RadiatorSubTypeMacro From="0" To="43" SizeCorrection="-19">	<Name>charleston klinik K 4045-{S}</Name>	<Power>65.8</Power>	<Surface>0.15</Surface>	<Volume>1</Volume>	<Exponent>1.27</Exponent>	<Length>65</Length>	<Height>450</Height>	<EstimateCode>ZEHNDER_CHARLESTON_K_4045-{S}</EstimateCode>	</RadiatorSubTypeMacro>	</RadiatorMainType>
  <RadiatorMainType>	<MainTypeName>charleston klinik K 5045-</MainTypeName>	<DimensionIndex>5</DimensionIndex>	<DimensionIndex>3</DimensionIndex>	<kvValue>4</kvValue>		<RadiatorSubTypeMacro From="0" To="34" SizeCorrection="-19">	<Name>charleston klinik K 5045-{S}</Name>	<Power>80.7</Power>	<Surface>0.18</Surface>	<Volume>1.3</Volume>	<Exponent>1.26</Exponent>	<Length>65</Length>	<Height>450</Height>	<EstimateCode>ZEHNDER_CHARLESTON_K_5045-{S}</EstimateCode>	</RadiatorSubTypeMacro>	</RadiatorMainType>
  <RadiatorMainType>	<MainTypeName>charleston klinik K 6045-</MainTypeName>	<DimensionIndex>5</DimensionIndex>	<DimensionIndex>4</DimensionIndex>	<kvValue>4</kvValue>		<RadiatorSubTypeMacro From="0" To="29" SizeCorrection="-19">	<Name>charleston klinik K 6045-{S}</Name>	<Power>96.1</Power>	<Surface>0.22</Surface>	<Volume>1.5</Volume>	<Exponent>1.29</Exponent>	<Length>65</Length>	<Height>450</Height>	<EstimateCode>ZEHNDER_CHARLESTON_K_6045-{S}</EstimateCode>	</RadiatorSubTypeMacro>	</RadiatorMainType>
  <RadiatorMainType>	<MainTypeName>charleston klinik K 2050-</MainTypeName>	<DimensionIndex>6</DimensionIndex>	<DimensionIndex>0</DimensionIndex>	<kvValue>4</kvValue>		<RadiatorSubTypeMacro From="0" To="43" SizeCorrection="-19">	<Name>charleston klinik K 2050-{S}</Name>	<Power>38.6</Power>	<Surface>0.08</Surface>	<Volume>0.6</Volume>	<Exponent>1.29</Exponent>	<Length>65</Length>	<Height>492</Height>	<EstimateCode>ZEHNDER_CHARLESTON_K_2050-{S}</EstimateCode>	</RadiatorSubTypeMacro>	</RadiatorMainType>
  <RadiatorMainType>	<MainTypeName>charleston klinik K 3050-</MainTypeName>	<DimensionIndex>6</DimensionIndex>	<DimensionIndex>1</DimensionIndex>	<kvValue>4</kvValue>		<RadiatorSubTypeMacro From="0" To="43" SizeCorrection="-19">	<Name>charleston klinik K 3050-{S}</Name>	<Power>56.3</Power>	<Surface>0.12</Surface>	<Volume>0.9</Volume>	<Exponent>1.28</Exponent>	<Length>65</Length>	<Height>500</Height>	<EstimateCode>ZEHNDER_CHARLESTON_K_3050-{S}</EstimateCode>	</RadiatorSubTypeMacro>	</RadiatorMainType>
  <RadiatorMainType>	<MainTypeName>charleston klinik K 4050-</MainTypeName>	<DimensionIndex>6</DimensionIndex>	<DimensionIndex>2</DimensionIndex>	<kvValue>4</kvValue>		<RadiatorSubTypeMacro From="0" To="43" SizeCorrection="-19">	<Name>charleston klinik K 4050-{S}</Name>	<Power>72.5</Power>	<Surface>0.16</Surface>	<Volume>1.1</Volume>	<Exponent>1.27</Exponent>	<Length>65</Length>	<Height>500</Height>	<EstimateCode>ZEHNDER_CHARLESTON_K_4050-{S}</EstimateCode>	</RadiatorSubTypeMacro>	</RadiatorMainType>
  <RadiatorMainType>	<MainTypeName>charleston klinik K 5050-</MainTypeName>	<DimensionIndex>6</DimensionIndex>	<DimensionIndex>3</DimensionIndex>	<kvValue>4</kvValue>		<RadiatorSubTypeMacro From="0" To="34" SizeCorrection="-19">	<Name>charleston klinik K 5050-{S}</Name>	<Power>89</Power>	<Surface>0.2</Surface>	<Volume>1.4</Volume>	<Exponent>1.26</Exponent>	<Length>65</Length>	<Height>500</Height>	<EstimateCode>ZEHNDER_CHARLESTON_K_5050-{S}</EstimateCode>	</RadiatorSubTypeMacro>	</RadiatorMainType>
  <RadiatorMainType>	<MainTypeName>charleston klinik K 6050-</MainTypeName>	<DimensionIndex>6</DimensionIndex>	<DimensionIndex>4</DimensionIndex>	<kvValue>4</kvValue>		<RadiatorSubTypeMacro From="0" To="29" SizeCorrection="-19">	<Name>charleston klinik K 6050-{S}</Name>	<Power>106</Power>	<Surface>0.24</Surface>	<Volume>1.6</Volume>	<Exponent>1.29</Exponent>	<Length>65</Length>	<Height>500</Height>	<EstimateCode>ZEHNDER_CHARLESTON_K_6050-{S}</EstimateCode>	</RadiatorSubTypeMacro>	</RadiatorMainType>
  <RadiatorMainType>	<MainTypeName>charleston klinik K 2055-</MainTypeName>	<DimensionIndex>7</DimensionIndex>	<DimensionIndex>0</DimensionIndex>	<kvValue>4</kvValue>		<RadiatorSubTypeMacro From="0" To="43" SizeCorrection="-19">	<Name>charleston klinik K 2055-{S}</Name>	<Power>41.9</Power>	<Surface>0.09</Surface>	<Volume>0.6</Volume>	<Exponent>1.29</Exponent>	<Length>65</Length>	<Height>542</Height>	<EstimateCode>ZEHNDER_CHARLESTON_K_2055-{S}</EstimateCode>	</RadiatorSubTypeMacro>	</RadiatorMainType>
  <RadiatorMainType>	<MainTypeName>charleston klinik K 3055-</MainTypeName>	<DimensionIndex>7</DimensionIndex>	<DimensionIndex>1</DimensionIndex>	<kvValue>4</kvValue>		<RadiatorSubTypeMacro From="0" To="43" SizeCorrection="-19">	<Name>charleston klinik K 3055-{S}</Name>	<Power>61.3</Power>	<Surface>0.13</Surface>	<Volume>0.9</Volume>	<Exponent>1.29</Exponent>	<Length>65</Length>	<Height>550</Height>	<EstimateCode>ZEHNDER_CHARLESTON_K_3055-{S}</EstimateCode>	</RadiatorSubTypeMacro>	</RadiatorMainType>
  <RadiatorMainType>	<MainTypeName>charleston klinik K 4055-</MainTypeName>	<DimensionIndex>7</DimensionIndex>	<DimensionIndex>2</DimensionIndex>	<kvValue>4</kvValue>		<RadiatorSubTypeMacro From="0" To="43" SizeCorrection="-19">	<Name>charleston klinik K 4055-{S}</Name>	<Power>79.2</Power>	<Surface>0.18</Surface>	<Volume>1.2</Volume>	<Exponent>1.28</Exponent>	<Length>65</Length>	<Height>550</Height>	<EstimateCode>ZEHNDER_CHARLESTON_K_4055-{S}</EstimateCode>	</RadiatorSubTypeMacro>	</RadiatorMainType>
  <RadiatorMainType>	<MainTypeName>charleston klinik K 5055-</MainTypeName>	<DimensionIndex>7</DimensionIndex>	<DimensionIndex>3</DimensionIndex>	<kvValue>4</kvValue>		<RadiatorSubTypeMacro From="0" To="34" SizeCorrection="-19">	<Name>charleston klinik K 5055-{S}</Name>	<Power>97.3</Power>	<Surface>0.22</Surface>	<Volume>1.5</Volume>	<Exponent>1.27</Exponent>	<Length>65</Length>	<Height>550</Height>	<EstimateCode>ZEHNDER_CHARLESTON_K_5055-{S}</EstimateCode>	</RadiatorSubTypeMacro>	</RadiatorMainType>
  <RadiatorMainType>	<MainTypeName>charleston klinik K 6055-</MainTypeName>	<DimensionIndex>7</DimensionIndex>	<DimensionIndex>4</DimensionIndex>	<kvValue>4</kvValue>		<RadiatorSubTypeMacro From="0" To="29" SizeCorrection="-19">	<Name>charleston klinik K 6055-{S}</Name>	<Power>116</Power>	<Surface>0.26</Surface>	<Volume>1.8</Volume>	<Exponent>1.29</Exponent>	<Length>65</Length>	<Height>550</Height>	<EstimateCode>ZEHNDER_CHARLESTON_K_6055-{S}</EstimateCode>	</RadiatorSubTypeMacro>	</RadiatorMainType>
  <RadiatorMainType>	<MainTypeName>charleston klinik K 2060-</MainTypeName>	<DimensionIndex>8</DimensionIndex>	<DimensionIndex>0</DimensionIndex>	<kvValue>4</kvValue>		<RadiatorSubTypeMacro From="0" To="43" SizeCorrection="-19">	<Name>charleston klinik K 2060-{S}</Name>	<Power>45.2</Power>	<Surface>0.1</Surface>	<Volume>0.6</Volume>	<Exponent>1.29</Exponent>	<Length>65</Length>	<Height>592</Height>	<EstimateCode>ZEHNDER_CHARLESTON_K_2060-{S}</EstimateCode>	</RadiatorSubTypeMacro>	</RadiatorMainType>
  <RadiatorMainType>	<MainTypeName>charleston klinik K 3060-</MainTypeName>	<DimensionIndex>8</DimensionIndex>	<DimensionIndex>1</DimensionIndex>	<kvValue>4</kvValue>		<RadiatorSubTypeMacro From="0" To="43" SizeCorrection="-19">	<Name>charleston klinik K 3060-{S}</Name>	<Power>66.2</Power>	<Surface>0.14</Surface>	<Volume>1</Volume>	<Exponent>1.29</Exponent>	<Length>65</Length>	<Height>600</Height>	<EstimateCode>ZEHNDER_CHARLESTON_K_3060-{S}</EstimateCode>	</RadiatorSubTypeMacro>	</RadiatorMainType>
  <RadiatorMainType>	<MainTypeName>charleston klinik K 4060-</MainTypeName>	<DimensionIndex>8</DimensionIndex>	<DimensionIndex>2</DimensionIndex>	<kvValue>4</kvValue>		<RadiatorSubTypeMacro From="0" To="43" SizeCorrection="-19">	<Name>charleston klinik K 4060-{S}</Name>	<Power>85.8</Power>	<Surface>0.19</Surface>	<Volume>1.3</Volume>	<Exponent>1.28</Exponent>	<Length>65</Length>	<Height>600</Height>	<EstimateCode>ZEHNDER_CHARLESTON_K_4060-{S}</EstimateCode>	</RadiatorSubTypeMacro>	</RadiatorMainType>
  <RadiatorMainType>	<MainTypeName>charleston klinik K 5060-</MainTypeName>	<DimensionIndex>8</DimensionIndex>	<DimensionIndex>3</DimensionIndex>	<kvValue>4</kvValue>		<RadiatorSubTypeMacro From="0" To="34" SizeCorrection="-19">	<Name>charleston klinik K 5060-{S}</Name>	<Power>106</Power>	<Surface>0.24</Surface>	<Volume>1.6</Volume>	<Exponent>1.27</Exponent>	<Length>65</Length>	<Height>600</Height>	<EstimateCode>ZEHNDER_CHARLESTON_K_5060-{S}</EstimateCode>	</RadiatorSubTypeMacro>	</RadiatorMainType>
  <RadiatorMainType>	<MainTypeName>charleston klinik K 6060-</MainTypeName>	<DimensionIndex>8</DimensionIndex>	<DimensionIndex>4</DimensionIndex>	<kvValue>4</kvValue>		<RadiatorSubTypeMacro From="0" To="29" SizeCorrection="-19">	<Name>charleston klinik K 6060-{S}</Name>	<Power>125</Power>	<Surface>0.29</Surface>	<Volume>1.9</Volume>	<Exponent>1.29</Exponent>	<Length>65</Length>	<Height>600</Height>	<EstimateCode>ZEHNDER_CHARLESTON_K_6060-{S}</EstimateCode>	</RadiatorSubTypeMacro>	</RadiatorMainType>
  <RadiatorMainType>	<MainTypeName>charleston klinik K 2075-</MainTypeName>	<DimensionIndex>9</DimensionIndex>	<DimensionIndex>0</DimensionIndex>	<kvValue>4</kvValue>		<RadiatorSubTypeMacro From="0" To="43" SizeCorrection="-19">	<Name>charleston klinik K 2075-{S}</Name>	<Power>55.8</Power>	<Surface>0.12</Surface>	<Volume>0.8</Volume>	<Exponent>1.29</Exponent>	<Length>65</Length>	<Height>742</Height>	<EstimateCode>ZEHNDER_CHARLESTON_K_2075-{S}</EstimateCode>	</RadiatorSubTypeMacro>	</RadiatorMainType>
  <RadiatorMainType>	<MainTypeName>charleston klinik K 3075-</MainTypeName>	<DimensionIndex>9</DimensionIndex>	<DimensionIndex>1</DimensionIndex>	<kvValue>4</kvValue>		<RadiatorSubTypeMacro From="0" To="43" SizeCorrection="-19">	<Name>charleston klinik K 3075-{S}</Name>	<Power>80.7</Power>	<Surface>0.18</Surface>	<Volume>1.2</Volume>	<Exponent>1.3</Exponent>	<Length>65</Length>	<Height>750</Height>	<EstimateCode>ZEHNDER_CHARLESTON_K_3075-{S}</EstimateCode>	</RadiatorSubTypeMacro>	</RadiatorMainType>
  <RadiatorMainType>	<MainTypeName>charleston klinik K 4075-</MainTypeName>	<DimensionIndex>9</DimensionIndex>	<DimensionIndex>2</DimensionIndex>	<kvValue>4</kvValue>		<RadiatorSubTypeMacro From="0" To="43" SizeCorrection="-19">	<Name>charleston klinik K 4075-{S}</Name>	<Power>106</Power>	<Surface>0.24</Surface>	<Volume>1.5</Volume>	<Exponent>1.29</Exponent>	<Length>65</Length>	<Height>750</Height>	<EstimateCode>ZEHNDER_CHARLESTON_K_4075-{S}</EstimateCode>	</RadiatorSubTypeMacro>	</RadiatorMainType>
  <RadiatorMainType>	<MainTypeName>charleston klinik K 5075-</MainTypeName>	<DimensionIndex>9</DimensionIndex>	<DimensionIndex>3</DimensionIndex>	<kvValue>4</kvValue>		<RadiatorSubTypeMacro From="0" To="34" SizeCorrection="-19">	<Name>charleston klinik K 5075-{S}</Name>	<Power>130</Power>	<Surface>0.3</Surface>	<Volume>1.9</Volume>	<Exponent>1.28</Exponent>	<Length>65</Length>	<Height>750</Height>	<EstimateCode>ZEHNDER_CHARLESTON_K_5075-{S}</EstimateCode>	</RadiatorSubTypeMacro>	</RadiatorMainType>
  <RadiatorMainType>	<MainTypeName>charleston klinik K 6075-</MainTypeName>	<DimensionIndex>9</DimensionIndex>	<DimensionIndex>4</DimensionIndex>	<kvValue>4</kvValue>		<RadiatorSubTypeMacro From="0" To="29" SizeCorrection="-19">	<Name>charleston klinik K 6075-{S}</Name>	<Power>154</Power>	<Surface>0.36</Surface>	<Volume>2.2</Volume>	<Exponent>1.3</Exponent>	<Length>65</Length>	<Height>750</Height>	<EstimateCode>ZEHNDER_CHARLESTON_K_6075-{S}</EstimateCode>	</RadiatorSubTypeMacro>	</RadiatorMainType>
  <RadiatorMainType>	<MainTypeName>charleston klinik K 2090-</MainTypeName>	<DimensionIndex>10</DimensionIndex>	<DimensionIndex>0</DimensionIndex>	<kvValue>4</kvValue>		<RadiatorSubTypeMacro From="0" To="43" SizeCorrection="-19">	<Name>charleston klinik K 2090-{S}</Name>	<Power>66.9</Power>	<Surface>0.14</Surface>	<Volume>0.9</Volume>	<Exponent>1.3</Exponent>	<Length>65</Length>	<Height>892</Height>	<EstimateCode>ZEHNDER_CHARLESTON_K_2090-{S}</EstimateCode>	</RadiatorSubTypeMacro>	</RadiatorMainType>
  <RadiatorMainType>	<MainTypeName>charleston klinik K 3090-</MainTypeName>	<DimensionIndex>10</DimensionIndex>	<DimensionIndex>1</DimensionIndex>	<kvValue>4</kvValue>		<RadiatorSubTypeMacro From="0" To="43" SizeCorrection="-19">	<Name>charleston klinik K 3090-{S}</Name>	<Power>95.1</Power>	<Surface>0.21</Surface>	<Volume>1.3</Volume>	<Exponent>1.31</Exponent>	<Length>65</Length>	<Height>900</Height>	<EstimateCode>ZEHNDER_CHARLESTON_K_3090-{S}</EstimateCode>	</RadiatorSubTypeMacro>	</RadiatorMainType>
  <RadiatorMainType>	<MainTypeName>charleston klinik K 4090-</MainTypeName>	<DimensionIndex>10</DimensionIndex>	<DimensionIndex>2</DimensionIndex>	<kvValue>4</kvValue>		<RadiatorSubTypeMacro From="0" To="43" SizeCorrection="-19">	<Name>charleston klinik K 4090-{S}</Name>	<Power>125</Power>	<Surface>0.29</Surface>	<Volume>1.8</Volume>	<Exponent>1.3</Exponent>	<Length>65</Length>	<Height>900</Height>	<EstimateCode>ZEHNDER_CHARLESTON_K_4090-{S}</EstimateCode>	</RadiatorSubTypeMacro>	</RadiatorMainType>
  <RadiatorMainType>	<MainTypeName>charleston klinik K 5090-</MainTypeName>	<DimensionIndex>10</DimensionIndex>	<DimensionIndex>3</DimensionIndex>	<kvValue>4</kvValue>		<RadiatorSubTypeMacro From="0" To="34" SizeCorrection="-19">	<Name>charleston klinik K 5090-{S}</Name>	<Power>154</Power>	<Surface>0.36</Surface>	<Volume>2.2</Volume>	<Exponent>1.29</Exponent>	<Length>65</Length>	<Height>900</Height>	<EstimateCode>ZEHNDER_CHARLESTON_K_5090-{S}</EstimateCode>	</RadiatorSubTypeMacro>	</RadiatorMainType>
  <RadiatorMainType>	<MainTypeName>charleston klinik K 6090-</MainTypeName>	<DimensionIndex>10</DimensionIndex>	<DimensionIndex>4</DimensionIndex>	<kvValue>4</kvValue>		<RadiatorSubTypeMacro From="0" To="29" SizeCorrection="-19">	<Name>charleston klinik K 6090-{S}</Name>	<Power>183</Power>	<Surface>0.43</Surface>	<Volume>2.6</Volume>	<Exponent>1.3</Exponent>	<Length>65</Length>	<Height>900</Height>	<EstimateCode>ZEHNDER_CHARLESTON_K_6090-{S}</EstimateCode>	</RadiatorSubTypeMacro>	</RadiatorMainType>
  <RadiatorMainType>	<MainTypeName>charleston klinik K 2100-</MainTypeName>	<DimensionIndex>11</DimensionIndex>	<DimensionIndex>0</DimensionIndex>	<kvValue>4</kvValue>		<RadiatorSubTypeMacro From="0" To="13" SizeCorrection="-19">	<Name>charleston klinik K 2100-{S}</Name>	<Power>74.7</Power>	<Surface>0.16</Surface>	<Volume>1</Volume>	<Exponent>1.3</Exponent>	<Length>65</Length>	<Height>992</Height>	<EstimateCode>ZEHNDER_CHARLESTON_K_2100-{S}</EstimateCode>	</RadiatorSubTypeMacro>	</RadiatorMainType>
  <RadiatorMainType>	<MainTypeName>charleston klinik K 3100-</MainTypeName>	<DimensionIndex>11</DimensionIndex>	<DimensionIndex>1</DimensionIndex>	<kvValue>4</kvValue>		<RadiatorSubTypeMacro From="0" To="13" SizeCorrection="-19">	<Name>charleston klinik K 3100-{S}</Name>	<Power>105</Power>	<Surface>0.24</Surface>	<Volume>1.5</Volume>	<Exponent>1.32</Exponent>	<Length>65</Length>	<Height>1000</Height>	<EstimateCode>ZEHNDER_CHARLESTON_K_3100-{S}</EstimateCode>	</RadiatorSubTypeMacro>	</RadiatorMainType>
  <RadiatorMainType>	<MainTypeName>charleston klinik K 4100-</MainTypeName>	<DimensionIndex>11</DimensionIndex>	<DimensionIndex>2</DimensionIndex>	<kvValue>4</kvValue>		<RadiatorSubTypeMacro From="0" To="13" SizeCorrection="-19">	<Name>charleston klinik K 4100-{S}</Name>	<Power>138</Power>	<Surface>0.32</Surface>	<Volume>1.9</Volume>	<Exponent>1.31</Exponent>	<Length>65</Length>	<Height>1000</Height>	<EstimateCode>ZEHNDER_CHARLESTON_K_4100-{S}</EstimateCode>	</RadiatorSubTypeMacro>	</RadiatorMainType>
  <RadiatorMainType>	<MainTypeName>charleston klinik K 5100-</MainTypeName>	<DimensionIndex>11</DimensionIndex>	<DimensionIndex>3</DimensionIndex>	<kvValue>4</kvValue>		<RadiatorSubTypeMacro From="0" To="11" SizeCorrection="-19">	<Name>charleston klinik K 5100-{S}</Name>	<Power>170</Power>	<Surface>0.4</Surface>	<Volume>2.4</Volume>	<Exponent>1.3</Exponent>	<Length>65</Length>	<Height>1000</Height>	<EstimateCode>ZEHNDER_CHARLESTON_K_5100-{S}</EstimateCode>	</RadiatorSubTypeMacro>	</RadiatorMainType>
  <RadiatorMainType>	<MainTypeName>charleston klinik K 6100-</MainTypeName>	<DimensionIndex>11</DimensionIndex>	<DimensionIndex>4</DimensionIndex>	<kvValue>4</kvValue>		<RadiatorSubTypeMacro From="0" To="9" SizeCorrection="-19">	<Name>charleston klinik K 6100-{S}</Name>	<Power>201</Power>	<Surface>0.48</Surface>	<Volume>2.8</Volume>	<Exponent>1.3</Exponent>	<Length>65</Length>	<Height>1000</Height>	<EstimateCode>ZEHNDER_CHARLESTON_K_6100-{S}</EstimateCode>	</RadiatorSubTypeMacro>	</RadiatorMainType>
  <RadiatorMainType>	<MainTypeName>charleston klinik K 2110-</MainTypeName>	<DimensionIndex>12</DimensionIndex>	<DimensionIndex>0</DimensionIndex>	<kvValue>4</kvValue>		<RadiatorSubTypeMacro From="0" To="13" SizeCorrection="-19">	<Name>charleston klinik K 2110-{S}</Name>	<Power>82.6</Power>	<Surface>0.18</Surface>	<Volume>1</Volume>	<Exponent>1.3</Exponent>	<Length>65</Length>	<Height>1092</Height>	<EstimateCode>ZEHNDER_CHARLESTON_K_2110-{S}</EstimateCode>	</RadiatorSubTypeMacro>	</RadiatorMainType>
  <RadiatorMainType>	<MainTypeName>charleston klinik K 3110-</MainTypeName>	<DimensionIndex>12</DimensionIndex>	<DimensionIndex>1</DimensionIndex>	<kvValue>4</kvValue>		<RadiatorSubTypeMacro From="0" To="13" SizeCorrection="-19">	<Name>charleston klinik K 3110-{S}</Name>	<Power>114</Power>	<Surface>0.26</Surface>	<Volume>1.6</Volume>	<Exponent>1.32</Exponent>	<Length>65</Length>	<Height>1100</Height>	<EstimateCode>ZEHNDER_CHARLESTON_K_3110-{S}</EstimateCode>	</RadiatorSubTypeMacro>	</RadiatorMainType>
  <RadiatorMainType>	<MainTypeName>charleston klinik K 4110-</MainTypeName>	<DimensionIndex>12</DimensionIndex>	<DimensionIndex>2</DimensionIndex>	<kvValue>4</kvValue>		<RadiatorSubTypeMacro From="0" To="13" SizeCorrection="-19">	<Name>charleston klinik K 4110-{S}</Name>	<Power>151</Power>	<Surface>0.35</Surface>	<Volume>2.1</Volume>	<Exponent>1.32</Exponent>	<Length>65</Length>	<Height>1100</Height>	<EstimateCode>ZEHNDER_CHARLESTON_K_4110-{S}</EstimateCode>	</RadiatorSubTypeMacro>	</RadiatorMainType>
  <RadiatorMainType>	<MainTypeName>charleston klinik K 5110-</MainTypeName>	<DimensionIndex>12</DimensionIndex>	<DimensionIndex>3</DimensionIndex>	<kvValue>4</kvValue>		<RadiatorSubTypeMacro From="0" To="11" SizeCorrection="-19">	<Name>charleston klinik K 5110-{S}</Name>	<Power>186</Power>	<Surface>0.44</Surface>	<Volume>2.6</Volume>	<Exponent>1.31</Exponent>	<Length>65</Length>	<Height>1100</Height>	<EstimateCode>ZEHNDER_CHARLESTON_K_5110-{S}</EstimateCode>	</RadiatorSubTypeMacro>	</RadiatorMainType>
  <RadiatorMainType>	<MainTypeName>charleston klinik K 6110-</MainTypeName>	<DimensionIndex>12</DimensionIndex>	<DimensionIndex>4</DimensionIndex>	<kvValue>4</kvValue>		<RadiatorSubTypeMacro From="0" To="9" SizeCorrection="-19">	<Name>charleston klinik K 6110-{S}</Name>	<Power>220</Power>	<Surface>0.52</Surface>	<Volume>3.1</Volume>	<Exponent>1.3</Exponent>	<Length>65</Length>	<Height>1100</Height>	<EstimateCode>ZEHNDER_CHARLESTON_K_6110-{S}</EstimateCode>	</RadiatorSubTypeMacro>	</RadiatorMainType>
  <RadiatorMainType>	<MainTypeName>charleston klinik K 2120-</MainTypeName>	<DimensionIndex>13</DimensionIndex>	<DimensionIndex>0</DimensionIndex>	<kvValue>4</kvValue>		<RadiatorSubTypeMacro From="0" To="13" SizeCorrection="-19">	<Name>charleston klinik K 2120-{S}</Name>	<Power>90.6</Power>	<Surface>0.19</Surface>	<Volume>1.1</Volume>	<Exponent>1.3</Exponent>	<Length>65</Length>	<Height>1192</Height>	<EstimateCode>ZEHNDER_CHARLESTON_K_2120-{S}</EstimateCode>	</RadiatorSubTypeMacro>	</RadiatorMainType>
  <RadiatorMainType>	<MainTypeName>charleston klinik K 3120-</MainTypeName>	<DimensionIndex>13</DimensionIndex>	<DimensionIndex>1</DimensionIndex>	<kvValue>4</kvValue>		<RadiatorSubTypeMacro From="0" To="13" SizeCorrection="-19">	<Name>charleston klinik K 3120-{S}</Name>	<Power>125</Power>	<Surface>0.29</Surface>	<Volume>1.7</Volume>	<Exponent>1.33</Exponent>	<Length>65</Length>	<Height>1200</Height>	<EstimateCode>ZEHNDER_CHARLESTON_K_3120-{S}</EstimateCode>	</RadiatorSubTypeMacro>	</RadiatorMainType>
  <RadiatorMainType>	<MainTypeName>charleston klinik K 4120-</MainTypeName>	<DimensionIndex>13</DimensionIndex>	<DimensionIndex>2</DimensionIndex>	<kvValue>4</kvValue>		<RadiatorSubTypeMacro From="0" To="13" SizeCorrection="-19">	<Name>charleston klinik K 4120-{S}</Name>	<Power>164</Power>	<Surface>0.38</Surface>	<Volume>2.2</Volume>	<Exponent>1.32</Exponent>	<Length>65</Length>	<Height>1200</Height>	<EstimateCode>ZEHNDER_CHARLESTON_K_4120-{S}</EstimateCode>	</RadiatorSubTypeMacro>	</RadiatorMainType>
  <RadiatorMainType>	<MainTypeName>charleston klinik K 5120-</MainTypeName>	<DimensionIndex>13</DimensionIndex>	<DimensionIndex>3</DimensionIndex>	<kvValue>4</kvValue>		<RadiatorSubTypeMacro From="0" To="11" SizeCorrection="-19">	<Name>charleston klinik K 5120-{S}</Name>	<Power>202</Power>	<Surface>0.48</Surface>	<Volume>2.8</Volume>	<Exponent>1.31</Exponent>	<Length>65</Length>	<Height>1200</Height>	<EstimateCode>ZEHNDER_CHARLESTON_K_5120-{S}</EstimateCode>	</RadiatorSubTypeMacro>	</RadiatorMainType>
  <RadiatorMainType>	<MainTypeName>charleston klinik K 6120-</MainTypeName>	<DimensionIndex>13</DimensionIndex>	<DimensionIndex>4</DimensionIndex>	<kvValue>4</kvValue>		<RadiatorSubTypeMacro From="0" To="9" SizeCorrection="-19">	<Name>charleston klinik K 6120-{S}</Name>	<Power>238</Power>	<Surface>0.57</Surface>	<Volume>3.3</Volume>	<Exponent>1.3</Exponent>	<Length>65</Length>	<Height>1200</Height>	<EstimateCode>ZEHNDER_CHARLESTON_K_6120-{S}</EstimateCode>	</RadiatorSubTypeMacro>	</RadiatorMainType>
  <RadiatorMainType>	<MainTypeName>charleston klinik K 2150-</MainTypeName>	<DimensionIndex>14</DimensionIndex>	<DimensionIndex>0</DimensionIndex>	<kvValue>4</kvValue>		<RadiatorSubTypeMacro From="0" To="13" SizeCorrection="-19">	<Name>charleston klinik K 2150-{S}</Name>	<Power>115</Power>	<Surface>0.24</Surface>	<Volume>1.3</Volume>	<Exponent>1.33</Exponent>	<Length>65</Length>	<Height>1492</Height>	<EstimateCode>ZEHNDER_CHARLESTON_K_2150-{S}</EstimateCode>	</RadiatorSubTypeMacro>	</RadiatorMainType>
  <RadiatorMainType>	<MainTypeName>charleston klinik K 3150-</MainTypeName>	<DimensionIndex>14</DimensionIndex>	<DimensionIndex>1</DimensionIndex>	<kvValue>4</kvValue>		<RadiatorSubTypeMacro From="0" To="13" SizeCorrection="-19">	<Name>charleston klinik K 3150-{S}</Name>	<Power>159</Power>	<Surface>0.36</Surface>	<Volume>2</Volume>	<Exponent>1.33</Exponent>	<Length>65</Length>	<Height>1500</Height>	<EstimateCode>ZEHNDER_CHARLESTON_K_3150-{S}</EstimateCode>	</RadiatorSubTypeMacro>	</RadiatorMainType>
  <RadiatorMainType>	<MainTypeName>charleston klinik K 4150-</MainTypeName>	<DimensionIndex>14</DimensionIndex>	<DimensionIndex>2</DimensionIndex>	<kvValue>4</kvValue>		<RadiatorSubTypeMacro From="0" To="13" SizeCorrection="-19">	<Name>charleston klinik K 4150-{S}</Name>	<Power>202</Power>	<Surface>0.47</Surface>	<Volume>2.7</Volume>	<Exponent>1.31</Exponent>	<Length>65</Length>	<Height>1500</Height>	<EstimateCode>ZEHNDER_CHARLESTON_K_4150-{S}</EstimateCode>	</RadiatorSubTypeMacro>	</RadiatorMainType>
  <RadiatorMainType>	<MainTypeName>charleston klinik K 5150-</MainTypeName>	<DimensionIndex>14</DimensionIndex>	<DimensionIndex>3</DimensionIndex>	<kvValue>4</kvValue>		<RadiatorSubTypeMacro From="0" To="11" SizeCorrection="-19">	<Name>charleston klinik K 5150-{S}</Name>	<Power>247</Power>	<Surface>0.59</Surface>	<Volume>3.3</Volume>	<Exponent>1.3</Exponent>	<Length>65</Length>	<Height>1500</Height>	<EstimateCode>ZEHNDER_CHARLESTON_K_5150-{S}</EstimateCode>	</RadiatorSubTypeMacro>	</RadiatorMainType>
  <RadiatorMainType>	<MainTypeName>charleston klinik K 6150-</MainTypeName>	<DimensionIndex>14</DimensionIndex>	<DimensionIndex>4</DimensionIndex>	<kvValue>4</kvValue>		<RadiatorSubTypeMacro From="0" To="9" SizeCorrection="-19">	<Name>charleston klinik K 6150-{S}</Name>	<Power>293</Power>	<Surface>0.71</Surface>	<Volume>4</Volume>	<Exponent>1.31</Exponent>	<Length>65</Length>	<Height>1500</Height>	<EstimateCode>ZEHNDER_CHARLESTON_K_6150-{S}</EstimateCode>	</RadiatorSubTypeMacro>	</RadiatorMainType>
  <RadiatorMainType>	<MainTypeName>charleston klinik K 2180-</MainTypeName>	<DimensionIndex>15</DimensionIndex>	<DimensionIndex>0</DimensionIndex>	<kvValue>4</kvValue>		<RadiatorSubTypeMacro From="0" To="13" SizeCorrection="-19">	<Name>charleston klinik K 2180-{S}</Name>	<Power>141</Power>	<Surface>0.29</Surface>	<Volume>1.6</Volume>	<Exponent>1.35</Exponent>	<Length>65</Length>	<Height>1792</Height>	<EstimateCode>ZEHNDER_CHARLESTON_K_2180-{S}</EstimateCode>	</RadiatorSubTypeMacro>	</RadiatorMainType>
  <RadiatorMainType>	<MainTypeName>charleston klinik K 3180-</MainTypeName>	<DimensionIndex>15</DimensionIndex>	<DimensionIndex>1</DimensionIndex>	<kvValue>4</kvValue>		<RadiatorSubTypeMacro From="0" To="13" SizeCorrection="-19">	<Name>charleston klinik K 3180-{S}</Name>	<Power>192</Power>	<Surface>0.43</Surface>	<Volume>2.4</Volume>	<Exponent>1.34</Exponent>	<Length>65</Length>	<Height>1800</Height>	<EstimateCode>ZEHNDER_CHARLESTON_K_3180-{S}</EstimateCode>	</RadiatorSubTypeMacro>	</RadiatorMainType>
  <RadiatorMainType>	<MainTypeName>charleston klinik K 4180-</MainTypeName>	<DimensionIndex>15</DimensionIndex>	<DimensionIndex>2</DimensionIndex>	<kvValue>4</kvValue>		<RadiatorSubTypeMacro From="0" To="13" SizeCorrection="-19">	<Name>charleston klinik K 4180-{S}</Name>	<Power>240</Power>	<Surface>0.57</Surface>	<Volume>3.1</Volume>	<Exponent>1.31</Exponent>	<Length>65</Length>	<Height>1800</Height>	<EstimateCode>ZEHNDER_CHARLESTON_K_4180-{S}</EstimateCode>	</RadiatorSubTypeMacro>	</RadiatorMainType>
  <RadiatorMainType>	<MainTypeName>charleston klinik K 5180-</MainTypeName>	<DimensionIndex>15</DimensionIndex>	<DimensionIndex>3</DimensionIndex>	<kvValue>4</kvValue>		<RadiatorSubTypeMacro From="0" To="11" SizeCorrection="-19">	<Name>charleston klinik K 5180-{S}</Name>	<Power>293</Power>	<Surface>0.71</Surface>	<Volume>3.9</Volume>	<Exponent>1.29</Exponent>	<Length>65</Length>	<Height>1800</Height>	<EstimateCode>ZEHNDER_CHARLESTON_K_5180-{S}</EstimateCode>	</RadiatorSubTypeMacro>	</RadiatorMainType>
  <RadiatorMainType>	<MainTypeName>charleston klinik K 6180-</MainTypeName>	<DimensionIndex>15</DimensionIndex>	<DimensionIndex>4</DimensionIndex>	<kvValue>4</kvValue>		<RadiatorSubTypeMacro From="0" To="9" SizeCorrection="-19">	<Name>charleston klinik K 6180-{S}</Name>	<Power>349</Power>	<Surface>0.85</Surface>	<Volume>4.8</Volume>	<Exponent>1.32</Exponent>	<Length>65</Length>	<Height>1800</Height>	<EstimateCode>ZEHNDER_CHARLESTON_K_6180-{S}</EstimateCode>	</RadiatorSubTypeMacro>	</RadiatorMainType>
  <RadiatorMainType>	<MainTypeName>charleston klinik K 2200-</MainTypeName>	<DimensionIndex>16</DimensionIndex>	<DimensionIndex>0</DimensionIndex>	<kvValue>4</kvValue>		<RadiatorSubTypeMacro From="0" To="13" SizeCorrection="-19">	<Name>charleston klinik K 2200-{S}</Name>	<Power>157</Power>	<Surface>0.32</Surface>	<Volume>1.8</Volume>	<Exponent>1.34</Exponent>	<Length>65</Length>	<Height>1992</Height>	<EstimateCode>ZEHNDER_CHARLESTON_K_2200-{S}</EstimateCode>	</RadiatorSubTypeMacro>	</RadiatorMainType>
  <RadiatorMainType>	<MainTypeName>charleston klinik K 3200-</MainTypeName>	<DimensionIndex>16</DimensionIndex>	<DimensionIndex>1</DimensionIndex>	<kvValue>4</kvValue>		<RadiatorSubTypeMacro From="0" To="13" SizeCorrection="-19">	<Name>charleston klinik K 3200-{S}</Name>	<Power>214</Power>	<Surface>0.47</Surface>	<Volume>2.6</Volume>	<Exponent>1.33</Exponent>	<Length>65</Length>	<Height>2000</Height>	<EstimateCode>ZEHNDER_CHARLESTON_K_3200-{S}</EstimateCode>	</RadiatorSubTypeMacro>	</RadiatorMainType>
  <RadiatorMainType>	<MainTypeName>charleston klinik K 4200-</MainTypeName>	<DimensionIndex>16</DimensionIndex>	<DimensionIndex>2</DimensionIndex>	<kvValue>4</kvValue>		<RadiatorSubTypeMacro From="0" To="13" SizeCorrection="-19">	<Name>charleston klinik K 4200-{S}</Name>	<Power>266</Power>	<Surface>0.63</Surface>	<Volume>3.4</Volume>	<Exponent>1.32</Exponent>	<Length>65</Length>	<Height>2000</Height>	<EstimateCode>ZEHNDER_CHARLESTON_K_4200-{S}</EstimateCode>	</RadiatorSubTypeMacro>	</RadiatorMainType>
  <RadiatorMainType>	<MainTypeName>charleston klinik K 5200-</MainTypeName>	<DimensionIndex>16</DimensionIndex>	<DimensionIndex>3</DimensionIndex>	<kvValue>4</kvValue>		<RadiatorSubTypeMacro From="0" To="11" SizeCorrection="-19">	<Name>charleston klinik K 5200-{S}</Name>	<Power>323</Power>	<Surface>0.79</Surface>	<Volume>4.3</Volume>	<Exponent>1.31</Exponent>	<Length>65</Length>	<Height>2000</Height>	<EstimateCode>ZEHNDER_CHARLESTON_K_5200-{S}</EstimateCode>	</RadiatorSubTypeMacro>	</RadiatorMainType>
  <RadiatorMainType>	<MainTypeName>charleston klinik K 6200-</MainTypeName>	<DimensionIndex>16</DimensionIndex>	<DimensionIndex>4</DimensionIndex>	<kvValue>4</kvValue>		<RadiatorSubTypeMacro From="0" To="9" SizeCorrection="-19">	<Name>charleston klinik K 6200-{S}</Name>	<Power>386</Power>	<Surface>0.95</Surface>	<Volume>5.2</Volume>	<Exponent>1.31</Exponent>	<Length>65</Length>	<Height>2000</Height>	<EstimateCode>ZEHNDER_CHARLESTON_K_6200-{S}</EstimateCode>	</RadiatorSubTypeMacro>	</RadiatorMainType>
  <RadiatorMainType>	<MainTypeName>charleston klinik K 2220-</MainTypeName>	<DimensionIndex>17</DimensionIndex>	<DimensionIndex>0</DimensionIndex>	<kvValue>4</kvValue>		<RadiatorSubTypeMacro From="0" To="13" SizeCorrection="-19">	<Name>charleston klinik K 2220-{S}</Name>	<Power>173</Power>	<Surface>0.35</Surface>	<Volume>1.9</Volume>	<Exponent>1.34</Exponent>	<Length>65</Length>	<Height>2192</Height>	<EstimateCode>ZEHNDER_CHARLESTON_K_2220-{S}</EstimateCode>	</RadiatorSubTypeMacro>	</RadiatorMainType>
  <RadiatorMainType>	<MainTypeName>charleston klinik K 3220-</MainTypeName>	<DimensionIndex>17</DimensionIndex>	<DimensionIndex>1</DimensionIndex>	<kvValue>4</kvValue>		<RadiatorSubTypeMacro From="0" To="13" SizeCorrection="-19">	<Name>charleston klinik K 3220-{S}</Name>	<Power>235</Power>	<Surface>0.52</Surface>	<Volume>2.9</Volume>	<Exponent>1.33</Exponent>	<Length>65</Length>	<Height>2200</Height>	<EstimateCode>ZEHNDER_CHARLESTON_K_3220-{S}</EstimateCode>	</RadiatorSubTypeMacro>	</RadiatorMainType>
  <RadiatorMainType>	<MainTypeName>charleston klinik K 4220-</MainTypeName>	<DimensionIndex>17</DimensionIndex>	<DimensionIndex>2</DimensionIndex>	<kvValue>4</kvValue>		<RadiatorSubTypeMacro From="0" To="13" SizeCorrection="-19">	<Name>charleston klinik K 4220-{S}</Name>	<Power>291</Power>	<Surface>0.7</Surface>	<Volume>3.7</Volume>	<Exponent>1.32</Exponent>	<Length>65</Length>	<Height>2200</Height>	<EstimateCode>ZEHNDER_CHARLESTON_K_4220-{S}</EstimateCode>	</RadiatorSubTypeMacro>	</RadiatorMainType>
  <RadiatorMainType>	<MainTypeName>charleston klinik K 5220-</MainTypeName>	<DimensionIndex>17</DimensionIndex>	<DimensionIndex>3</DimensionIndex>	<kvValue>4</kvValue>		<RadiatorSubTypeMacro From="0" To="11" SizeCorrection="-19">	<Name>charleston klinik K 5220-{S}</Name>	<Power>355</Power>	<Surface>0.87</Surface>	<Volume>4.7</Volume>	<Exponent>1.31</Exponent>	<Length>65</Length>	<Height>2200</Height>	<EstimateCode>ZEHNDER_CHARLESTON_K_5220-{S}</EstimateCode>	</RadiatorSubTypeMacro>	</RadiatorMainType>
  <RadiatorMainType>	<MainTypeName>charleston klinik K 6220-</MainTypeName>	<DimensionIndex>17</DimensionIndex>	<DimensionIndex>4</DimensionIndex>	<kvValue>4</kvValue>		<RadiatorSubTypeMacro From="0" To="9" SizeCorrection="-19">	<Name>charleston klinik K 6220-{S}</Name>	<Power>423</Power>	<Surface>1.04</Surface>	<Volume>5.7</Volume>	<Exponent>1.31</Exponent>	<Length>65</Length>	<Height>2200</Height>	<EstimateCode>ZEHNDER_CHARLESTON_K_6220-{S}</EstimateCode>	</RadiatorSubTypeMacro>	</RadiatorMainType>
  <RadiatorMainType>	<MainTypeName>charleston klinik K 2250-</MainTypeName>	<DimensionIndex>18</DimensionIndex>	<DimensionIndex>0</DimensionIndex>	<kvValue>4</kvValue>		<RadiatorSubTypeMacro From="0" To="13" SizeCorrection="-19">	<Name>charleston klinik K 2250-{S}</Name>	<Power>195</Power>	<Surface>0.4</Surface>	<Volume>2.2</Volume>	<Exponent>1.33</Exponent>	<Length>65</Length>	<Height>2492</Height>	<EstimateCode>ZEHNDER_CHARLESTON_K_2250-{S}</EstimateCode>	</RadiatorSubTypeMacro>	</RadiatorMainType>
  <RadiatorMainType>	<MainTypeName>charleston klinik K 3250-</MainTypeName>	<DimensionIndex>18</DimensionIndex>	<DimensionIndex>1</DimensionIndex>	<kvValue>4</kvValue>		<RadiatorSubTypeMacro From="0" To="13" SizeCorrection="-19">	<Name>charleston klinik K 3250-{S}</Name>	<Power>264</Power>	<Surface>0.59</Surface>	<Volume>3.3</Volume>	<Exponent>1.33</Exponent>	<Length>65</Length>	<Height>2500</Height>	<EstimateCode>ZEHNDER_CHARLESTON_K_3250-{S}</EstimateCode>	</RadiatorSubTypeMacro>	</RadiatorMainType>
  <RadiatorMainType>	<MainTypeName>charleston klinik K 4250-</MainTypeName>	<DimensionIndex>18</DimensionIndex>	<DimensionIndex>2</DimensionIndex>	<kvValue>4</kvValue>		<RadiatorSubTypeMacro From="0" To="13" SizeCorrection="-19">	<Name>charleston klinik K 4250-{S}</Name>	<Power>330</Power>	<Surface>0.79</Surface>	<Volume>4.3</Volume>	<Exponent>1.32</Exponent>	<Length>65</Length>	<Height>2500</Height>	<EstimateCode>ZEHNDER_CHARLESTON_K_4250-{S}</EstimateCode>	</RadiatorSubTypeMacro>	</RadiatorMainType>
  <RadiatorMainType>	<MainTypeName>charleston klinik K 5250-</MainTypeName>	<DimensionIndex>18</DimensionIndex>	<DimensionIndex>3</DimensionIndex>	<kvValue>4</kvValue>		<RadiatorSubTypeMacro From="0" To="11" SizeCorrection="-19">	<Name>charleston klinik K 5250-{S}</Name>	<Power>403</Power>	<Surface>0.99</Surface>	<Volume>5.4</Volume>	<Exponent>1.31</Exponent>	<Length>65</Length>	<Height>2500</Height>	<EstimateCode>ZEHNDER_CHARLESTON_K_5250-{S}</EstimateCode>	</RadiatorSubTypeMacro>	</RadiatorMainType>
  <RadiatorMainType>	<MainTypeName>charleston klinik K 6250-</MainTypeName>	<DimensionIndex>18</DimensionIndex>	<DimensionIndex>4</DimensionIndex>	<kvValue>4</kvValue>		<RadiatorSubTypeMacro From="0" To="9" SizeCorrection="-19">	<Name>charleston klinik K 6250-{S}</Name>	<Power>481</Power>	<Surface>1.19</Surface>	<Volume>6.4</Volume>	<Exponent>1.3</Exponent>	<Length>65</Length>	<Height>2500</Height>	<EstimateCode>ZEHNDER_CHARLESTON_K_6250-{S}</EstimateCode>	</RadiatorSubTypeMacro>	</RadiatorMainType>
  <RadiatorMainType>	<MainTypeName>charleston klinik K 2280-</MainTypeName>	<DimensionIndex>19</DimensionIndex>	<DimensionIndex>0</DimensionIndex>	<kvValue>4</kvValue>		<RadiatorSubTypeMacro From="0" To="13" SizeCorrection="-19">	<Name>charleston klinik K 2280-{S}</Name>	<Power>219</Power>	<Surface>0.45</Surface>	<Volume>2.4</Volume>	<Exponent>1.32</Exponent>	<Length>65</Length>	<Height>2792</Height>	<EstimateCode>ZEHNDER_CHARLESTON_K_2280-{S}</EstimateCode>	</RadiatorSubTypeMacro>	</RadiatorMainType>
  <RadiatorMainType>	<MainTypeName>charleston klinik K 3280-</MainTypeName>	<DimensionIndex>19</DimensionIndex>	<DimensionIndex>1</DimensionIndex>	<kvValue>4</kvValue>		<RadiatorSubTypeMacro From="0" To="13" SizeCorrection="-19">	<Name>charleston klinik K 3280-{S}</Name>	<Power>290</Power>	<Surface>0.66</Surface>	<Volume>3.7</Volume>	<Exponent>1.33</Exponent>	<Length>65</Length>	<Height>2800</Height>	<EstimateCode>ZEHNDER_CHARLESTON_K_3280-{S}</EstimateCode>	</RadiatorSubTypeMacro>	</RadiatorMainType>
  <RadiatorMainType>	<MainTypeName>charleston klinik K 4280-</MainTypeName>	<DimensionIndex>19</DimensionIndex>	<DimensionIndex>2</DimensionIndex>	<kvValue>4</kvValue>		<RadiatorSubTypeMacro From="0" To="13" SizeCorrection="-19">	<Name>charleston klinik K 4280-{S}</Name>	<Power>375</Power>	<Surface>0.87</Surface>	<Volume>4.9</Volume>	<Exponent>1.32</Exponent>	<Length>65</Length>	<Height>2800</Height>	<EstimateCode>ZEHNDER_CHARLESTON_K_4280-{S}</EstimateCode>	</RadiatorSubTypeMacro>	</RadiatorMainType>
  <RadiatorMainType>	<MainTypeName>charleston klinik K 5280-</MainTypeName>	<DimensionIndex>19</DimensionIndex>	<DimensionIndex>3</DimensionIndex>	<kvValue>4</kvValue>		<RadiatorSubTypeMacro From="0" To="11" SizeCorrection="-19">	<Name>charleston klinik K 5280-{S}</Name>	<Power>458</Power>	<Surface>1.11</Surface>	<Volume>6.1</Volume>	<Exponent>1.31</Exponent>	<Length>65</Length>	<Height>2800</Height>	<EstimateCode>ZEHNDER_CHARLESTON_K_5280-{S}</EstimateCode>	</RadiatorSubTypeMacro>	</RadiatorMainType>
  <RadiatorMainType>	<MainTypeName>charleston klinik K 6280-</MainTypeName>	<DimensionIndex>19</DimensionIndex>	<DimensionIndex>4</DimensionIndex>	<kvValue>4</kvValue>		<RadiatorSubTypeMacro From="0" To="9" SizeCorrection="-19">	<Name>charleston klinik K 6280-{S}</Name>	<Power>537</Power>	<Surface>1.34</Surface>	<Volume>7.1</Volume>	<Exponent>1.3</Exponent>	<Length>65</Length>	<Height>2800</Height>	<EstimateCode>ZEHNDER_CHARLESTON_K_6280-{S}</EstimateCode>	</RadiatorSubTypeMacro>	</RadiatorMainType>
  <RadiatorMainType>	<MainTypeName>charleston klinik K 2300-</MainTypeName>	<DimensionIndex>20</DimensionIndex>	<DimensionIndex>0</DimensionIndex>	<kvValue>4</kvValue>		<RadiatorSubTypeMacro From="0" To="13" SizeCorrection="-19">	<Name>charleston klinik K 2300-{S}</Name>	<Power>235</Power>	<Surface>0.48</Surface>	<Volume>2.6</Volume>	<Exponent>1.32</Exponent>	<Length>65</Length>	<Height>2992</Height>	<EstimateCode>ZEHNDER_CHARLESTON_K_2300-{S}</EstimateCode>	</RadiatorSubTypeMacro>	</RadiatorMainType>
  <RadiatorMainType>	<MainTypeName>charleston klinik K 3300-</MainTypeName>	<DimensionIndex>20</DimensionIndex>	<DimensionIndex>1</DimensionIndex>	<kvValue>4</kvValue>		<RadiatorSubTypeMacro From="0" To="13" SizeCorrection="-19">	<Name>charleston klinik K 3300-{S}</Name>	<Power>311</Power>	<Surface>0.71</Surface>	<Volume>4</Volume>	<Exponent>1.33</Exponent>	<Length>65</Length>	<Height>3000</Height>	<EstimateCode>ZEHNDER_CHARLESTON_K_3300-{S}</EstimateCode>	</RadiatorSubTypeMacro>	</RadiatorMainType>
  <RadiatorMainType>	<MainTypeName>charleston klinik K 4300-</MainTypeName>	<DimensionIndex>20</DimensionIndex>	<DimensionIndex>2</DimensionIndex>	<kvValue>4</kvValue>		<RadiatorSubTypeMacro From="0" To="13" SizeCorrection="-19">	<Name>charleston klinik K 4300-{S}</Name>	<Power>401</Power>	<Surface>0.95</Surface>	<Volume>5.4</Volume>	<Exponent>1.32</Exponent>	<Length>65</Length>	<Height>3000</Height>	<EstimateCode>ZEHNDER_CHARLESTON_K_4300-{S}</EstimateCode>	</RadiatorSubTypeMacro>	</RadiatorMainType>
  <RadiatorMainType>	<MainTypeName>charleston klinik K 5300-</MainTypeName>	<DimensionIndex>20</DimensionIndex>	<DimensionIndex>3</DimensionIndex>	<kvValue>4</kvValue>		<RadiatorSubTypeMacro From="0" To="11" SizeCorrection="-19">	<Name>charleston klinik K 5300-{S}</Name>	<Power>490</Power>	<Surface>1.19</Surface>	<Volume>6.6</Volume>	<Exponent>1.31</Exponent>	<Length>65</Length>	<Height>3000</Height>	<EstimateCode>ZEHNDER_CHARLESTON_K_5300-{S}</EstimateCode>	</RadiatorSubTypeMacro>	</RadiatorMainType>
  <RadiatorMainType>	<MainTypeName>charleston klinik K 6300-</MainTypeName>	<DimensionIndex>20</DimensionIndex>	<DimensionIndex>4</DimensionIndex>	<kvValue>4</kvValue>		<RadiatorSubTypeMacro From="0" To="9" SizeCorrection="-19">	<Name>charleston klinik K 6300-{S}</Name>	<Power>575</Power>	<Surface>1.42</Surface>	<Volume>7.6</Volume>	<Exponent>1.3</Exponent>	<Length>65</Length>	<Height>3000</Height>	<EstimateCode>ZEHNDER_CHARLESTON_K_6300-{S}</EstimateCode>	</RadiatorSubTypeMacro>	</RadiatorMainType>
</WinWattDBRadiator>

</WinWattDB>
