<?xml version="1.0" encoding="ISO-8859-2" ?>
<WinWattDB>

<WinWattDBGlobalMacro>
	<Macro ID="$o_1" Language="hun">oszlopos</Macro>
	<Macro ID="$o_1" Language="sky">oszlopos</Macro>
	<Macro ID="$o_1" Language="rom">cu coloane</Macro>
</WinWattDBGlobalMacro>

<WinWattDBRadiator DTLog="Yes">
  <ItemHeader>
    <Date><Year>2005</Year><Month>7</Month><Day>3</Day></Date>
    <ItemPath>ZEHNDER</ItemPath>
    <ItemName>ZEHNDER charleston completto</ItemName>
    <HomePage>www.zehnder-online.de</HomePage></ItemHeader>
  <DTOrigin>49.833</DTOrigin>
  <DimensionArray>
    <DimensionString>190 mm</DimensionString>
    <DimensionString>260 mm</DimensionString>
    <DimensionString>300 mm</DimensionString>
    <DimensionString>350 mm</DimensionString>
    <DimensionString>400 mm</DimensionString>
    <DimensionString>450 mm</DimensionString>
    <DimensionString>500 mm</DimensionString>
    <DimensionString>550 mm</DimensionString>
    <DimensionString>600 mm</DimensionString>
    <DimensionString>750 mm</DimensionString>
    <DimensionString>900 mm</DimensionString>
    <DimensionString>1000 mm</DimensionString>
    <DimensionString>1100 mm</DimensionString>
    <DimensionString>1200 mm</DimensionString>
    <DimensionString>1500 mm</DimensionString>
    <DimensionString>1800 mm</DimensionString>
    <DimensionString>2000 mm</DimensionString>
    <DimensionString>2200 mm</DimensionString>
    <DimensionString>2500 mm</DimensionString>
    <DimensionString>2800 mm</DimensionString>
    <DimensionString>3000 mm</DimensionString>
  </DimensionArray>
  <DimensionArray Type="Width" >
    <DimensionString Value=" 62" >2 $o_1</DimensionString>
    <DimensionString Value="100" >3 $o_1</DimensionString>
    <DimensionString Value="136" >4 $o_1</DimensionString>
    <DimensionString Value="173" >5 $o_1</DimensionString>
    <DimensionString Value="210" >6 $o_1</DimensionString>
  </DimensionArray>
  <DimensionArray Type="Length" >
    <DimensionString Value="1" >1</DimensionString>
    <DimensionString Value="2" >2</DimensionString>
    <DimensionString Value="3" >3</DimensionString>
    <DimensionString Value="4" >4</DimensionString>
    <DimensionString Value="5" >5</DimensionString>
    <DimensionString Value="6" >6</DimensionString>
    <DimensionString Value="7" >7</DimensionString>
    <DimensionString Value="8" >8</DimensionString>
    <DimensionString Value="9" >9</DimensionString>
    <DimensionString Value="10" >10</DimensionString>
    <DimensionString Value="11" >11</DimensionString>
    <DimensionString Value="12" >12</DimensionString>
    <DimensionString Value="13" >13</DimensionString>
    <DimensionString Value="14" >14</DimensionString>
    <DimensionString Value="15" >15</DimensionString>
    <DimensionString Value="16" >16</DimensionString>
    <DimensionString Value="17" >17</DimensionString>
    <DimensionString Value="18" >18</DimensionString>
    <DimensionString Value="19" >19</DimensionString>
    <DimensionString Value="20" >20</DimensionString>
    <DimensionString Value="21" >21</DimensionString>
    <DimensionString Value="22" >22</DimensionString>
    <DimensionString Value="23" >23</DimensionString>
    <DimensionString Value="24" >24</DimensionString>
    <DimensionString Value="25" >25</DimensionString>
    <DimensionString Value="26" >26</DimensionString>
    <DimensionString Value="27" >27</DimensionString>
    <DimensionString Value="28" >28</DimensionString>
    <DimensionString Value="29" >29</DimensionString>
    <DimensionString Value="30" >30</DimensionString>
    <DimensionString Value="31" >31</DimensionString>
    <DimensionString Value="32" >32</DimensionString>
    <DimensionString Value="33" >33</DimensionString>
    <DimensionString Value="34" >34</DimensionString>
    <DimensionString Value="35" >35</DimensionString>
    <DimensionString Value="36" >36</DimensionString>
    <DimensionString Value="37" >37</DimensionString>
    <DimensionString Value="38" >38</DimensionString>
    <DimensionString Value="39" >39</DimensionString>
    <DimensionString Value="40" >40</DimensionString>
    <DimensionString Value="41" >41</DimensionString>
    <DimensionString Value="42" >42</DimensionString>
    <DimensionString Value="43" >43</DimensionString>
    <DimensionString Value="44" >44</DimensionString>
    <DimensionString Value="45" >45</DimensionString>
    <DimensionString Value="46" >46</DimensionString>
    <DimensionString Value="47" >47</DimensionString>
    <DimensionString Value="48" >48</DimensionString>
    <DimensionString Value="49" >49</DimensionString>
    <DimensionString Value="50" >50</DimensionString>
    <DimensionString Value="51" >51</DimensionString>
    <DimensionString Value="52" >52</DimensionString>
    <DimensionString Value="53" >53</DimensionString>
    <DimensionString Value="54" >54</DimensionString>
    <DimensionString Value="55" >55</DimensionString>
    <DimensionString Value="56" >56</DimensionString>
    <DimensionString Value="57" >57</DimensionString>
    <DimensionString Value="58" >58</DimensionString>
    <DimensionString Value="59" >59</DimensionString>
    <DimensionString Value="60" >60</DimensionString>
    <DimensionString Value="61" >61</DimensionString>
    <DimensionString Value="62" >62</DimensionString>
    <DimensionString Value="63" >63</DimensionString>
    <DimensionString Value="64" >64</DimensionString>
  </DimensionArray>
  <RadiatorMainType>	<MainTypeName>charleston completto C 2019-</MainTypeName>	<DimensionIndex>0</DimensionIndex>	<DimensionIndex>0</DimensionIndex>	<kvValue>4</kvValue>		<RadiatorSubTypeMacro From="0" To="63">	<Name>charleston completto C 2019-{S}</Name>	<Power>14.5</Power>	<Surface>0.02</Surface>	<Volume>0.3</Volume>	<Exponent>1.26</Exponent>	<Length>46</Length>	<Height>177</Height>	<EstimateCode>ZEHNDER_CHARLESTON_COMPLETTO_C_2019-{S}</EstimateCode>	</RadiatorSubTypeMacro>	</RadiatorMainType>
  <RadiatorMainType>	<MainTypeName>charleston completto C 3019-</MainTypeName>	<DimensionIndex>0</DimensionIndex>	<DimensionIndex>1</DimensionIndex>	<kvValue>4</kvValue>		<RadiatorSubTypeMacro From="0" To="63">	<Name>charleston completto C 3019-{S}</Name>	<Power>20.1</Power>	<Surface>0.04</Surface>	<Volume>0.4</Volume>	<Exponent>1.27</Exponent>	<Length>46</Length>	<Height>185</Height>	<EstimateCode>ZEHNDER_CHARLESTON_COMPLETTO_C_3019-{S}</EstimateCode>	</RadiatorSubTypeMacro>	</RadiatorMainType>
  <RadiatorMainType>	<MainTypeName>charleston completto C 4019-</MainTypeName>	<DimensionIndex>0</DimensionIndex>	<DimensionIndex>2</DimensionIndex>	<kvValue>4</kvValue>		<RadiatorSubTypeMacro From="0" To="63">	<Name>charleston completto C 4019-{S}</Name>	<Power>28.4</Power>	<Surface>0.06</Surface>	<Volume>0.6</Volume>	<Exponent>1.26</Exponent>	<Length>46</Length>	<Height>200</Height>	<EstimateCode>ZEHNDER_CHARLESTON_COMPLETTO_C_4019-{S}</EstimateCode>	</RadiatorSubTypeMacro>	</RadiatorMainType>
  <RadiatorMainType>	<MainTypeName>charleston completto C 5019-</MainTypeName>	<DimensionIndex>0</DimensionIndex>	<DimensionIndex>3</DimensionIndex>	<kvValue>4</kvValue>		<RadiatorSubTypeMacro From="0" To="54">	<Name>charleston completto C 5019-{S}</Name>	<Power>35</Power>	<Surface>0.08</Surface>	<Volume>0.7</Volume>	<Exponent>1.25</Exponent>	<Length>46</Length>	<Height>200</Height>	<EstimateCode>ZEHNDER_CHARLESTON_COMPLETTO_C_5019-{S}</EstimateCode>	</RadiatorSubTypeMacro>	</RadiatorMainType>
  <RadiatorMainType>	<MainTypeName>charleston completto C 6019-</MainTypeName>	<DimensionIndex>0</DimensionIndex>	<DimensionIndex>4</DimensionIndex>	<kvValue>4</kvValue>		<RadiatorSubTypeMacro From="0" To="45">	<Name>charleston completto C 6019-{S}</Name>	<Power>41.5</Power>	<Surface>0.09</Surface>	<Volume>0.8</Volume>	<Exponent>1.27</Exponent>	<Length>46</Length>	<Height>200</Height>	<EstimateCode>ZEHNDER_CHARLESTON_COMPLETTO_C_6019-{S}</EstimateCode>	</RadiatorSubTypeMacro>	</RadiatorMainType>
  <RadiatorMainType>	<MainTypeName>charleston completto C 2026-</MainTypeName>	<DimensionIndex>1</DimensionIndex>	<DimensionIndex>0</DimensionIndex>	<kvValue>4</kvValue>		<RadiatorSubTypeMacro From="0" To="63">	<Name>charleston completto C 2026-{S}</Name>	<Power>21.1</Power>	<Surface>0.04</Surface>	<Volume>0.3</Volume>	<Exponent>1.25</Exponent>	<Length>46</Length>	<Height>260</Height>	<EstimateCode>ZEHNDER_CHARLESTON_COMPLETTO_C_2026-{S}</EstimateCode>	</RadiatorSubTypeMacro>	</RadiatorMainType>
  <RadiatorMainType>	<MainTypeName>charleston completto C 3026-</MainTypeName>	<DimensionIndex>1</DimensionIndex>	<DimensionIndex>1</DimensionIndex>	<kvValue>4</kvValue>		<RadiatorSubTypeMacro From="0" To="63">	<Name>charleston completto C 3026-{S}</Name>	<Power>27.9</Power>	<Surface>0.06</Surface>	<Volume>0.5</Volume>	<Exponent>1.25</Exponent>	<Length>46</Length>	<Height>260</Height>	<EstimateCode>ZEHNDER_CHARLESTON_COMPLETTO_C_3026-{S}</EstimateCode>	</RadiatorSubTypeMacro>	</RadiatorMainType>
  <RadiatorMainType>	<MainTypeName>charleston completto C 4026-</MainTypeName>	<DimensionIndex>1</DimensionIndex>	<DimensionIndex>2</DimensionIndex>	<kvValue>4</kvValue>		<RadiatorSubTypeMacro From="0" To="63">	<Name>charleston completto C 4026-{S}</Name>	<Power>36.5</Power>	<Surface>0.08</Surface>	<Volume>0.7</Volume>	<Exponent>1.25</Exponent>	<Length>46</Length>	<Height>260</Height>	<EstimateCode>ZEHNDER_CHARLESTON_COMPLETTO_C_4026-{S}</EstimateCode>	</RadiatorSubTypeMacro>	</RadiatorMainType>
  <RadiatorMainType>	<MainTypeName>charleston completto C 5026-</MainTypeName>	<DimensionIndex>1</DimensionIndex>	<DimensionIndex>3</DimensionIndex>	<kvValue>4</kvValue>		<RadiatorSubTypeMacro From="0" To="54">	<Name>charleston completto C 5026-{S}</Name>	<Power>45.1</Power>	<Surface>0.1</Surface>	<Volume>0.8</Volume>	<Exponent>1.25</Exponent>	<Length>46</Length>	<Height>260</Height>	<EstimateCode>ZEHNDER_CHARLESTON_COMPLETTO_C_5026-{S}</EstimateCode>	</RadiatorSubTypeMacro>	</RadiatorMainType>
  <RadiatorMainType>	<MainTypeName>charleston completto C 6026-</MainTypeName>	<DimensionIndex>1</DimensionIndex>	<DimensionIndex>4</DimensionIndex>	<kvValue>4</kvValue>		<RadiatorSubTypeMacro From="0" To="45">	<Name>charleston completto C 6026-{S}</Name>	<Power>53.5</Power>	<Surface>0.12</Surface>	<Volume>1</Volume>	<Exponent>1.27</Exponent>	<Length>46</Length>	<Height>260</Height>	<EstimateCode>ZEHNDER_CHARLESTON_COMPLETTO_C_6026-{S}</EstimateCode>	</RadiatorSubTypeMacro>	</RadiatorMainType>
  <RadiatorMainType>	<MainTypeName>charleston completto C 2030-</MainTypeName>	<DimensionIndex>2</DimensionIndex>	<DimensionIndex>0</DimensionIndex>	<kvValue>4</kvValue>		<RadiatorSubTypeMacro From="0" To="63">	<Name>charleston completto C 2030-{S}</Name>	<Power>23.6</Power>	<Surface>0.04</Surface>	<Volume>0.4</Volume>	<Exponent>1.24</Exponent>	<Length>46</Length>	<Height>292</Height>	<EstimateCode>ZEHNDER_CHARLESTON_COMPLETTO_C_2030-{S}</EstimateCode>	</RadiatorSubTypeMacro>	</RadiatorMainType>
  <RadiatorMainType>	<MainTypeName>charleston completto C 3030-</MainTypeName>	<DimensionIndex>2</DimensionIndex>	<DimensionIndex>1</DimensionIndex>	<kvValue>4</kvValue>		<RadiatorSubTypeMacro From="0" To="63">	<Name>charleston completto C 3030-{S}</Name>	<Power>32</Power>	<Surface>0.07</Surface>	<Volume>0.6</Volume>	<Exponent>1.25</Exponent>	<Length>46</Length>	<Height>300</Height>	<EstimateCode>ZEHNDER_CHARLESTON_COMPLETTO_C_3030-{S}</EstimateCode>	</RadiatorSubTypeMacro>	</RadiatorMainType>
  <RadiatorMainType>	<MainTypeName>charleston completto C 4030-</MainTypeName>	<DimensionIndex>2</DimensionIndex>	<DimensionIndex>2</DimensionIndex>	<kvValue>4</kvValue>		<RadiatorSubTypeMacro From="0" To="63">	<Name>charleston completto C 4030-{S}</Name>	<Power>41.9</Power>	<Surface>0.09</Surface>	<Volume>0.7</Volume>	<Exponent>1.25</Exponent>	<Length>46</Length>	<Height>300</Height>	<EstimateCode>ZEHNDER_CHARLESTON_COMPLETTO_C_4030-{S}</EstimateCode>	</RadiatorSubTypeMacro>	</RadiatorMainType>
  <RadiatorMainType>	<MainTypeName>charleston completto C 5030-</MainTypeName>	<DimensionIndex>2</DimensionIndex>	<DimensionIndex>3</DimensionIndex>	<kvValue>4</kvValue>		<RadiatorSubTypeMacro From="0" To="54">	<Name>charleston completto C 5030-{S}</Name>	<Power>51.7</Power>	<Surface>0.12</Surface>	<Volume>0.9</Volume>	<Exponent>1.25</Exponent>	<Length>46</Length>	<Height>300</Height>	<EstimateCode>ZEHNDER_CHARLESTON_COMPLETTO_C_5030-{S}</EstimateCode>	</RadiatorSubTypeMacro>	</RadiatorMainType>
  <RadiatorMainType>	<MainTypeName>charleston completto C 6030-</MainTypeName>	<DimensionIndex>2</DimensionIndex>	<DimensionIndex>4</DimensionIndex>	<kvValue>4</kvValue>		<RadiatorSubTypeMacro From="0" To="45">	<Name>charleston completto C 6030-{S}</Name>	<Power>61.3</Power>	<Surface>0.14</Surface>	<Volume>1.1</Volume>	<Exponent>1.26</Exponent>	<Length>46</Length>	<Height>300</Height>	<EstimateCode>ZEHNDER_CHARLESTON_COMPLETTO_C_6030-{S}</EstimateCode>	</RadiatorSubTypeMacro>	</RadiatorMainType>
  <RadiatorMainType>	<MainTypeName>charleston completto C 2035-</MainTypeName>	<DimensionIndex>3</DimensionIndex>	<DimensionIndex>0</DimensionIndex>	<kvValue>4</kvValue>		<RadiatorSubTypeMacro From="0" To="63">	<Name>charleston completto C 2035-{S}</Name>	<Power>27.5</Power>	<Surface>0.05</Surface>	<Volume>0.4</Volume>	<Exponent>1.24</Exponent>	<Length>46</Length>	<Height>342</Height>	<EstimateCode>ZEHNDER_CHARLESTON_COMPLETTO_C_2035-{S}</EstimateCode>	</RadiatorSubTypeMacro>	</RadiatorMainType>
  <RadiatorMainType>	<MainTypeName>charleston completto C 3035-</MainTypeName>	<DimensionIndex>3</DimensionIndex>	<DimensionIndex>1</DimensionIndex>	<kvValue>4</kvValue>		<RadiatorSubTypeMacro From="0" To="63">	<Name>charleston completto C 3035-{S}</Name>	<Power>37</Power>	<Surface>0.08</Surface>	<Volume>0.6</Volume>	<Exponent>1.25</Exponent>	<Length>46</Length>	<Height>350</Height>	<EstimateCode>ZEHNDER_CHARLESTON_COMPLETTO_C_3035-{S}</EstimateCode>	</RadiatorSubTypeMacro>	</RadiatorMainType>
  <RadiatorMainType>	<MainTypeName>charleston completto C 4035-</MainTypeName>	<DimensionIndex>3</DimensionIndex>	<DimensionIndex>2</DimensionIndex>	<kvValue>4</kvValue>		<RadiatorSubTypeMacro From="0" To="63">	<Name>charleston completto C 4035-{S}</Name>	<Power>48.5</Power>	<Surface>0.11</Surface>	<Volume>0.8</Volume>	<Exponent>1.25</Exponent>	<Length>46</Length>	<Height>350</Height>	<EstimateCode>ZEHNDER_CHARLESTON_COMPLETTO_C_4035-{S}</EstimateCode>	</RadiatorSubTypeMacro>	</RadiatorMainType>
  <RadiatorMainType>	<MainTypeName>charleston completto C 5035-</MainTypeName>	<DimensionIndex>3</DimensionIndex>	<DimensionIndex>3</DimensionIndex>	<kvValue>4</kvValue>		<RadiatorSubTypeMacro From="0" To="54">	<Name>charleston completto C 5035-{S}</Name>	<Power>59.9</Power>	<Surface>0.13</Surface>	<Volume>1</Volume>	<Exponent>1.26</Exponent>	<Length>46</Length>	<Height>350</Height>	<EstimateCode>ZEHNDER_CHARLESTON_COMPLETTO_C_5035-{S}</EstimateCode>	</RadiatorSubTypeMacro>	</RadiatorMainType>
  <RadiatorMainType>	<MainTypeName>charleston completto C 6035-</MainTypeName>	<DimensionIndex>3</DimensionIndex>	<DimensionIndex>4</DimensionIndex>	<kvValue>4</kvValue>		<RadiatorSubTypeMacro From="0" To="45">	<Name>charleston completto C 6035-{S}</Name>	<Power>71</Power>	<Surface>0.16</Surface>	<Volume>1.2</Volume>	<Exponent>1.26</Exponent>	<Length>46</Length>	<Height>350</Height>	<EstimateCode>ZEHNDER_CHARLESTON_COMPLETTO_C_6035-{S}</EstimateCode>	</RadiatorSubTypeMacro>	</RadiatorMainType>
  <RadiatorMainType>	<MainTypeName>charleston completto C 2040-</MainTypeName>	<DimensionIndex>4</DimensionIndex>	<DimensionIndex>0</DimensionIndex>	<kvValue>4</kvValue>		<RadiatorSubTypeMacro From="0" To="63">	<Name>charleston completto C 2040-{S}</Name>	<Power>31.2</Power>	<Surface>0.06</Surface>	<Volume>0.4</Volume>	<Exponent>1.24</Exponent>	<Length>46</Length>	<Height>392</Height>	<EstimateCode>ZEHNDER_CHARLESTON_COMPLETTO_C_2040-{S}</EstimateCode>	</RadiatorSubTypeMacro>	</RadiatorMainType>
  <RadiatorMainType>	<MainTypeName>charleston completto C 3040-</MainTypeName>	<DimensionIndex>4</DimensionIndex>	<DimensionIndex>1</DimensionIndex>	<kvValue>4</kvValue>		<RadiatorSubTypeMacro From="0" To="63">	<Name>charleston completto C 3040-{S}</Name>	<Power>41.9</Power>	<Surface>0.09</Surface>	<Volume>0.7</Volume>	<Exponent>1.25</Exponent>	<Length>46</Length>	<Height>400</Height>	<EstimateCode>ZEHNDER_CHARLESTON_COMPLETTO_C_3040-{S}</EstimateCode>	</RadiatorSubTypeMacro>	</RadiatorMainType>
  <RadiatorMainType>	<MainTypeName>charleston completto C 4040-</MainTypeName>	<DimensionIndex>4</DimensionIndex>	<DimensionIndex>2</DimensionIndex>	<kvValue>4</kvValue>		<RadiatorSubTypeMacro From="0" To="63">	<Name>charleston completto C 4040-{S}</Name>	<Power>54.9</Power>	<Surface>0.12</Surface>	<Volume>0.9</Volume>	<Exponent>1.26</Exponent>	<Length>46</Length>	<Height>400</Height>	<EstimateCode>ZEHNDER_CHARLESTON_COMPLETTO_C_4040-{S}</EstimateCode>	</RadiatorSubTypeMacro>	</RadiatorMainType>
  <RadiatorMainType>	<MainTypeName>charleston completto C 5040-</MainTypeName>	<DimensionIndex>4</DimensionIndex>	<DimensionIndex>3</DimensionIndex>	<kvValue>4</kvValue>		<RadiatorSubTypeMacro From="0" To="54">	<Name>charleston completto C 5040-{S}</Name>	<Power>67.9</Power>	<Surface>0.15</Surface>	<Volume>1.1</Volume>	<Exponent>1.26</Exponent>	<Length>46</Length>	<Height>400</Height>	<EstimateCode>ZEHNDER_CHARLESTON_COMPLETTO_C_5040-{S}</EstimateCode>	</RadiatorSubTypeMacro>	</RadiatorMainType>
  <RadiatorMainType>	<MainTypeName>charleston completto C 6040-</MainTypeName>	<DimensionIndex>4</DimensionIndex>	<DimensionIndex>4</DimensionIndex>	<kvValue>4</kvValue>		<RadiatorSubTypeMacro From="0" To="45">	<Name>charleston completto C 6040-{S}</Name>	<Power>80.5</Power>	<Surface>0.19</Surface>	<Volume>1.3</Volume>	<Exponent>1.27</Exponent>	<Length>46</Length>	<Height>400</Height>	<EstimateCode>ZEHNDER_CHARLESTON_COMPLETTO_C_6040-{S}</EstimateCode>	</RadiatorSubTypeMacro>	</RadiatorMainType>
  <RadiatorMainType>	<MainTypeName>charleston completto C 2045-</MainTypeName>	<DimensionIndex>5</DimensionIndex>	<DimensionIndex>0</DimensionIndex>	<kvValue>4</kvValue>		<RadiatorSubTypeMacro From="0" To="63">	<Name>charleston completto C 2045-{S}</Name>	<Power>34.9</Power>	<Surface>0.07</Surface>	<Volume>0.5</Volume>	<Exponent>1.24</Exponent>	<Length>46</Length>	<Height>442</Height>	<EstimateCode>ZEHNDER_CHARLESTON_COMPLETTO_C_2045-{S}</EstimateCode>	</RadiatorSubTypeMacro>	</RadiatorMainType>
  <RadiatorMainType>	<MainTypeName>charleston completto C 3045-</MainTypeName>	<DimensionIndex>5</DimensionIndex>	<DimensionIndex>1</DimensionIndex>	<kvValue>4</kvValue>		<RadiatorSubTypeMacro From="0" To="63">	<Name>charleston completto C 3045-{S}</Name>	<Power>46.8</Power>	<Surface>0.1</Surface>	<Volume>0.7</Volume>	<Exponent>1.25</Exponent>	<Length>46</Length>	<Height>450</Height>	<EstimateCode>ZEHNDER_CHARLESTON_COMPLETTO_C_3045-{S}</EstimateCode>	</RadiatorSubTypeMacro>	</RadiatorMainType>
  <RadiatorMainType>	<MainTypeName>charleston completto C 4045-</MainTypeName>	<DimensionIndex>5</DimensionIndex>	<DimensionIndex>2</DimensionIndex>	<kvValue>4</kvValue>		<RadiatorSubTypeMacro From="0" To="63">	<Name>charleston completto C 4045-{S}</Name>	<Power>61.3</Power>	<Surface>0.14</Surface>	<Volume>1</Volume>	<Exponent>1.26</Exponent>	<Length>46</Length>	<Height>450</Height>	<EstimateCode>ZEHNDER_CHARLESTON_COMPLETTO_C_4045-{S}</EstimateCode>	</RadiatorSubTypeMacro>	</RadiatorMainType>
  <RadiatorMainType>	<MainTypeName>charleston completto C 5045-</MainTypeName>	<DimensionIndex>5</DimensionIndex>	<DimensionIndex>3</DimensionIndex>	<kvValue>4</kvValue>		<RadiatorSubTypeMacro From="0" To="54">	<Name>charleston completto C 5045-{S}</Name>	<Power>75.8</Power>	<Surface>0.17</Surface>	<Volume>1.2</Volume>	<Exponent>1.26</Exponent>	<Length>46</Length>	<Height>450</Height>	<EstimateCode>ZEHNDER_CHARLESTON_COMPLETTO_C_5045-{S}</EstimateCode>	</RadiatorSubTypeMacro>	</RadiatorMainType>
  <RadiatorMainType>	<MainTypeName>charleston completto C 6045-</MainTypeName>	<DimensionIndex>5</DimensionIndex>	<DimensionIndex>4</DimensionIndex>	<kvValue>4</kvValue>		<RadiatorSubTypeMacro From="0" To="45">	<Name>charleston completto C 6045-{S}</Name>	<Power>89.8</Power>	<Surface>0.21</Surface>	<Volume>1.4</Volume>	<Exponent>1.27</Exponent>	<Length>46</Length>	<Height>450</Height>	<EstimateCode>ZEHNDER_CHARLESTON_COMPLETTO_C_6045-{S}</EstimateCode>	</RadiatorSubTypeMacro>	</RadiatorMainType>
  <RadiatorMainType>	<MainTypeName>charleston completto C 2050-</MainTypeName>	<DimensionIndex>6</DimensionIndex>	<DimensionIndex>0</DimensionIndex>	<kvValue>4</kvValue>		<RadiatorSubTypeMacro From="0" To="63">	<Name>charleston completto C 2050-{S}</Name>	<Power>38.4</Power>	<Surface>0.07</Surface>	<Volume>0.5</Volume>	<Exponent>1.25</Exponent>	<Length>46</Length>	<Height>492</Height>	<EstimateCode>ZEHNDER_CHARLESTON_COMPLETTO_C_2050-{S}</EstimateCode>	</RadiatorSubTypeMacro>	</RadiatorMainType>
  <RadiatorMainType>	<MainTypeName>charleston completto C 3050-</MainTypeName>	<DimensionIndex>6</DimensionIndex>	<DimensionIndex>1</DimensionIndex>	<kvValue>4</kvValue>		<RadiatorSubTypeMacro From="0" To="63">	<Name>charleston completto C 3050-{S}</Name>	<Power>51.6</Power>	<Surface>0.11</Surface>	<Volume>0.8</Volume>	<Exponent>1.25</Exponent>	<Length>46</Length>	<Height>500</Height>	<EstimateCode>ZEHNDER_CHARLESTON_COMPLETTO_C_3050-{S}</EstimateCode>	</RadiatorSubTypeMacro>	</RadiatorMainType>
  <RadiatorMainType>	<MainTypeName>charleston completto C 4050-</MainTypeName>	<DimensionIndex>6</DimensionIndex>	<DimensionIndex>2</DimensionIndex>	<kvValue>4</kvValue>		<RadiatorSubTypeMacro From="0" To="63">	<Name>charleston completto C 4050-{S}</Name>	<Power>67.6</Power>	<Surface>0.15</Surface>	<Volume>1</Volume>	<Exponent>1.26</Exponent>	<Length>46</Length>	<Height>500</Height>	<EstimateCode>ZEHNDER_CHARLESTON_COMPLETTO_C_4050-{S}</EstimateCode>	</RadiatorSubTypeMacro>	</RadiatorMainType>
  <RadiatorMainType>	<MainTypeName>charleston completto C 5050-</MainTypeName>	<DimensionIndex>6</DimensionIndex>	<DimensionIndex>3</DimensionIndex>	<kvValue>4</kvValue>		<RadiatorSubTypeMacro From="0" To="54">	<Name>charleston completto C 5050-{S}</Name>	<Power>83.5</Power>	<Surface>0.19</Surface>	<Volume>1.3</Volume>	<Exponent>1.27</Exponent>	<Length>46</Length>	<Height>500</Height>	<EstimateCode>ZEHNDER_CHARLESTON_COMPLETTO_C_5050-{S}</EstimateCode>	</RadiatorSubTypeMacro>	</RadiatorMainType>
  <RadiatorMainType>	<MainTypeName>charleston completto C 6050-</MainTypeName>	<DimensionIndex>6</DimensionIndex>	<DimensionIndex>4</DimensionIndex>	<kvValue>4</kvValue>		<RadiatorSubTypeMacro From="0" To="45">	<Name>charleston completto C 6050-{S}</Name>	<Power>99</Power>	<Surface>0.23</Surface>	<Volume>1.5</Volume>	<Exponent>1.28</Exponent>	<Length>46</Length>	<Height>500</Height>	<EstimateCode>ZEHNDER_CHARLESTON_COMPLETTO_C_6050-{S}</EstimateCode>	</RadiatorSubTypeMacro>	</RadiatorMainType>
  <RadiatorMainType>	<MainTypeName>charleston completto C 2055-</MainTypeName>	<DimensionIndex>7</DimensionIndex>	<DimensionIndex>0</DimensionIndex>	<kvValue>4</kvValue>		<RadiatorSubTypeMacro From="0" To="63">	<Name>charleston completto C 2055-{S}</Name>	<Power>41.9</Power>	<Surface>0.08</Surface>	<Volume>0.6</Volume>	<Exponent>1.25</Exponent>	<Length>46</Length>	<Height>542</Height>	<EstimateCode>ZEHNDER_CHARLESTON_COMPLETTO_C_2055-{S}</EstimateCode>	</RadiatorSubTypeMacro>	</RadiatorMainType>
  <RadiatorMainType>	<MainTypeName>charleston completto C 3055-</MainTypeName>	<DimensionIndex>7</DimensionIndex>	<DimensionIndex>1</DimensionIndex>	<kvValue>4</kvValue>		<RadiatorSubTypeMacro From="0" To="63">	<Name>charleston completto C 3055-{S}</Name>	<Power>56.3</Power>	<Surface>0.12</Surface>	<Volume>0.9</Volume>	<Exponent>1.26</Exponent>	<Length>46</Length>	<Height>550</Height>	<EstimateCode>ZEHNDER_CHARLESTON_COMPLETTO_C_3055-{S}</EstimateCode>	</RadiatorSubTypeMacro>	</RadiatorMainType>
  <RadiatorMainType>	<MainTypeName>charleston completto C 4055-</MainTypeName>	<DimensionIndex>7</DimensionIndex>	<DimensionIndex>2</DimensionIndex>	<kvValue>4</kvValue>		<RadiatorSubTypeMacro From="0" To="63">	<Name>charleston completto C 4055-{S}</Name>	<Power>73.7</Power>	<Surface>0.17</Surface>	<Volume>1.1</Volume>	<Exponent>1.26</Exponent>	<Length>46</Length>	<Height>550</Height>	<EstimateCode>ZEHNDER_CHARLESTON_COMPLETTO_C_4055-{S}</EstimateCode>	</RadiatorSubTypeMacro>	</RadiatorMainType>
  <RadiatorMainType>	<MainTypeName>charleston completto C 5055-</MainTypeName>	<DimensionIndex>7</DimensionIndex>	<DimensionIndex>3</DimensionIndex>	<kvValue>4</kvValue>		<RadiatorSubTypeMacro From="0" To="54">	<Name>charleston completto C 5055-{S}</Name>	<Power>91.1</Power>	<Surface>0.21</Surface>	<Volume>1.4</Volume>	<Exponent>1.27</Exponent>	<Length>46</Length>	<Height>550</Height>	<EstimateCode>ZEHNDER_CHARLESTON_COMPLETTO_C_5055-{S}</EstimateCode>	</RadiatorSubTypeMacro>	</RadiatorMainType>
  <RadiatorMainType>	<MainTypeName>charleston completto C 6055-</MainTypeName>	<DimensionIndex>7</DimensionIndex>	<DimensionIndex>4</DimensionIndex>	<kvValue>4</kvValue>		<RadiatorSubTypeMacro From="0" To="45">	<Name>charleston completto C 6055-{S}</Name>	<Power>108</Power>	<Surface>0.26</Surface>	<Volume>1.6</Volume>	<Exponent>1.28</Exponent>	<Length>46</Length>	<Height>550</Height>	<EstimateCode>ZEHNDER_CHARLESTON_COMPLETTO_C_6055-{S}</EstimateCode>	</RadiatorSubTypeMacro>	</RadiatorMainType>
  <RadiatorMainType>	<MainTypeName>charleston completto C 2060-</MainTypeName>	<DimensionIndex>8</DimensionIndex>	<DimensionIndex>0</DimensionIndex>	<kvValue>4</kvValue>		<RadiatorSubTypeMacro From="0" To="63">	<Name>charleston completto C 2060-{S}</Name>	<Power>45.3</Power>	<Surface>0.09</Surface>	<Volume>0.6</Volume>	<Exponent>1.25</Exponent>	<Length>46</Length>	<Height>592</Height>	<EstimateCode>ZEHNDER_CHARLESTON_COMPLETTO_C_2060-{S}</EstimateCode>	</RadiatorSubTypeMacro>	</RadiatorMainType>
  <RadiatorMainType>	<MainTypeName>charleston completto C 3060-</MainTypeName>	<DimensionIndex>8</DimensionIndex>	<DimensionIndex>1</DimensionIndex>	<kvValue>4</kvValue>		<RadiatorSubTypeMacro From="0" To="63">	<Name>charleston completto C 3060-{S}</Name>	<Power>60.9</Power>	<Surface>0.14</Surface>	<Volume>0.9</Volume>	<Exponent>1.26</Exponent>	<Length>46</Length>	<Height>600</Height>	<EstimateCode>ZEHNDER_CHARLESTON_COMPLETTO_C_3060-{S}</EstimateCode>	</RadiatorSubTypeMacro>	</RadiatorMainType>
  <RadiatorMainType>	<MainTypeName>charleston completto C 4060-</MainTypeName>	<DimensionIndex>8</DimensionIndex>	<DimensionIndex>2</DimensionIndex>	<kvValue>4</kvValue>		<RadiatorSubTypeMacro From="0" To="63">	<Name>charleston completto C 4060-{S}</Name>	<Power>79.8</Power>	<Surface>0.19</Surface>	<Volume>1.2</Volume>	<Exponent>1.27</Exponent>	<Length>46</Length>	<Height>600</Height>	<EstimateCode>ZEHNDER_CHARLESTON_COMPLETTO_C_4060-{S}</EstimateCode>	</RadiatorSubTypeMacro>	</RadiatorMainType>
  <RadiatorMainType>	<MainTypeName>charleston completto C 5060-</MainTypeName>	<DimensionIndex>8</DimensionIndex>	<DimensionIndex>3</DimensionIndex>	<kvValue>4</kvValue>		<RadiatorSubTypeMacro From="0" To="54">	<Name>charleston completto C 5060-{S}</Name>	<Power>98.6</Power>	<Surface>0.23</Surface>	<Volume>1.5</Volume>	<Exponent>1.27</Exponent>	<Length>46</Length>	<Height>600</Height>	<EstimateCode>ZEHNDER_CHARLESTON_COMPLETTO_C_5060-{S}</EstimateCode>	</RadiatorSubTypeMacro>	</RadiatorMainType>
  <RadiatorMainType>	<MainTypeName>charleston completto C 6060-</MainTypeName>	<DimensionIndex>8</DimensionIndex>	<DimensionIndex>4</DimensionIndex>	<kvValue>4</kvValue>		<RadiatorSubTypeMacro From="0" To="45">	<Name>charleston completto C 6060-{S}</Name>	<Power>117</Power>	<Surface>0.28</Surface>	<Volume>1.8</Volume>	<Exponent>1.29</Exponent>	<Length>46</Length>	<Height>600</Height>	<EstimateCode>ZEHNDER_CHARLESTON_COMPLETTO_C_6060-{S}</EstimateCode>	</RadiatorSubTypeMacro>	</RadiatorMainType>
  <RadiatorMainType>	<MainTypeName>charleston completto C 2075-</MainTypeName>	<DimensionIndex>9</DimensionIndex>	<DimensionIndex>0</DimensionIndex>	<kvValue>4</kvValue>		<RadiatorSubTypeMacro From="0" To="63">	<Name>charleston completto C 2075-{S}</Name>	<Power>55</Power>	<Surface>0.11</Surface>	<Volume>0.7</Volume>	<Exponent>1.25</Exponent>	<Length>46</Length>	<Height>742</Height>	<EstimateCode>ZEHNDER_CHARLESTON_COMPLETTO_C_2075-{S}</EstimateCode>	</RadiatorSubTypeMacro>	</RadiatorMainType>
  <RadiatorMainType>	<MainTypeName>charleston completto C 3075-</MainTypeName>	<DimensionIndex>9</DimensionIndex>	<DimensionIndex>1</DimensionIndex>	<kvValue>4</kvValue>		<RadiatorSubTypeMacro From="0" To="63">	<Name>charleston completto C 3075-{S}</Name>	<Power>74.3</Power>	<Surface>0.17</Surface>	<Volume>1.1</Volume>	<Exponent>1.26</Exponent>	<Length>46</Length>	<Height>750</Height>	<EstimateCode>ZEHNDER_CHARLESTON_COMPLETTO_C_3075-{S}</EstimateCode>	</RadiatorSubTypeMacro>	</RadiatorMainType>
  <RadiatorMainType>	<MainTypeName>charleston completto C 4075-</MainTypeName>	<DimensionIndex>9</DimensionIndex>	<DimensionIndex>2</DimensionIndex>	<kvValue>4</kvValue>		<RadiatorSubTypeMacro From="0" To="63">	<Name>charleston completto C 4075-{S}</Name>	<Power>97.4</Power>	<Surface>0.23</Surface>	<Volume>1.4</Volume>	<Exponent>1.27</Exponent>	<Length>46</Length>	<Height>750</Height>	<EstimateCode>ZEHNDER_CHARLESTON_COMPLETTO_C_4075-{S}</EstimateCode>	</RadiatorSubTypeMacro>	</RadiatorMainType>
  <RadiatorMainType>	<MainTypeName>charleston completto C 5075-</MainTypeName>	<DimensionIndex>9</DimensionIndex>	<DimensionIndex>3</DimensionIndex>	<kvValue>4</kvValue>		<RadiatorSubTypeMacro From="0" To="54">	<Name>charleston completto C 5075-{S}</Name>	<Power>120</Power>	<Surface>0.29</Surface>	<Volume>1.8</Volume>	<Exponent>1.29</Exponent>	<Length>46</Length>	<Height>750</Height>	<EstimateCode>ZEHNDER_CHARLESTON_COMPLETTO_C_5075-{S}</EstimateCode>	</RadiatorSubTypeMacro>	</RadiatorMainType>
  <RadiatorMainType>	<MainTypeName>charleston completto C 6075-</MainTypeName>	<DimensionIndex>9</DimensionIndex>	<DimensionIndex>4</DimensionIndex>	<kvValue>4</kvValue>		<RadiatorSubTypeMacro From="0" To="45">	<Name>charleston completto C 6075-{S}</Name>	<Power>143</Power>	<Surface>0.35</Surface>	<Volume>2.1</Volume>	<Exponent>1.3</Exponent>	<Length>46</Length>	<Height>750</Height>	<EstimateCode>ZEHNDER_CHARLESTON_COMPLETTO_C_6075-{S}</EstimateCode>	</RadiatorSubTypeMacro>	</RadiatorMainType>
  <RadiatorMainType>	<MainTypeName>charleston completto C 2090-</MainTypeName>	<DimensionIndex>10</DimensionIndex>	<DimensionIndex>0</DimensionIndex>	<kvValue>4</kvValue>		<RadiatorSubTypeMacro From="0" To="63">	<Name>charleston completto C 2090-{S}</Name>	<Power>63.9</Power>	<Surface>0.14</Surface>	<Volume>0.8</Volume>	<Exponent>1.25</Exponent>	<Length>46</Length>	<Height>892</Height>	<EstimateCode>ZEHNDER_CHARLESTON_COMPLETTO_C_2090-{S}</EstimateCode>	</RadiatorSubTypeMacro>	</RadiatorMainType>
  <RadiatorMainType>	<MainTypeName>charleston completto C 3090-</MainTypeName>	<DimensionIndex>10</DimensionIndex>	<DimensionIndex>1</DimensionIndex>	<kvValue>4</kvValue>		<RadiatorSubTypeMacro From="0" To="63">	<Name>charleston completto C 3090-{S}</Name>	<Power>87</Power>	<Surface>0.21</Surface>	<Volume>1.3</Volume>	<Exponent>1.27</Exponent>	<Length>46</Length>	<Height>900</Height>	<EstimateCode>ZEHNDER_CHARLESTON_COMPLETTO_C_3090-{S}</EstimateCode>	</RadiatorSubTypeMacro>	</RadiatorMainType>
  <RadiatorMainType>	<MainTypeName>charleston completto C 4090-</MainTypeName>	<DimensionIndex>10</DimensionIndex>	<DimensionIndex>2</DimensionIndex>	<kvValue>4</kvValue>		<RadiatorSubTypeMacro From="0" To="63">	<Name>charleston completto C 4090-{S}</Name>	<Power>114</Power>	<Surface>0.28</Surface>	<Volume>1.7</Volume>	<Exponent>1.28</Exponent>	<Length>46</Length>	<Height>900</Height>	<EstimateCode>ZEHNDER_CHARLESTON_COMPLETTO_C_4090-{S}</EstimateCode>	</RadiatorSubTypeMacro>	</RadiatorMainType>
  <RadiatorMainType>	<MainTypeName>charleston completto C 5090-</MainTypeName>	<DimensionIndex>10</DimensionIndex>	<DimensionIndex>3</DimensionIndex>	<kvValue>4</kvValue>		<RadiatorSubTypeMacro From="0" To="54">	<Name>charleston completto C 5090-{S}</Name>	<Power>141</Power>	<Surface>0.35</Surface>	<Volume>2.1</Volume>	<Exponent>1.3</Exponent>	<Length>46</Length>	<Height>900</Height>	<EstimateCode>ZEHNDER_CHARLESTON_COMPLETTO_C_5090-{S}</EstimateCode>	</RadiatorSubTypeMacro>	</RadiatorMainType>
  <RadiatorMainType>	<MainTypeName>charleston completto C 6090-</MainTypeName>	<DimensionIndex>10</DimensionIndex>	<DimensionIndex>4</DimensionIndex>	<kvValue>4</kvValue>		<RadiatorSubTypeMacro From="0" To="45">	<Name>charleston completto C 6090-{S}</Name>	<Power>167</Power>	<Surface>0.42</Surface>	<Volume>2.5</Volume>	<Exponent>1.31</Exponent>	<Length>46</Length>	<Height>900</Height>	<EstimateCode>ZEHNDER_CHARLESTON_COMPLETTO_C_6090-{S}</EstimateCode>	</RadiatorSubTypeMacro>	</RadiatorMainType>
  <RadiatorMainType>	<MainTypeName>charleston completto C 2100-</MainTypeName>	<DimensionIndex>11</DimensionIndex>	<DimensionIndex>0</DimensionIndex>	<kvValue>4</kvValue>		<RadiatorSubTypeMacro From="0" To="22">	<Name>charleston completto C 2100-{S}</Name>	<Power>69.5</Power>	<Surface>0.15</Surface>	<Volume>0.9</Volume>	<Exponent>1.25</Exponent>	<Length>46</Length>	<Height>992</Height>	<EstimateCode>ZEHNDER_CHARLESTON_COMPLETTO_C_2100-{S}</EstimateCode>	</RadiatorSubTypeMacro>	</RadiatorMainType>
  <RadiatorMainType>	<MainTypeName>charleston completto C 3100-</MainTypeName>	<DimensionIndex>11</DimensionIndex>	<DimensionIndex>1</DimensionIndex>	<kvValue>4</kvValue>		<RadiatorSubTypeMacro From="0" To="22">	<Name>charleston completto C 3100-{S}</Name>	<Power>95.1</Power>	<Surface>0.23</Surface>	<Volume>1.4</Volume>	<Exponent>1.27</Exponent>	<Length>46</Length>	<Height>1000</Height>	<EstimateCode>ZEHNDER_CHARLESTON_COMPLETTO_C_3100-{S}</EstimateCode>	</RadiatorSubTypeMacro>	</RadiatorMainType>
  <RadiatorMainType>	<MainTypeName>charleston completto C 4100-</MainTypeName>	<DimensionIndex>11</DimensionIndex>	<DimensionIndex>2</DimensionIndex>	<kvValue>4</kvValue>		<RadiatorSubTypeMacro From="0" To="22">	<Name>charleston completto C 4100-{S}</Name>	<Power>125</Power>	<Surface>0.31</Surface>	<Volume>1.8</Volume>	<Exponent>1.29</Exponent>	<Length>46</Length>	<Height>1000</Height>	<EstimateCode>ZEHNDER_CHARLESTON_COMPLETTO_C_4100-{S}</EstimateCode>	</RadiatorSubTypeMacro>	</RadiatorMainType>
  <RadiatorMainType>	<MainTypeName>charleston completto C 5100-</MainTypeName>	<DimensionIndex>11</DimensionIndex>	<DimensionIndex>3</DimensionIndex>	<kvValue>4</kvValue>		<RadiatorSubTypeMacro From="0" To="16">	<Name>charleston completto C 5100-{S}</Name>	<Power>154</Power>	<Surface>0.39</Surface>	<Volume>2.3</Volume>	<Exponent>1.3</Exponent>	<Length>46</Length>	<Height>1000</Height>	<EstimateCode>ZEHNDER_CHARLESTON_COMPLETTO_C_5100-{S}</EstimateCode>	</RadiatorSubTypeMacro>	</RadiatorMainType>
  <RadiatorMainType>	<MainTypeName>charleston completto C 6100-</MainTypeName>	<DimensionIndex>11</DimensionIndex>	<DimensionIndex>4</DimensionIndex>	<kvValue>4</kvValue>		<RadiatorSubTypeMacro From="0" To="13">	<Name>charleston completto C 6100-{S}</Name>	<Power>183</Power>	<Surface>0.47</Surface>	<Volume>2.7</Volume>	<Exponent>1.31</Exponent>	<Length>46</Length>	<Height>1000</Height>	<EstimateCode>ZEHNDER_CHARLESTON_COMPLETTO_C_6100-{S}</EstimateCode>	</RadiatorSubTypeMacro>	</RadiatorMainType>
  <RadiatorMainType>	<MainTypeName>charleston completto C 2110-</MainTypeName>	<DimensionIndex>12</DimensionIndex>	<DimensionIndex>0</DimensionIndex>	<kvValue>4</kvValue>		<RadiatorSubTypeMacro From="0" To="22">	<Name>charleston completto C 2110-{S}</Name>	<Power>74.7</Power>	<Surface>0.17</Surface>	<Volume>1</Volume>	<Exponent>1.25</Exponent>	<Length>46</Length>	<Height>1092</Height>	<EstimateCode>ZEHNDER_CHARLESTON_COMPLETTO_C_2110-{S}</EstimateCode>	</RadiatorSubTypeMacro>	</RadiatorMainType>
  <RadiatorMainType>	<MainTypeName>charleston completto C 3110-</MainTypeName>	<DimensionIndex>12</DimensionIndex>	<DimensionIndex>1</DimensionIndex>	<kvValue>4</kvValue>		<RadiatorSubTypeMacro From="0" To="22">	<Name>charleston completto C 3110-{S}</Name>	<Power>103</Power>	<Surface>0.25</Surface>	<Volume>1.5</Volume>	<Exponent>1.28</Exponent>	<Length>46</Length>	<Height>1100</Height>	<EstimateCode>ZEHNDER_CHARLESTON_COMPLETTO_C_3110-{S}</EstimateCode>	</RadiatorSubTypeMacro>	</RadiatorMainType>
  <RadiatorMainType>	<MainTypeName>charleston completto C 4110-</MainTypeName>	<DimensionIndex>12</DimensionIndex>	<DimensionIndex>2</DimensionIndex>	<kvValue>4</kvValue>		<RadiatorSubTypeMacro From="0" To="22">	<Name>charleston completto C 4110-{S}</Name>	<Power>135</Power>	<Surface>0.34</Surface>	<Volume>2</Volume>	<Exponent>1.29</Exponent>	<Length>46</Length>	<Height>1100</Height>	<EstimateCode>ZEHNDER_CHARLESTON_COMPLETTO_C_4110-{S}</EstimateCode>	</RadiatorSubTypeMacro>	</RadiatorMainType>
  <RadiatorMainType>	<MainTypeName>charleston completto C 5110-</MainTypeName>	<DimensionIndex>12</DimensionIndex>	<DimensionIndex>3</DimensionIndex>	<kvValue>4</kvValue>		<RadiatorSubTypeMacro From="0" To="16">	<Name>charleston completto C 5110-{S}</Name>	<Power>167</Power>	<Surface>0.43</Surface>	<Volume>2.5</Volume>	<Exponent>1.31</Exponent>	<Length>46</Length>	<Height>1100</Height>	<EstimateCode>ZEHNDER_CHARLESTON_COMPLETTO_C_5110-{S}</EstimateCode>	</RadiatorSubTypeMacro>	</RadiatorMainType>
  <RadiatorMainType>	<MainTypeName>charleston completto C 6110-</MainTypeName>	<DimensionIndex>12</DimensionIndex>	<DimensionIndex>4</DimensionIndex>	<kvValue>4</kvValue>		<RadiatorSubTypeMacro From="0" To="13">	<Name>charleston completto C 6110-{S}</Name>	<Power>198</Power>	<Surface>0.52</Surface>	<Volume>3</Volume>	<Exponent>1.32</Exponent>	<Length>46</Length>	<Height>1100</Height>	<EstimateCode>ZEHNDER_CHARLESTON_COMPLETTO_C_6110-{S}</EstimateCode>	</RadiatorSubTypeMacro>	</RadiatorMainType>
  <RadiatorMainType>	<MainTypeName>charleston completto C 2120-</MainTypeName>	<DimensionIndex>13</DimensionIndex>	<DimensionIndex>0</DimensionIndex>	<kvValue>4</kvValue>		<RadiatorSubTypeMacro From="0" To="22">	<Name>charleston completto C 2120-{S}</Name>	<Power>82.7</Power>	<Surface>0.18</Surface>	<Volume>1.1</Volume>	<Exponent>1.26</Exponent>	<Length>46</Length>	<Height>1192</Height>	<EstimateCode>ZEHNDER_CHARLESTON_COMPLETTO_C_2120-{S}</EstimateCode>	</RadiatorSubTypeMacro>	</RadiatorMainType>
  <RadiatorMainType>	<MainTypeName>charleston completto C 3120-</MainTypeName>	<DimensionIndex>13</DimensionIndex>	<DimensionIndex>1</DimensionIndex>	<kvValue>4</kvValue>		<RadiatorSubTypeMacro From="0" To="22">	<Name>charleston completto C 3120-{S}</Name>	<Power>115</Power>	<Surface>0.28</Surface>	<Volume>1.6</Volume>	<Exponent>1.29</Exponent>	<Length>46</Length>	<Height>1200</Height>	<EstimateCode>ZEHNDER_CHARLESTON_COMPLETTO_C_3120-{S}</EstimateCode>	</RadiatorSubTypeMacro>	</RadiatorMainType>
  <RadiatorMainType>	<MainTypeName>charleston completto C 4120-</MainTypeName>	<DimensionIndex>13</DimensionIndex>	<DimensionIndex>2</DimensionIndex>	<kvValue>4</kvValue>		<RadiatorSubTypeMacro From="0" To="22">	<Name>charleston completto C 4120-{S}</Name>	<Power>147</Power>	<Surface>0.37</Surface>	<Volume>2.1</Volume>	<Exponent>1.3</Exponent>	<Length>46</Length>	<Height>1200</Height>	<EstimateCode>ZEHNDER_CHARLESTON_COMPLETTO_C_4120-{S}</EstimateCode>	</RadiatorSubTypeMacro>	</RadiatorMainType>
  <RadiatorMainType>	<MainTypeName>charleston completto C 5120-</MainTypeName>	<DimensionIndex>13</DimensionIndex>	<DimensionIndex>3</DimensionIndex>	<kvValue>4</kvValue>		<RadiatorSubTypeMacro From="0" To="16">	<Name>charleston completto C 5120-{S}</Name>	<Power>179</Power>	<Surface>0.47</Surface>	<Volume>2.7</Volume>	<Exponent>1.31</Exponent>	<Length>46</Length>	<Height>1200</Height>	<EstimateCode>ZEHNDER_CHARLESTON_COMPLETTO_C_5120-{S}</EstimateCode>	</RadiatorSubTypeMacro>	</RadiatorMainType>
  <RadiatorMainType>	<MainTypeName>charleston completto C 6120-</MainTypeName>	<DimensionIndex>13</DimensionIndex>	<DimensionIndex>4</DimensionIndex>	<kvValue>4</kvValue>		<RadiatorSubTypeMacro From="0" To="13">	<Name>charleston completto C 6120-{S}</Name>	<Power>210</Power>	<Surface>0.56</Surface>	<Volume>3.2</Volume>	<Exponent>1.32</Exponent>	<Length>46</Length>	<Height>1200</Height>	<EstimateCode>ZEHNDER_CHARLESTON_COMPLETTO_C_6120-{S}</EstimateCode>	</RadiatorSubTypeMacro>	</RadiatorMainType>
  <RadiatorMainType>	<MainTypeName>charleston completto C 2150-</MainTypeName>	<DimensionIndex>14</DimensionIndex>	<DimensionIndex>0</DimensionIndex>	<kvValue>4</kvValue>		<RadiatorSubTypeMacro From="0" To="22">	<Name>charleston completto C 2150-{S}</Name>	<Power>104</Power>	<Surface>0.23</Surface>	<Volume>1.3</Volume>	<Exponent>1.28</Exponent>	<Length>46</Length>	<Height>1492</Height>	<EstimateCode>ZEHNDER_CHARLESTON_COMPLETTO_C_2150-{S}</EstimateCode>	</RadiatorSubTypeMacro>	</RadiatorMainType>
  <RadiatorMainType>	<MainTypeName>charleston completto C 3150-</MainTypeName>	<DimensionIndex>14</DimensionIndex>	<DimensionIndex>1</DimensionIndex>	<kvValue>4</kvValue>		<RadiatorSubTypeMacro From="0" To="22">	<Name>charleston completto C 3150-{S}</Name>	<Power>140</Power>	<Surface>0.35</Surface>	<Volume>2</Volume>	<Exponent>1.31</Exponent>	<Length>46</Length>	<Height>1500</Height>	<EstimateCode>ZEHNDER_CHARLESTON_COMPLETTO_C_3150-{S}</EstimateCode>	</RadiatorSubTypeMacro>	</RadiatorMainType>
  <RadiatorMainType>	<MainTypeName>charleston completto C 4150-</MainTypeName>	<DimensionIndex>14</DimensionIndex>	<DimensionIndex>2</DimensionIndex>	<kvValue>4</kvValue>		<RadiatorSubTypeMacro From="0" To="22">	<Name>charleston completto C 4150-{S}</Name>	<Power>180</Power>	<Surface>0.47</Surface>	<Volume>2.6</Volume>	<Exponent>1.31</Exponent>	<Length>46</Length>	<Height>1500</Height>	<EstimateCode>ZEHNDER_CHARLESTON_COMPLETTO_C_4150-{S}</EstimateCode>	</RadiatorSubTypeMacro>	</RadiatorMainType>
  <RadiatorMainType>	<MainTypeName>charleston completto C 5150-</MainTypeName>	<DimensionIndex>14</DimensionIndex>	<DimensionIndex>3</DimensionIndex>	<kvValue>4</kvValue>		<RadiatorSubTypeMacro From="0" To="16">	<Name>charleston completto C 5150-{S}</Name>	<Power>219</Power>	<Surface>0.59</Surface>	<Volume>3.3</Volume>	<Exponent>1.32</Exponent>	<Length>46</Length>	<Height>1500</Height>	<EstimateCode>ZEHNDER_CHARLESTON_COMPLETTO_C_5150-{S}</EstimateCode>	</RadiatorSubTypeMacro>	</RadiatorMainType>
  <RadiatorMainType>	<MainTypeName>charleston completto C 6150-</MainTypeName>	<DimensionIndex>14</DimensionIndex>	<DimensionIndex>4</DimensionIndex>	<kvValue>4</kvValue>		<RadiatorSubTypeMacro From="0" To="13">	<Name>charleston completto C 6150-{S}</Name>	<Power>256</Power>	<Surface>0.7</Surface>	<Volume>4</Volume>	<Exponent>1.32</Exponent>	<Length>46</Length>	<Height>1500</Height>	<EstimateCode>ZEHNDER_CHARLESTON_COMPLETTO_C_6150-{S}</EstimateCode>	</RadiatorSubTypeMacro>	</RadiatorMainType>
  <RadiatorMainType>	<MainTypeName>charleston completto C 2180-</MainTypeName>	<DimensionIndex>15</DimensionIndex>	<DimensionIndex>0</DimensionIndex>	<kvValue>4</kvValue>		<RadiatorSubTypeMacro From="0" To="22">	<Name>charleston completto C 2180-{S}</Name>	<Power>124</Power>	<Surface>0.28</Surface>	<Volume>1.5</Volume>	<Exponent>1.31</Exponent>	<Length>46</Length>	<Height>1792</Height>	<EstimateCode>ZEHNDER_CHARLESTON_COMPLETTO_C_2180-{S}</EstimateCode>	</RadiatorSubTypeMacro>	</RadiatorMainType>
  <RadiatorMainType>	<MainTypeName>charleston completto C 3180-</MainTypeName>	<DimensionIndex>15</DimensionIndex>	<DimensionIndex>1</DimensionIndex>	<kvValue>4</kvValue>		<RadiatorSubTypeMacro From="0" To="22">	<Name>charleston completto C 3180-{S}</Name>	<Power>166</Power>	<Surface>0.42</Surface>	<Volume>2.4</Volume>	<Exponent>1.33</Exponent>	<Length>46</Length>	<Height>1800</Height>	<EstimateCode>ZEHNDER_CHARLESTON_COMPLETTO_C_3180-{S}</EstimateCode>	</RadiatorSubTypeMacro>	</RadiatorMainType>
  <RadiatorMainType>	<MainTypeName>charleston completto C 4180-</MainTypeName>	<DimensionIndex>15</DimensionIndex>	<DimensionIndex>2</DimensionIndex>	<kvValue>4</kvValue>		<RadiatorSubTypeMacro From="0" To="22">	<Name>charleston completto C 4180-{S}</Name>	<Power>213</Power>	<Surface>0.56</Surface>	<Volume>3.1</Volume>	<Exponent>1.33</Exponent>	<Length>46</Length>	<Height>1800</Height>	<EstimateCode>ZEHNDER_CHARLESTON_COMPLETTO_C_4180-{S}</EstimateCode>	</RadiatorSubTypeMacro>	</RadiatorMainType>
  <RadiatorMainType>	<MainTypeName>charleston completto C 5180-</MainTypeName>	<DimensionIndex>15</DimensionIndex>	<DimensionIndex>3</DimensionIndex>	<kvValue>4</kvValue>		<RadiatorSubTypeMacro From="0" To="16">	<Name>charleston completto C 5180-{S}</Name>	<Power>259</Power>	<Surface>0.7</Surface>	<Volume>3.9</Volume>	<Exponent>1.32</Exponent>	<Length>46</Length>	<Height>1800</Height>	<EstimateCode>ZEHNDER_CHARLESTON_COMPLETTO_C_5180-{S}</EstimateCode>	</RadiatorSubTypeMacro>	</RadiatorMainType>
  <RadiatorMainType>	<MainTypeName>charleston completto C 6180-</MainTypeName>	<DimensionIndex>15</DimensionIndex>	<DimensionIndex>4</DimensionIndex>	<kvValue>4</kvValue>		<RadiatorSubTypeMacro From="0" To="13">	<Name>charleston completto C 6180-{S}</Name>	<Power>303</Power>	<Surface>0.85</Surface>	<Volume>4.7</Volume>	<Exponent>1.33</Exponent>	<Length>46</Length>	<Height>1800</Height>	<EstimateCode>ZEHNDER_CHARLESTON_COMPLETTO_C_6180-{S}</EstimateCode>	</RadiatorSubTypeMacro>	</RadiatorMainType>
  <RadiatorMainType>	<MainTypeName>charleston completto C 2200-</MainTypeName>	<DimensionIndex>16</DimensionIndex>	<DimensionIndex>0</DimensionIndex>	<kvValue>4</kvValue>		<RadiatorSubTypeMacro From="0" To="22">	<Name>charleston completto C 2200-{S}</Name>	<Power>138</Power>	<Surface>0.31</Surface>	<Volume>1.7</Volume>	<Exponent>1.31</Exponent>	<Length>46</Length>	<Height>1992</Height>	<EstimateCode>ZEHNDER_CHARLESTON_COMPLETTO_C_2200-{S}</EstimateCode>	</RadiatorSubTypeMacro>	</RadiatorMainType>
  <RadiatorMainType>	<MainTypeName>charleston completto C 3200-</MainTypeName>	<DimensionIndex>16</DimensionIndex>	<DimensionIndex>1</DimensionIndex>	<kvValue>4</kvValue>		<RadiatorSubTypeMacro From="0" To="22">	<Name>charleston completto C 3200-{S}</Name>	<Power>183</Power>	<Surface>0.47</Surface>	<Volume>2.6</Volume>	<Exponent>1.33</Exponent>	<Length>46</Length>	<Height>2000</Height>	<EstimateCode>ZEHNDER_CHARLESTON_COMPLETTO_C_3200-{S}</EstimateCode>	</RadiatorSubTypeMacro>	</RadiatorMainType>
  <RadiatorMainType>	<MainTypeName>charleston completto C 4200-</MainTypeName>	<DimensionIndex>16</DimensionIndex>	<DimensionIndex>2</DimensionIndex>	<kvValue>4</kvValue>		<RadiatorSubTypeMacro From="0" To="22">	<Name>charleston completto C 4200-{S}</Name>	<Power>234</Power>	<Surface>0.63</Surface>	<Volume>3.4</Volume>	<Exponent>1.32</Exponent>	<Length>46</Length>	<Height>2000</Height>	<EstimateCode>ZEHNDER_CHARLESTON_COMPLETTO_C_4200-{S}</EstimateCode>	</RadiatorSubTypeMacro>	</RadiatorMainType>
  <RadiatorMainType>	<MainTypeName>charleston completto C 5200-</MainTypeName>	<DimensionIndex>16</DimensionIndex>	<DimensionIndex>3</DimensionIndex>	<kvValue>4</kvValue>		<RadiatorSubTypeMacro From="0" To="16">	<Name>charleston completto C 5200-{S}</Name>	<Power>285</Power>	<Surface>0.78</Surface>	<Volume>4.3</Volume>	<Exponent>1.32</Exponent>	<Length>46</Length>	<Height>2000</Height>	<EstimateCode>ZEHNDER_CHARLESTON_COMPLETTO_C_5200-{S}</EstimateCode>	</RadiatorSubTypeMacro>	</RadiatorMainType>
  <RadiatorMainType>	<MainTypeName>charleston completto C 6200-</MainTypeName>	<DimensionIndex>16</DimensionIndex>	<DimensionIndex>4</DimensionIndex>	<kvValue>4</kvValue>		<RadiatorSubTypeMacro From="0" To="13">	<Name>charleston completto C 6200-{S}</Name>	<Power>334</Power>	<Surface>0.94</Surface>	<Volume>5.2</Volume>	<Exponent>1.32</Exponent>	<Length>46</Length>	<Height>2000</Height>	<EstimateCode>ZEHNDER_CHARLESTON_COMPLETTO_C_6200-{S}</EstimateCode>	</RadiatorSubTypeMacro>	</RadiatorMainType>
  <RadiatorMainType>	<MainTypeName>charleston completto C 2220-</MainTypeName>	<DimensionIndex>17</DimensionIndex>	<DimensionIndex>0</DimensionIndex>	<kvValue>4</kvValue>		<RadiatorSubTypeMacro From="0" To="22">	<Name>charleston completto C 2220-{S}</Name>	<Power>151</Power>	<Surface>0.34</Surface>	<Volume>1.9</Volume>	<Exponent>1.31</Exponent>	<Length>46</Length>	<Height>2192</Height>	<EstimateCode>ZEHNDER_CHARLESTON_COMPLETTO_C_2220-{S}</EstimateCode>	</RadiatorSubTypeMacro>	</RadiatorMainType>
  <RadiatorMainType>	<MainTypeName>charleston completto C 3220-</MainTypeName>	<DimensionIndex>17</DimensionIndex>	<DimensionIndex>1</DimensionIndex>	<kvValue>4</kvValue>		<RadiatorSubTypeMacro From="0" To="22">	<Name>charleston completto C 3220-{S}</Name>	<Power>200</Power>	<Surface>0.51</Surface>	<Volume>2.9</Volume>	<Exponent>1.32</Exponent>	<Length>46</Length>	<Height>2200</Height>	<EstimateCode>ZEHNDER_CHARLESTON_COMPLETTO_C_3220-{S}</EstimateCode>	</RadiatorSubTypeMacro>	</RadiatorMainType>
  <RadiatorMainType>	<MainTypeName>charleston completto C 4220-</MainTypeName>	<DimensionIndex>17</DimensionIndex>	<DimensionIndex>2</DimensionIndex>	<kvValue>4</kvValue>		<RadiatorSubTypeMacro From="0" To="22">	<Name>charleston completto C 4220-{S}</Name>	<Power>256</Power>	<Surface>0.69</Surface>	<Volume>3.8</Volume>	<Exponent>1.32</Exponent>	<Length>46</Length>	<Height>2200</Height>	<EstimateCode>ZEHNDER_CHARLESTON_COMPLETTO_C_4220-{S}</EstimateCode>	</RadiatorSubTypeMacro>	</RadiatorMainType>
  <RadiatorMainType>	<MainTypeName>charleston completto C 5220-</MainTypeName>	<DimensionIndex>17</DimensionIndex>	<DimensionIndex>3</DimensionIndex>	<kvValue>4</kvValue>		<RadiatorSubTypeMacro From="0" To="16">	<Name>charleston completto C 5220-{S}</Name>	<Power>312</Power>	<Surface>0.86</Surface>	<Volume>4.7</Volume>	<Exponent>1.32</Exponent>	<Length>46</Length>	<Height>2200</Height>	<EstimateCode>ZEHNDER_CHARLESTON_COMPLETTO_C_5220-{S}</EstimateCode>	</RadiatorSubTypeMacro>	</RadiatorMainType>
  <RadiatorMainType>	<MainTypeName>charleston completto C 6220-</MainTypeName>	<DimensionIndex>17</DimensionIndex>	<DimensionIndex>4</DimensionIndex>	<kvValue>4</kvValue>		<RadiatorSubTypeMacro From="0" To="13">	<Name>charleston completto C 6220-{S}</Name>	<Power>365</Power>	<Surface>1.03</Surface>	<Volume>5.6</Volume>	<Exponent>1.32</Exponent>	<Length>46</Length>	<Height>2200</Height>	<EstimateCode>ZEHNDER_CHARLESTON_COMPLETTO_C_6220-{S}</EstimateCode>	</RadiatorSubTypeMacro>	</RadiatorMainType>
  <RadiatorMainType>	<MainTypeName>charleston completto C 2250-</MainTypeName>	<DimensionIndex>18</DimensionIndex>	<DimensionIndex>0</DimensionIndex>	<kvValue>4</kvValue>		<RadiatorSubTypeMacro From="0" To="22">	<Name>charleston completto C 2250-{S}</Name>	<Power>171</Power>	<Surface>0.39</Surface>	<Volume>2.1</Volume>	<Exponent>1.3</Exponent>	<Length>46</Length>	<Height>2492</Height>	<EstimateCode>ZEHNDER_CHARLESTON_COMPLETTO_C_2250-{S}</EstimateCode>	</RadiatorSubTypeMacro>	</RadiatorMainType>
  <RadiatorMainType>	<MainTypeName>charleston completto C 3250-</MainTypeName>	<DimensionIndex>18</DimensionIndex>	<DimensionIndex>1</DimensionIndex>	<kvValue>4</kvValue>		<RadiatorSubTypeMacro From="0" To="22">	<Name>charleston completto C 3250-{S}</Name>	<Power>225</Power>	<Surface>0.58</Surface>	<Volume>3.2</Volume>	<Exponent>1.32</Exponent>	<Length>46</Length>	<Height>2500</Height>	<EstimateCode>ZEHNDER_CHARLESTON_COMPLETTO_C_3250-{S}</EstimateCode>	</RadiatorSubTypeMacro>	</RadiatorMainType>
  <RadiatorMainType>	<MainTypeName>charleston completto C 4250-</MainTypeName>	<DimensionIndex>18</DimensionIndex>	<DimensionIndex>2</DimensionIndex>	<kvValue>4</kvValue>		<RadiatorSubTypeMacro From="0" To="22">	<Name>charleston completto C 4250-{S}</Name>	<Power>289</Power>	<Surface>0.78</Surface>	<Volume>4.3</Volume>	<Exponent>1.31</Exponent>	<Length>46</Length>	<Height>2500</Height>	<EstimateCode>ZEHNDER_CHARLESTON_COMPLETTO_C_4250-{S}</EstimateCode>	</RadiatorSubTypeMacro>	</RadiatorMainType>
  <RadiatorMainType>	<MainTypeName>charleston completto C 5250-</MainTypeName>	<DimensionIndex>18</DimensionIndex>	<DimensionIndex>3</DimensionIndex>	<kvValue>4</kvValue>		<RadiatorSubTypeMacro From="0" To="16">	<Name>charleston completto C 5250-{S}</Name>	<Power>352</Power>	<Surface>0.98</Surface>	<Volume>5.3</Volume>	<Exponent>1.31</Exponent>	<Length>46</Length>	<Height>2500</Height>	<EstimateCode>ZEHNDER_CHARLESTON_COMPLETTO_C_5250-{S}</EstimateCode>	</RadiatorSubTypeMacro>	</RadiatorMainType>
  <RadiatorMainType>	<MainTypeName>charleston completto C 6250-</MainTypeName>	<DimensionIndex>18</DimensionIndex>	<DimensionIndex>4</DimensionIndex>	<kvValue>4</kvValue>		<RadiatorSubTypeMacro From="0" To="13">	<Name>charleston completto C 6250-{S}</Name>	<Power>412</Power>	<Surface>1.18</Surface>	<Volume>6.3</Volume>	<Exponent>1.32</Exponent>	<Length>46</Length>	<Height>2500</Height>	<EstimateCode>ZEHNDER_CHARLESTON_COMPLETTO_C_6250-{S}</EstimateCode>	</RadiatorSubTypeMacro>	</RadiatorMainType>
  <RadiatorMainType>	<MainTypeName>charleston completto C 2280-</MainTypeName>	<DimensionIndex>19</DimensionIndex>	<DimensionIndex>0</DimensionIndex>	<kvValue>4</kvValue>		<RadiatorSubTypeMacro From="0" To="22">	<Name>charleston completto C 2280-{S}</Name>	<Power>189</Power>	<Surface>0.44</Surface>	<Volume>2.4</Volume>	<Exponent>1.3</Exponent>	<Length>46</Length>	<Height>2792</Height>	<EstimateCode>ZEHNDER_CHARLESTON_COMPLETTO_C_2280-{S}</EstimateCode>	</RadiatorSubTypeMacro>	</RadiatorMainType>
  <RadiatorMainType>	<MainTypeName>charleston completto C 3280-</MainTypeName>	<DimensionIndex>19</DimensionIndex>	<DimensionIndex>1</DimensionIndex>	<kvValue>4</kvValue>		<RadiatorSubTypeMacro From="0" To="22">	<Name>charleston completto C 3280-{S}</Name>	<Power>251</Power>	<Surface>0.65</Surface>	<Volume>3.6</Volume>	<Exponent>1.3</Exponent>	<Length>46</Length>	<Height>2800</Height>	<EstimateCode>ZEHNDER_CHARLESTON_COMPLETTO_C_3280-{S}</EstimateCode>	</RadiatorSubTypeMacro>	</RadiatorMainType>
  <RadiatorMainType>	<MainTypeName>charleston completto C 4280-</MainTypeName>	<DimensionIndex>19</DimensionIndex>	<DimensionIndex>2</DimensionIndex>	<kvValue>4</kvValue>		<RadiatorSubTypeMacro From="0" To="22">	<Name>charleston completto C 4280-{S}</Name>	<Power>323</Power>	<Surface>0.88</Surface>	<Volume>4.8</Volume>	<Exponent>1.3</Exponent>	<Length>46</Length>	<Height>2800</Height>	<EstimateCode>ZEHNDER_CHARLESTON_COMPLETTO_C_4280-{S}</EstimateCode>	</RadiatorSubTypeMacro>	</RadiatorMainType>
  <RadiatorMainType>	<MainTypeName>charleston completto C 5280-</MainTypeName>	<DimensionIndex>19</DimensionIndex>	<DimensionIndex>3</DimensionIndex>	<kvValue>4</kvValue>		<RadiatorSubTypeMacro From="0" To="16">	<Name>charleston completto C 5280-{S}</Name>	<Power>392</Power>	<Surface>1.1</Surface>	<Volume>5.9</Volume>	<Exponent>1.3</Exponent>	<Length>46</Length>	<Height>2800</Height>	<EstimateCode>ZEHNDER_CHARLESTON_COMPLETTO_C_5280-{S}</EstimateCode>	</RadiatorSubTypeMacro>	</RadiatorMainType>
  <RadiatorMainType>	<MainTypeName>charleston completto C 6280-</MainTypeName>	<DimensionIndex>19</DimensionIndex>	<DimensionIndex>4</DimensionIndex>	<kvValue>4</kvValue>		<RadiatorSubTypeMacro From="0" To="13">	<Name>charleston completto C 6280-{S}</Name>	<Power>459</Power>	<Surface>1.33</Surface>	<Volume>7</Volume>	<Exponent>1.3</Exponent>	<Length>46</Length>	<Height>2800</Height>	<EstimateCode>ZEHNDER_CHARLESTON_COMPLETTO_C_6280-{S}</EstimateCode>	</RadiatorSubTypeMacro>	</RadiatorMainType>
  <RadiatorMainType>	<MainTypeName>charleston completto C 2300-</MainTypeName>	<DimensionIndex>20</DimensionIndex>	<DimensionIndex>0</DimensionIndex>	<kvValue>4</kvValue>		<RadiatorSubTypeMacro From="0" To="22">	<Name>charleston completto C 2300-{S}</Name>	<Power>201</Power>	<Surface>0.47</Surface>	<Volume>2.5</Volume>	<Exponent>1.3</Exponent>	<Length>46</Length>	<Height>2992</Height>	<EstimateCode>ZEHNDER_CHARLESTON_COMPLETTO_C_2300-{S}</EstimateCode>	</RadiatorSubTypeMacro>	</RadiatorMainType>
  <RadiatorMainType>	<MainTypeName>charleston completto C 3300-</MainTypeName>	<DimensionIndex>20</DimensionIndex>	<DimensionIndex>1</DimensionIndex>	<kvValue>4</kvValue>		<RadiatorSubTypeMacro From="0" To="22">	<Name>charleston completto C 3300-{S}</Name>	<Power>269</Power>	<Surface>0.7</Surface>	<Volume>3.9</Volume>	<Exponent>1.3</Exponent>	<Length>46</Length>	<Height>3000</Height>	<EstimateCode>ZEHNDER_CHARLESTON_COMPLETTO_C_3300-{S}</EstimateCode>	</RadiatorSubTypeMacro>	</RadiatorMainType>
  <RadiatorMainType>	<MainTypeName>charleston completto C 4300-</MainTypeName>	<DimensionIndex>20</DimensionIndex>	<DimensionIndex>2</DimensionIndex>	<kvValue>4</kvValue>		<RadiatorSubTypeMacro From="0" To="22">	<Name>charleston completto C 4300-{S}</Name>	<Power>345</Power>	<Surface>0.94</Surface>	<Volume>5.1</Volume>	<Exponent>1.3</Exponent>	<Length>46</Length>	<Height>3000</Height>	<EstimateCode>ZEHNDER_CHARLESTON_COMPLETTO_C_4300-{S}</EstimateCode>	</RadiatorSubTypeMacro>	</RadiatorMainType>
  <RadiatorMainType>	<MainTypeName>charleston completto C 5300-</MainTypeName>	<DimensionIndex>20</DimensionIndex>	<DimensionIndex>3</DimensionIndex>	<kvValue>4</kvValue>		<RadiatorSubTypeMacro From="0" To="16">	<Name>charleston completto C 5300-{S}</Name>	<Power>420</Power>	<Surface>1.18</Surface>	<Volume>6.4</Volume>	<Exponent>1.3</Exponent>	<Length>46</Length>	<Height>3000</Height>	<EstimateCode>ZEHNDER_CHARLESTON_COMPLETTO_C_5300-{S}</EstimateCode>	</RadiatorSubTypeMacro>	</RadiatorMainType>
  <RadiatorMainType>	<MainTypeName>charleston completto C 6300-</MainTypeName>	<DimensionIndex>20</DimensionIndex>	<DimensionIndex>4</DimensionIndex>	<kvValue>4</kvValue>		<RadiatorSubTypeMacro From="0" To="13">	<Name>charleston completto C 6300-{S}</Name>	<Power>491</Power>	<Surface>1.41</Surface>	<Volume>7.5</Volume>	<Exponent>1.3</Exponent>	<Length>46</Length>	<Height>3000</Height>	<EstimateCode>ZEHNDER_CHARLESTON_COMPLETTO_C_6300-{S}</EstimateCode>	</RadiatorSubTypeMacro>	</RadiatorMainType>
</WinWattDBRadiator>

</WinWattDB>
