<?xml version="1.0" encoding="ISO-8859-2" ?>
<WinWattDB>

<WinWattDBGlobalMacro>
	<Macro ID="$egysoros" Language="hun">egysoros</Macro>
	<Macro ID="$egysoros" Language="sky">jednoradov�</Macro>
	<Macro ID="$egysoros" Language="rom">1 r�nd</Macro>
</WinWattDBGlobalMacro>

<WinWattDBRadiator DTLog="Yes">
  <ItemHeader>
    <Date><Year>2005</Year><Month>7</Month><Day>7</Day></Date>
    <ItemPath>ZEHNDER</ItemPath>
    <ItemName>ZEHNDER excelsior completto $egysoros</ItemName>
    <HomePage>www.zehnder-online.de</HomePage></ItemHeader>
  <DTOrigin>49.833</DTOrigin>
  <DimensionArray Type="Height" >
    <DimensionString Value=" 400" >400 mm</DimensionString>
    <DimensionString Value=" 500" >500 mm</DimensionString>
    <DimensionString Value=" 600" >600 mm</DimensionString>
    <DimensionString Value=" 700" >700 mm</DimensionString>
    <DimensionString Value=" 800" >800 mm</DimensionString>
    <DimensionString Value=" 900" >900 mm</DimensionString>
    <DimensionString Value="1000" >1000 mm</DimensionString>
    <DimensionString Value="1200" >1200 mm</DimensionString>
    <DimensionString Value="1500" >1500 mm</DimensionString>
    <DimensionString Value="1800" >1800 mm</DimensionString>
    <DimensionString Value="2000" >2000 mm</DimensionString>
    <DimensionString Value="2200" >2200 mm</DimensionString>
    <DimensionString Value="2500" >2500 mm</DimensionString>
  </DimensionArray>
  <DimensionArray Type="Width" >
    <DimensionString Value="92" >30</DimensionString>
    <DimensionString Value="92" >40</DimensionString>
    <DimensionString Value="92" >50</DimensionString>
    <DimensionString Value="92" >60</DimensionString>
  </DimensionArray>
  <DimensionArray Type="Length" >
    <DimensionString Value="1" >1</DimensionString>
    <DimensionString Value="2" >2</DimensionString>
    <DimensionString Value="3" >3</DimensionString>
    <DimensionString Value="4" >4</DimensionString>
    <DimensionString Value="5" >5</DimensionString>
    <DimensionString Value="6" >6</DimensionString>
    <DimensionString Value="7" >7</DimensionString>
    <DimensionString Value="8" >8</DimensionString>
    <DimensionString Value="9" >9</DimensionString>
    <DimensionString Value="10" >10</DimensionString>
    <DimensionString Value="11" >11</DimensionString>
    <DimensionString Value="12" >12</DimensionString>
    <DimensionString Value="13" >13</DimensionString>
    <DimensionString Value="14" >14</DimensionString>
    <DimensionString Value="15" >15</DimensionString>
    <DimensionString Value="16" >16</DimensionString>
    <DimensionString Value="17" >17</DimensionString>
    <DimensionString Value="18" >18</DimensionString>
    <DimensionString Value="19" >19</DimensionString>
    <DimensionString Value="20" >20</DimensionString>
    <DimensionString Value="21" >21</DimensionString>
    <DimensionString Value="22" >22</DimensionString>
    <DimensionString Value="23" >23</DimensionString>
    <DimensionString Value="24" >24</DimensionString>
    <DimensionString Value="25" >25</DimensionString>
    <DimensionString Value="26" >26</DimensionString>
    <DimensionString Value="27" >27</DimensionString>
    <DimensionString Value="28" >28</DimensionString>
    <DimensionString Value="29" >29</DimensionString>
    <DimensionString Value="30" >30</DimensionString>
    <DimensionString Value="31" >31</DimensionString>
    <DimensionString Value="32" >32</DimensionString>
    <DimensionString Value="33" >33</DimensionString>
    <DimensionString Value="34" >34</DimensionString>
    <DimensionString Value="35" >35</DimensionString>
    <DimensionString Value="36" >36</DimensionString>
    <DimensionString Value="37" >37</DimensionString>
    <DimensionString Value="38" >38</DimensionString>
    <DimensionString Value="39" >39</DimensionString>
    <DimensionString Value="40" >40</DimensionString>
    <DimensionString Value="41" >41</DimensionString>
    <DimensionString Value="42" >42</DimensionString>
    <DimensionString Value="43" >43</DimensionString>
    <DimensionString Value="44" >44</DimensionString>
    <DimensionString Value="45" >45</DimensionString>
    <DimensionString Value="46" >46</DimensionString>
    <DimensionString Value="47" >47</DimensionString>
    <DimensionString Value="48" >48</DimensionString>
    <DimensionString Value="49" >49</DimensionString>
    <DimensionString Value="50" >50</DimensionString>
    <DimensionString Value="51" >51</DimensionString>
    <DimensionString Value="52" >52</DimensionString>
    <DimensionString Value="53" >53</DimensionString>
    <DimensionString Value="54" >54</DimensionString>
    <DimensionString Value="55" >55</DimensionString>
    <DimensionString Value="56" >56</DimensionString>
    <DimensionString Value="57" >57</DimensionString>
    <DimensionString Value="58" >58</DimensionString>
    <DimensionString Value="59" >59</DimensionString>
    <DimensionString Value="60" >60</DimensionString>
    <DimensionString Value="61" >61</DimensionString>
    <DimensionString Value="62" >62</DimensionString>
    <DimensionString Value="63" >63</DimensionString>
    <DimensionString Value="64" >64</DimensionString>
    <DimensionString Value="65" >65</DimensionString>
    <DimensionString Value="66" >66</DimensionString>
    <DimensionString Value="67" >67</DimensionString>
    <DimensionString Value="68" >68</DimensionString>
    <DimensionString Value="69" >69</DimensionString>
    <DimensionString Value="70" >70</DimensionString>
    <DimensionString Value="71" >71</DimensionString>
    <DimensionString Value="72" >72</DimensionString>
    <DimensionString Value="73" >73</DimensionString>
    <DimensionString Value="74" >74</DimensionString>
    <DimensionString Value="75" >75</DimensionString>
    <DimensionString Value="76" >76</DimensionString>
    <DimensionString Value="77" >77</DimensionString>
    <DimensionString Value="78" >78</DimensionString>
    <DimensionString Value="79" >79</DimensionString>
    <DimensionString Value="80" >80</DimensionString>
    <DimensionString Value="81" >81</DimensionString>
    <DimensionString Value="82" >82</DimensionString>
    <DimensionString Value="83" >83</DimensionString>
    <DimensionString Value="84" >84</DimensionString>
    <DimensionString Value="85" >85</DimensionString>
    <DimensionString Value="86" >86</DimensionString>
    <DimensionString Value="87" >87</DimensionString>
    <DimensionString Value="88" >88</DimensionString>
    <DimensionString Value="89" >89</DimensionString>
    <DimensionString Value="90" >90</DimensionString>
    <DimensionString Value="91" >91</DimensionString>
    <DimensionString Value="92" >92</DimensionString>
    <DimensionString Value="93" >93</DimensionString>
    <DimensionString Value="94" >94</DimensionString>
    <DimensionString Value="95" >95</DimensionString>
    <DimensionString Value="96" >96</DimensionString>
    <DimensionString Value="97" >97</DimensionString>
    <DimensionString Value="98" >98</DimensionString>
    <DimensionString Value="99" >99</DimensionString>
    <DimensionString Value="100" >100</DimensionString>
  </DimensionArray>
  <RadiatorMainType>	<MainTypeName>excelsior completto E 1040/3/</MainTypeName>	<DimensionIndex>0</DimensionIndex>	<DimensionIndex>0</DimensionIndex>	<kvValue>7.8</kvValue>		<RadiatorSubTypeMacro From="0" To="99">	<Name>excelsior completto E 1040/3/{S}</Name>	<Power>25.6</Power>	<Surface>0.06</Surface>	<Volume>0.21</Volume>	<Exponent>1.27</Exponent>	<Length>30</Length>	<EstimateCode>ZEHNDER_EXCELSIOR_COMPLETTO_E_1040/3/{S}</EstimateCode>	</RadiatorSubTypeMacro>	</RadiatorMainType>
  <RadiatorMainType>	<MainTypeName>excelsior completto E 1040/4/</MainTypeName>	<DimensionIndex>0</DimensionIndex>	<DimensionIndex>1</DimensionIndex>	<kvValue>7.8</kvValue>		<RadiatorSubTypeMacro From="0" To="99">	<Name>excelsior completto E 1040/4/{S}</Name>	<Power>27.9</Power>	<Surface>0.07</Surface>	<Volume>0.23</Volume>	<Exponent>1.25</Exponent>	<Length>40</Length>	<EstimateCode>ZEHNDER_EXCELSIOR_COMPLETTO_E_1040/4/{S}</EstimateCode>	</RadiatorSubTypeMacro>	</RadiatorMainType>
  <RadiatorMainType>	<MainTypeName>excelsior completto E 1040/5/</MainTypeName>	<DimensionIndex>0</DimensionIndex>	<DimensionIndex>2</DimensionIndex>	<kvValue>7.8</kvValue>		<RadiatorSubTypeMacro From="0" To="99">	<Name>excelsior completto E 1040/5/{S}</Name>	<Power>30.3</Power>	<Surface>0.07</Surface>	<Volume>0.25</Volume>	<Exponent>1.28</Exponent>	<Length>50</Length>	<EstimateCode>ZEHNDER_EXCELSIOR_COMPLETTO_E_1040/5/{S}</EstimateCode>	</RadiatorSubTypeMacro>	</RadiatorMainType>
  <RadiatorMainType>	<MainTypeName>excelsior completto E 1040/6/</MainTypeName>	<DimensionIndex>0</DimensionIndex>	<DimensionIndex>3</DimensionIndex>	<kvValue>7.8</kvValue>		<RadiatorSubTypeMacro From="0" To="94">	<Name>excelsior completto E 1040/6/{S}</Name>	<Power>32</Power>	<Surface>0.07</Surface>	<Volume>0.26</Volume>	<Exponent>1.24</Exponent>	<Length>60</Length>	<EstimateCode>ZEHNDER_EXCELSIOR_COMPLETTO_E_1040/6/{S}</EstimateCode>	</RadiatorSubTypeMacro>	</RadiatorMainType>
  <RadiatorMainType>	<MainTypeName>excelsior completto E 1050/3/</MainTypeName>	<DimensionIndex>1</DimensionIndex>	<DimensionIndex>0</DimensionIndex>	<kvValue>7.8</kvValue>		<RadiatorSubTypeMacro From="0" To="99">	<Name>excelsior completto E 1050/3/{S}</Name>	<Power>31</Power>	<Surface>0.08</Surface>	<Volume>0.25</Volume>	<Exponent>1.27</Exponent>	<Length>30</Length>	<EstimateCode>ZEHNDER_EXCELSIOR_COMPLETTO_E_1050/3/{S}</EstimateCode>	</RadiatorSubTypeMacro>	</RadiatorMainType>
  <RadiatorMainType>	<MainTypeName>excelsior completto E 1050/4/</MainTypeName>	<DimensionIndex>1</DimensionIndex>	<DimensionIndex>1</DimensionIndex>	<kvValue>7.8</kvValue>		<RadiatorSubTypeMacro From="0" To="99">	<Name>excelsior completto E 1050/4/{S}</Name>	<Power>33.5</Power>	<Surface>0.08</Surface>	<Volume>0.27</Volume>	<Exponent>1.26</Exponent>	<Length>40</Length>	<EstimateCode>ZEHNDER_EXCELSIOR_COMPLETTO_E_1050/4/{S}</EstimateCode>	</RadiatorSubTypeMacro>	</RadiatorMainType>
  <RadiatorMainType>	<MainTypeName>excelsior completto E 1050/5/</MainTypeName>	<DimensionIndex>1</DimensionIndex>	<DimensionIndex>2</DimensionIndex>	<kvValue>7.8</kvValue>		<RadiatorSubTypeMacro From="0" To="99">	<Name>excelsior completto E 1050/5/{S}</Name>	<Power>36.5</Power>	<Surface>0.08</Surface>	<Volume>0.29</Volume>	<Exponent>1.28</Exponent>	<Length>50</Length>	<EstimateCode>ZEHNDER_EXCELSIOR_COMPLETTO_E_1050/5/{S}</EstimateCode>	</RadiatorSubTypeMacro>	</RadiatorMainType>
  <RadiatorMainType>	<MainTypeName>excelsior completto E 1050/6/</MainTypeName>	<DimensionIndex>1</DimensionIndex>	<DimensionIndex>3</DimensionIndex>	<kvValue>7.8</kvValue>		<RadiatorSubTypeMacro From="0" To="94">	<Name>excelsior completto E 1050/6/{S}</Name>	<Power>38.4</Power>	<Surface>0.09</Surface>	<Volume>0.3</Volume>	<Exponent>1.25</Exponent>	<Length>60</Length>	<EstimateCode>ZEHNDER_EXCELSIOR_COMPLETTO_E_1050/6/{S}</EstimateCode>	</RadiatorSubTypeMacro>	</RadiatorMainType>
  <RadiatorMainType>	<MainTypeName>excelsior completto E 1060/3/</MainTypeName>	<DimensionIndex>2</DimensionIndex>	<DimensionIndex>0</DimensionIndex>	<kvValue>7.8</kvValue>		<RadiatorSubTypeMacro From="0" To="99">	<Name>excelsior completto E 1060/3/{S}</Name>	<Power>36.2</Power>	<Surface>0.09</Surface>	<Volume>0.29</Volume>	<Exponent>1.27</Exponent>	<Length>30</Length>	<EstimateCode>ZEHNDER_EXCELSIOR_COMPLETTO_E_1060/3/{S}</EstimateCode>	</RadiatorSubTypeMacro>	</RadiatorMainType>
  <RadiatorMainType>	<MainTypeName>excelsior completto E 1060/4/</MainTypeName>	<DimensionIndex>2</DimensionIndex>	<DimensionIndex>1</DimensionIndex>	<kvValue>7.8</kvValue>		<RadiatorSubTypeMacro From="0" To="99">	<Name>excelsior completto E 1060/4/{S}</Name>	<Power>39.1</Power>	<Surface>0.09</Surface>	<Volume>0.31</Volume>	<Exponent>1.26</Exponent>	<Length>40</Length>	<EstimateCode>ZEHNDER_EXCELSIOR_COMPLETTO_E_1060/4/{S}</EstimateCode>	</RadiatorSubTypeMacro>	</RadiatorMainType>
  <RadiatorMainType>	<MainTypeName>excelsior completto E 1060/5/</MainTypeName>	<DimensionIndex>2</DimensionIndex>	<DimensionIndex>2</DimensionIndex>	<kvValue>7.8</kvValue>		<RadiatorSubTypeMacro From="0" To="99">	<Name>excelsior completto E 1060/5/{S}</Name>	<Power>42.6</Power>	<Surface>0.1</Surface>	<Volume>0.33</Volume>	<Exponent>1.28</Exponent>	<Length>50</Length>	<EstimateCode>ZEHNDER_EXCELSIOR_COMPLETTO_E_1060/5/{S}</EstimateCode>	</RadiatorSubTypeMacro>	</RadiatorMainType>
  <RadiatorMainType>	<MainTypeName>excelsior completto E 1060/6/</MainTypeName>	<DimensionIndex>2</DimensionIndex>	<DimensionIndex>3</DimensionIndex>	<kvValue>7.8</kvValue>		<RadiatorSubTypeMacro From="0" To="94">	<Name>excelsior completto E 1060/6/{S}</Name>	<Power>44.7</Power>	<Surface>0.1</Surface>	<Volume>0.35</Volume>	<Exponent>1.25</Exponent>	<Length>60</Length>	<EstimateCode>ZEHNDER_EXCELSIOR_COMPLETTO_E_1060/6/{S}</EstimateCode>	</RadiatorSubTypeMacro>	</RadiatorMainType>
  <RadiatorMainType>	<MainTypeName>excelsior completto E 1070/3/</MainTypeName>	<DimensionIndex>3</DimensionIndex>	<DimensionIndex>0</DimensionIndex>	<kvValue>7.8</kvValue>		<RadiatorSubTypeMacro From="0" To="69">	<Name>excelsior completto E 1070/3/{S}</Name>	<Power>41.4</Power>	<Surface>0.11</Surface>	<Volume>0.33</Volume>	<Exponent>1.27</Exponent>	<Length>30</Length>	<EstimateCode>ZEHNDER_EXCELSIOR_COMPLETTO_E_1070/3/{S}</EstimateCode>	</RadiatorSubTypeMacro>	</RadiatorMainType>
  <RadiatorMainType>	<MainTypeName>excelsior completto E 1070/4/</MainTypeName>	<DimensionIndex>3</DimensionIndex>	<DimensionIndex>1</DimensionIndex>	<kvValue>7.8</kvValue>		<RadiatorSubTypeMacro From="0" To="69">	<Name>excelsior completto E 1070/4/{S}</Name>	<Power>44.6</Power>	<Surface>0.11</Surface>	<Volume>0.35</Volume>	<Exponent>1.26</Exponent>	<Length>40</Length>	<EstimateCode>ZEHNDER_EXCELSIOR_COMPLETTO_E_1070/4/{S}</EstimateCode>	</RadiatorSubTypeMacro>	</RadiatorMainType>
  <RadiatorMainType>	<MainTypeName>excelsior completto E 1070/5/</MainTypeName>	<DimensionIndex>3</DimensionIndex>	<DimensionIndex>2</DimensionIndex>	<kvValue>7.8</kvValue>		<RadiatorSubTypeMacro From="0" To="59">	<Name>excelsior completto E 1070/5/{S}</Name>	<Power>48.6</Power>	<Surface>0.11</Surface>	<Volume>0.37</Volume>	<Exponent>1.29</Exponent>	<Length>50</Length>	<EstimateCode>ZEHNDER_EXCELSIOR_COMPLETTO_E_1070/5/{S}</EstimateCode>	</RadiatorSubTypeMacro>	</RadiatorMainType>
  <RadiatorMainType>	<MainTypeName>excelsior completto E 1070/6/</MainTypeName>	<DimensionIndex>3</DimensionIndex>	<DimensionIndex>3</DimensionIndex>	<kvValue>7.8</kvValue>		<RadiatorSubTypeMacro From="0" To="59">	<Name>excelsior completto E 1070/6/{S}</Name>	<Power>50.9</Power>	<Surface>0.11</Surface>	<Volume>0.39</Volume>	<Exponent>1.25</Exponent>	<Length>60</Length>	<EstimateCode>ZEHNDER_EXCELSIOR_COMPLETTO_E_1070/6/{S}</EstimateCode>	</RadiatorSubTypeMacro>	</RadiatorMainType>
  <RadiatorMainType>	<MainTypeName>excelsior completto E 1080/3/</MainTypeName>	<DimensionIndex>4</DimensionIndex>	<DimensionIndex>0</DimensionIndex>	<kvValue>7.8</kvValue>		<RadiatorSubTypeMacro From="0" To="69">	<Name>excelsior completto E 1080/3/{S}</Name>	<Power>46.6</Power>	<Surface>0.12</Surface>	<Volume>0.37</Volume>	<Exponent>1.28</Exponent>	<Length>30</Length>	<EstimateCode>ZEHNDER_EXCELSIOR_COMPLETTO_E_1080/3/{S}</EstimateCode>	</RadiatorSubTypeMacro>	</RadiatorMainType>
  <RadiatorMainType>	<MainTypeName>excelsior completto E 1080/4/</MainTypeName>	<DimensionIndex>4</DimensionIndex>	<DimensionIndex>1</DimensionIndex>	<kvValue>7.8</kvValue>		<RadiatorSubTypeMacro From="0" To="69">	<Name>excelsior completto E 1080/4/{S}</Name>	<Power>50</Power>	<Surface>0.12</Surface>	<Volume>0.4</Volume>	<Exponent>1.27</Exponent>	<Length>40</Length>	<EstimateCode>ZEHNDER_EXCELSIOR_COMPLETTO_E_1080/4/{S}</EstimateCode>	</RadiatorSubTypeMacro>	</RadiatorMainType>
  <RadiatorMainType>	<MainTypeName>excelsior completto E 1080/5/</MainTypeName>	<DimensionIndex>4</DimensionIndex>	<DimensionIndex>2</DimensionIndex>	<kvValue>7.8</kvValue>		<RadiatorSubTypeMacro From="0" To="59">	<Name>excelsior completto E 1080/5/{S}</Name>	<Power>54.6</Power>	<Surface>0.12</Surface>	<Volume>0.41</Volume>	<Exponent>1.29</Exponent>	<Length>50</Length>	<EstimateCode>ZEHNDER_EXCELSIOR_COMPLETTO_E_1080/5/{S}</EstimateCode>	</RadiatorSubTypeMacro>	</RadiatorMainType>
  <RadiatorMainType>	<MainTypeName>excelsior completto E 1080/6/</MainTypeName>	<DimensionIndex>4</DimensionIndex>	<DimensionIndex>3</DimensionIndex>	<kvValue>7.8</kvValue>		<RadiatorSubTypeMacro From="0" To="59">	<Name>excelsior completto E 1080/6/{S}</Name>	<Power>57</Power>	<Surface>0.13</Surface>	<Volume>0.43</Volume>	<Exponent>1.26</Exponent>	<Length>60</Length>	<EstimateCode>ZEHNDER_EXCELSIOR_COMPLETTO_E_1080/6/{S}</EstimateCode>	</RadiatorSubTypeMacro>	</RadiatorMainType>
  <RadiatorMainType>	<MainTypeName>excelsior completto E 1090/3/</MainTypeName>	<DimensionIndex>5</DimensionIndex>	<DimensionIndex>0</DimensionIndex>	<kvValue>7.8</kvValue>		<RadiatorSubTypeMacro From="0" To="69">	<Name>excelsior completto E 1090/3/{S}</Name>	<Power>51.7</Power>	<Surface>0.13</Surface>	<Volume>0.43</Volume>	<Exponent>1.28</Exponent>	<Length>30</Length>	<EstimateCode>ZEHNDER_EXCELSIOR_COMPLETTO_E_1090/3/{S}</EstimateCode>	</RadiatorSubTypeMacro>	</RadiatorMainType>
  <RadiatorMainType>	<MainTypeName>excelsior completto E 1090/4/</MainTypeName>	<DimensionIndex>5</DimensionIndex>	<DimensionIndex>1</DimensionIndex>	<kvValue>7.8</kvValue>		<RadiatorSubTypeMacro From="0" To="69">	<Name>excelsior completto E 1090/4/{S}</Name>	<Power>55.5</Power>	<Surface>0.13</Surface>	<Volume>0.44</Volume>	<Exponent>1.27</Exponent>	<Length>40</Length>	<EstimateCode>ZEHNDER_EXCELSIOR_COMPLETTO_E_1090/4/{S}</EstimateCode>	</RadiatorSubTypeMacro>	</RadiatorMainType>
  <RadiatorMainType>	<MainTypeName>excelsior completto E 1090/5/</MainTypeName>	<DimensionIndex>5</DimensionIndex>	<DimensionIndex>2</DimensionIndex>	<kvValue>7.8</kvValue>		<RadiatorSubTypeMacro From="0" To="59">	<Name>excelsior completto E 1090/5/{S}</Name>	<Power>60.6</Power>	<Surface>0.14</Surface>	<Volume>0.45</Volume>	<Exponent>1.29</Exponent>	<Length>50</Length>	<EstimateCode>ZEHNDER_EXCELSIOR_COMPLETTO_E_1090/5/{S}</EstimateCode>	</RadiatorSubTypeMacro>	</RadiatorMainType>
  <RadiatorMainType>	<MainTypeName>excelsior completto E 1090/6/</MainTypeName>	<DimensionIndex>5</DimensionIndex>	<DimensionIndex>3</DimensionIndex>	<kvValue>7.8</kvValue>		<RadiatorSubTypeMacro From="0" To="59">	<Name>excelsior completto E 1090/6/{S}</Name>	<Power>63.1</Power>	<Surface>0.14</Surface>	<Volume>0.47</Volume>	<Exponent>1.26</Exponent>	<Length>60</Length>	<EstimateCode>ZEHNDER_EXCELSIOR_COMPLETTO_E_1090/6/{S}</EstimateCode>	</RadiatorSubTypeMacro>	</RadiatorMainType>
  <RadiatorMainType>	<MainTypeName>excelsior completto E 1100/3/</MainTypeName>	<DimensionIndex>6</DimensionIndex>	<DimensionIndex>0</DimensionIndex>	<kvValue>7.8</kvValue>		<RadiatorSubTypeMacro From="0" To="69">	<Name>excelsior completto E 1100/3/{S}</Name>	<Power>56.8</Power>	<Surface>0.15</Surface>	<Volume>0.46</Volume>	<Exponent>1.28</Exponent>	<Length>30</Length>	<EstimateCode>ZEHNDER_EXCELSIOR_COMPLETTO_E_1100/3/{S}</EstimateCode>	</RadiatorSubTypeMacro>	</RadiatorMainType>
  <RadiatorMainType>	<MainTypeName>excelsior completto E 1100/4/</MainTypeName>	<DimensionIndex>6</DimensionIndex>	<DimensionIndex>1</DimensionIndex>	<kvValue>7.8</kvValue>		<RadiatorSubTypeMacro From="0" To="69">	<Name>excelsior completto E 1100/4/{S}</Name>	<Power>60.9</Power>	<Surface>0.15</Surface>	<Volume>0.48</Volume>	<Exponent>1.27</Exponent>	<Length>40</Length>	<EstimateCode>ZEHNDER_EXCELSIOR_COMPLETTO_E_1100/4/{S}</EstimateCode>	</RadiatorSubTypeMacro>	</RadiatorMainType>
  <RadiatorMainType>	<MainTypeName>excelsior completto E 1100/5/</MainTypeName>	<DimensionIndex>6</DimensionIndex>	<DimensionIndex>2</DimensionIndex>	<kvValue>7.8</kvValue>		<RadiatorSubTypeMacro From="0" To="59">	<Name>excelsior completto E 1100/5/{S}</Name>	<Power>66.6</Power>	<Surface>0.15</Surface>	<Volume>0.49</Volume>	<Exponent>1.3</Exponent>	<Length>50</Length>	<EstimateCode>ZEHNDER_EXCELSIOR_COMPLETTO_E_1100/5/{S}</EstimateCode>	</RadiatorSubTypeMacro>	</RadiatorMainType>
  <RadiatorMainType>	<MainTypeName>excelsior completto E 1100/6/</MainTypeName>	<DimensionIndex>6</DimensionIndex>	<DimensionIndex>3</DimensionIndex>	<kvValue>7.8</kvValue>		<RadiatorSubTypeMacro From="0" To="59">	<Name>excelsior completto E 1100/6/{S}</Name>	<Power>69.3</Power>	<Surface>0.15</Surface>	<Volume>0.51</Volume>	<Exponent>1.26</Exponent>	<Length>60</Length>	<EstimateCode>ZEHNDER_EXCELSIOR_COMPLETTO_E_1100/6/{S}</EstimateCode>	</RadiatorSubTypeMacro>	</RadiatorMainType>
  <RadiatorMainType>	<MainTypeName>excelsior completto E 1120/3/</MainTypeName>	<DimensionIndex>7</DimensionIndex>	<DimensionIndex>0</DimensionIndex>	<kvValue>7.8</kvValue>		<RadiatorSubTypeMacro From="0" To="69">	<Name>excelsior completto E 1120/3/{S}</Name>	<Power>66.9</Power>	<Surface>0.17</Surface>	<Volume>0.54</Volume>	<Exponent>1.28</Exponent>	<Length>30</Length>	<EstimateCode>ZEHNDER_EXCELSIOR_COMPLETTO_E_1120/3/{S}</EstimateCode>	</RadiatorSubTypeMacro>	</RadiatorMainType>
  <RadiatorMainType>	<MainTypeName>excelsior completto E 1120/4/</MainTypeName>	<DimensionIndex>7</DimensionIndex>	<DimensionIndex>1</DimensionIndex>	<kvValue>7.8</kvValue>		<RadiatorSubTypeMacro From="0" To="69">	<Name>excelsior completto E 1120/4/{S}</Name>	<Power>71.8</Power>	<Surface>0.17</Surface>	<Volume>0.56</Volume>	<Exponent>1.28</Exponent>	<Length>40</Length>	<EstimateCode>ZEHNDER_EXCELSIOR_COMPLETTO_E_1120/4/{S}</EstimateCode>	</RadiatorSubTypeMacro>	</RadiatorMainType>
  <RadiatorMainType>	<MainTypeName>excelsior completto E 1120/5/</MainTypeName>	<DimensionIndex>7</DimensionIndex>	<DimensionIndex>2</DimensionIndex>	<kvValue>7.8</kvValue>		<RadiatorSubTypeMacro From="0" To="59">	<Name>excelsior completto E 1120/5/{S}</Name>	<Power>78.5</Power>	<Surface>0.18</Surface>	<Volume>0.58</Volume>	<Exponent>1.3</Exponent>	<Length>50</Length>	<EstimateCode>ZEHNDER_EXCELSIOR_COMPLETTO_E_1120/5/{S}</EstimateCode>	</RadiatorSubTypeMacro>	</RadiatorMainType>
  <RadiatorMainType>	<MainTypeName>excelsior completto E 1120/6/</MainTypeName>	<DimensionIndex>7</DimensionIndex>	<DimensionIndex>3</DimensionIndex>	<kvValue>7.8</kvValue>		<RadiatorSubTypeMacro From="0" To="59">	<Name>excelsior completto E 1120/6/{S}</Name>	<Power>81.6</Power>	<Surface>0.18</Surface>	<Volume>0.59</Volume>	<Exponent>1.27</Exponent>	<Length>60</Length>	<EstimateCode>ZEHNDER_EXCELSIOR_COMPLETTO_E_1120/6/{S}</EstimateCode>	</RadiatorSubTypeMacro>	</RadiatorMainType>
  <RadiatorMainType>	<MainTypeName>excelsior completto E 1150/3/</MainTypeName>	<DimensionIndex>8</DimensionIndex>	<DimensionIndex>0</DimensionIndex>	<kvValue>7.8</kvValue>		<RadiatorSubTypeMacro From="0" To="34">	<Name>excelsior completto E 1150/3/{S}</Name>	<Power>82</Power>	<Surface>0.21</Surface>	<Volume>0.66</Volume>	<Exponent>1.29</Exponent>	<Length>30</Length>	<EstimateCode>ZEHNDER_EXCELSIOR_COMPLETTO_E_1150/3/{S}</EstimateCode>	</RadiatorSubTypeMacro>	</RadiatorMainType>
  <RadiatorMainType>	<MainTypeName>excelsior completto E 1150/4/</MainTypeName>	<DimensionIndex>8</DimensionIndex>	<DimensionIndex>1</DimensionIndex>	<kvValue>7.8</kvValue>		<RadiatorSubTypeMacro From="0" To="29">	<Name>excelsior completto E 1150/4/{S}</Name>	<Power>88.4</Power>	<Surface>0.21</Surface>	<Volume>0.68</Volume>	<Exponent>1.29</Exponent>	<Length>40</Length>	<EstimateCode>ZEHNDER_EXCELSIOR_COMPLETTO_E_1150/4/{S}</EstimateCode>	</RadiatorSubTypeMacro>	</RadiatorMainType>
  <RadiatorMainType>	<MainTypeName>excelsior completto E 1150/5/</MainTypeName>	<DimensionIndex>8</DimensionIndex>	<DimensionIndex>2</DimensionIndex>	<kvValue>7.8</kvValue>		<RadiatorSubTypeMacro From="0" To="27">	<Name>excelsior completto E 1150/5/{S}</Name>	<Power>96.8</Power>	<Surface>0.22</Surface>	<Volume>0.7</Volume>	<Exponent>1.31</Exponent>	<Length>50</Length>	<EstimateCode>ZEHNDER_EXCELSIOR_COMPLETTO_E_1150/5/{S}</EstimateCode>	</RadiatorSubTypeMacro>	</RadiatorMainType>
  <RadiatorMainType>	<MainTypeName>excelsior completto E 1150/6/</MainTypeName>	<DimensionIndex>8</DimensionIndex>	<DimensionIndex>3</DimensionIndex>	<kvValue>7.8</kvValue>		<RadiatorSubTypeMacro From="0" To="22">	<Name>excelsior completto E 1150/6/{S}</Name>	<Power>100</Power>	<Surface>0.22</Surface>	<Volume>0.72</Volume>	<Exponent>1.28</Exponent>	<Length>60</Length>	<EstimateCode>ZEHNDER_EXCELSIOR_COMPLETTO_E_1150/6/{S}</EstimateCode>	</RadiatorSubTypeMacro>	</RadiatorMainType>
  <RadiatorMainType>	<MainTypeName>excelsior completto E 1180/3/</MainTypeName>	<DimensionIndex>9</DimensionIndex>	<DimensionIndex>0</DimensionIndex>	<kvValue>7.8</kvValue>		<RadiatorSubTypeMacro From="0" To="34">	<Name>excelsior completto E 1180/3/{S}</Name>	<Power>97.3</Power>	<Surface>0.25</Surface>	<Volume>0.8</Volume>	<Exponent>1.29</Exponent>	<Length>30</Length>	<EstimateCode>ZEHNDER_EXCELSIOR_COMPLETTO_E_1180/3/{S}</EstimateCode>	</RadiatorSubTypeMacro>	</RadiatorMainType>
  <RadiatorMainType>	<MainTypeName>excelsior completto E 1180/4/</MainTypeName>	<DimensionIndex>9</DimensionIndex>	<DimensionIndex>1</DimensionIndex>	<kvValue>7.8</kvValue>		<RadiatorSubTypeMacro From="0" To="29">	<Name>excelsior completto E 1180/4/{S}</Name>	<Power>106</Power>	<Surface>0.25</Surface>	<Volume>0.81</Volume>	<Exponent>1.3</Exponent>	<Length>40</Length>	<EstimateCode>ZEHNDER_EXCELSIOR_COMPLETTO_E_1180/4/{S}</EstimateCode>	</RadiatorSubTypeMacro>	</RadiatorMainType>
  <RadiatorMainType>	<MainTypeName>excelsior completto E 1180/5/</MainTypeName>	<DimensionIndex>9</DimensionIndex>	<DimensionIndex>2</DimensionIndex>	<kvValue>7.8</kvValue>		<RadiatorSubTypeMacro From="0" To="27">	<Name>excelsior completto E 1180/5/{S}</Name>	<Power>115</Power>	<Surface>0.25</Surface>	<Volume>0.82</Volume>	<Exponent>1.32</Exponent>	<Length>50</Length>	<EstimateCode>ZEHNDER_EXCELSIOR_COMPLETTO_E_1180/5/{S}</EstimateCode>	</RadiatorSubTypeMacro>	</RadiatorMainType>
  <RadiatorMainType>	<MainTypeName>excelsior completto E 1180/6/</MainTypeName>	<DimensionIndex>9</DimensionIndex>	<DimensionIndex>3</DimensionIndex>	<kvValue>7.8</kvValue>		<RadiatorSubTypeMacro From="0" To="22">	<Name>excelsior completto E 1180/6/{S}</Name>	<Power>120</Power>	<Surface>0.26</Surface>	<Volume>0.84</Volume>	<Exponent>1.29</Exponent>	<Length>60</Length>	<EstimateCode>ZEHNDER_EXCELSIOR_COMPLETTO_E_1180/6/{S}</EstimateCode>	</RadiatorSubTypeMacro>	</RadiatorMainType>
  <RadiatorMainType>	<MainTypeName>excelsior completto E 1200/3/</MainTypeName>	<DimensionIndex>10</DimensionIndex>	<DimensionIndex>0</DimensionIndex>	<kvValue>7.8</kvValue>		<RadiatorSubTypeMacro From="0" To="34">	<Name>excelsior completto E 1200/3/{S}</Name>	<Power>108</Power>	<Surface>0.28</Surface>	<Volume>0.89</Volume>	<Exponent>1.3</Exponent>	<Length>30</Length>	<EstimateCode>ZEHNDER_EXCELSIOR_COMPLETTO_E_1200/3/{S}</EstimateCode>	</RadiatorSubTypeMacro>	</RadiatorMainType>
  <RadiatorMainType>	<MainTypeName>excelsior completto E 1200/4/</MainTypeName>	<DimensionIndex>10</DimensionIndex>	<DimensionIndex>1</DimensionIndex>	<kvValue>7.8</kvValue>		<RadiatorSubTypeMacro From="0" To="29">	<Name>excelsior completto E 1200/4/{S}</Name>	<Power>117</Power>	<Surface>0.28</Surface>	<Volume>0.89</Volume>	<Exponent>1.3</Exponent>	<Length>40</Length>	<EstimateCode>ZEHNDER_EXCELSIOR_COMPLETTO_E_1200/4/{S}</EstimateCode>	</RadiatorSubTypeMacro>	</RadiatorMainType>
  <RadiatorMainType>	<MainTypeName>excelsior completto E 1200/5/</MainTypeName>	<DimensionIndex>10</DimensionIndex>	<DimensionIndex>2</DimensionIndex>	<kvValue>7.8</kvValue>		<RadiatorSubTypeMacro From="0" To="27">	<Name>excelsior completto E 1200/5/{S}</Name>	<Power>128</Power>	<Surface>0.28</Surface>	<Volume>0.91</Volume>	<Exponent>1.32</Exponent>	<Length>50</Length>	<EstimateCode>ZEHNDER_EXCELSIOR_COMPLETTO_E_1200/5/{S}</EstimateCode>	</RadiatorSubTypeMacro>	</RadiatorMainType>
  <RadiatorMainType>	<MainTypeName>excelsior completto E 1200/6/</MainTypeName>	<DimensionIndex>10</DimensionIndex>	<DimensionIndex>3</DimensionIndex>	<kvValue>7.8</kvValue>		<RadiatorSubTypeMacro From="0" To="22">	<Name>excelsior completto E 1200/6/{S}</Name>	<Power>133</Power>	<Surface>0.28</Surface>	<Volume>0.92</Volume>	<Exponent>1.3</Exponent>	<Length>60</Length>	<EstimateCode>ZEHNDER_EXCELSIOR_COMPLETTO_E_1200/6/{S}</EstimateCode>	</RadiatorSubTypeMacro>	</RadiatorMainType>
  <RadiatorMainType>	<MainTypeName>excelsior completto E 1220/3/</MainTypeName>	<DimensionIndex>11</DimensionIndex>	<DimensionIndex>0</DimensionIndex>	<kvValue>7.8</kvValue>		<RadiatorSubTypeMacro From="0" To="34">	<Name>excelsior completto E 1220/3/{S}</Name>	<Power>118</Power>	<Surface>0.3</Surface>	<Volume>0.95</Volume>	<Exponent>1.3</Exponent>	<Length>30</Length>	<EstimateCode>ZEHNDER_EXCELSIOR_COMPLETTO_E_1220/3/{S}</EstimateCode>	</RadiatorSubTypeMacro>	</RadiatorMainType>
  <RadiatorMainType>	<MainTypeName>excelsior completto E 1220/4/</MainTypeName>	<DimensionIndex>11</DimensionIndex>	<DimensionIndex>1</DimensionIndex>	<kvValue>7.8</kvValue>		<RadiatorSubTypeMacro From="0" To="29">	<Name>excelsior completto E 1220/4/{S}</Name>	<Power>129</Power>	<Surface>0.31</Surface>	<Volume>0.97</Volume>	<Exponent>1.31</Exponent>	<Length>40</Length>	<EstimateCode>ZEHNDER_EXCELSIOR_COMPLETTO_E_1220/4/{S}</EstimateCode>	</RadiatorSubTypeMacro>	</RadiatorMainType>
  <RadiatorMainType>	<MainTypeName>excelsior completto E 1220/5/</MainTypeName>	<DimensionIndex>11</DimensionIndex>	<DimensionIndex>2</DimensionIndex>	<kvValue>7.8</kvValue>		<RadiatorSubTypeMacro From="0" To="27">	<Name>excelsior completto E 1220/5/{S}</Name>	<Power>141</Power>	<Surface>0.31</Surface>	<Volume>0.99</Volume>	<Exponent>1.33</Exponent>	<Length>50</Length>	<EstimateCode>ZEHNDER_EXCELSIOR_COMPLETTO_E_1220/5/{S}</EstimateCode>	</RadiatorSubTypeMacro>	</RadiatorMainType>
  <RadiatorMainType>	<MainTypeName>excelsior completto E 1220/6/</MainTypeName>	<DimensionIndex>11</DimensionIndex>	<DimensionIndex>3</DimensionIndex>	<kvValue>7.8</kvValue>		<RadiatorSubTypeMacro From="0" To="22">	<Name>excelsior completto E 1220/6/{S}</Name>	<Power>147</Power>	<Surface>0.31</Surface>	<Volume>1.01</Volume>	<Exponent>1.3</Exponent>	<Length>60</Length>	<EstimateCode>ZEHNDER_EXCELSIOR_COMPLETTO_E_1220/6/{S}</EstimateCode>	</RadiatorSubTypeMacro>	</RadiatorMainType>
  <RadiatorMainType>	<MainTypeName>excelsior completto E 1250/3/</MainTypeName>	<DimensionIndex>12</DimensionIndex>	<DimensionIndex>0</DimensionIndex>	<kvValue>7.8</kvValue>		<RadiatorSubTypeMacro From="0" To="34">	<Name>excelsior completto E 1250/3/{S}</Name>	<Power>134</Power>	<Surface>0.34</Surface>	<Volume>1.09</Volume>	<Exponent>1.31</Exponent>	<Length>30</Length>	<EstimateCode>ZEHNDER_EXCELSIOR_COMPLETTO_E_1250/3/{S}</EstimateCode>	</RadiatorSubTypeMacro>	</RadiatorMainType>
  <RadiatorMainType>	<MainTypeName>excelsior completto E 1250/4/</MainTypeName>	<DimensionIndex>12</DimensionIndex>	<DimensionIndex>1</DimensionIndex>	<kvValue>7.8</kvValue>		<RadiatorSubTypeMacro From="0" To="29">	<Name>excelsior completto E 1250/4/{S}</Name>	<Power>148</Power>	<Surface>0.34</Surface>	<Volume>1.1</Volume>	<Exponent>1.32</Exponent>	<Length>40</Length>	<EstimateCode>ZEHNDER_EXCELSIOR_COMPLETTO_E_1250/4/{S}</EstimateCode>	</RadiatorSubTypeMacro>	</RadiatorMainType>
  <RadiatorMainType>	<MainTypeName>excelsior completto E 1250/5/</MainTypeName>	<DimensionIndex>12</DimensionIndex>	<DimensionIndex>2</DimensionIndex>	<kvValue>7.8</kvValue>		<RadiatorSubTypeMacro From="0" To="27">	<Name>excelsior completto E 1250/5/{S}</Name>	<Power>161</Power>	<Surface>0.35</Surface>	<Volume>1.11</Volume>	<Exponent>1.34</Exponent>	<Length>50</Length>	<EstimateCode>ZEHNDER_EXCELSIOR_COMPLETTO_E_1250/5/{S}</EstimateCode>	</RadiatorSubTypeMacro>	</RadiatorMainType>
  <RadiatorMainType>	<MainTypeName>excelsior completto E 1250/6/</MainTypeName>	<DimensionIndex>12</DimensionIndex>	<DimensionIndex>3</DimensionIndex>	<kvValue>7.8</kvValue>		<RadiatorSubTypeMacro From="0" To="22">	<Name>excelsior completto E 1250/6/{S}</Name>	<Power>168</Power>	<Surface>0.35</Surface>	<Volume>1.13</Volume>	<Exponent>1.31</Exponent>	<Length>60</Length>	<EstimateCode>ZEHNDER_EXCELSIOR_COMPLETTO_E_1250/6/{S}</EstimateCode>	</RadiatorSubTypeMacro>	</RadiatorMainType>
</WinWattDBRadiator>

</WinWattDB>
