<?xml version="1.0" encoding="ISO-8859-2" ?>
<WinWattDB>

<WinWattDBGlobalMacro>
	<Macro ID="$vizszintes1" Language="hun">v�zszintes</Macro>
	<Macro ID="$vizszintes1" Language="sky">v�zszintes</Macro>
	<Macro ID="$vizszintes1" Language="rom">orizontal</Macro>
</WinWattDBGlobalMacro>

<WinWattDBRadiator DTLog="Yes">
  <ItemHeader>
    <Date><Year>2005</Year><Month>7</Month><Day>23</Day></Date>
    <ItemPath>ZEHNDER</ItemPath>
    <ItemName>ZEHNDER nova $vizszintes1 completto</ItemName>
    <HomePage>www.zehnder-online.de</HomePage></ItemHeader>
  <DTOrigin>49.833</DTOrigin>
  <DimensionArray Type="Height" >
    <DimensionString>70</DimensionString>
    <DimensionString>140</DimensionString>
    <DimensionString Value="212" >210</DimensionString>
    <DimensionString Value="283" >280</DimensionString>
    <DimensionString Value="354" >350</DimensionString>
    <DimensionString Value="425" >420</DimensionString>
    <DimensionString Value="496" >490</DimensionString>
    <DimensionString Value="567" >560</DimensionString>
    <DimensionString Value="638" >630</DimensionString>
    <DimensionString Value="709" >700</DimensionString>
    <DimensionString Value="780" >770</DimensionString>
    <DimensionString Value="851" >840</DimensionString>
    <DimensionString Value="922" >910</DimensionString>
    <DimensionString Value="993" >980</DimensionString>
    <DimensionString Value="1064" >1050</DimensionString>
    <DimensionString Value="1135" >1120</DimensionString>
    <DimensionString Value="1206" >1190</DimensionString>
    <DimensionString Value="1277" >1260</DimensionString>
    <DimensionString Value="1348" >1330</DimensionString>
    <DimensionString Value="1419" >1400</DimensionString>
    <DimensionString Value="1490" >1470</DimensionString>
    <DimensionString Value="1561" >1540</DimensionString>
    <DimensionString Value="1632" >1610</DimensionString>
    <DimensionString Value="1703" >1680</DimensionString>
  </DimensionArray>
  <DimensionArray Type="Width" >
    <DimensionString Value="45" >NH</DimensionString>
    <DimensionString>NHL /7</DimensionString>
    <DimensionString>NHL /14</DimensionString>
    <DimensionString>NHL /21</DimensionString>
    <DimensionString>NHL /28</DimensionString>
    <DimensionString Value="60" >NHL /35</DimensionString>
    <DimensionString Value="60" >NHL /42</DimensionString>
    <DimensionString Value="60" >NHL /49</DimensionString>
    <DimensionString Value="60" >NHL /56</DimensionString>
    <DimensionString>NHH</DimensionString>
    <DimensionString>NHLH /7</DimensionString>
    <DimensionString>NHLH /14</DimensionString>
    <DimensionString Value="53" >NHLH /21</DimensionString>
    <DimensionString Value="53" >NHLH /28</DimensionString>
    <DimensionString Value="53" >NHLH /35</DimensionString>
    <DimensionString Value="53" >NHLH /42</DimensionString>
    <DimensionString Value="53" >NHLH /49</DimensionString>
    <DimensionString Value="53" >NHLH /56</DimensionString>
    <DimensionString>NHLLH /7</DimensionString>
    <DimensionString>NHLLH /14</DimensionString>
    <DimensionString Value="92" >NHLLH /21</DimensionString>
    <DimensionString Value="92" >NHLLH /28</DimensionString>
    <DimensionString Value="92" >NHLLH /35</DimensionString>
    <DimensionString Value="92" >NHLLH /42</DimensionString>
    <DimensionString Value="92" >NHLLH /49</DimensionString>
    <DimensionString Value="92" >NHLLH /56</DimensionString>
    <DimensionString>NHLLHL /7</DimensionString>
    <DimensionString>NHLLHL /14</DimensionString>
    <DimensionString Value="128" >NHLLHL /21</DimensionString>
    <DimensionString Value="128" >NHLLHL /28</DimensionString>
    <DimensionString Value="128" >NHLLHL /35</DimensionString>
    <DimensionString Value="128" >NHLLHL /42</DimensionString>
    <DimensionString Value="128" >NHLLHL /49</DimensionString>
    <DimensionString Value="128" >NHLLHL /56</DimensionString>
  </DimensionArray>
  <DimensionArray Type="Length" >
    <DimensionString Value="500" >500</DimensionString>
    <DimensionString Value="600" >600</DimensionString>
    <DimensionString Value="700" >700</DimensionString>
    <DimensionString Value="800" >800</DimensionString>
    <DimensionString Value="900" >900</DimensionString>
    <DimensionString Value="1000" >1000</DimensionString>
    <DimensionString Value="1100" >1100</DimensionString>
    <DimensionString Value="1200" >1200</DimensionString>
    <DimensionString Value="1300" >1300</DimensionString>
    <DimensionString Value="1400" >1400</DimensionString>
    <DimensionString Value="1500" >1500</DimensionString>
    <DimensionString Value="1600" >1600</DimensionString>
    <DimensionString Value="1700" >1700</DimensionString>
    <DimensionString Value="1800" >1800</DimensionString>
    <DimensionString Value="1900" >1900</DimensionString>
    <DimensionString Value="2000" >2000</DimensionString>
    <DimensionString Value="2200" >2200</DimensionString>
    <DimensionString Value="2400" >2400</DimensionString>
    <DimensionString Value="2600" >2600</DimensionString>
    <DimensionString Value="2800" >2800</DimensionString>
    <DimensionString Value="3000" >3000</DimensionString>
    <DimensionString Value="3200" >3200</DimensionString>
    <DimensionString Value="3400" >3400</DimensionString>
    <DimensionString Value="3600" >3600</DimensionString>
    <DimensionString Value="3800" >3800</DimensionString>
    <DimensionString Value="4000" >4000</DimensionString>
    <DimensionString Value="4200" >4200</DimensionString>
    <DimensionString Value="4400" >4400</DimensionString>
    <DimensionString Value="4600" >4600</DimensionString>
    <DimensionString Value="4800" >4800</DimensionString>
    <DimensionString Value="5000" >5000</DimensionString>
    <DimensionString Value="5200" >5200</DimensionString>
    <DimensionString Value="5400" >5400</DimensionString>
    <DimensionString Value="5600" >5600</DimensionString>
    <DimensionString Value="5800" >5800</DimensionString>
    <DimensionString Value="6000" >6000</DimensionString>
  </DimensionArray>
  <RadiatorMainType>	<MainTypeName>nova completto NH 21-</MainTypeName>		<DimensionIndex>2</DimensionIndex>	<DimensionIndex>0</DimensionIndex>	<kvValue>1.3</kvValue>		<RadiatorSubTypeMacro From="0" To="35">	<Name>nova completto NH 21-{S}</Name>		<Power>254</Power>	<Surface>0.5304</Surface>	<Volume>1.32</Volume>	<Exponent>1.25</Exponent>				<EstimateCode>ZEHNDER_NOVA_COMPLETTO_NH_21-{S}</EstimateCode>	</RadiatorSubTypeMacro>	</RadiatorMainType>
  <RadiatorMainType>	<MainTypeName>nova completto NHL 21/21-</MainTypeName>		<DimensionIndex>2</DimensionIndex>	<DimensionIndex>3</DimensionIndex>	<kvValue>1.3</kvValue>		<RadiatorSubTypeMacro From="0" To="35">	<Name>nova completto NHL 21/21-{S}</Name>	<Power>456</Power>	<Surface>1.951</Surface>	<Volume>1.32</Volume>	<Exponent>1.25</Exponent>	<Width>45</Width>	<EstimateCode>ZEHNDER_NOVA_COMPLETTO_NHL_21/21-{S}</EstimateCode>	</RadiatorSubTypeMacro>	</RadiatorMainType>
  <RadiatorMainType>	<MainTypeName>nova completto NHH 21-</MainTypeName>		<DimensionIndex>2</DimensionIndex>	<DimensionIndex>9</DimensionIndex>	<kvValue>2.5</kvValue>		<RadiatorSubTypeMacro From="0" To="35">	<Name>nova completto NHH 21-{S}</Name>		<Power>415</Power>	<Surface>0.99</Surface>		<Volume>3.3</Volume>	<Exponent>1.23</Exponent>	<Width>53</Width>	<EstimateCode>ZEHNDER_NOVA_COMPLETTO_NHH_21-{S}</EstimateCode>	</RadiatorSubTypeMacro>	</RadiatorMainType>
  <RadiatorMainType>	<MainTypeName>nova completto NHLH 21/21-</MainTypeName>		<DimensionIndex>2</DimensionIndex>	<DimensionIndex>12</DimensionIndex>	<kvValue>2.5</kvValue>		<RadiatorSubTypeMacro From="0" To="35">	<Name>nova completto NHLH 21/21-{S}</Name>	<Power>595</Power>	<Surface>2.49</Surface>		<Volume>2.33</Volume>	<Exponent>1.27</Exponent>				<EstimateCode>ZEHNDER_NOVA_COMPLETTO_NHLH_21/21-{S}</EstimateCode>	</RadiatorSubTypeMacro>	</RadiatorMainType>
  <RadiatorMainType>	<MainTypeName>nova completto NHLLH 21/21-</MainTypeName>	<DimensionIndex>2</DimensionIndex>	<DimensionIndex>20</DimensionIndex>	<kvValue>2.5</kvValue>		<RadiatorSubTypeMacro From="0" To="35">	<Name>nova completto NHLLH 21/21-{S}</Name>	<Power>857</Power>	<Surface>3.8</Surface>		<Volume>2.651</Volume>	<Exponent>1.25</Exponent>				<EstimateCode>ZEHNDER_NOVA_COMPLETTO_NHLLH_21/21-{S}</EstimateCode>	</RadiatorSubTypeMacro>	</RadiatorMainType>
  <RadiatorMainType>	<MainTypeName>nova completto NHLLHL 21/21-</MainTypeName>	<DimensionIndex>2</DimensionIndex>	<DimensionIndex>28</DimensionIndex>	<kvValue>2.5</kvValue>		<RadiatorSubTypeMacro From="0" To="35">	<Name>nova completto NHLLHL 21/21-{S}</Name>	<Power>1037</Power>	<Surface>5.23</Surface>		<Volume>2.651</Volume>	<Exponent>1.25</Exponent>				<EstimateCode>ZEHNDER_NOVA_COMPLETTO_NHLLHL_21/21-{S}</EstimateCode>	</RadiatorSubTypeMacro>	</RadiatorMainType>
  <RadiatorMainType>	<MainTypeName>nova completto NH 28-</MainTypeName>		<DimensionIndex>3</DimensionIndex>	<DimensionIndex>0</DimensionIndex>	<kvValue>0.75</kvValue>		<RadiatorSubTypeMacro From="0" To="35">	<Name>nova completto NH 28-{S}</Name>		<Power>323</Power>	<Surface>0.7</Surface>		<Volume>1.77</Volume>	<Exponent>1.24</Exponent>				<EstimateCode>ZEHNDER_NOVA_COMPLETTO_NH_28-{S}</EstimateCode>	</RadiatorSubTypeMacro>	</RadiatorMainType>
  <RadiatorMainType>	<MainTypeName>nova completto NHL 28/28-</MainTypeName>		<DimensionIndex>3</DimensionIndex>	<DimensionIndex>4</DimensionIndex>	<kvValue>0.75</kvValue>		<RadiatorSubTypeMacro From="0" To="35">	<Name>nova completto NHL 28/28-{S}</Name>	<Power>545</Power>	<Surface>2.611</Surface>	<Volume>1.77</Volume>	<Exponent>1.26</Exponent>	<Width>45</Width>	<EstimateCode>ZEHNDER_NOVA_COMPLETTO_NHL_28/28-{S}</EstimateCode>	</RadiatorSubTypeMacro>	</RadiatorMainType>
  <RadiatorMainType>	<MainTypeName>nova completto NHH 28-</MainTypeName>		<DimensionIndex>3</DimensionIndex>	<DimensionIndex>9</DimensionIndex>	<kvValue>1.45</kvValue>		<RadiatorSubTypeMacro From="0" To="35">	<Name>nova completto NHH 28-{S}</Name>		<Power>522</Power>	<Surface>1.311</Surface>	<Volume>3.6</Volume>	<Exponent>1.24</Exponent>	<Width>53</Width>	<EstimateCode>ZEHNDER_NOVA_COMPLETTO_NHH_28-{S}</EstimateCode>	</RadiatorSubTypeMacro>	</RadiatorMainType>
  <RadiatorMainType>	<MainTypeName>nova completto NHLH 28/28-</MainTypeName>		<DimensionIndex>3</DimensionIndex>	<DimensionIndex>13</DimensionIndex>	<kvValue>1.45</kvValue>		<RadiatorSubTypeMacro From="0" To="35">	<Name>nova completto NHLH 28/28-{S}</Name>	<Power>730</Power>	<Surface>3.33</Surface>		<Volume>3.111</Volume>	<Exponent>1.29</Exponent>				<EstimateCode>ZEHNDER_NOVA_COMPLETTO_NHLH_28/28-{S}</EstimateCode>	</RadiatorSubTypeMacro>	</RadiatorMainType>
  <RadiatorMainType>	<MainTypeName>nova completto NHLLH 28/28-</MainTypeName>	<DimensionIndex>3</DimensionIndex>	<DimensionIndex>21</DimensionIndex>	<kvValue>1.45</kvValue>		<RadiatorSubTypeMacro From="0" To="35">	<Name>nova completto NHLLH 28/28-{S}</Name>	<Power>1062</Power>	<Surface>5.12</Surface>		<Volume>3.54</Volume>	<Exponent>1.28</Exponent>				<EstimateCode>ZEHNDER_NOVA_COMPLETTO_NHLLH_28/28-{S}</EstimateCode>	</RadiatorSubTypeMacro>	</RadiatorMainType>
  <RadiatorMainType>	<MainTypeName>nova completto NHLLHL 28/28-</MainTypeName>	<DimensionIndex>3</DimensionIndex>	<DimensionIndex>29</DimensionIndex>	<kvValue>1.45</kvValue>		<RadiatorSubTypeMacro From="0" To="35">	<Name>nova completto NHLLHL 28/28-{S}</Name>	<Power>1281</Power>	<Surface>7.051</Surface>	<Volume>3.54</Volume>	<Exponent>1.28</Exponent>				<EstimateCode>ZEHNDER_NOVA_COMPLETTO_NHLLHL_28/28-{S}</EstimateCode>	</RadiatorSubTypeMacro>	</RadiatorMainType>
  <RadiatorMainType>	<MainTypeName>nova completto NH 35-</MainTypeName>		<DimensionIndex>4</DimensionIndex>	<DimensionIndex>0</DimensionIndex>	<kvValue>0.75</kvValue>		<RadiatorSubTypeMacro From="0" To="35">	<Name>nova completto NH 35-{S}</Name>		<Power>391</Power>	<Surface>0.8703</Surface>	<Volume>2.211</Volume>	<Exponent>1.24</Exponent>				<EstimateCode>ZEHNDER_NOVA_COMPLETTO_NH_35-{S}</EstimateCode>	</RadiatorSubTypeMacro>	</RadiatorMainType>
  <RadiatorMainType>	<MainTypeName>nova completto NHL 35/21-</MainTypeName>		<DimensionIndex>4</DimensionIndex>	<DimensionIndex>3</DimensionIndex>	<kvValue>0.75</kvValue>		<RadiatorSubTypeMacro From="0" To="35">	<Name>nova completto NHL 35/21-{S}</Name>	<Power>606</Power>	<Surface>2.77</Surface>		<Volume>2.211</Volume>	<Exponent>1.25</Exponent>	<Width>60</Width>	<EstimateCode>ZEHNDER_NOVA_COMPLETTO_NHL_35/21-{S}</EstimateCode>	</RadiatorSubTypeMacro>	</RadiatorMainType>
  <RadiatorMainType>	<MainTypeName>nova completto NHL 35/35-</MainTypeName>		<DimensionIndex>4</DimensionIndex>	<DimensionIndex>5</DimensionIndex>	<kvValue>0.75</kvValue>		<RadiatorSubTypeMacro From="0" To="35">	<Name>nova completto NHL 35/35-{S}</Name>	<Power>710</Power>	<Surface>4.06</Surface>		<Volume>2.211</Volume>	<Exponent>1.27</Exponent>				<EstimateCode>ZEHNDER_NOVA_COMPLETTO_NHL_35/35-{S}</EstimateCode>	</RadiatorSubTypeMacro>	</RadiatorMainType>
  <RadiatorMainType>	<MainTypeName>nova completto NHH 35-</MainTypeName>		<DimensionIndex>4</DimensionIndex>	<DimensionIndex>9</DimensionIndex>	<kvValue>1.45</kvValue>		<RadiatorSubTypeMacro From="0" To="35">	<Name>nova completto NHH 35-{S}</Name>		<Power>626</Power>	<Surface>1.63</Surface>		<Volume>3.9</Volume>	<Exponent>1.26</Exponent>	<Width>53</Width>	<EstimateCode>ZEHNDER_NOVA_COMPLETTO_NHH_35-{S}</EstimateCode>	</RadiatorSubTypeMacro>	</RadiatorMainType>
  <RadiatorMainType>	<MainTypeName>nova completto NHLH 35/21-</MainTypeName>		<DimensionIndex>4</DimensionIndex>	<DimensionIndex>12</DimensionIndex>	<kvValue>1.45</kvValue>		<RadiatorSubTypeMacro From="0" To="35">	<Name>nova completto NHLH 35/21-{S}</Name>	<Power>773</Power>	<Surface>3.67</Surface>		<Volume>3.89</Volume>	<Exponent>1.28</Exponent>				<EstimateCode>ZEHNDER_NOVA_COMPLETTO_NHLH_35/21-{S}</EstimateCode>	</RadiatorSubTypeMacro>	</RadiatorMainType>
  <RadiatorMainType>	<MainTypeName>nova completto NHLH 35/35-</MainTypeName>		<DimensionIndex>4</DimensionIndex>	<DimensionIndex>14</DimensionIndex>	<kvValue>1.45</kvValue>		<RadiatorSubTypeMacro From="0" To="35">	<Name>nova completto NHLH 35/35-{S}</Name>	<Power>850</Power>	<Surface>4.96</Surface>		<Volume>3.89</Volume>	<Exponent>1.3</Exponent>				<EstimateCode>ZEHNDER_NOVA_COMPLETTO_NHLH_35/35-{S}</EstimateCode>	</RadiatorSubTypeMacro>	</RadiatorMainType>
  <RadiatorMainType>	<MainTypeName>nova completto NHLLH 35/21-</MainTypeName>	<DimensionIndex>4</DimensionIndex>	<DimensionIndex>20</DimensionIndex>	<kvValue>1.45</kvValue>		<RadiatorSubTypeMacro From="0" To="35">	<Name>nova completto NHLLH 35/21-{S}</Name>	<Power>1062</Power>	<Surface>4.48</Surface>		<Volume>4.43</Volume>	<Exponent>1.27</Exponent>				<EstimateCode>ZEHNDER_NOVA_COMPLETTO_NHLLH_35/21-{S}</EstimateCode>	</RadiatorSubTypeMacro>	</RadiatorMainType>
  <RadiatorMainType>	<MainTypeName>nova completto NHLLH 35/35-</MainTypeName>	<DimensionIndex>4</DimensionIndex>	<DimensionIndex>22</DimensionIndex>	<kvValue>1.45</kvValue>		<RadiatorSubTypeMacro From="0" To="35">	<Name>nova completto NHLLH 35/35-{S}</Name>	<Power>1250</Power>	<Surface>6.38</Surface>		<Volume>4.43</Volume>	<Exponent>1.3</Exponent>				<EstimateCode>ZEHNDER_NOVA_COMPLETTO_NHLLH_35/35-{S}</EstimateCode>	</RadiatorSubTypeMacro>	</RadiatorMainType>
  <RadiatorMainType>	<MainTypeName>nova completto NHLLHL 35/21-</MainTypeName>	<DimensionIndex>4</DimensionIndex>	<DimensionIndex>28</DimensionIndex>	<kvValue>1.45</kvValue>		<RadiatorSubTypeMacro From="0" To="35">	<Name>nova completto NHLLHL 35/21-{S}</Name>	<Power>1224</Power>	<Surface>5.9</Surface>		<Volume>4.43</Volume>	<Exponent>1.27</Exponent>				<EstimateCode>ZEHNDER_NOVA_COMPLETTO_NHLLHL_35/21-{S}</EstimateCode>	</RadiatorSubTypeMacro>	</RadiatorMainType>
  <RadiatorMainType>	<MainTypeName>nova completto NHLLHL 35/35-</MainTypeName>	<DimensionIndex>4</DimensionIndex>	<DimensionIndex>30</DimensionIndex>	<kvValue>1.45</kvValue>		<RadiatorSubTypeMacro From="0" To="35">	<Name>nova completto NHLLHL 35/35-{S}</Name>	<Power>1504</Power>	<Surface>8.77</Surface>		<Volume>4.43</Volume>	<Exponent>1.3</Exponent>				<EstimateCode>ZEHNDER_NOVA_COMPLETTO_NHLLHL_35/35-{S}</EstimateCode>	</RadiatorSubTypeMacro>	</RadiatorMainType>
  <RadiatorMainType>	<MainTypeName>nova completto NH 42-</MainTypeName>		<DimensionIndex>5</DimensionIndex>	<DimensionIndex>0</DimensionIndex>	<kvValue>0.75</kvValue>		<RadiatorSubTypeMacro From="0" To="35">	<Name>nova completto NH 42-{S}</Name>		<Power>459</Power>	<Surface>1.04</Surface>		<Volume>2.66</Volume>	<Exponent>1.24</Exponent>				<EstimateCode>ZEHNDER_NOVA_COMPLETTO_NH_42-{S}</EstimateCode>	</RadiatorSubTypeMacro>	</RadiatorMainType>
  <RadiatorMainType>	<MainTypeName>nova completto NHL 42/21-</MainTypeName>		<DimensionIndex>5</DimensionIndex>	<DimensionIndex>3</DimensionIndex>	<kvValue>0.75</kvValue>		<RadiatorSubTypeMacro From="0" To="35">	<Name>nova completto NHL 42/21-{S}</Name>	<Power>673</Power>	<Surface>2.94</Surface>		<Volume>2.66</Volume>	<Exponent>1.26</Exponent>	<Width>60</Width>	<EstimateCode>ZEHNDER_NOVA_COMPLETTO_NHL_42/21-{S}</EstimateCode>	</RadiatorSubTypeMacro>	</RadiatorMainType>
  <RadiatorMainType>	<MainTypeName>nova completto NHL 42/42-</MainTypeName>		<DimensionIndex>5</DimensionIndex>	<DimensionIndex>6</DimensionIndex>	<kvValue>0.75</kvValue>		<RadiatorSubTypeMacro From="0" To="35">	<Name>nova completto NHL 42/42-{S}</Name>	<Power>814</Power>	<Surface>4.9</Surface>		<Volume>2.66</Volume>	<Exponent>1.27</Exponent>				<EstimateCode>ZEHNDER_NOVA_COMPLETTO_NHL_42/42-{S}</EstimateCode>	</RadiatorSubTypeMacro>	</RadiatorMainType>
  <RadiatorMainType>	<MainTypeName>nova completto NHH 42-</MainTypeName>		<DimensionIndex>5</DimensionIndex>	<DimensionIndex>9</DimensionIndex>	<kvValue>1.45</kvValue>		<RadiatorSubTypeMacro From="0" To="35">	<Name>nova completto NHH 42-{S}</Name>		<Power>729</Power>	<Surface>1.96</Surface>		<Volume>4.66</Volume>	<Exponent>1.26</Exponent>	<Width>53</Width>	<EstimateCode>ZEHNDER_NOVA_COMPLETTO_NHH_42-{S}</EstimateCode>	</RadiatorSubTypeMacro>	</RadiatorMainType>
  <RadiatorMainType>	<MainTypeName>nova completto NHLH 42/21-</MainTypeName>		<DimensionIndex>5</DimensionIndex>	<DimensionIndex>12</DimensionIndex>	<kvValue>1.45</kvValue>		<RadiatorSubTypeMacro From="0" To="35">	<Name>nova completto NHLH 42/21-{S}</Name>	<Power>865</Power>	<Surface>4.02</Surface>		<Volume>4.68</Volume>	<Exponent>1.28</Exponent>				<EstimateCode>ZEHNDER_NOVA_COMPLETTO_NHLH_42/21-{S}</EstimateCode>	</RadiatorSubTypeMacro>	</RadiatorMainType>
  <RadiatorMainType>	<MainTypeName>nova completto NHLH 42/42-</MainTypeName>		<DimensionIndex>5</DimensionIndex>	<DimensionIndex>15</DimensionIndex>	<kvValue>1.45</kvValue>		<RadiatorSubTypeMacro From="0" To="35">	<Name>nova completto NHLH 42/42-{S}</Name>	<Power>962</Power>	<Surface>5.98</Surface>		<Volume>4.68</Volume>	<Exponent>1.32</Exponent>				<EstimateCode>ZEHNDER_NOVA_COMPLETTO_NHLH_42/42-{S}</EstimateCode>	</RadiatorSubTypeMacro>	</RadiatorMainType>
  <RadiatorMainType>	<MainTypeName>nova completto NHLLH 42/21-</MainTypeName>	<DimensionIndex>5</DimensionIndex>	<DimensionIndex>20</DimensionIndex>	<kvValue>1.45</kvValue>		<RadiatorSubTypeMacro From="0" To="35">	<Name>nova completto NHLLH 42/21-{S}</Name>	<Power>1170</Power>	<Surface>4.82</Surface>		<Volume>5.311</Volume>	<Exponent>1.28</Exponent>				<EstimateCode>ZEHNDER_NOVA_COMPLETTO_NHLLH_42/21-{S}</EstimateCode>	</RadiatorSubTypeMacro>	</RadiatorMainType>
  <RadiatorMainType>	<MainTypeName>nova completto NHLLH 42/42-</MainTypeName>	<DimensionIndex>5</DimensionIndex>	<DimensionIndex>23</DimensionIndex>	<kvValue>1.45</kvValue>		<RadiatorSubTypeMacro From="0" To="35">	<Name>nova completto NHLLH 42/42-{S}</Name>	<Power>1424</Power>	<Surface>7.711</Surface>	<Volume>5.311</Volume>	<Exponent>1.31</Exponent>				<EstimateCode>ZEHNDER_NOVA_COMPLETTO_NHLLH_42/42-{S}</EstimateCode>	</RadiatorSubTypeMacro>	</RadiatorMainType>
  <RadiatorMainType>	<MainTypeName>nova completto NHLLHL 42/21-</MainTypeName>	<DimensionIndex>5</DimensionIndex>	<DimensionIndex>28</DimensionIndex>	<kvValue>1.45</kvValue>		<RadiatorSubTypeMacro From="0" To="35">	<Name>nova completto NHLLHL 42/21-{S}</Name>	<Power>1333</Power>	<Surface>6.24</Surface>		<Volume>5.311</Volume>	<Exponent>1.27</Exponent>				<EstimateCode>ZEHNDER_NOVA_COMPLETTO_NHLLHL_42/21-{S}</EstimateCode>	</RadiatorSubTypeMacro>	</RadiatorMainType>
  <RadiatorMainType>	<MainTypeName>nova completto NHLLHL 42/42-</MainTypeName>	<DimensionIndex>5</DimensionIndex>	<DimensionIndex>31</DimensionIndex>	<kvValue>1.45</kvValue>		<RadiatorSubTypeMacro From="0" To="35">	<Name>nova completto NHLLHL 42/42-{S}</Name>	<Power>1711</Power>	<Surface>10.59</Surface>	<Volume>5.311</Volume>	<Exponent>1.31</Exponent>				<EstimateCode>ZEHNDER_NOVA_COMPLETTO_NHLLHL_42/42-{S}</EstimateCode>	</RadiatorSubTypeMacro>	</RadiatorMainType>
  <RadiatorMainType>	<MainTypeName>nova completto NH 49-</MainTypeName>		<DimensionIndex>6</DimensionIndex>	<DimensionIndex>0</DimensionIndex>	<kvValue>0.75</kvValue>		<RadiatorSubTypeMacro From="0" To="35">	<Name>nova completto NH 49-{S}</Name>		<Power>527</Power>	<Surface>1.211</Surface>	<Volume>3.1</Volume>	<Exponent>1.24</Exponent>				<EstimateCode>ZEHNDER_NOVA_COMPLETTO_NH_49-{S}</EstimateCode>	</RadiatorSubTypeMacro>	</RadiatorMainType>
  <RadiatorMainType>	<MainTypeName>nova completto NHL 49/28-</MainTypeName>		<DimensionIndex>6</DimensionIndex>	<DimensionIndex>4</DimensionIndex>	<kvValue>0.75</kvValue>		<RadiatorSubTypeMacro From="0" To="35">	<Name>nova completto NHL 49/28-{S}</Name>	<Power>789</Power>	<Surface>3.78</Surface>		<Volume>3.1</Volume>	<Exponent>1.26</Exponent>	<Width>60</Width>	<EstimateCode>ZEHNDER_NOVA_COMPLETTO_NHL_49/28-{S}</EstimateCode>	</RadiatorSubTypeMacro>	</RadiatorMainType>
  <RadiatorMainType>	<MainTypeName>nova completto NHL 49/49-</MainTypeName>		<DimensionIndex>6</DimensionIndex>	<DimensionIndex>7</DimensionIndex>	<kvValue>0.75</kvValue>		<RadiatorSubTypeMacro From="0" To="35">	<Name>nova completto NHL 49/49-{S}</Name>	<Power>917</Power>	<Surface>5.751</Surface>	<Volume>3.1</Volume>	<Exponent>1.28</Exponent>				<EstimateCode>ZEHNDER_NOVA_COMPLETTO_NHL_49/49-{S}</EstimateCode>	</RadiatorSubTypeMacro>	</RadiatorMainType>
  <RadiatorMainType>	<MainTypeName>nova completto NHH 49-</MainTypeName>		<DimensionIndex>6</DimensionIndex>	<DimensionIndex>9</DimensionIndex>	<kvValue>1.45</kvValue>		<RadiatorSubTypeMacro From="0" To="35">	<Name>nova completto NHH 49-{S}</Name>		<Power>832</Power>	<Surface>2.28</Surface>		<Volume>5.42</Volume>	<Exponent>1.27</Exponent>	<Width>53</Width>	<EstimateCode>ZEHNDER_NOVA_COMPLETTO_NHH_49-{S}</EstimateCode>	</RadiatorSubTypeMacro>	</RadiatorMainType>
  <RadiatorMainType>	<MainTypeName>nova completto NHLH 49/28-</MainTypeName>		<DimensionIndex>6</DimensionIndex>	<DimensionIndex>13</DimensionIndex>	<kvValue>1.45</kvValue>		<RadiatorSubTypeMacro From="0" To="35">	<Name>nova completto NHLH 49/28-{S}</Name>	<Power>989</Power>	<Surface>5.04</Surface>		<Volume>5.46</Volume>	<Exponent>1.3</Exponent>				<EstimateCode>ZEHNDER_NOVA_COMPLETTO_NHLH_49/28-{S}</EstimateCode>	</RadiatorSubTypeMacro>	</RadiatorMainType>
  <RadiatorMainType>	<MainTypeName>nova completto NHLH 49/49-</MainTypeName>		<DimensionIndex>6</DimensionIndex>	<DimensionIndex>16</DimensionIndex>	<kvValue>1.45</kvValue>		<RadiatorSubTypeMacro From="0" To="35">	<Name>nova completto NHLH 49/49-{S}</Name>	<Power>1072</Power>	<Surface>7.011</Surface>	<Volume>5.46</Volume>	<Exponent>1.33</Exponent>				<EstimateCode>ZEHNDER_NOVA_COMPLETTO_NHLH_49/49-{S}</EstimateCode>	</RadiatorSubTypeMacro>	</RadiatorMainType>
  <RadiatorMainType>	<MainTypeName>nova completto NHLLH 49/28-</MainTypeName>	<DimensionIndex>6</DimensionIndex>	<DimensionIndex>21</DimensionIndex>	<kvValue>1.45</kvValue>		<RadiatorSubTypeMacro From="0" To="35">	<Name>nova completto NHLLH 49/28-{S}</Name>	<Power>1370</Power>	<Surface>6.14</Surface>		<Volume>6.2</Volume>	<Exponent>1.29</Exponent>				<EstimateCode>ZEHNDER_NOVA_COMPLETTO_NHLLH_49/28-{S}</EstimateCode>	</RadiatorSubTypeMacro>	</RadiatorMainType>
  <RadiatorMainType>	<MainTypeName>nova completto NHLLH 49/49-</MainTypeName>	<DimensionIndex>6</DimensionIndex>	<DimensionIndex>24</DimensionIndex>	<kvValue>1.45</kvValue>		<RadiatorSubTypeMacro From="0" To="35">	<Name>nova completto NHLLH 49/49-{S}</Name>	<Power>1590</Power>	<Surface>9.051</Surface>	<Volume>6.2</Volume>	<Exponent>1.33</Exponent>				<EstimateCode>ZEHNDER_NOVA_COMPLETTO_NHLLH_49/49-{S}</EstimateCode>	</RadiatorSubTypeMacro>	</RadiatorMainType>
  <RadiatorMainType>	<MainTypeName>nova completto NHLLHL 49/28-</MainTypeName>	<DimensionIndex>6</DimensionIndex>	<DimensionIndex>29</DimensionIndex>	<kvValue>1.45</kvValue>		<RadiatorSubTypeMacro From="0" To="35">	<Name>nova completto NHLLHL 49/28-{S}</Name>	<Power>1583</Power>	<Surface>8.07</Surface>		<Volume>6.2</Volume>	<Exponent>1.29</Exponent>				<EstimateCode>ZEHNDER_NOVA_COMPLETTO_NHLLHL_49/28-{S}</EstimateCode>	</RadiatorSubTypeMacro>	</RadiatorMainType>
  <RadiatorMainType>	<MainTypeName>nova completto NHLLHL 49/49-</MainTypeName>	<DimensionIndex>6</DimensionIndex>	<DimensionIndex>32</DimensionIndex>	<kvValue>1.45</kvValue>		<RadiatorSubTypeMacro From="0" To="35">	<Name>nova completto NHLLHL 49/49-{S}</Name>	<Power>1910</Power>	<Surface>12.44</Surface>	<Volume>6.2</Volume>	<Exponent>1.33</Exponent>				<EstimateCode>ZEHNDER_NOVA_COMPLETTO_NHLLHL_49/49-{S}</EstimateCode>	</RadiatorSubTypeMacro>	</RadiatorMainType>
  <RadiatorMainType>	<MainTypeName>nova completto NH 56-</MainTypeName>		<DimensionIndex>7</DimensionIndex>	<DimensionIndex>0</DimensionIndex>	<kvValue>0.75</kvValue>		<RadiatorSubTypeMacro From="0" To="35">	<Name>nova completto NH 56-{S}</Name>		<Power>596</Power>	<Surface>1.37</Surface>		<Volume>3.54</Volume>	<Exponent>1.25</Exponent>				<EstimateCode>ZEHNDER_NOVA_COMPLETTO_NH_56-{S}</EstimateCode>	</RadiatorSubTypeMacro>	</RadiatorMainType>
  <RadiatorMainType>	<MainTypeName>nova completto NHL 56/28-</MainTypeName>		<DimensionIndex>7</DimensionIndex>	<DimensionIndex>4</DimensionIndex>	<kvValue>0.75</kvValue>		<RadiatorSubTypeMacro From="0" To="35">	<Name>nova completto NHL 56/28-{S}</Name>	<Power>857</Power>	<Surface>3.951</Surface>	<Volume>3.54</Volume>	<Exponent>1.26</Exponent>	<Width>60</Width>	<EstimateCode>ZEHNDER_NOVA_COMPLETTO_NHL_56/28-{S}</EstimateCode>	</RadiatorSubTypeMacro>	</RadiatorMainType>
  <RadiatorMainType>	<MainTypeName>nova completto NHL 56/56-</MainTypeName>		<DimensionIndex>7</DimensionIndex>	<DimensionIndex>8</DimensionIndex>	<kvValue>0.75</kvValue>		<RadiatorSubTypeMacro From="0" To="35">	<Name>nova completto NHL 56/56-{S}</Name>	<Power>1024</Power>	<Surface>6.58</Surface>		<Volume>3.54</Volume>	<Exponent>1.29</Exponent>				<EstimateCode>ZEHNDER_NOVA_COMPLETTO_NHL_56/56-{S}</EstimateCode>	</RadiatorSubTypeMacro>	</RadiatorMainType>
  <RadiatorMainType>	<MainTypeName>nova completto NHH 56-</MainTypeName>		<DimensionIndex>7</DimensionIndex>	<DimensionIndex>9</DimensionIndex>	<kvValue>1.45</kvValue>		<RadiatorSubTypeMacro From="0" To="35">	<Name>nova completto NHH 56-{S}</Name>		<Power>936</Power>	<Surface>2.6</Surface>		<Volume>6.18</Volume>	<Exponent>1.27</Exponent>	<Width>53</Width>	<EstimateCode>ZEHNDER_NOVA_COMPLETTO_NHH_56-{S}</EstimateCode>	</RadiatorSubTypeMacro>	</RadiatorMainType>
  <RadiatorMainType>	<MainTypeName>nova completto NHLH 56/28-</MainTypeName>		<DimensionIndex>7</DimensionIndex>	<DimensionIndex>13</DimensionIndex>	<kvValue>1.45</kvValue>		<RadiatorSubTypeMacro From="0" To="35">	<Name>nova completto NHLH 56/28-{S}</Name>	<Power>1081</Power>	<Surface>5.39</Surface>		<Volume>6.24</Volume>	<Exponent>1.3</Exponent>				<EstimateCode>ZEHNDER_NOVA_COMPLETTO_NHLH_56/28-{S}</EstimateCode>	</RadiatorSubTypeMacro>	</RadiatorMainType>
  <RadiatorMainType>	<MainTypeName>nova completto NHLH 56/28-</MainTypeName>		<DimensionIndex>7</DimensionIndex>	<DimensionIndex>13</DimensionIndex>	<kvValue>1.45</kvValue>		<RadiatorSubTypeMacro From="0" To="35">	<Name>nova completto NHLH 56/28-{S}</Name>	<Power>1081</Power>	<Surface>5.39</Surface>		<Volume>6.24</Volume>	<Exponent>1.3</Exponent>				<EstimateCode>ZEHNDER_NOVA_COMPLETTO_NHLH_56/28-{S}</EstimateCode>	</RadiatorSubTypeMacro>	</RadiatorMainType>
  <RadiatorMainType>	<MainTypeName>nova completto NHLH 56/56-</MainTypeName>		<DimensionIndex>7</DimensionIndex>	<DimensionIndex>17</DimensionIndex>	<kvValue>1.45</kvValue>		<RadiatorSubTypeMacro From="0" To="35">	<Name>nova completto NHLH 56/56-{S}</Name>	<Power>1185</Power>	<Surface>8.02</Surface>		<Volume>6.24</Volume>	<Exponent>1.34</Exponent>				<EstimateCode>ZEHNDER_NOVA_COMPLETTO_NHLH_56/56-{S}</EstimateCode>	</RadiatorSubTypeMacro>	</RadiatorMainType>
  <RadiatorMainType>	<MainTypeName>nova completto NHLLH 56/28-</MainTypeName>	<DimensionIndex>7</DimensionIndex>	<DimensionIndex>21</DimensionIndex>	<kvValue>1.45</kvValue>		<RadiatorSubTypeMacro From="0" To="35">	<Name>nova completto NHLLH 56/28-{S}</Name>	<Power>1480</Power>	<Surface>6.48</Surface>		<Volume>7.09</Volume>	<Exponent>1.29</Exponent>				<EstimateCode>ZEHNDER_NOVA_COMPLETTO_NHLLH_56/28-{S}</EstimateCode>	</RadiatorSubTypeMacro>	</RadiatorMainType>
  <RadiatorMainType>	<MainTypeName>nova completto NHLLH 56/56-</MainTypeName>	<DimensionIndex>7</DimensionIndex>	<DimensionIndex>25</DimensionIndex>	<kvValue>1.45</kvValue>		<RadiatorSubTypeMacro From="0" To="35">	<Name>nova completto NHLLH 56/56-{S}</Name>	<Power>1750</Power>	<Surface>10.37</Surface>	<Volume>7.09</Volume>	<Exponent>1.34</Exponent>				<EstimateCode>ZEHNDER_NOVA_COMPLETTO_NHLLH_56/56-{S}</EstimateCode>	</RadiatorSubTypeMacro>	</RadiatorMainType>
  <RadiatorMainType>	<MainTypeName>nova completto NHLLHL 56/28-</MainTypeName>	<DimensionIndex>7</DimensionIndex>	<DimensionIndex>29</DimensionIndex>	<kvValue>1.45</kvValue>		<RadiatorSubTypeMacro From="0" To="35">	<Name>nova completto NHLLHL 56/28-{S}</Name>	<Power>1702</Power>	<Surface>8.4</Surface>		<Volume>7.09</Volume>	<Exponent>1.29</Exponent>				<EstimateCode>ZEHNDER_NOVA_COMPLETTO_NHLLHL_56/28-{S}</EstimateCode>	</RadiatorSubTypeMacro>	</RadiatorMainType>
  <RadiatorMainType>	<MainTypeName>nova completto NHLLHL 56/56-</MainTypeName>	<DimensionIndex>7</DimensionIndex>	<DimensionIndex>33</DimensionIndex>	<kvValue>1.45</kvValue>		<RadiatorSubTypeMacro From="0" To="35">	<Name>nova completto NHLLHL 56/56-{S}</Name>	<Power>2109</Power>	<Surface>14.27</Surface>	<Volume>7.09</Volume>	<Exponent>1.35</Exponent>				<EstimateCode>ZEHNDER_NOVA_COMPLETTO_NHLLHL_56/56-{S}</EstimateCode>	</RadiatorSubTypeMacro>	</RadiatorMainType>
  <RadiatorMainType>	<MainTypeName>nova completto NH 63-</MainTypeName>		<DimensionIndex>8</DimensionIndex>	<DimensionIndex>0</DimensionIndex>	<kvValue>0.75</kvValue>		<RadiatorSubTypeMacro From="0" To="35">	<Name>nova completto NH 63-{S}</Name>		<Power>666</Power>	<Surface>1.54</Surface>		<Volume>3.99</Volume>	<Exponent>1.25</Exponent>				<EstimateCode>ZEHNDER_NOVA_COMPLETTO_NH_63-{S}</EstimateCode>	</RadiatorSubTypeMacro>	</RadiatorMainType>
  <RadiatorMainType>	<MainTypeName>nova completto NHL 63/28-</MainTypeName>		<DimensionIndex>8</DimensionIndex>	<DimensionIndex>4</DimensionIndex>	<kvValue>0.75</kvValue>		<RadiatorSubTypeMacro From="0" To="35">	<Name>nova completto NHL 63/28-{S}</Name>	<Power>927</Power>	<Surface>4.12</Surface>		<Volume>3.99</Volume>	<Exponent>1.27</Exponent>	<Width>60</Width>	<EstimateCode>ZEHNDER_NOVA_COMPLETTO_NHL_63/28-{S}</EstimateCode>	</RadiatorSubTypeMacro>	</RadiatorMainType>
  <RadiatorMainType>	<MainTypeName>nova completto NHL 63/56-</MainTypeName>		<DimensionIndex>8</DimensionIndex>	<DimensionIndex>8</DimensionIndex>	<kvValue>0.75</kvValue>		<RadiatorSubTypeMacro From="0" To="35">	<Name>nova completto NHL 63/56-{S}</Name>	<Power>1086</Power>	<Surface>6.751</Surface>	<Volume>3.99</Volume>	<Exponent>1.29</Exponent>				<EstimateCode>ZEHNDER_NOVA_COMPLETTO_NHL_63/56-{S}</EstimateCode>	</RadiatorSubTypeMacro>	</RadiatorMainType>
  <RadiatorMainType>	<MainTypeName>nova completto NHH 63-</MainTypeName>		<DimensionIndex>8</DimensionIndex>	<DimensionIndex>9</DimensionIndex>	<kvValue>1.45</kvValue>		<RadiatorSubTypeMacro From="0" To="35">	<Name>nova completto NHH 63-{S}</Name>		<Power>1040</Power>	<Surface>2.92</Surface>		<Volume>6.94</Volume>	<Exponent>1.28</Exponent>	<Width>53</Width>	<EstimateCode>ZEHNDER_NOVA_COMPLETTO_NHH_63-{S}</EstimateCode>	</RadiatorSubTypeMacro>	</RadiatorMainType>
  <RadiatorMainType>	<MainTypeName>nova completto NHLH 63/28-</MainTypeName>		<DimensionIndex>8</DimensionIndex>	<DimensionIndex>13</DimensionIndex>	<kvValue>1.45</kvValue>		<RadiatorSubTypeMacro From="0" To="35">	<Name>nova completto NHLH 63/28-{S}</Name>	<Power>1177</Power>	<Surface>5.74</Surface>		<Volume>7.02</Volume>	<Exponent>1.3</Exponent>				<EstimateCode>ZEHNDER_NOVA_COMPLETTO_NHLH_63/28-{S}</EstimateCode>	</RadiatorSubTypeMacro>	</RadiatorMainType>
  <RadiatorMainType>	<MainTypeName>nova completto NHLH 63/56-</MainTypeName>		<DimensionIndex>8</DimensionIndex>	<DimensionIndex>17</DimensionIndex>	<kvValue>1.45</kvValue>		<RadiatorSubTypeMacro From="0" To="35">	<Name>nova completto NHLH 63/56-{S}</Name>	<Power>1265</Power>	<Surface>8.37</Surface>		<Volume>7.02</Volume>	<Exponent>1.34</Exponent>				<EstimateCode>ZEHNDER_NOVA_COMPLETTO_NHLH_63/56-{S}</EstimateCode>	</RadiatorSubTypeMacro>	</RadiatorMainType>
  <RadiatorMainType>	<MainTypeName>nova completto NHLLH 63/28-</MainTypeName>	<DimensionIndex>8</DimensionIndex>	<DimensionIndex>21</DimensionIndex>	<kvValue>1.45</kvValue>		<RadiatorSubTypeMacro From="0" To="35">	<Name>nova completto NHLLH 63/28-{S}</Name>	<Power>1590</Power>	<Surface>6.82</Surface>		<Volume>7.98</Volume>	<Exponent>1.3</Exponent>				<EstimateCode>ZEHNDER_NOVA_COMPLETTO_NHLLH_63/28-{S}</EstimateCode>	</RadiatorSubTypeMacro>	</RadiatorMainType>
  <RadiatorMainType>	<MainTypeName>nova completto NHLLH 63/56-</MainTypeName>	<DimensionIndex>8</DimensionIndex>	<DimensionIndex>25</DimensionIndex>	<kvValue>1.45</kvValue>		<RadiatorSubTypeMacro From="0" To="35">	<Name>nova completto NHLLH 63/56-{S}</Name>	<Power>1843</Power>	<Surface>10.72</Surface>	<Volume>7.98</Volume>	<Exponent>1.34</Exponent>				<EstimateCode>ZEHNDER_NOVA_COMPLETTO_NHLLH_63/56-{S}</EstimateCode>	</RadiatorSubTypeMacro>	</RadiatorMainType>
  <RadiatorMainType>	<MainTypeName>nova completto NHLLHL 63/28-</MainTypeName>	<DimensionIndex>8</DimensionIndex>	<DimensionIndex>29</DimensionIndex>	<kvValue>1.45</kvValue>		<RadiatorSubTypeMacro From="0" To="35">	<Name>nova completto NHLLHL 63/28-{S}</Name>	<Power>1823</Power>	<Surface>8.74</Surface>		<Volume>7.98</Volume>	<Exponent>1.29</Exponent>				<EstimateCode>ZEHNDER_NOVA_COMPLETTO_NHLLHL_63/28-{S}</EstimateCode>	</RadiatorSubTypeMacro>	</RadiatorMainType>
  <RadiatorMainType>	<MainTypeName>nova completto NHLLHL 63/56-</MainTypeName>	<DimensionIndex>8</DimensionIndex>	<DimensionIndex>33</DimensionIndex>	<kvValue>1.45</kvValue>		<RadiatorSubTypeMacro From="0" To="35">	<Name>nova completto NHLLHL 63/56-{S}</Name>	<Power>2200</Power>	<Surface>14.6</Surface>		<Volume>7.98</Volume>	<Exponent>1.35</Exponent>				<EstimateCode>ZEHNDER_NOVA_COMPLETTO_NHLLHL_63/56-{S}</EstimateCode>	</RadiatorSubTypeMacro>	</RadiatorMainType>
  <RadiatorMainType>	<MainTypeName>nova completto NH 70-</MainTypeName>		<DimensionIndex>9</DimensionIndex>	<DimensionIndex>0</DimensionIndex>	<kvValue>0.75</kvValue>		<RadiatorSubTypeMacro From="0" To="35">	<Name>nova completto NH 70-{S}</Name>		<Power>736</Power>	<Surface>1.711</Surface>	<Volume>4.43</Volume>	<Exponent>1.25</Exponent>				<EstimateCode>ZEHNDER_NOVA_COMPLETTO_NH_70-{S}</EstimateCode>	</RadiatorSubTypeMacro>	</RadiatorMainType>
  <RadiatorMainType>	<MainTypeName>nova completto NHL 70/28-</MainTypeName>		<DimensionIndex>9</DimensionIndex>	<DimensionIndex>4</DimensionIndex>	<kvValue>0.75</kvValue>		<RadiatorSubTypeMacro From="0" To="35">	<Name>nova completto NHL 70/28-{S}</Name>	<Power>996</Power>	<Surface>4.28</Surface>		<Volume>4.43</Volume>	<Exponent>1.27</Exponent>	<Width>60</Width>	<EstimateCode>ZEHNDER_NOVA_COMPLETTO_NHL_70/28-{S}</EstimateCode>	</RadiatorSubTypeMacro>	</RadiatorMainType>
  <RadiatorMainType>	<MainTypeName>nova completto NHL 70/56-</MainTypeName>		<DimensionIndex>9</DimensionIndex>	<DimensionIndex>8</DimensionIndex>	<kvValue>0.75</kvValue>		<RadiatorSubTypeMacro From="0" To="35">	<Name>nova completto NHL 70/56-{S}</Name>	<Power>1149</Power>	<Surface>6.92</Surface>		<Volume>4.43</Volume>	<Exponent>1.29</Exponent>				<EstimateCode>ZEHNDER_NOVA_COMPLETTO_NHL_70/56-{S}</EstimateCode>	</RadiatorSubTypeMacro>	</RadiatorMainType>
  <RadiatorMainType>	<MainTypeName>nova completto NHH 70-</MainTypeName>		<DimensionIndex>9</DimensionIndex>	<DimensionIndex>9</DimensionIndex>	<kvValue>1.45</kvValue>		<RadiatorSubTypeMacro From="0" To="35">	<Name>nova completto NHH 70-{S}</Name>		<Power>1146</Power>	<Surface>3.24</Surface>		<Volume>7.7</Volume>	<Exponent>1.28</Exponent>	<Width>53</Width>	<EstimateCode>ZEHNDER_NOVA_COMPLETTO_NHH_70-{S}</EstimateCode>	</RadiatorSubTypeMacro>	</RadiatorMainType>
  <RadiatorMainType>	<MainTypeName>nova completto NHLH 70/28-</MainTypeName>		<DimensionIndex>9</DimensionIndex>	<DimensionIndex>13</DimensionIndex>	<kvValue>1.45</kvValue>		<RadiatorSubTypeMacro From="0" To="35">	<Name>nova completto NHLH 70/28-{S}</Name>	<Power>1275</Power>	<Surface>6.08</Surface>		<Volume>7.8</Volume>	<Exponent>1.3</Exponent>				<EstimateCode>ZEHNDER_NOVA_COMPLETTO_NHLH_70/28-{S}</EstimateCode>	</RadiatorSubTypeMacro>	</RadiatorMainType>
  <RadiatorMainType>	<MainTypeName>nova completto NHLH 70/56-</MainTypeName>		<DimensionIndex>9</DimensionIndex>	<DimensionIndex>17</DimensionIndex>	<kvValue>1.45</kvValue>		<RadiatorSubTypeMacro From="0" To="35">	<Name>nova completto NHLH 70/56-{S}</Name>	<Power>1344</Power>	<Surface>8.72</Surface>		<Volume>7.8</Volume>	<Exponent>1.33</Exponent>				<EstimateCode>ZEHNDER_NOVA_COMPLETTO_NHLH_70/56-{S}</EstimateCode>	</RadiatorSubTypeMacro>	</RadiatorMainType>
  <RadiatorMainType>	<MainTypeName>nova completto NHLLH 70/28-</MainTypeName>	<DimensionIndex>9</DimensionIndex>	<DimensionIndex>21</DimensionIndex>	<kvValue>1.45</kvValue>		<RadiatorSubTypeMacro From="0" To="35">	<Name>nova completto NHLLH 70/28-{S}</Name>	<Power>1699</Power>	<Surface>7.16</Surface>		<Volume>8.86</Volume>	<Exponent>1.3</Exponent>				<EstimateCode>ZEHNDER_NOVA_COMPLETTO_NHLLH_70/28-{S}</EstimateCode>	</RadiatorSubTypeMacro>	</RadiatorMainType>
  <RadiatorMainType>	<MainTypeName>nova completto NHLLH 70/56-</MainTypeName>	<DimensionIndex>9</DimensionIndex>	<DimensionIndex>25</DimensionIndex>	<kvValue>1.45</kvValue>		<RadiatorSubTypeMacro From="0" To="35">	<Name>nova completto NHLLH 70/56-{S}</Name>	<Power>1936</Power>	<Surface>11.06</Surface>	<Volume>8.86</Volume>	<Exponent>1.34</Exponent>				<EstimateCode>ZEHNDER_NOVA_COMPLETTO_NHLLH_70/56-{S}</EstimateCode>	</RadiatorSubTypeMacro>	</RadiatorMainType>
  <RadiatorMainType>	<MainTypeName>nova completto NHLLHL 70/28-</MainTypeName>	<DimensionIndex>9</DimensionIndex>	<DimensionIndex>29</DimensionIndex>	<kvValue>1.45</kvValue>		<RadiatorSubTypeMacro From="0" To="35">	<Name>nova completto NHLLHL 70/28-{S}</Name>	<Power>1942</Power>	<Surface>9.08</Surface>		<Volume>8.86</Volume>	<Exponent>1.3</Exponent>				<EstimateCode>ZEHNDER_NOVA_COMPLETTO_NHLLHL_70/28-{S}</EstimateCode>	</RadiatorSubTypeMacro>	</RadiatorMainType>
  <RadiatorMainType>	<MainTypeName>nova completto NHLLHL 70/56-</MainTypeName>	<DimensionIndex>9</DimensionIndex>	<DimensionIndex>33</DimensionIndex>	<kvValue>1.45</kvValue>		<RadiatorSubTypeMacro From="0" To="35">	<Name>nova completto NHLLHL 70/56-{S}</Name>	<Power>2291</Power>	<Surface>14.94</Surface>	<Volume>8.86</Volume>	<Exponent>1.35</Exponent>				<EstimateCode>ZEHNDER_NOVA_COMPLETTO_NHLLHL_70/56-{S}</EstimateCode>	</RadiatorSubTypeMacro>	</RadiatorMainType>
  <RadiatorMainType>	<MainTypeName>nova completto NH 77-</MainTypeName>		<DimensionIndex>10</DimensionIndex>	<DimensionIndex>0</DimensionIndex>	<kvValue>0.75</kvValue>		<RadiatorSubTypeMacro From="0" To="35">	<Name>nova completto NH 77-{S}</Name>		<Power>809</Power>	<Surface>1.88</Surface>		<Volume>4.87</Volume>	<Exponent>1.25</Exponent>				<EstimateCode>ZEHNDER_NOVA_COMPLETTO_NH_77-{S}</EstimateCode>	</RadiatorSubTypeMacro>	</RadiatorMainType>
  <RadiatorMainType>	<MainTypeName>nova completto NHL 77/28-</MainTypeName>		<DimensionIndex>10</DimensionIndex>	<DimensionIndex>4</DimensionIndex>	<kvValue>0.75</kvValue>		<RadiatorSubTypeMacro From="0" To="35">	<Name>nova completto NHL 77/28-{S}</Name>	<Power>1019</Power>	<Surface>4.88</Surface>		<Volume>4.87</Volume>	<Exponent>1.27</Exponent>	<Width>60</Width>	<EstimateCode>ZEHNDER_NOVA_COMPLETTO_NHL_77/28-{S}</EstimateCode>	</RadiatorSubTypeMacro>	</RadiatorMainType>
  <RadiatorMainType>	<MainTypeName>nova completto NHL 77/56-</MainTypeName>		<DimensionIndex>10</DimensionIndex>	<DimensionIndex>8</DimensionIndex>	<kvValue>0.75</kvValue>		<RadiatorSubTypeMacro From="0" To="35">	<Name>nova completto NHL 77/56-{S}</Name>	<Power>1179</Power>	<Surface>8.12</Surface>		<Volume>4.87</Volume>	<Exponent>1.29</Exponent>				<EstimateCode>ZEHNDER_NOVA_COMPLETTO_NHL_77/56-{S}</EstimateCode>	</RadiatorSubTypeMacro>	</RadiatorMainType>
  <RadiatorMainType>	<MainTypeName>nova completto NHH 77-</MainTypeName>		<DimensionIndex>10</DimensionIndex>	<DimensionIndex>9</DimensionIndex>	<kvValue>1.45</kvValue>		<RadiatorSubTypeMacro From="0" To="35">	<Name>nova completto NHH 77-{S}</Name>		<Power>1387</Power>	<Surface>3.76</Surface>		<Volume>9.74</Volume>	<Exponent>1.28</Exponent>	<Width>53</Width>	<EstimateCode>ZEHNDER_NOVA_COMPLETTO_NHH_77-{S}</EstimateCode>	</RadiatorSubTypeMacro>	</RadiatorMainType>
  <RadiatorMainType>	<MainTypeName>nova completto NHLLH 77/28-</MainTypeName>	<DimensionIndex>10</DimensionIndex>	<DimensionIndex>21</DimensionIndex>	<kvValue>1.45</kvValue>		<RadiatorSubTypeMacro From="0" To="35">	<Name>nova completto NHLLH 77/28-{S}</Name>	<Power>1804</Power>	<Surface>7.89</Surface>		<Volume>9.74</Volume>	<Exponent>1.3</Exponent>				<EstimateCode>ZEHNDER_NOVA_COMPLETTO_NHLLH_77/28-{S}</EstimateCode>	</RadiatorSubTypeMacro>	</RadiatorMainType>
  <RadiatorMainType>	<MainTypeName>nova completto NHLLH 77/56-</MainTypeName>	<DimensionIndex>10</DimensionIndex>	<DimensionIndex>25</DimensionIndex>	<kvValue>1.45</kvValue>		<RadiatorSubTypeMacro From="0" To="35">	<Name>nova completto NHLLH 77/56-{S}</Name>	<Power>2029</Power>	<Surface>12.28</Surface>	<Volume>9.74</Volume>	<Exponent>1.34</Exponent>				<EstimateCode>ZEHNDER_NOVA_COMPLETTO_NHLLH_77/56-{S}</EstimateCode>	</RadiatorSubTypeMacro>	</RadiatorMainType>
  <RadiatorMainType>	<MainTypeName>nova completto NHLLHL 77/28-</MainTypeName>	<DimensionIndex>10</DimensionIndex>	<DimensionIndex>29</DimensionIndex>	<kvValue>1.45</kvValue>		<RadiatorSubTypeMacro From="0" To="35">	<Name>nova completto NHLLHL 77/28-{S}</Name>	<Power>2055</Power>	<Surface>10.26</Surface>	<Volume>9.74</Volume>	<Exponent>1.3</Exponent>				<EstimateCode>ZEHNDER_NOVA_COMPLETTO_NHLLHL_77/28-{S}</EstimateCode>	</RadiatorSubTypeMacro>	</RadiatorMainType>
  <RadiatorMainType>	<MainTypeName>nova completto NHLLHL 77/56-</MainTypeName>	<DimensionIndex>10</DimensionIndex>	<DimensionIndex>33</DimensionIndex>	<kvValue>1.45</kvValue>		<RadiatorSubTypeMacro From="0" To="35">	<Name>nova completto NHLLHL 77/56-{S}</Name>	<Power>2382</Power>	<Surface>16.78</Surface>	<Volume>9.74</Volume>	<Exponent>1.35</Exponent>				<EstimateCode>ZEHNDER_NOVA_COMPLETTO_NHLLHL_77/56-{S}</EstimateCode>	</RadiatorSubTypeMacro>	</RadiatorMainType>
  <RadiatorMainType>	<MainTypeName>nova completto NH 84-</MainTypeName>		<DimensionIndex>11</DimensionIndex>	<DimensionIndex>0</DimensionIndex>	<kvValue>0.75</kvValue>		<RadiatorSubTypeMacro From="0" To="35">	<Name>nova completto NH 84-{S}</Name>		<Power>882</Power>	<Surface>2.051</Surface>	<Volume>5.32</Volume>	<Exponent>1.25</Exponent>				<EstimateCode>ZEHNDER_NOVA_COMPLETTO_NH_84-{S}</EstimateCode>	</RadiatorSubTypeMacro>	</RadiatorMainType>
  <RadiatorMainType>	<MainTypeName>nova completto NHL 84/28-</MainTypeName>		<DimensionIndex>11</DimensionIndex>	<DimensionIndex>4</DimensionIndex>	<kvValue>0.75</kvValue>		<RadiatorSubTypeMacro From="0" To="35">	<Name>nova completto NHL 84/28-{S}</Name>	<Power>1034</Power>	<Surface>5.48</Surface>		<Volume>5.32</Volume>	<Exponent>1.27</Exponent>	<Width>60</Width>	<EstimateCode>ZEHNDER_NOVA_COMPLETTO_NHL_84/28-{S}</EstimateCode>	</RadiatorSubTypeMacro>	</RadiatorMainType>
  <RadiatorMainType>	<MainTypeName>nova completto NHL 84/56-</MainTypeName>		<DimensionIndex>11</DimensionIndex>	<DimensionIndex>8</DimensionIndex>	<kvValue>0.75</kvValue>		<RadiatorSubTypeMacro From="0" To="35">	<Name>nova completto NHL 84/56-{S}</Name>	<Power>1210</Power>	<Surface>9.32</Surface>		<Volume>5.32</Volume>	<Exponent>1.28</Exponent>				<EstimateCode>ZEHNDER_NOVA_COMPLETTO_NHL_84/56-{S}</EstimateCode>	</RadiatorSubTypeMacro>	</RadiatorMainType>
  <RadiatorMainType>	<MainTypeName>nova completto NHH 84-</MainTypeName>		<DimensionIndex>11</DimensionIndex>	<DimensionIndex>9</DimensionIndex>	<kvValue>1.45</kvValue>		<RadiatorSubTypeMacro From="0" To="35">	<Name>nova completto NHH 84-{S}</Name>		<Power>1512</Power>	<Surface>4.1</Surface>		<Volume>10.64</Volume>	<Exponent>1.28</Exponent>	<Width>53</Width>	<EstimateCode>ZEHNDER_NOVA_COMPLETTO_NHH_84-{S}</EstimateCode>	</RadiatorSubTypeMacro>	</RadiatorMainType>
  <RadiatorMainType>	<MainTypeName>nova completto NHLLH 84/28-</MainTypeName>	<DimensionIndex>11</DimensionIndex>	<DimensionIndex>21</DimensionIndex>	<kvValue>1.45</kvValue>		<RadiatorSubTypeMacro From="0" To="35">	<Name>nova completto NHLLH 84/28-{S}</Name>	<Power>1904</Power>	<Surface>8.8</Surface>		<Volume>10.64</Volume>	<Exponent>1.31</Exponent>				<EstimateCode>ZEHNDER_NOVA_COMPLETTO_NHLLH_84/28-{S}</EstimateCode>	</RadiatorSubTypeMacro>	</RadiatorMainType>
  <RadiatorMainType>	<MainTypeName>nova completto NHLLH 84/56-</MainTypeName>	<DimensionIndex>11</DimensionIndex>	<DimensionIndex>25</DimensionIndex>	<kvValue>1.45</kvValue>		<RadiatorSubTypeMacro From="0" To="35">	<Name>nova completto NHLLH 84/56-{S}</Name>	<Power>2122</Power>	<Surface>13.86</Surface>	<Volume>10.64</Volume>	<Exponent>1.34</Exponent>				<EstimateCode>ZEHNDER_NOVA_COMPLETTO_NHLLH_84/56-{S}</EstimateCode>	</RadiatorSubTypeMacro>	</RadiatorMainType>
  <RadiatorMainType>	<MainTypeName>nova completto NHLLHL 84/28-</MainTypeName>	<DimensionIndex>11</DimensionIndex>	<DimensionIndex>29</DimensionIndex>	<kvValue>1.45</kvValue>		<RadiatorSubTypeMacro From="0" To="35">	<Name>nova completto NHLLHL 84/28-{S}</Name>	<Power>2158</Power>	<Surface>11.72</Surface>	<Volume>10.64</Volume>	<Exponent>1.31</Exponent>				<EstimateCode>ZEHNDER_NOVA_COMPLETTO_NHLLHL_84/28-{S}</EstimateCode>	</RadiatorSubTypeMacro>	</RadiatorMainType>
  <RadiatorMainType>	<MainTypeName>nova completto NHLLHL 84/56-</MainTypeName>	<DimensionIndex>11</DimensionIndex>	<DimensionIndex>33</DimensionIndex>	<kvValue>1.45</kvValue>		<RadiatorSubTypeMacro From="0" To="35">	<Name>nova completto NHLLHL 84/56-{S}</Name>	<Power>2473</Power>	<Surface>19.1</Surface>		<Volume>10.64</Volume>	<Exponent>1.35</Exponent>				<EstimateCode>ZEHNDER_NOVA_COMPLETTO_NHLLHL_84/56-{S}</EstimateCode>	</RadiatorSubTypeMacro>	</RadiatorMainType>
  <RadiatorMainType>	<MainTypeName>nova completto NH 91-</MainTypeName>		<DimensionIndex>12</DimensionIndex>	<DimensionIndex>0</DimensionIndex>	<kvValue>0.58</kvValue>		<RadiatorSubTypeMacro From="0" To="35">	<Name>nova completto NH 91-{S}</Name>		<Power>957</Power>	<Surface>2.22</Surface>		<Volume>5.76</Volume>	<Exponent>1.26</Exponent>				<EstimateCode>ZEHNDER_NOVA_COMPLETTO_NH_91-{S}</EstimateCode>	</RadiatorSubTypeMacro>	</RadiatorMainType>
  <RadiatorMainType>	<MainTypeName>nova completto NHH 91-</MainTypeName>		<DimensionIndex>12</DimensionIndex>	<DimensionIndex>9</DimensionIndex>	<kvValue>1.12</kvValue>		<RadiatorSubTypeMacro From="0" To="35">	<Name>nova completto NHH 91-{S}</Name>		<Power>1641</Power>	<Surface>4.44</Surface>		<Volume>11.52</Volume>	<Exponent>1.29</Exponent>	<Width>53</Width>	<EstimateCode>ZEHNDER_NOVA_COMPLETTO_NHH_91-{S}</EstimateCode>	</RadiatorSubTypeMacro>	</RadiatorMainType>
  <RadiatorMainType>	<MainTypeName>nova completto NH 98-</MainTypeName>		<DimensionIndex>13</DimensionIndex>	<DimensionIndex>0</DimensionIndex>	<kvValue>0.58</kvValue>		<RadiatorSubTypeMacro From="0" To="35">	<Name>nova completto NH 98-{S}</Name>		<Power>1026</Power>	<Surface>2.39</Surface>		<Volume>6.211</Volume>	<Exponent>1.26</Exponent>				<EstimateCode>ZEHNDER_NOVA_COMPLETTO_NH_98-{S}</EstimateCode>	</RadiatorSubTypeMacro>	</RadiatorMainType>
  <RadiatorMainType>	<MainTypeName>nova completto NHH 98-</MainTypeName>		<DimensionIndex>13</DimensionIndex>	<DimensionIndex>9</DimensionIndex>	<kvValue>1.12</kvValue>		<RadiatorSubTypeMacro From="0" To="35">	<Name>nova completto NHH 98-{S}</Name>		<Power>1752</Power>	<Surface>4.78</Surface>		<Volume>12.42</Volume>	<Exponent>1.29</Exponent>	<Width>53</Width>	<EstimateCode>ZEHNDER_NOVA_COMPLETTO_NHH_98-{S}</EstimateCode>	</RadiatorSubTypeMacro>	</RadiatorMainType>
  <RadiatorMainType>	<MainTypeName>nova completto NH 105-</MainTypeName>		<DimensionIndex>14</DimensionIndex>	<DimensionIndex>0</DimensionIndex>	<kvValue>0.58</kvValue>		<RadiatorSubTypeMacro From="0" To="35">	<Name>nova completto NH 105-{S}</Name>		<Power>1091</Power>	<Surface>2.56</Surface>		<Volume>6.651</Volume>	<Exponent>1.27</Exponent>				<EstimateCode>ZEHNDER_NOVA_COMPLETTO_NH_105-{S}</EstimateCode>	</RadiatorSubTypeMacro>	</RadiatorMainType>
  <RadiatorMainType>	<MainTypeName>nova completto NHH 105-</MainTypeName>		<DimensionIndex>14</DimensionIndex>	<DimensionIndex>9</DimensionIndex>	<kvValue>1.12</kvValue>		<RadiatorSubTypeMacro From="0" To="35">	<Name>nova completto NHH 105-{S}</Name>		<Power>1867</Power>	<Surface>5.12</Surface>		<Volume>13.3</Volume>	<Exponent>1.29</Exponent>	<Width>92</Width>	<EstimateCode>ZEHNDER_NOVA_COMPLETTO_NHH_105-{S}</EstimateCode>	</RadiatorSubTypeMacro>	</RadiatorMainType>
  <RadiatorMainType>	<MainTypeName>nova completto NH 112-</MainTypeName>		<DimensionIndex>15</DimensionIndex>	<DimensionIndex>0</DimensionIndex>	<kvValue>0.58</kvValue>		<RadiatorSubTypeMacro From="0" To="35">	<Name>nova completto NH 112-{S}</Name>		<Power>1155</Power>	<Surface>2.73</Surface>		<Volume>7.09</Volume>	<Exponent>1.27</Exponent>				<EstimateCode>ZEHNDER_NOVA_COMPLETTO_NH_112-{S}</EstimateCode>	</RadiatorSubTypeMacro>	</RadiatorMainType>
  <RadiatorMainType>	<MainTypeName>nova completto NHH 112-</MainTypeName>		<DimensionIndex>15</DimensionIndex>	<DimensionIndex>9</DimensionIndex>	<kvValue>1.12</kvValue>		<RadiatorSubTypeMacro From="0" To="35">	<Name>nova completto NHH 112-{S}</Name>		<Power>1982</Power>	<Surface>5.46</Surface>		<Volume>14.18</Volume>	<Exponent>1.29</Exponent>	<Width>92</Width>	<EstimateCode>ZEHNDER_NOVA_COMPLETTO_NHH_112-{S}</EstimateCode>	</RadiatorSubTypeMacro>	</RadiatorMainType>
  <RadiatorMainType>	<MainTypeName>nova completto NH 119-</MainTypeName>		<DimensionIndex>16</DimensionIndex>	<DimensionIndex>0</DimensionIndex>	<kvValue>0.58</kvValue>		<RadiatorSubTypeMacro From="0" To="35">	<Name>nova completto NH 119-{S}</Name>		<Power>1220</Power>	<Surface>2.89</Surface>		<Volume>7.54</Volume>	<Exponent>1.28</Exponent>				<EstimateCode>ZEHNDER_NOVA_COMPLETTO_NH_119-{S}</EstimateCode>	</RadiatorSubTypeMacro>	</RadiatorMainType>
  <RadiatorMainType>	<MainTypeName>nova completto NHH 119-</MainTypeName>		<DimensionIndex>16</DimensionIndex>	<DimensionIndex>9</DimensionIndex>	<kvValue>1.12</kvValue>		<RadiatorSubTypeMacro From="0" To="35">	<Name>nova completto NHH 119-{S}</Name>		<Power>2098</Power>	<Surface>5.78</Surface>		<Volume>15.08</Volume>	<Exponent>1.29</Exponent>	<Width>92</Width>	<EstimateCode>ZEHNDER_NOVA_COMPLETTO_NHH_119-{S}</EstimateCode>	</RadiatorSubTypeMacro>	</RadiatorMainType>
  <RadiatorMainType>	<MainTypeName>nova completto NH 126-</MainTypeName>		<DimensionIndex>17</DimensionIndex>	<DimensionIndex>0</DimensionIndex>	<kvValue>0.58</kvValue>		<RadiatorSubTypeMacro From="0" To="35">	<Name>nova completto NH 126-{S}</Name>		<Power>1285</Power>	<Surface>3.06</Surface>		<Volume>7.98</Volume>	<Exponent>1.28</Exponent>				<EstimateCode>ZEHNDER_NOVA_COMPLETTO_NH_126-{S}</EstimateCode>	</RadiatorSubTypeMacro>	</RadiatorMainType>
  <RadiatorMainType>	<MainTypeName>nova completto NHH 126-</MainTypeName>		<DimensionIndex>17</DimensionIndex>	<DimensionIndex>9</DimensionIndex>	<kvValue>1.12</kvValue>		<RadiatorSubTypeMacro From="0" To="35">	<Name>nova completto NHH 126-{S}</Name>		<Power>2214</Power>	<Surface>6.12</Surface>		<Volume>15.96</Volume>	<Exponent>1.29</Exponent>	<Width>92</Width>	<EstimateCode>ZEHNDER_NOVA_COMPLETTO_NHH_126-{S}</EstimateCode>	</RadiatorSubTypeMacro>	</RadiatorMainType>
  <RadiatorMainType>	<MainTypeName>nova completto NH 133-</MainTypeName>		<DimensionIndex>18</DimensionIndex>	<DimensionIndex>0</DimensionIndex>	<kvValue>0.58</kvValue>		<RadiatorSubTypeMacro From="0" To="35">	<Name>nova completto NH 133-{S}</Name>		<Power>1349</Power>	<Surface>3.23</Surface>		<Volume>8.42</Volume>	<Exponent>1.29</Exponent>				<EstimateCode>ZEHNDER_NOVA_COMPLETTO_NH_133-{S}</EstimateCode>	</RadiatorSubTypeMacro>	</RadiatorMainType>
  <RadiatorMainType>	<MainTypeName>nova completto NH 140-</MainTypeName>		<DimensionIndex>19</DimensionIndex>	<DimensionIndex>0</DimensionIndex>	<kvValue>0.58</kvValue>		<RadiatorSubTypeMacro From="0" To="35">	<Name>nova completto NH 140-{S}</Name>		<Power>1414</Power>	<Surface>3.4</Surface>		<Volume>8.87</Volume>	<Exponent>1.27</Exponent>				<EstimateCode>ZEHNDER_NOVA_COMPLETTO_NH_140-{S}</EstimateCode>	</RadiatorSubTypeMacro>	</RadiatorMainType>
  <RadiatorMainType>	<MainTypeName>nova completto NH 147-</MainTypeName>		<DimensionIndex>20</DimensionIndex>	<DimensionIndex>0</DimensionIndex>	<kvValue>0.49</kvValue>		<RadiatorSubTypeMacro From="0" To="35">	<Name>nova completto NH 147-{S}</Name>		<Power>1479</Power>	<Surface>3.57</Surface>		<Volume>9.311</Volume>	<Exponent>1.3</Exponent>				<EstimateCode>ZEHNDER_NOVA_COMPLETTO_NH_147-{S}</EstimateCode>	</RadiatorSubTypeMacro>	</RadiatorMainType>
  <RadiatorMainType>	<MainTypeName>nova completto NH 154-</MainTypeName>		<DimensionIndex>21</DimensionIndex>	<DimensionIndex>0</DimensionIndex>	<kvValue>0.49</kvValue>		<RadiatorSubTypeMacro From="0" To="35">	<Name>nova completto NH 154-{S}</Name>		<Power>1544</Power>	<Surface>3.74</Surface>		<Volume>9.76</Volume>	<Exponent>1.3</Exponent>				<EstimateCode>ZEHNDER_NOVA_COMPLETTO_NH_154-{S}</EstimateCode>	</RadiatorSubTypeMacro>	</RadiatorMainType>
  <RadiatorMainType>	<MainTypeName>nova completto NH 161-</MainTypeName>		<DimensionIndex>22</DimensionIndex>	<DimensionIndex>0</DimensionIndex>	<kvValue>0.49</kvValue>		<RadiatorSubTypeMacro From="0" To="35">	<Name>nova completto NH 161-{S}</Name>		<Power>1609</Power>	<Surface>3.911</Surface>	<Volume>10.2</Volume>	<Exponent>1.3</Exponent>				<EstimateCode>ZEHNDER_NOVA_COMPLETTO_NH_161-{S}</EstimateCode>	</RadiatorSubTypeMacro>	</RadiatorMainType>
  <RadiatorMainType>	<MainTypeName>nova completto NH 168-</MainTypeName>		<DimensionIndex>23</DimensionIndex>	<DimensionIndex>0</DimensionIndex>	<kvValue>0.49</kvValue>		<RadiatorSubTypeMacro From="0" To="35">	<Name>nova completto NH 168-{S}</Name>		<Power>1674</Power>	<Surface>4.08</Surface>		<Volume>10.64</Volume>	<Exponent>1.3</Exponent>				<EstimateCode>ZEHNDER_NOVA_COMPLETTO_NH_168-{S}</EstimateCode>	</RadiatorSubTypeMacro>	</RadiatorMainType>
</WinWattDBRadiator>

</WinWattDB>
