<?xml version="1.0" encoding="ISO-8859-2" ?>
<WinWattDB>

<WinWattDBGlobalMacro>
	<Macro ID="$soros_1" Language="hun">soros</Macro>
	<Macro ID="$soros_1" Language="sky">radov�</Macro>
	<Macro ID="$soros_1" Language="rom">insiruit</Macro>
</WinWattDBGlobalMacro>

<WinWattDBRadiator DTLog="Yes">
  <ItemHeader>
    <Date><Year>2005</Year><Month>8</Month><Day>7</Day></Date>
    <ItemPath>ZEHNDER</ItemPath>
    <ItemName>ZEHNDER P25</ItemName>
    <HomePage>www.zehnder-online.de</HomePage></ItemHeader>
  <DTOrigin>49.833</DTOrigin>
  <DimensionArray Type="Height" >
    <DimensionString Value="220" >220</DimensionString>
    <DimensionString Value="320" >320</DimensionString>
    <DimensionString Value="420" >420</DimensionString>
    <DimensionString Value="520" >520</DimensionString>
    <DimensionString Value="620" >620</DimensionString>
    <DimensionString Value="720" >720</DimensionString>
    <DimensionString Value="950" >910</DimensionString>
  </DimensionArray>
  <DimensionArray Type="Width" >
    <DimensionString Value="35" >1 $soros_1</DimensionString>
    <DimensionString Value="110" >2 $soros_1</DimensionString>
  </DimensionArray>
  <DimensionArray Type="Length" >
    <DimensionString Value="500" >500</DimensionString>
    <DimensionString Value="600" >600</DimensionString>
    <DimensionString Value="700" >700</DimensionString>
    <DimensionString Value="800" >800</DimensionString>
    <DimensionString Value="900" >900</DimensionString>
    <DimensionString Value="1000" >1000</DimensionString>
    <DimensionString Value="1100" >1100</DimensionString>
    <DimensionString Value="1200" >1200</DimensionString>
    <DimensionString Value="1300" >1300</DimensionString>
    <DimensionString Value="1400" >1400</DimensionString>
    <DimensionString Value="1500" >1500</DimensionString>
    <DimensionString Value="1600" >1600</DimensionString>
    <DimensionString Value="1700" >1700</DimensionString>
    <DimensionString Value="1800" >1800</DimensionString>
    <DimensionString Value="1900" >1900</DimensionString>
    <DimensionString Value="2000" >2000</DimensionString>
    <DimensionString Value="2200" >2200</DimensionString>
    <DimensionString Value="2400" >2400</DimensionString>
    <DimensionString Value="2600" >2600</DimensionString>
    <DimensionString Value="2800" >2800</DimensionString>
    <DimensionString Value="3000" >3000</DimensionString>
    <DimensionString Value="3200" >3200</DimensionString>
    <DimensionString Value="3400" >3400</DimensionString>
    <DimensionString Value="3600" >3600</DimensionString>
    <DimensionString Value="3800" >3800</DimensionString>
    <DimensionString Value="4000" >4000</DimensionString>
  </DimensionArray>
  <RadiatorMainType>	<MainTypeName>plano P25 1/22-</MainTypeName>	<DimensionIndex>0</DimensionIndex>	<DimensionIndex>0</DimensionIndex>	<kvValue>4</kvValue>		<RadiatorSubTypeMacro From="0" To="25">	<Name>plano P25 1/22-{S}</Name>	<Power>243</Power>	<Surface>0.5</Surface>	<Volume>2.2</Volume>	<Exponent>1.27</Exponent>	<EstimateCode>ZEHNDER_PLANO_P25 1/22-{S}</EstimateCode>	</RadiatorSubTypeMacro>	</RadiatorMainType>
  <RadiatorMainType>	<MainTypeName>plano P25 2/22-</MainTypeName>	<DimensionIndex>0</DimensionIndex>	<DimensionIndex>1</DimensionIndex>	<kvValue>4</kvValue>		<RadiatorSubTypeMacro From="0" To="25">	<Name>plano P25 2/22-{S}</Name>	<Power>414</Power>	<Surface>1</Surface>	<Volume>4.5</Volume>	<Exponent>1.26</Exponent>	<EstimateCode>ZEHNDER_PLANO_P25 2/22-{S}</EstimateCode>	</RadiatorSubTypeMacro>	</RadiatorMainType>
  <RadiatorMainType>	<MainTypeName>plano P25 1/32-</MainTypeName>	<DimensionIndex>1</DimensionIndex>	<DimensionIndex>0</DimensionIndex>	<kvValue>4</kvValue>		<RadiatorSubTypeMacro From="0" To="25">	<Name>plano P25 1/32-{S}</Name>	<Power>315</Power>	<Surface>0.7</Surface>	<Volume>2.9</Volume>	<Exponent>1.24</Exponent>	<EstimateCode>ZEHNDER_PLANO_P25 1/32-{S}</EstimateCode>	</RadiatorSubTypeMacro>	</RadiatorMainType>
  <RadiatorMainType>	<MainTypeName>plano P25 2/32-</MainTypeName>	<DimensionIndex>1</DimensionIndex>	<DimensionIndex>1</DimensionIndex>	<kvValue>4</kvValue>		<RadiatorSubTypeMacro From="0" To="25">	<Name>plano P25 2/32-{S}</Name>	<Power>561</Power>	<Surface>1.4</Surface>	<Volume>5.8</Volume>	<Exponent>1.26</Exponent>	<EstimateCode>ZEHNDER_PLANO_P25 2/32-{S}</EstimateCode>	</RadiatorSubTypeMacro>	</RadiatorMainType>
  <RadiatorMainType>	<MainTypeName>plano P25 1/42-</MainTypeName>	<DimensionIndex>2</DimensionIndex>	<DimensionIndex>0</DimensionIndex>	<kvValue>4</kvValue>		<RadiatorSubTypeMacro From="0" To="25">	<Name>plano P25 1/42-{S}</Name>	<Power>389</Power>	<Surface>0.9</Surface>	<Volume>3.2</Volume>	<Exponent>1.24</Exponent>	<EstimateCode>ZEHNDER_PLANO_P25 1/42-{S}</EstimateCode>	</RadiatorSubTypeMacro>	</RadiatorMainType>
  <RadiatorMainType>	<MainTypeName>plano P25 2/42-</MainTypeName>	<DimensionIndex>2</DimensionIndex>	<DimensionIndex>1</DimensionIndex>	<kvValue>4</kvValue>		<RadiatorSubTypeMacro From="0" To="25">	<Name>plano P25 2/42-{S}</Name>	<Power>692</Power>	<Surface>1.8</Surface>	<Volume>6.3</Volume>	<Exponent>1.26</Exponent>	<EstimateCode>ZEHNDER_PLANO_P25 2/42-{S}</EstimateCode>	</RadiatorSubTypeMacro>	</RadiatorMainType>
  <RadiatorMainType>	<MainTypeName>plano P25 1/52-</MainTypeName>	<DimensionIndex>3</DimensionIndex>	<DimensionIndex>0</DimensionIndex>	<kvValue>4</kvValue>		<RadiatorSubTypeMacro From="0" To="25">	<Name>plano P25 1/52-{S}</Name>	<Power>467</Power>	<Surface>1.2</Surface>	<Volume>3.7</Volume>	<Exponent>1.24</Exponent>	<EstimateCode>ZEHNDER_PLANO_P25 1/52-{S}</EstimateCode>	</RadiatorSubTypeMacro>	</RadiatorMainType>
  <RadiatorMainType>	<MainTypeName>plano P25 2/52-</MainTypeName>	<DimensionIndex>3</DimensionIndex>	<DimensionIndex>1</DimensionIndex>	<kvValue>4</kvValue>		<RadiatorSubTypeMacro From="0" To="25">	<Name>plano P25 2/52-{S}</Name>	<Power>819</Power>	<Surface>2.4</Surface>	<Volume>7.4</Volume>	<Exponent>1.26</Exponent>	<EstimateCode>ZEHNDER_PLANO_P25 2/52-{S}</EstimateCode>	</RadiatorSubTypeMacro>	</RadiatorMainType>
  <RadiatorMainType>	<MainTypeName>plano P25 1/62-</MainTypeName>	<DimensionIndex>4</DimensionIndex>	<DimensionIndex>0</DimensionIndex>	<kvValue>4</kvValue>		<RadiatorSubTypeMacro From="0" To="25">	<Name>plano P25 1/62-{S}</Name>	<Power>548</Power>	<Surface>1.4</Surface>	<Volume>4.1</Volume>	<Exponent>1.23</Exponent>	<EstimateCode>ZEHNDER_PLANO_P25 1/62-{S}</EstimateCode>	</RadiatorSubTypeMacro>	</RadiatorMainType>
  <RadiatorMainType>	<MainTypeName>plano P25 2/62-</MainTypeName>	<DimensionIndex>4</DimensionIndex>	<DimensionIndex>1</DimensionIndex>	<kvValue>4</kvValue>		<RadiatorSubTypeMacro From="0" To="25">	<Name>plano P25 2/62-{S}</Name>	<Power>935</Power>	<Surface>2.8</Surface>	<Volume>8.2</Volume>	<Exponent>1.26</Exponent>	<EstimateCode>ZEHNDER_PLANO_P25 2/62-{S}</EstimateCode>	</RadiatorSubTypeMacro>	</RadiatorMainType>
  <RadiatorMainType>	<MainTypeName>plano P25 1/72-</MainTypeName>	<DimensionIndex>5</DimensionIndex>	<DimensionIndex>0</DimensionIndex>	<kvValue>4</kvValue>		<RadiatorSubTypeMacro From="0" To="25">	<Name>plano P25 1/72-{S}</Name>	<Power>631</Power>	<Surface>1.7</Surface>	<Volume>4.5</Volume>	<Exponent>1.24</Exponent>	<EstimateCode>ZEHNDER_PLANO_P25 1/72-{S}</EstimateCode>	</RadiatorSubTypeMacro>	</RadiatorMainType>
  <RadiatorMainType>	<MainTypeName>plano P25 2/72-</MainTypeName>	<DimensionIndex>5</DimensionIndex>	<DimensionIndex>1</DimensionIndex>	<kvValue>4</kvValue>		<RadiatorSubTypeMacro From="0" To="25">	<Name>plano P25 2/72-{S}</Name>	<Power>1043</Power>	<Surface>3.4</Surface>	<Volume>9</Volume>	<Exponent>1.26</Exponent>	<EstimateCode>ZEHNDER_PLANO_P25 2/72-{S}</EstimateCode>	</RadiatorSubTypeMacro>	</RadiatorMainType>
  <RadiatorMainType>	<MainTypeName>plano P25 1/95-</MainTypeName>	<DimensionIndex>6</DimensionIndex>	<DimensionIndex>0</DimensionIndex>	<kvValue>4</kvValue>		<RadiatorSubTypeMacro From="0" To="25">	<Name>plano P25 1/95-{S}</Name>	<Power>789</Power>	<Surface>2</Surface>	<Volume>5.2</Volume>	<Exponent>1.24</Exponent>	<EstimateCode>ZEHNDER_PLANO_P25 1/95-{S}</EstimateCode>	</RadiatorSubTypeMacro>	</RadiatorMainType>
  <RadiatorMainType>	<MainTypeName>plano P25 2/95-</MainTypeName>	<DimensionIndex>6</DimensionIndex>	<DimensionIndex>1</DimensionIndex>	<kvValue>4</kvValue>		<RadiatorSubTypeMacro From="0" To="25">	<Name>plano P25 2/95-{S}</Name>	<Power>1210</Power>	<Surface>4</Surface>	<Volume>10.6</Volume>	<Exponent>1.26</Exponent>	<EstimateCode>ZEHNDER_PLANO_P25 2/95-{S}</EstimateCode>	</RadiatorSubTypeMacro>	</RadiatorMainType>
</WinWattDBRadiator>

</WinWattDB>
