<?xml version="1.0" encoding="ISO-8859-2" ?>
<WinWattDB>

<WinWattDBGlobalMacro>
	<Macro ID="$vizszintes_1" Language="hun">vizszintes</Macro>
	<Macro ID="$vizszintes_1" Language="sky">vodorovn�</Macro>
	<Macro ID="$vizszintes_1" Language="rom">orizontal</Macro>
</WinWattDBGlobalMacro>

<WinWattDBRadiator DTLog="Yes">
  <ItemHeader>
    <Date><Year>2005</Year><Month>7</Month><Day>24</Day></Date>
    <ItemPath>ZEHNDER</ItemPath>
    <ItemName>ZEHNDER plano durchbruch $vizszintes_1</ItemName>
    <HomePage>www.zehnder-online.de</HomePage></ItemHeader>
  <DTOrigin>49.833</DTOrigin>
  <DimensionArray Type="Height" >
    <DimensionString Value="220" >220</DimensionString>
    <DimensionString Value="320" >320</DimensionString>
    <DimensionString Value="420" >420</DimensionString>
    <DimensionString Value="520" >520</DimensionString>
    <DimensionString Value="620" >620</DimensionString>
    <DimensionString Value="720" >720</DimensionString>
    <DimensionString Value="950" >910</DimensionString>
  </DimensionArray>
  <DimensionArray Type="Width" >
    <DimensionString Value="32" >PH 10/</DimensionString>
    <DimensionString Value="43" >PH 11/</DimensionString>
    <DimensionString Value="95" >PH 20/</DimensionString>
    <DimensionString Value="95" >PH 21/</DimensionString>
    <DimensionString Value="95" >PH 22/</DimensionString>
    <DimensionString Value="166" >PH 30/</DimensionString>
    <DimensionString Value="166" >PH 33/</DimensionString>
  </DimensionArray>
  <DimensionArray Type="Length" >
    <DimensionString Value="500" >500</DimensionString>
    <DimensionString Value="600" >600</DimensionString>
    <DimensionString Value="700" >700</DimensionString>
    <DimensionString Value="800" >800</DimensionString>
    <DimensionString Value="900" >900</DimensionString>
    <DimensionString Value="1000" >1000</DimensionString>
    <DimensionString Value="1100" >1100</DimensionString>
    <DimensionString Value="1200" >1200</DimensionString>
    <DimensionString Value="1300" >1300</DimensionString>
    <DimensionString Value="1400" >1400</DimensionString>
    <DimensionString Value="1500" >1500</DimensionString>
    <DimensionString Value="1600" >1600</DimensionString>
    <DimensionString Value="1700" >1700</DimensionString>
    <DimensionString Value="1800" >1800</DimensionString>
    <DimensionString Value="1900" >1900</DimensionString>
    <DimensionString Value="2000" >2000</DimensionString>
    <DimensionString Value="2200" >2200</DimensionString>
    <DimensionString Value="2400" >2400</DimensionString>
    <DimensionString Value="2600" >2600</DimensionString>
    <DimensionString Value="2800" >2800</DimensionString>
    <DimensionString Value="3000" >3000</DimensionString>
    <DimensionString Value="3200" >3200</DimensionString>
    <DimensionString Value="3400" >3400</DimensionString>
    <DimensionString Value="3600" >3600</DimensionString>
    <DimensionString Value="3800" >3800</DimensionString>
    <DimensionString Value="4000" >4000</DimensionString>
  </DimensionArray>
  <RadiatorMainType>	<MainTypeName>plano durchbruch PH 10/22-</MainTypeName>	<DimensionIndex>0</DimensionIndex>	<DimensionIndex>0</DimensionIndex>	<kvValue>4</kvValue>		<RadiatorSubTypeMacro From="0" To="25">	<Name>plano durchbruch PH 10/22-{S}</Name>	<Power>278</Power>	<Surface>0.5</Surface>	<Volume>1.7</Volume>	<Exponent>1.24</Exponent>	<EstimateCode>ZEHNDER_PLANO_DURCHBRUCH_PH_10/22-{S}</EstimateCode>	</RadiatorSubTypeMacro>	</RadiatorMainType>
  <RadiatorMainType>	<MainTypeName>plano durchbruch PH 11/22-</MainTypeName>	<DimensionIndex>0</DimensionIndex>	<DimensionIndex>1</DimensionIndex>	<kvValue>4</kvValue>		<RadiatorSubTypeMacro From="0" To="25">	<Name>plano durchbruch PH 11/22-{S}</Name>	<Power>371</Power>	<Surface>1</Surface>	<Volume>1.8</Volume>	<Exponent>1.26</Exponent>	<EstimateCode>ZEHNDER_PLANO_DURCHBRUCH_PH_11/22-{S}</EstimateCode>	</RadiatorSubTypeMacro>	</RadiatorMainType>
  <RadiatorMainType>	<MainTypeName>plano durchbruch PH 20/22-</MainTypeName>	<DimensionIndex>0</DimensionIndex>	<DimensionIndex>2</DimensionIndex>	<kvValue>4</kvValue>		<RadiatorSubTypeMacro From="0" To="25">	<Name>plano durchbruch PH 20/22-{S}</Name>	<Power>468</Power>	<Surface>1</Surface>	<Volume>2.4</Volume>	<Exponent>1.27</Exponent>	<EstimateCode>ZEHNDER_PLANO_DURCHBRUCH_PH_20/22-{S}</EstimateCode>	</RadiatorSubTypeMacro>	</RadiatorMainType>
  <RadiatorMainType>	<MainTypeName>plano durchbruch PH 21/22-</MainTypeName>	<DimensionIndex>0</DimensionIndex>	<DimensionIndex>3</DimensionIndex>	<kvValue>4</kvValue>		<RadiatorSubTypeMacro From="0" To="25">	<Name>plano durchbruch PH 21/22-{S}</Name>	<Power>561</Power>	<Surface>1.5</Surface>	<Volume>2.5</Volume>	<Exponent>1.24</Exponent>	<EstimateCode>ZEHNDER_PLANO_DURCHBRUCH_PH_21/22-{S}</EstimateCode>	</RadiatorSubTypeMacro>	</RadiatorMainType>
  <RadiatorMainType>	<MainTypeName>plano durchbruch PH 22/22-</MainTypeName>	<DimensionIndex>0</DimensionIndex>	<DimensionIndex>4</DimensionIndex>	<kvValue>4</kvValue>		<RadiatorSubTypeMacro From="0" To="25">	<Name>plano durchbruch PH 22/22-{S}</Name>	<Power>674</Power>	<Surface>2</Surface>	<Volume>2.7</Volume>	<Exponent>1.26</Exponent>	<EstimateCode>ZEHNDER_PLANO_DURCHBRUCH_PH_22/22-{S}</EstimateCode>	</RadiatorSubTypeMacro>	</RadiatorMainType>
  <RadiatorMainType>	<MainTypeName>plano durchbruch PH 30/22-</MainTypeName>	<DimensionIndex>0</DimensionIndex>	<DimensionIndex>5</DimensionIndex>	<kvValue>4</kvValue>		<RadiatorSubTypeMacro From="0" To="25">	<Name>plano durchbruch PH 30/22-{S}</Name>	<Power>668</Power>	<Surface>1.5</Surface>	<Volume>3.8</Volume>	<Exponent>1.27</Exponent>	<EstimateCode>ZEHNDER_PLANO_DURCHBRUCH_PH_30/22-{S}</EstimateCode>	</RadiatorSubTypeMacro>	</RadiatorMainType>
  <RadiatorMainType>	<MainTypeName>plano durchbruch PH 33/22-</MainTypeName>	<DimensionIndex>0</DimensionIndex>	<DimensionIndex>6</DimensionIndex>	<kvValue>4</kvValue>		<RadiatorSubTypeMacro From="0" To="25">	<Name>plano durchbruch PH 33/22-{S}</Name>	<Power>987</Power>	<Surface>3</Surface>	<Volume>4</Volume>	<Exponent>1.23</Exponent>	<EstimateCode>ZEHNDER_PLANO_DURCHBRUCH_PH_33/22-{S}</EstimateCode>	</RadiatorSubTypeMacro>	</RadiatorMainType>
  <RadiatorMainType>	<MainTypeName>plano durchbruch PH 10/32-</MainTypeName>	<DimensionIndex>1</DimensionIndex>	<DimensionIndex>0</DimensionIndex>	<kvValue>4</kvValue>		<RadiatorSubTypeMacro From="0" To="25">	<Name>plano durchbruch PH 10/32-{S}</Name>	<Power>374</Power>	<Surface>0.7</Surface>	<Volume>1.7</Volume>	<Exponent>1.23</Exponent>	<EstimateCode>ZEHNDER_PLANO_DURCHBRUCH_PH_10/32-{S}</EstimateCode>	</RadiatorSubTypeMacro>	</RadiatorMainType>
  <RadiatorMainType>	<MainTypeName>plano durchbruch PH 11/32-</MainTypeName>	<DimensionIndex>1</DimensionIndex>	<DimensionIndex>1</DimensionIndex>	<kvValue>4</kvValue>		<RadiatorSubTypeMacro From="0" To="25">	<Name>plano durchbruch PH 11/32-{S}</Name>	<Power>502</Power>	<Surface>1.6</Surface>	<Volume>1.8</Volume>	<Exponent>1.23</Exponent>	<EstimateCode>ZEHNDER_PLANO_DURCHBRUCH_PH_11/32-{S}</EstimateCode>	</RadiatorSubTypeMacro>	</RadiatorMainType>
  <RadiatorMainType>	<MainTypeName>plano durchbruch PH 20/32-</MainTypeName>	<DimensionIndex>1</DimensionIndex>	<DimensionIndex>2</DimensionIndex>	<kvValue>4</kvValue>		<RadiatorSubTypeMacro From="0" To="25">	<Name>plano durchbruch PH 20/32-{S}</Name>	<Power>624</Power>	<Surface>1.4</Surface>	<Volume>2.8</Volume>	<Exponent>1.26</Exponent>	<EstimateCode>ZEHNDER_PLANO_DURCHBRUCH_PH_20/32-{S}</EstimateCode>	</RadiatorSubTypeMacro>	</RadiatorMainType>
  <RadiatorMainType>	<MainTypeName>plano durchbruch PH 21/32-</MainTypeName>	<DimensionIndex>1</DimensionIndex>	<DimensionIndex>3</DimensionIndex>	<kvValue>4</kvValue>		<RadiatorSubTypeMacro From="0" To="25">	<Name>plano durchbruch PH 21/32-{S}</Name>	<Power>775</Power>	<Surface>2.3</Surface>	<Volume>2.9</Volume>	<Exponent>1.24</Exponent>	<EstimateCode>ZEHNDER_PLANO_DURCHBRUCH_PH_21/32-{S}</EstimateCode>	</RadiatorSubTypeMacro>	</RadiatorMainType>
  <RadiatorMainType>	<MainTypeName>plano durchbruch PH 22/32-</MainTypeName>	<DimensionIndex>1</DimensionIndex>	<DimensionIndex>4</DimensionIndex>	<kvValue>4</kvValue>		<RadiatorSubTypeMacro From="0" To="25">	<Name>plano durchbruch PH 22/32-{S}</Name>	<Power>973</Power>	<Surface>3.2</Surface>	<Volume>3</Volume>	<Exponent>1.24</Exponent>	<EstimateCode>ZEHNDER_PLANO_DURCHBRUCH_PH_22/32-{S}</EstimateCode>	</RadiatorSubTypeMacro>	</RadiatorMainType>
  <RadiatorMainType>	<MainTypeName>plano durchbruch PH 30/32-</MainTypeName>	<DimensionIndex>1</DimensionIndex>	<DimensionIndex>5</DimensionIndex>	<kvValue>4</kvValue>		<RadiatorSubTypeMacro From="0" To="25">	<Name>plano durchbruch PH 30/32-{S}</Name>	<Power>897</Power>	<Surface>2.1</Surface>	<Volume>4.5</Volume>	<Exponent>1.26</Exponent>	<EstimateCode>ZEHNDER_PLANO_DURCHBRUCH_PH_30/32-{S}</EstimateCode>	</RadiatorSubTypeMacro>	</RadiatorMainType>
  <RadiatorMainType>	<MainTypeName>plano durchbruch PH 33/32-</MainTypeName>	<DimensionIndex>1</DimensionIndex>	<DimensionIndex>6</DimensionIndex>	<kvValue>4</kvValue>		<RadiatorSubTypeMacro From="0" To="25">	<Name>plano durchbruch PH 33/32-{S}</Name>	<Power>1420</Power>	<Surface>4.8</Surface>	<Volume>4.5</Volume>	<Exponent>1.26</Exponent>	<EstimateCode>ZEHNDER_PLANO_DURCHBRUCH_PH_33/32-{S}</EstimateCode>	</RadiatorSubTypeMacro>	</RadiatorMainType>
  <RadiatorMainType>	<MainTypeName>plano durchbruch PH 10/42-</MainTypeName>	<DimensionIndex>2</DimensionIndex>	<DimensionIndex>0</DimensionIndex>	<kvValue>4</kvValue>		<RadiatorSubTypeMacro From="0" To="25">	<Name>plano durchbruch PH 10/42-{S}</Name>	<Power>466</Power>	<Surface>0.9</Surface>	<Volume>2</Volume>	<Exponent>1.26</Exponent>	<EstimateCode>ZEHNDER_PLANO_DURCHBRUCH_PH_10/42-{S}</EstimateCode>	</RadiatorSubTypeMacro>	</RadiatorMainType>
  <RadiatorMainType>	<MainTypeName>plano durchbruch PH 11/42-</MainTypeName>	<DimensionIndex>2</DimensionIndex>	<DimensionIndex>1</DimensionIndex>	<kvValue>4</kvValue>		<RadiatorSubTypeMacro From="0" To="25">	<Name>plano durchbruch PH 11/42-{S}</Name>	<Power>667</Power>	<Surface>2.2</Surface>	<Volume>2.2</Volume>	<Exponent>1.25</Exponent>	<EstimateCode>ZEHNDER_PLANO_DURCHBRUCH_PH_11/42-{S}</EstimateCode>	</RadiatorSubTypeMacro>	</RadiatorMainType>
  <RadiatorMainType>	<MainTypeName>plano durchbruch PH 20/42-</MainTypeName>	<DimensionIndex>2</DimensionIndex>	<DimensionIndex>2</DimensionIndex>	<kvValue>4</kvValue>		<RadiatorSubTypeMacro From="0" To="25">	<Name>plano durchbruch PH 20/42-{S}</Name>	<Power>783</Power>	<Surface>1.9</Surface>	<Volume>3.4</Volume>	<Exponent>1.25</Exponent>	<EstimateCode>ZEHNDER_PLANO_DURCHBRUCH_PH_20/42-{S}</EstimateCode>	</RadiatorSubTypeMacro>	</RadiatorMainType>
  <RadiatorMainType>	<MainTypeName>plano durchbruch PH 21/42-</MainTypeName>	<DimensionIndex>2</DimensionIndex>	<DimensionIndex>3</DimensionIndex>	<kvValue>4</kvValue>		<RadiatorSubTypeMacro From="0" To="25">	<Name>plano durchbruch PH 21/42-{S}</Name>	<Power>1018</Power>	<Surface>3.1</Surface>	<Volume>3.5</Volume>	<Exponent>1.26</Exponent>	<EstimateCode>ZEHNDER_PLANO_DURCHBRUCH_PH_21/42-{S}</EstimateCode>	</RadiatorSubTypeMacro>	</RadiatorMainType>
  <RadiatorMainType>	<MainTypeName>plano durchbruch PH 22/42-</MainTypeName>	<DimensionIndex>2</DimensionIndex>	<DimensionIndex>4</DimensionIndex>	<kvValue>4</kvValue>		<RadiatorSubTypeMacro From="0" To="25">	<Name>plano durchbruch PH 22/42-{S}</Name>	<Power>1269</Power>	<Surface>4.4</Surface>	<Volume>3.5</Volume>	<Exponent>1.26</Exponent>	<EstimateCode>ZEHNDER_PLANO_DURCHBRUCH_PH_22/42-{S}</EstimateCode>	</RadiatorSubTypeMacro>	</RadiatorMainType>
  <RadiatorMainType>	<MainTypeName>plano durchbruch PH 30/42-</MainTypeName>	<DimensionIndex>2</DimensionIndex>	<DimensionIndex>5</DimensionIndex>	<kvValue>4</kvValue>		<RadiatorSubTypeMacro From="0" To="25">	<Name>plano durchbruch PH 30/42-{S}</Name>	<Power>1124</Power>	<Surface>2.8</Surface>	<Volume>5.2</Volume>	<Exponent>1.27</Exponent>	<EstimateCode>ZEHNDER_PLANO_DURCHBRUCH_PH_30/42-{S}</EstimateCode>	</RadiatorSubTypeMacro>	</RadiatorMainType>
  <RadiatorMainType>	<MainTypeName>plano durchbruch PH 33/42-</MainTypeName>	<DimensionIndex>2</DimensionIndex>	<DimensionIndex>6</DimensionIndex>	<kvValue>4</kvValue>		<RadiatorSubTypeMacro From="0" To="25">	<Name>plano durchbruch PH 33/42-{S}</Name>	<Power>1849</Power>	<Surface>6.6</Surface>	<Volume>5.2</Volume>	<Exponent>1.28</Exponent>	<EstimateCode>ZEHNDER_PLANO_DURCHBRUCH_PH_33/42-{S}</EstimateCode>	</RadiatorSubTypeMacro>	</RadiatorMainType>
  <RadiatorMainType>	<MainTypeName>plano durchbruch PH 10/52-</MainTypeName>	<DimensionIndex>3</DimensionIndex>	<DimensionIndex>0</DimensionIndex>	<kvValue>4</kvValue>		<RadiatorSubTypeMacro From="0" To="25">	<Name>plano durchbruch PH 10/52-{S}</Name>	<Power>559</Power>	<Surface>1.2</Surface>	<Volume>2.3</Volume>	<Exponent>1.29</Exponent>	<EstimateCode>ZEHNDER_PLANO_DURCHBRUCH_PH_10/52-{S}</EstimateCode>	</RadiatorSubTypeMacro>	</RadiatorMainType>
  <RadiatorMainType>	<MainTypeName>plano durchbruch PH 11/52-</MainTypeName>	<DimensionIndex>3</DimensionIndex>	<DimensionIndex>1</DimensionIndex>	<kvValue>4</kvValue>		<RadiatorSubTypeMacro From="0" To="25">	<Name>plano durchbruch PH 11/52-{S}</Name>	<Power>824</Power>	<Surface>2.9</Surface>	<Volume>2.4</Volume>	<Exponent>1.26</Exponent>	<EstimateCode>ZEHNDER_PLANO_DURCHBRUCH_PH_11/52-{S}</EstimateCode>	</RadiatorSubTypeMacro>	</RadiatorMainType>
  <RadiatorMainType>	<MainTypeName>plano durchbruch PH 20/52-</MainTypeName>	<DimensionIndex>3</DimensionIndex>	<DimensionIndex>2</DimensionIndex>	<kvValue>4</kvValue>		<RadiatorSubTypeMacro From="0" To="25">	<Name>plano durchbruch PH 20/52-{S}</Name>	<Power>940</Power>	<Surface>2.3</Surface>	<Volume>4</Volume>	<Exponent>1.24</Exponent>	<EstimateCode>ZEHNDER_PLANO_DURCHBRUCH_PH_20/52-{S}</EstimateCode>	</RadiatorSubTypeMacro>	</RadiatorMainType>
  <RadiatorMainType>	<MainTypeName>plano durchbruch PH 21/52-</MainTypeName>	<DimensionIndex>3</DimensionIndex>	<DimensionIndex>3</DimensionIndex>	<kvValue>4</kvValue>		<RadiatorSubTypeMacro From="0" To="25">	<Name>plano durchbruch PH 21/52-{S}</Name>	<Power>1245</Power>	<Surface>4.1</Surface>	<Volume>4.1</Volume>	<Exponent>1.27</Exponent>	<EstimateCode>ZEHNDER_PLANO_DURCHBRUCH_PH_21/52-{S}</EstimateCode>	</RadiatorSubTypeMacro>	</RadiatorMainType>
  <RadiatorMainType>	<MainTypeName>plano durchbruch PH 22/52-</MainTypeName>	<DimensionIndex>3</DimensionIndex>	<DimensionIndex>4</DimensionIndex>	<kvValue>4</kvValue>		<RadiatorSubTypeMacro From="0" To="25">	<Name>plano durchbruch PH 22/52-{S}</Name>	<Power>1546</Power>	<Surface>5.8</Surface>	<Volume>4</Volume>	<Exponent>1.27</Exponent>	<EstimateCode>ZEHNDER_PLANO_DURCHBRUCH_PH_22/52-{S}</EstimateCode>	</RadiatorSubTypeMacro>	</RadiatorMainType>
  <RadiatorMainType>	<MainTypeName>plano durchbruch PH 30/52-</MainTypeName>	<DimensionIndex>3</DimensionIndex>	<DimensionIndex>5</DimensionIndex>	<kvValue>4</kvValue>		<RadiatorSubTypeMacro From="0" To="25">	<Name>plano durchbruch PH 30/52-{S}</Name>	<Power>1346</Power>	<Surface>3.5</Surface>	<Volume>5.8</Volume>	<Exponent>1.28</Exponent>	<EstimateCode>ZEHNDER_PLANO_DURCHBRUCH_PH_30/52-{S}</EstimateCode>	</RadiatorSubTypeMacro>	</RadiatorMainType>
  <RadiatorMainType>	<MainTypeName>plano durchbruch PH 33/52-</MainTypeName>	<DimensionIndex>3</DimensionIndex>	<DimensionIndex>6</DimensionIndex>	<kvValue>4</kvValue>		<RadiatorSubTypeMacro From="0" To="25">	<Name>plano durchbruch PH 33/52-{S}</Name>	<Power>2252</Power>	<Surface>8.7</Surface>	<Volume>6</Volume>	<Exponent>1.3</Exponent>	<EstimateCode>ZEHNDER_PLANO_DURCHBRUCH_PH_33/52-{S}</EstimateCode>	</RadiatorSubTypeMacro>	</RadiatorMainType>
  <RadiatorMainType>	<MainTypeName>plano durchbruch PH 10/62-</MainTypeName>	<DimensionIndex>4</DimensionIndex>	<DimensionIndex>0</DimensionIndex>	<kvValue>4</kvValue>		<RadiatorSubTypeMacro From="0" To="25">	<Name>plano durchbruch PH 10/62-{S}</Name>	<Power>653</Power>	<Surface>1.4</Surface>	<Volume>2.5</Volume>	<Exponent>1.3</Exponent>	<EstimateCode>ZEHNDER_PLANO_DURCHBRUCH_PH_10/62-{S}</EstimateCode>	</RadiatorSubTypeMacro>	</RadiatorMainType>
  <RadiatorMainType>	<MainTypeName>plano durchbruch PH 11/62-</MainTypeName>	<DimensionIndex>4</DimensionIndex>	<DimensionIndex>1</DimensionIndex>	<kvValue>4</kvValue>		<RadiatorSubTypeMacro From="0" To="25">	<Name>plano durchbruch PH 11/62-{S}</Name>	<Power>971</Power>	<Surface>3.5</Surface>	<Volume>2.6</Volume>	<Exponent>1.27</Exponent>	<EstimateCode>ZEHNDER_PLANO_DURCHBRUCH_PH_11/62-{S}</EstimateCode>	</RadiatorSubTypeMacro>	</RadiatorMainType>
  <RadiatorMainType>	<MainTypeName>plano durchbruch PH 20/62-</MainTypeName>	<DimensionIndex>4</DimensionIndex>	<DimensionIndex>2</DimensionIndex>	<kvValue>4</kvValue>		<RadiatorSubTypeMacro From="0" To="25">	<Name>plano durchbruch PH 20/62-{S}</Name>	<Power>1095</Power>	<Surface>2.8</Surface>	<Volume>4.5</Volume>	<Exponent>1.24</Exponent>	<EstimateCode>ZEHNDER_PLANO_DURCHBRUCH_PH_20/62-{S}</EstimateCode>	</RadiatorSubTypeMacro>	</RadiatorMainType>
  <RadiatorMainType>	<MainTypeName>plano durchbruch PH 21/62-</MainTypeName>	<DimensionIndex>4</DimensionIndex>	<DimensionIndex>3</DimensionIndex>	<kvValue>4</kvValue>		<RadiatorSubTypeMacro From="0" To="25">	<Name>plano durchbruch PH 21/62-{S}</Name>	<Power>1459</Power>	<Surface>4.9</Surface>	<Volume>4.6</Volume>	<Exponent>1.28</Exponent>	<EstimateCode>ZEHNDER_PLANO_DURCHBRUCH_PH_21/62-{S}</EstimateCode>	</RadiatorSubTypeMacro>	</RadiatorMainType>
  <RadiatorMainType>	<MainTypeName>plano durchbruch PH 22/62-</MainTypeName>	<DimensionIndex>4</DimensionIndex>	<DimensionIndex>4</DimensionIndex>	<kvValue>4</kvValue>		<RadiatorSubTypeMacro From="0" To="25">	<Name>plano durchbruch PH 22/62-{S}</Name>	<Power>1806</Power>	<Surface>7</Surface>	<Volume>4.5</Volume>	<Exponent>1.29</Exponent>	<EstimateCode>ZEHNDER_PLANO_DURCHBRUCH_PH_22/62-{S}</EstimateCode>	</RadiatorSubTypeMacro>	</RadiatorMainType>
  <RadiatorMainType>	<MainTypeName>plano durchbruch PH 30/62-</MainTypeName>	<DimensionIndex>4</DimensionIndex>	<DimensionIndex>5</DimensionIndex>	<kvValue>4</kvValue>		<RadiatorSubTypeMacro From="0" To="25">	<Name>plano durchbruch PH 30/62-{S}</Name>	<Power>1564</Power>	<Surface>4.2</Surface>	<Volume>6.5</Volume>	<Exponent>1.29</Exponent>	<EstimateCode>ZEHNDER_PLANO_DURCHBRUCH_PH_30/62-{S}</EstimateCode>	</RadiatorSubTypeMacro>	</RadiatorMainType>
  <RadiatorMainType>	<MainTypeName>plano durchbruch PH 33/62-</MainTypeName>	<DimensionIndex>4</DimensionIndex>	<DimensionIndex>6</DimensionIndex>	<kvValue>4</kvValue>		<RadiatorSubTypeMacro From="0" To="25">	<Name>plano durchbruch PH 33/62-{S}</Name>	<Power>2629</Power>	<Surface>10.5</Surface>	<Volume>6.7</Volume>	<Exponent>1.33</Exponent>	<EstimateCode>ZEHNDER_PLANO_DURCHBRUCH_PH_33/62-{S}</EstimateCode>	</RadiatorSubTypeMacro>	</RadiatorMainType>
  <RadiatorMainType>	<MainTypeName>plano durchbruch PH 10/72-</MainTypeName>	<DimensionIndex>5</DimensionIndex>	<DimensionIndex>0</DimensionIndex>	<kvValue>4</kvValue>		<RadiatorSubTypeMacro From="0" To="25">	<Name>plano durchbruch PH 10/72-{S}</Name>	<Power>749</Power>	<Surface>1.6</Surface>	<Volume>2.8</Volume>	<Exponent>1.3</Exponent>	<EstimateCode>ZEHNDER_PLANO_DURCHBRUCH_PH_10/72-{S}</EstimateCode>	</RadiatorSubTypeMacro>	</RadiatorMainType>
  <RadiatorMainType>	<MainTypeName>plano durchbruch PH 11/72-</MainTypeName>	<DimensionIndex>5</DimensionIndex>	<DimensionIndex>1</DimensionIndex>	<kvValue>4</kvValue>		<RadiatorSubTypeMacro From="0" To="25">	<Name>plano durchbruch PH 11/72-{S}</Name>	<Power>1108</Power>	<Surface>4.1</Surface>	<Volume>2.8</Volume>	<Exponent>1.29</Exponent>	<EstimateCode>ZEHNDER_PLANO_DURCHBRUCH_PH_11/72-{S}</EstimateCode>	</RadiatorSubTypeMacro>	</RadiatorMainType>
  <RadiatorMainType>	<MainTypeName>plano durchbruch PH 20/72-</MainTypeName>	<DimensionIndex>5</DimensionIndex>	<DimensionIndex>2</DimensionIndex>	<kvValue>4</kvValue>		<RadiatorSubTypeMacro From="0" To="25">	<Name>plano durchbruch PH 20/72-{S}</Name>	<Power>1248</Power>	<Surface>3.2</Surface>	<Volume>4.9</Volume>	<Exponent>1.25</Exponent>	<EstimateCode>ZEHNDER_PLANO_DURCHBRUCH_PH_20/72-{S}</EstimateCode>	</RadiatorSubTypeMacro>	</RadiatorMainType>
  <RadiatorMainType>	<MainTypeName>plano durchbruch PH 21/72-</MainTypeName>	<DimensionIndex>5</DimensionIndex>	<DimensionIndex>3</DimensionIndex>	<kvValue>4</kvValue>		<RadiatorSubTypeMacro From="0" To="25">	<Name>plano durchbruch PH 21/72-{S}</Name>	<Power>1657</Power>	<Surface>5.7</Surface>	<Volume>5.1</Volume>	<Exponent>1.29</Exponent>	<EstimateCode>ZEHNDER_PLANO_DURCHBRUCH_PH_21/72-{S}</EstimateCode>	</RadiatorSubTypeMacro>	</RadiatorMainType>
  <RadiatorMainType>	<MainTypeName>plano durchbruch PH 22/72-</MainTypeName>	<DimensionIndex>5</DimensionIndex>	<DimensionIndex>4</DimensionIndex>	<kvValue>4</kvValue>		<RadiatorSubTypeMacro From="0" To="25">	<Name>plano durchbruch PH 22/72-{S}</Name>	<Power>2047</Power>	<Surface>8.2</Surface>	<Volume>4.9</Volume>	<Exponent>1.3</Exponent>	<EstimateCode>ZEHNDER_PLANO_DURCHBRUCH_PH_22/72-{S}</EstimateCode>	</RadiatorSubTypeMacro>	</RadiatorMainType>
  <RadiatorMainType>	<MainTypeName>plano durchbruch PH 30/72-</MainTypeName>	<DimensionIndex>5</DimensionIndex>	<DimensionIndex>5</DimensionIndex>	<kvValue>4</kvValue>		<RadiatorSubTypeMacro From="0" To="25">	<Name>plano durchbruch PH 30/72-{S}</Name>	<Power>1778</Power>	<Surface>4.8</Surface>	<Volume>7.2</Volume>	<Exponent>1.3</Exponent>	<EstimateCode>ZEHNDER_PLANO_DURCHBRUCH_PH_30/72-{S}</EstimateCode>	</RadiatorSubTypeMacro>	</RadiatorMainType>
  <RadiatorMainType>	<MainTypeName>plano durchbruch PH 33/72-</MainTypeName>	<DimensionIndex>5</DimensionIndex>	<DimensionIndex>6</DimensionIndex>	<kvValue>4</kvValue>		<RadiatorSubTypeMacro From="0" To="25">	<Name>plano durchbruch PH 33/72-{S}</Name>	<Power>2980</Power>	<Surface>12.3</Surface>	<Volume>7.4</Volume>	<Exponent>1.33</Exponent>	<EstimateCode>ZEHNDER_PLANO_DURCHBRUCH_PH_33/72-{S}</EstimateCode>	</RadiatorSubTypeMacro>	</RadiatorMainType>
  <RadiatorMainType>	<MainTypeName>plano durchbruch PH 10/95-</MainTypeName>	<DimensionIndex>6</DimensionIndex>	<DimensionIndex>0</DimensionIndex>	<kvValue>4</kvValue>		<RadiatorSubTypeMacro From="0" To="25">	<Name>plano durchbruch PH 10/95-{S}</Name>	<Power>973</Power>	<Surface>2</Surface>	<Volume>3.3</Volume>	<Exponent>1.28</Exponent>	<EstimateCode>ZEHNDER_PLANO_DURCHBRUCH_PH_10/95-{S}</EstimateCode>	</RadiatorSubTypeMacro>	</RadiatorMainType>
  <RadiatorMainType>	<MainTypeName>plano durchbruch PH 11/95-</MainTypeName>	<DimensionIndex>6</DimensionIndex>	<DimensionIndex>1</DimensionIndex>	<kvValue>4</kvValue>		<RadiatorSubTypeMacro From="0" To="25">	<Name>plano durchbruch PH 11/95-{S}</Name>	<Power>1388</Power>	<Surface>5.7</Surface>	<Volume>3.1</Volume>	<Exponent>1.29</Exponent>	<EstimateCode>ZEHNDER_PLANO_DURCHBRUCH_PH_11/95-{S}</EstimateCode>	</RadiatorSubTypeMacro>	</RadiatorMainType>
  <RadiatorMainType>	<MainTypeName>plano durchbruch PH 20/95-</MainTypeName>	<DimensionIndex>6</DimensionIndex>	<DimensionIndex>2</DimensionIndex>	<kvValue>4</kvValue>		<RadiatorSubTypeMacro From="0" To="25">	<Name>plano durchbruch PH 20/95-{S}</Name>	<Power>1592</Power>	<Surface>4</Surface>	<Volume>5.7</Volume>	<Exponent>1.29</Exponent>	<EstimateCode>ZEHNDER_PLANO_DURCHBRUCH_PH_20/95-{S}</EstimateCode>	</RadiatorSubTypeMacro>	</RadiatorMainType>
  <RadiatorMainType>	<MainTypeName>plano durchbruch PH 21/95-</MainTypeName>	<DimensionIndex>6</DimensionIndex>	<DimensionIndex>3</DimensionIndex>	<kvValue>4</kvValue>		<RadiatorSubTypeMacro From="0" To="25">	<Name>plano durchbruch PH 21/95-{S}</Name>	<Power>2059</Power>	<Surface>7.7</Surface>	<Volume>6</Volume>	<Exponent>1.3</Exponent>	<EstimateCode>ZEHNDER_PLANO_DURCHBRUCH_PH_21/95-{S}</EstimateCode>	</RadiatorSubTypeMacro>	</RadiatorMainType>
  <RadiatorMainType>	<MainTypeName>plano durchbruch PH 22/95-</MainTypeName>	<DimensionIndex>6</DimensionIndex>	<DimensionIndex>4</DimensionIndex>	<kvValue>4</kvValue>		<RadiatorSubTypeMacro From="0" To="25">	<Name>plano durchbruch PH 22/95-{S}</Name>	<Power>2533</Power>	<Surface>11.4</Surface>	<Volume>6</Volume>	<Exponent>1.32</Exponent>	<EstimateCode>ZEHNDER_PLANO_DURCHBRUCH_PH_22/95-{S}</EstimateCode>	</RadiatorSubTypeMacro>	</RadiatorMainType>
  <RadiatorMainType>	<MainTypeName>plano durchbruch PH 30/95-</MainTypeName>	<DimensionIndex>6</DimensionIndex>	<DimensionIndex>5</DimensionIndex>	<kvValue>4</kvValue>		<RadiatorSubTypeMacro From="0" To="25">	<Name>plano durchbruch PH 30/95-{S}</Name>	<Power>2251</Power>	<Surface>6</Surface>	<Volume>8.8</Volume>	<Exponent>1.3</Exponent>	<EstimateCode>ZEHNDER_PLANO_DURCHBRUCH_PH_30/95-{S}</EstimateCode>	</RadiatorSubTypeMacro>	</RadiatorMainType>
  <RadiatorMainType>	<MainTypeName>plano durchbruch PH 33/95-</MainTypeName>	<DimensionIndex>6</DimensionIndex>	<DimensionIndex>6</DimensionIndex>	<kvValue>4</kvValue>		<RadiatorSubTypeMacro From="0" To="25">	<Name>plano durchbruch PH 33/95-{S}</Name>	<Power>3689</Power>	<Surface>17.1</Surface>	<Volume>9</Volume>	<Exponent>1.35</Exponent>	<EstimateCode>ZEHNDER_PLANO_DURCHBRUCH_PH_33/95-{S}</EstimateCode>	</RadiatorSubTypeMacro>	</RadiatorMainType>
</WinWattDBRadiator>

</WinWattDB>
