<?xml version="1.0" encoding="ISO-8859-2" ?>
<WinWattDB>

<WinWattDBGlobalMacro>
	<Macro ID="$vizszintes_1" Language="hun">vizszintes</Macro>
	<Macro ID="$vizszintes_1" Language="sky">vodorovn�</Macro>
	<Macro ID="$vizszintes_1" Language="rom">orizontal</Macro>
</WinWattDBGlobalMacro>

<WinWattDBRadiator DTLog="Yes">
  <ItemHeader>
    <Date><Year>2005</Year><Month>7</Month><Day>24</Day></Date>
    <ItemPath>ZEHNDER</ItemPath>
    <ItemName>ZEHNDER radiapaneel completto $vizszintes_1</ItemName>
    <HomePage>www.zehnder-online.de</HomePage></ItemHeader>
  <DTOrigin>49.833</DTOrigin>
  <DimensionArray Type="Height" >
    <DimensionString>70</DimensionString>
    <DimensionString Value="140" >140</DimensionString>
    <DimensionString Value="210" >210</DimensionString>
    <DimensionString Value="280" >280</DimensionString>
    <DimensionString Value="350" >350</DimensionString>
    <DimensionString Value="420" >420</DimensionString>
    <DimensionString Value="490" >490</DimensionString>
    <DimensionString Value="560" >560</DimensionString>
    <DimensionString Value="630" >630</DimensionString>
    <DimensionString Value="700" >700</DimensionString>
    <DimensionString Value="770" >770</DimensionString>
    <DimensionString Value="840" >840</DimensionString>
    <DimensionString Value="910" >910</DimensionString>
    <DimensionString Value="980" >980</DimensionString>
    <DimensionString Value="1050" >1050</DimensionString>
    <DimensionString Value="1120" >1120</DimensionString>
    <DimensionString Value="1190" >1190</DimensionString>
    <DimensionString Value="1260" >1260</DimensionString>
    <DimensionString Value="1330" >1330</DimensionString>
    <DimensionString Value="1400" >1400</DimensionString>
    <DimensionString Value="1470" >1470</DimensionString>
    <DimensionString Value="1540" >1540</DimensionString>
    <DimensionString Value="1610" >1610</DimensionString>
    <DimensionString Value="1680" >1680</DimensionString>
  </DimensionArray>
  <DimensionArray Type="Width" >
    <DimensionString Value="38" >H</DimensionString>
    <DimensionString>HL /7</DimensionString>
    <DimensionString Value="63" >HL /14</DimensionString>
    <DimensionString Value="63" >HL /21</DimensionString>
    <DimensionString Value="63" >HL /28</DimensionString>
    <DimensionString Value="63" >HL /35</DimensionString>
    <DimensionString Value="63" >HL /49</DimensionString>
    <DimensionString Value="63" >HL /63</DimensionString>
    <DimensionString Value="101" >HH</DimensionString>
    <DimensionString Value="101" >HLH /14</DimensionString>
    <DimensionString Value="101" >HLH /28</DimensionString>
    <DimensionString Value="101" >HLH /49</DimensionString>
    <DimensionString Value="101" >HLH /63</DimensionString>
    <DimensionString Value="126" >HLHL /14</DimensionString>
    <DimensionString Value="126" >HLHL /28</DimensionString>
    <DimensionString Value="126" >HLHL /49</DimensionString>
    <DimensionString Value="126" >HLHL /63</DimensionString>
  </DimensionArray>
  <DimensionArray Type="Length" >
    <DimensionString Value="500" >500</DimensionString>
    <DimensionString Value="600" >600</DimensionString>
    <DimensionString Value="700" >700</DimensionString>
    <DimensionString Value="800" >800</DimensionString>
    <DimensionString Value="900" >900</DimensionString>
    <DimensionString Value="1000" >1000</DimensionString>
    <DimensionString Value="1100" >1100</DimensionString>
    <DimensionString Value="1200" >1200</DimensionString>
    <DimensionString Value="1300" >1300</DimensionString>
    <DimensionString Value="1400" >1400</DimensionString>
    <DimensionString Value="1500" >1500</DimensionString>
    <DimensionString Value="1600" >1600</DimensionString>
    <DimensionString Value="1700" >1700</DimensionString>
    <DimensionString Value="1800" >1800</DimensionString>
    <DimensionString Value="1900" >1900</DimensionString>
    <DimensionString Value="2000" >2000</DimensionString>
    <DimensionString Value="2200" >2200</DimensionString>
    <DimensionString Value="2400" >2400</DimensionString>
    <DimensionString Value="2600" >2600</DimensionString>
    <DimensionString Value="2800" >2800</DimensionString>
    <DimensionString Value="3000" >3000</DimensionString>
    <DimensionString Value="3200" >3200</DimensionString>
    <DimensionString Value="3400" >3400</DimensionString>
    <DimensionString Value="3600" >3600</DimensionString>
    <DimensionString Value="3800" >3800</DimensionString>
    <DimensionString Value="4000" >4000</DimensionString>
    <DimensionString Value="4200" >4200</DimensionString>
    <DimensionString Value="4400" >4400</DimensionString>
    <DimensionString Value="4600" >4600</DimensionString>
    <DimensionString Value="4800" >4800</DimensionString>
    <DimensionString Value="5000" >5000</DimensionString>
    <DimensionString Value="5200" >5200</DimensionString>
    <DimensionString Value="5400" >5400</DimensionString>
    <DimensionString Value="5600" >5600</DimensionString>
    <DimensionString Value="5800" >5800</DimensionString>
    <DimensionString Value="6000" >6000</DimensionString>
  </DimensionArray>
  <RadiatorMainType>	<MainTypeName>radiapaneel completto H 14-</MainTypeName>	<DimensionIndex>1</DimensionIndex>	<DimensionIndex>0</DimensionIndex>	<kvValue>4</kvValue>		<RadiatorSubTypeMacro From="0" To="35">	<Name>radiapaneel completto H 14-{S}</Name>		<Power>177</Power>	<Surface>0.3199</Surface>	<Volume>1.2</Volume>	<Exponent>1.23</Exponent>	<EstimateCode>ZEHNDER_RADIAPANEEL_COMPLETTO_H_14-{S}</EstimateCode>	</RadiatorSubTypeMacro>	</RadiatorMainType>
  <RadiatorMainType>	<MainTypeName>radiapaneel completto HL 14/14-</MainTypeName>	<DimensionIndex>1</DimensionIndex>	<DimensionIndex>2</DimensionIndex>	<kvValue>4</kvValue>		<RadiatorSubTypeMacro From="0" To="35">	<Name>radiapaneel completto HL 14/14-{S}</Name>		<Power>359</Power>	<Surface>1.82</Surface>		<Volume>1.2</Volume>	<Exponent>1.23</Exponent>	<EstimateCode>ZEHNDER_RADIAPANEEL_COMPLETTO_HL_14/14-{S}</EstimateCode>	</RadiatorSubTypeMacro>	</RadiatorMainType>
  <RadiatorMainType>	<MainTypeName>radiapaneel completto HH 14-</MainTypeName>	<DimensionIndex>1</DimensionIndex>	<DimensionIndex>8</DimensionIndex>	<kvValue>4</kvValue>		<RadiatorSubTypeMacro From="0" To="35">	<Name>radiapaneel completto HH 14-{S}</Name>		<Power>293</Power>	<Surface>0.6399</Surface>	<Volume>2.4</Volume>	<Exponent>1.29</Exponent>	<EstimateCode>ZEHNDER_RADIAPANEEL_COMPLETTO_HH_14-{S}</EstimateCode>	</RadiatorSubTypeMacro>	</RadiatorMainType>
  <RadiatorMainType>	<MainTypeName>radiapaneel completto H 21-</MainTypeName>	<DimensionIndex>2</DimensionIndex>	<DimensionIndex>0</DimensionIndex>	<kvValue>4</kvValue>		<RadiatorSubTypeMacro From="0" To="35">	<Name>radiapaneel completto H 21-{S}</Name>		<Power>249</Power>	<Surface>0.4703</Surface>	<Volume>1.8</Volume>	<Exponent>1.23</Exponent>	<EstimateCode>ZEHNDER_RADIAPANEEL_COMPLETTO_H_21-{S}</EstimateCode>	</RadiatorSubTypeMacro>	</RadiatorMainType>
  <RadiatorMainType>	<MainTypeName>radiapaneel completto HL 21/21-</MainTypeName>	<DimensionIndex>2</DimensionIndex>	<DimensionIndex>3</DimensionIndex>	<kvValue>4</kvValue>		<RadiatorSubTypeMacro From="0" To="35">	<Name>radiapaneel completto HL 21/21-{S}</Name>		<Power>509</Power>	<Surface>2.751</Surface>	<Volume>1.8</Volume>	<Exponent>1.24</Exponent>	<EstimateCode>ZEHNDER_RADIAPANEEL_COMPLETTO_HL_21/21-{S}</EstimateCode>	</RadiatorSubTypeMacro>	</RadiatorMainType>
  <RadiatorMainType>	<MainTypeName>radiapaneel completto HH 21-</MainTypeName>	<DimensionIndex>2</DimensionIndex>	<DimensionIndex>8</DimensionIndex>	<kvValue>4</kvValue>		<RadiatorSubTypeMacro From="0" To="35">	<Name>radiapaneel completto HH 21-{S}</Name>		<Power>390</Power>	<Surface>0.9304</Surface>	<Volume>3.6</Volume>	<Exponent>1.26</Exponent>	<EstimateCode>ZEHNDER_RADIAPANEEL_COMPLETTO_HH_21-{S}</EstimateCode>	</RadiatorSubTypeMacro>	</RadiatorMainType>
  <RadiatorMainType>	<MainTypeName>radiapaneel completto H 28-</MainTypeName>	<DimensionIndex>3</DimensionIndex>	<DimensionIndex>0</DimensionIndex>	<kvValue>4</kvValue>		<RadiatorSubTypeMacro From="0" To="35">	<Name>radiapaneel completto H 28-{S}</Name>		<Power>318</Power>	<Surface>0.6107</Surface>	<Volume>2.351</Volume>	<Exponent>1.23</Exponent>	<EstimateCode>ZEHNDER_RADIAPANEEL_COMPLETTO_H_28-{S}</EstimateCode>	</RadiatorSubTypeMacro>	</RadiatorMainType>
  <RadiatorMainType>	<MainTypeName>radiapaneel completto HL 28/28-</MainTypeName>	<DimensionIndex>3</DimensionIndex>	<DimensionIndex>4</DimensionIndex>	<kvValue>4</kvValue>		<RadiatorSubTypeMacro From="0" To="35">	<Name>radiapaneel completto HL 28/28-{S}</Name>		<Power>610</Power>	<Surface>3.69</Surface>		<Volume>2.351</Volume>	<Exponent>1.25</Exponent>	<EstimateCode>ZEHNDER_RADIAPANEEL_COMPLETTO_HL_28/28-{S}</EstimateCode>	</RadiatorSubTypeMacro>	</RadiatorMainType>
  <RadiatorMainType>	<MainTypeName>radiapaneel completto HH 28-</MainTypeName>	<DimensionIndex>3</DimensionIndex>	<DimensionIndex>8</DimensionIndex>	<kvValue>4</kvValue>		<RadiatorSubTypeMacro From="0" To="35">	<Name>radiapaneel completto HH 28-{S}</Name>		<Power>495</Power>	<Surface>1.23</Surface>		<Volume>4.7</Volume>	<Exponent>1.24</Exponent>	<EstimateCode>ZEHNDER_RADIAPANEEL_COMPLETTO_HH_28-{S}</EstimateCode>	</RadiatorSubTypeMacro>	</RadiatorMainType>
  <RadiatorMainType>	<MainTypeName>radiapaneel completto H 35-</MainTypeName>	<DimensionIndex>4</DimensionIndex>	<DimensionIndex>0</DimensionIndex>	<kvValue>4</kvValue>		<RadiatorSubTypeMacro From="0" To="35">	<Name>radiapaneel completto H 35-{S}</Name>		<Power>383</Power>	<Surface>0.7601</Surface>	<Volume>2.9</Volume>	<Exponent>1.23</Exponent>	<EstimateCode>ZEHNDER_RADIAPANEEL_COMPLETTO_H_35-{S}</EstimateCode>	</RadiatorSubTypeMacro>	</RadiatorMainType>
  <RadiatorMainType>	<MainTypeName>radiapaneel completto HL 35/14-</MainTypeName>	<DimensionIndex>4</DimensionIndex>	<DimensionIndex>2</DimensionIndex>	<kvValue>4</kvValue>		<RadiatorSubTypeMacro From="0" To="35">	<Name>radiapaneel completto HL 35/14-{S}</Name>		<Power>578</Power>	<Surface>2.27</Surface>		<Volume>2.9</Volume>	<Exponent>1.25</Exponent>	<EstimateCode>ZEHNDER_RADIAPANEEL_COMPLETTO_HL_35/14-{S}</EstimateCode>	</RadiatorSubTypeMacro>	</RadiatorMainType>
  <RadiatorMainType>	<MainTypeName>radiapaneel completto HL 35/35-</MainTypeName>	<DimensionIndex>4</DimensionIndex>	<DimensionIndex>5</DimensionIndex>	<kvValue>4</kvValue>		<RadiatorSubTypeMacro From="0" To="35">	<Name>radiapaneel completto HL 35/35-{S}</Name>		<Power>726</Power>	<Surface>4.62</Surface>		<Volume>2.9</Volume>	<Exponent>1.26</Exponent>	<EstimateCode>ZEHNDER_RADIAPANEEL_COMPLETTO_HL_35/35-{S}</EstimateCode>	</RadiatorSubTypeMacro>	</RadiatorMainType>
  <RadiatorMainType>	<MainTypeName>radiapaneel completto HH 35-</MainTypeName>	<DimensionIndex>4</DimensionIndex>	<DimensionIndex>8</DimensionIndex>	<kvValue>4</kvValue>		<RadiatorSubTypeMacro From="0" To="35">	<Name>radiapaneel completto HH 35-{S}</Name>		<Power>679</Power>	<Surface>1.52</Surface>		<Volume>5.8</Volume>	<Exponent>1.28</Exponent>	<EstimateCode>ZEHNDER_RADIAPANEEL_COMPLETTO_HH_35-{S}</EstimateCode>	</RadiatorSubTypeMacro>	</RadiatorMainType>
  <RadiatorMainType>	<MainTypeName>radiapaneel completto HLH 35/14-</MainTypeName>	<DimensionIndex>4</DimensionIndex>	<DimensionIndex>9</DimensionIndex>	<kvValue>4</kvValue>		<RadiatorSubTypeMacro From="0" To="35">	<Name>radiapaneel completto HLH 35/14-{S}</Name>	<Power>838</Power>	<Surface>3.03</Surface>		<Volume>5.8</Volume>	<Exponent>1.3</Exponent>	<EstimateCode>ZEHNDER_RADIAPANEEL_COMPLETTO_HLH_35/14-{S}</EstimateCode>	</RadiatorSubTypeMacro>	</RadiatorMainType>
  <RadiatorMainType>	<MainTypeName>radiapaneel completto HLH 35/28-</MainTypeName>	<DimensionIndex>4</DimensionIndex>	<DimensionIndex>10</DimensionIndex>	<kvValue>4</kvValue>		<RadiatorSubTypeMacro From="0" To="35">	<Name>radiapaneel completto HLH 35/28-{S}</Name>	<Power>917</Power>	<Surface>4.6</Surface>		<Volume>5.8</Volume>	<Exponent>1.35</Exponent>	<EstimateCode>ZEHNDER_RADIAPANEEL_COMPLETTO_HLH_35/28-{S}</EstimateCode>	</RadiatorSubTypeMacro>	</RadiatorMainType>
  <RadiatorMainType>	<MainTypeName>radiapaneel completto HLHL 35/14-</MainTypeName>	<DimensionIndex>4</DimensionIndex>	<DimensionIndex>13</DimensionIndex>	<kvValue>4</kvValue>		<RadiatorSubTypeMacro From="0" To="35">	<Name>radiapaneel completto HLHL 35/14-{S}</Name>	<Power>1063</Power>	<Surface>4.53</Surface>		<Volume>5.8</Volume>	<Exponent>1.34</Exponent>	<EstimateCode>ZEHNDER_RADIAPANEEL_COMPLETTO_HLHL_35/14-{S}</EstimateCode>	</RadiatorSubTypeMacro>	</RadiatorMainType>
  <RadiatorMainType>	<MainTypeName>radiapaneel completto HLHL 35/28-</MainTypeName>	<DimensionIndex>4</DimensionIndex>	<DimensionIndex>14</DimensionIndex>	<kvValue>4</kvValue>		<RadiatorSubTypeMacro From="0" To="35">	<Name>radiapaneel completto HLHL 35/28-{S}</Name>	<Power>1205</Power>	<Surface>7.67</Surface>		<Volume>5.8</Volume>	<Exponent>1.34</Exponent>	<EstimateCode>ZEHNDER_RADIAPANEEL_COMPLETTO_HLHL_35/28-{S}</EstimateCode>	</RadiatorSubTypeMacro>	</RadiatorMainType>
  <RadiatorMainType>	<MainTypeName>radiapaneel completto H 42-</MainTypeName>	<DimensionIndex>5</DimensionIndex>	<DimensionIndex>0</DimensionIndex>	<kvValue>4</kvValue>		<RadiatorSubTypeMacro From="0" To="35">	<Name>radiapaneel completto H 42-{S}</Name>		<Power>453</Power>	<Surface>0.9107</Surface>	<Volume>3.451</Volume>	<Exponent>1.25</Exponent>	<EstimateCode>ZEHNDER_RADIAPANEEL_COMPLETTO_H_42-{S}</EstimateCode>	</RadiatorSubTypeMacro>	</RadiatorMainType>
  <RadiatorMainType>	<MainTypeName>radiapaneel completto HL 42/14-</MainTypeName>	<DimensionIndex>5</DimensionIndex>	<DimensionIndex>2</DimensionIndex>	<kvValue>4</kvValue>		<RadiatorSubTypeMacro From="0" To="35">	<Name>radiapaneel completto HL 42/14-{S}</Name>		<Power>642</Power>	<Surface>2.411</Surface>	<Volume>3.451</Volume>	<Exponent>1.25</Exponent>	<EstimateCode>ZEHNDER_RADIAPANEEL_COMPLETTO_HL_42/14-{S}</EstimateCode>	</RadiatorSubTypeMacro>	</RadiatorMainType>
  <RadiatorMainType>	<MainTypeName>radiapaneel completto HL 42/28-</MainTypeName>	<DimensionIndex>5</DimensionIndex>	<DimensionIndex>4</DimensionIndex>	<kvValue>4</kvValue>		<RadiatorSubTypeMacro From="0" To="35">	<Name>radiapaneel completto HL 42/28-{S}</Name>		<Power>741</Power>	<Surface>3.99</Surface>		<Volume>3.451</Volume>	<Exponent>1.26</Exponent>	<EstimateCode>ZEHNDER_RADIAPANEEL_COMPLETTO_HL_42/28-{S}</EstimateCode>	</RadiatorSubTypeMacro>	</RadiatorMainType>
  <RadiatorMainType>	<MainTypeName>radiapaneel completto HH 42-</MainTypeName>	<DimensionIndex>5</DimensionIndex>	<DimensionIndex>8</DimensionIndex>	<kvValue>4</kvValue>		<RadiatorSubTypeMacro From="0" To="35">	<Name>radiapaneel completto HH 42-{S}</Name>		<Power>788</Power>	<Surface>1.82</Surface>		<Volume>6.9</Volume>	<Exponent>1.28</Exponent>	<EstimateCode>ZEHNDER_RADIAPANEEL_COMPLETTO_HH_42-{S}</EstimateCode>	</RadiatorSubTypeMacro>	</RadiatorMainType>
  <RadiatorMainType>	<MainTypeName>radiapaneel completto HLH 42/14-</MainTypeName>	<DimensionIndex>5</DimensionIndex>	<DimensionIndex>9</DimensionIndex>	<kvValue>4</kvValue>		<RadiatorSubTypeMacro From="0" To="35">	<Name>radiapaneel completto HLH 42/14-{S}</Name>	<Power>934</Power>	<Surface>3.32</Surface>		<Volume>6.9</Volume>	<Exponent>1.31</Exponent>	<EstimateCode>ZEHNDER_RADIAPANEEL_COMPLETTO_HLH_42/14-{S}</EstimateCode>	</RadiatorSubTypeMacro>	</RadiatorMainType>
  <RadiatorMainType>	<MainTypeName>radiapaneel completto HLH 42/28-</MainTypeName>	<DimensionIndex>5</DimensionIndex>	<DimensionIndex>10</DimensionIndex>	<kvValue>4</kvValue>		<RadiatorSubTypeMacro From="0" To="35">	<Name>radiapaneel completto HLH 42/28-{S}</Name>	<Power>1014</Power>	<Surface>4.9</Surface>		<Volume>6.9</Volume>	<Exponent>1.35</Exponent>	<EstimateCode>ZEHNDER_RADIAPANEEL_COMPLETTO_HLH_42/28-{S}</EstimateCode>	</RadiatorSubTypeMacro>	</RadiatorMainType>
  <RadiatorMainType>	<MainTypeName>radiapaneel completto HLHL 42/14-</MainTypeName>	<DimensionIndex>5</DimensionIndex>	<DimensionIndex>13</DimensionIndex>	<kvValue>4</kvValue>		<RadiatorSubTypeMacro From="0" To="35">	<Name>radiapaneel completto HLHL 42/14-{S}</Name>	<Power>1164</Power>	<Surface>4.83</Surface>		<Volume>6.9</Volume>	<Exponent>1.34</Exponent>	<EstimateCode>ZEHNDER_RADIAPANEEL_COMPLETTO_HLHL_42/14-{S}</EstimateCode>	</RadiatorSubTypeMacro>	</RadiatorMainType>
  <RadiatorMainType>	<MainTypeName>radiapaneel completto HLHL 42/28-</MainTypeName>	<DimensionIndex>5</DimensionIndex>	<DimensionIndex>14</DimensionIndex>	<kvValue>4</kvValue>		<RadiatorSubTypeMacro From="0" To="35">	<Name>radiapaneel completto HLHL 42/28-{S}</Name>	<Power>1298</Power>	<Surface>7.97</Surface>		<Volume>6.9</Volume>	<Exponent>1.35</Exponent>	<EstimateCode>ZEHNDER_RADIAPANEEL_COMPLETTO_HLHL_42/28-{S}</EstimateCode>	</RadiatorSubTypeMacro>	</RadiatorMainType>
  <RadiatorMainType>	<MainTypeName>radiapaneel completto H 49-</MainTypeName>	<DimensionIndex>6</DimensionIndex>	<DimensionIndex>0</DimensionIndex>	<kvValue>4</kvValue>		<RadiatorSubTypeMacro From="0" To="35">	<Name>radiapaneel completto H 49-{S}</Name>		<Power>519</Power>	<Surface>1.06</Surface>		<Volume>4</Volume>	<Exponent>1.25</Exponent>	<EstimateCode>ZEHNDER_RADIAPANEEL_COMPLETTO_H_49-{S}</EstimateCode>	</RadiatorSubTypeMacro>	</RadiatorMainType>
  <RadiatorMainType>	<MainTypeName>radiapaneel completto HL 49/28-</MainTypeName>	<DimensionIndex>6</DimensionIndex>	<DimensionIndex>4</DimensionIndex>	<kvValue>4</kvValue>		<RadiatorSubTypeMacro From="0" To="35">	<Name>radiapaneel completto HL 49/28-{S}</Name>		<Power>802</Power>	<Surface>4.14</Surface>		<Volume>4</Volume>	<Exponent>1.27</Exponent>	<EstimateCode>ZEHNDER_RADIAPANEEL_COMPLETTO_HL_49/28-{S}</EstimateCode>	</RadiatorSubTypeMacro>	</RadiatorMainType>
  <RadiatorMainType>	<MainTypeName>radiapaneel completto HL 49/49-</MainTypeName>	<DimensionIndex>6</DimensionIndex>	<DimensionIndex>6</DimensionIndex>	<kvValue>4</kvValue>		<RadiatorSubTypeMacro From="0" To="35">	<Name>radiapaneel completto HL 49/49-{S}</Name>		<Power>896</Power>	<Surface>6.5</Surface>		<Volume>4</Volume>	<Exponent>1.22</Exponent>	<EstimateCode>ZEHNDER_RADIAPANEEL_COMPLETTO_HL_49/49-{S}</EstimateCode>	</RadiatorSubTypeMacro>	</RadiatorMainType>
  <RadiatorMainType>	<MainTypeName>radiapaneel completto HH 49-</MainTypeName>	<DimensionIndex>6</DimensionIndex>	<DimensionIndex>8</DimensionIndex>	<kvValue>4</kvValue>		<RadiatorSubTypeMacro From="0" To="35">	<Name>radiapaneel completto HH 49-{S}</Name>		<Power>894</Power>	<Surface>2.111</Surface>	<Volume>8</Volume>	<Exponent>1.28</Exponent>	<EstimateCode>ZEHNDER_RADIAPANEEL_COMPLETTO_HH_49-{S}</EstimateCode>	</RadiatorSubTypeMacro>	</RadiatorMainType>
  <RadiatorMainType>	<MainTypeName>radiapaneel completto HLH 49/28-</MainTypeName>	<DimensionIndex>6</DimensionIndex>	<DimensionIndex>10</DimensionIndex>	<kvValue>4</kvValue>		<RadiatorSubTypeMacro From="0" To="35">	<Name>radiapaneel completto HLH 49/28-{S}</Name>	<Power>1109</Power>	<Surface>5.19</Surface>		<Volume>8</Volume>	<Exponent>1.36</Exponent>	<EstimateCode>ZEHNDER_RADIAPANEEL_COMPLETTO_HLH_49/28-{S}</EstimateCode>	</RadiatorSubTypeMacro>	</RadiatorMainType>
  <RadiatorMainType>	<MainTypeName>radiapaneel completto HLH 49/49-</MainTypeName>	<DimensionIndex>6</DimensionIndex>	<DimensionIndex>11</DimensionIndex>	<kvValue>4</kvValue>		<RadiatorSubTypeMacro From="0" To="35">	<Name>radiapaneel completto HLH 49/49-{S}</Name>	<Power>1186</Power>	<Surface>7.57</Surface>		<Volume>8</Volume>	<Exponent>1.35</Exponent>	<EstimateCode>ZEHNDER_RADIAPANEEL_COMPLETTO_HLH_49/49-{S}</EstimateCode>	</RadiatorSubTypeMacro>	</RadiatorMainType>
  <RadiatorMainType>	<MainTypeName>radiapaneel completto HLHL 49/28-</MainTypeName>	<DimensionIndex>6</DimensionIndex>	<DimensionIndex>14</DimensionIndex>	<kvValue>4</kvValue>		<RadiatorSubTypeMacro From="0" To="35">	<Name>radiapaneel completto HLHL 49/28-{S}</Name>	<Power>1350</Power>	<Surface>8.26</Surface>		<Volume>8</Volume>	<Exponent>1.35</Exponent>	<EstimateCode>ZEHNDER_RADIAPANEEL_COMPLETTO_HLHL_49/28-{S}</EstimateCode>	</RadiatorSubTypeMacro>	</RadiatorMainType>
  <RadiatorMainType>	<MainTypeName>radiapaneel completto HLHL 49/49-</MainTypeName>	<DimensionIndex>6</DimensionIndex>	<DimensionIndex>15</DimensionIndex>	<kvValue>4</kvValue>		<RadiatorSubTypeMacro From="0" To="35">	<Name>radiapaneel completto HLHL 49/49-{S}</Name>	<Power>1593</Power>	<Surface>12.97</Surface>	<Volume>8</Volume>	<Exponent>1.3</Exponent>	<EstimateCode>ZEHNDER_RADIAPANEEL_COMPLETTO_HLHL_49/49-{S}</EstimateCode>	</RadiatorSubTypeMacro>	</RadiatorMainType>
  <RadiatorMainType>	<MainTypeName>radiapaneel completto H 56-</MainTypeName>	<DimensionIndex>7</DimensionIndex>	<DimensionIndex>0</DimensionIndex>	<kvValue>4</kvValue>		<RadiatorSubTypeMacro From="0" To="35">	<Name>radiapaneel completto H 56-{S}</Name>		<Power>585</Power>	<Surface>1.2</Surface>		<Volume>4.6</Volume>	<Exponent>1.25</Exponent>	<EstimateCode>ZEHNDER_RADIAPANEEL_COMPLETTO_H_56-{S}</EstimateCode>	</RadiatorSubTypeMacro>	</RadiatorMainType>
  <RadiatorMainType>	<MainTypeName>radiapaneel completto HL 56/28-</MainTypeName>	<DimensionIndex>7</DimensionIndex>	<DimensionIndex>4</DimensionIndex>	<kvValue>4</kvValue>		<RadiatorSubTypeMacro From="0" To="35">	<Name>radiapaneel completto HL 56/28-{S}</Name>		<Power>861</Power>	<Surface>4.28</Surface>		<Volume>4.6</Volume>	<Exponent>1.27</Exponent>	<EstimateCode>ZEHNDER_RADIAPANEEL_COMPLETTO_HL_56/28-{S}</EstimateCode>	</RadiatorSubTypeMacro>	</RadiatorMainType>
  <RadiatorMainType>	<MainTypeName>radiapaneel completto HL 56/49-</MainTypeName>	<DimensionIndex>7</DimensionIndex>	<DimensionIndex>6</DimensionIndex>	<kvValue>4</kvValue>		<RadiatorSubTypeMacro From="0" To="35">	<Name>radiapaneel completto HL 56/49-{S}</Name>		<Power>950</Power>	<Surface>4.84</Surface>		<Volume>4.6</Volume>	<Exponent>1.22</Exponent>	<EstimateCode>ZEHNDER_RADIAPANEEL_COMPLETTO_HL_56/49-{S}</EstimateCode>	</RadiatorSubTypeMacro>	</RadiatorMainType>
  <RadiatorMainType>	<MainTypeName>radiapaneel completto HH 56-</MainTypeName>	<DimensionIndex>7</DimensionIndex>	<DimensionIndex>8</DimensionIndex>	<kvValue>4</kvValue>		<RadiatorSubTypeMacro From="0" To="35">	<Name>radiapaneel completto HH 56-{S}</Name>		<Power>998</Power>	<Surface>2.411</Surface>	<Volume>9.2</Volume>	<Exponent>1.28</Exponent>	<EstimateCode>ZEHNDER_RADIAPANEEL_COMPLETTO_HH_56-{S}</EstimateCode>	</RadiatorSubTypeMacro>	</RadiatorMainType>
  <RadiatorMainType>	<MainTypeName>radiapaneel completto HLH 56/28-</MainTypeName>	<DimensionIndex>7</DimensionIndex>	<DimensionIndex>10</DimensionIndex>	<kvValue>4</kvValue>		<RadiatorSubTypeMacro From="0" To="35">	<Name>radiapaneel completto HLH 56/28-{S}</Name>	<Power>1201</Power>	<Surface>5.49</Surface>		<Volume>9.2</Volume>	<Exponent>1.37</Exponent>	<EstimateCode>ZEHNDER_RADIAPANEEL_COMPLETTO_HLH_56/28-{S}</EstimateCode>	</RadiatorSubTypeMacro>	</RadiatorMainType>
  <RadiatorMainType>	<MainTypeName>radiapaneel completto HLH 56/49-</MainTypeName>	<DimensionIndex>7</DimensionIndex>	<DimensionIndex>11</DimensionIndex>	<kvValue>4</kvValue>		<RadiatorSubTypeMacro From="0" To="35">	<Name>radiapaneel completto HLH 56/49-{S}</Name>	<Power>1246</Power>	<Surface>6.04</Surface>		<Volume>9.2</Volume>	<Exponent>1.35</Exponent>	<EstimateCode>ZEHNDER_RADIAPANEEL_COMPLETTO_HLH_56/49-{S}</EstimateCode>	</RadiatorSubTypeMacro>	</RadiatorMainType>
  <RadiatorMainType>	<MainTypeName>radiapaneel completto HLHL 56/28-</MainTypeName>	<DimensionIndex>7</DimensionIndex>	<DimensionIndex>14</DimensionIndex>	<kvValue>4</kvValue>		<RadiatorSubTypeMacro From="0" To="35">	<Name>radiapaneel completto HLHL 56/28-{S}</Name>	<Power>1474</Power>	<Surface>8.56</Surface>		<Volume>9.2</Volume>	<Exponent>1.36</Exponent>	<EstimateCode>ZEHNDER_RADIAPANEEL_COMPLETTO_HLHL_56/28-{S}</EstimateCode>	</RadiatorSubTypeMacro>	</RadiatorMainType>
  <RadiatorMainType>	<MainTypeName>radiapaneel completto HLHL 56/49-</MainTypeName>	<DimensionIndex>7</DimensionIndex>	<DimensionIndex>15</DimensionIndex>	<kvValue>4</kvValue>		<RadiatorSubTypeMacro From="0" To="35">	<Name>radiapaneel completto HLHL 56/49-{S}</Name>	<Power>1672</Power>	<Surface>9.67</Surface>		<Volume>9.2</Volume>	<Exponent>1.3</Exponent>	<EstimateCode>ZEHNDER_RADIAPANEEL_COMPLETTO_HLHL_56/49-{S}</EstimateCode>	</RadiatorSubTypeMacro>	</RadiatorMainType>
  <RadiatorMainType>	<MainTypeName>radiapaneel completto H 63-</MainTypeName>	<DimensionIndex>8</DimensionIndex>	<DimensionIndex>0</DimensionIndex>	<kvValue>4</kvValue>		<RadiatorSubTypeMacro From="0" To="35">	<Name>radiapaneel completto H 63-{S}</Name>		<Power>650</Power>	<Surface>1.351</Surface>	<Volume>5.151</Volume>	<Exponent>1.25</Exponent>	<EstimateCode>ZEHNDER_RADIAPANEEL_COMPLETTO_H_63-{S}</EstimateCode>	</RadiatorSubTypeMacro>	</RadiatorMainType>
  <RadiatorMainType>	<MainTypeName>radiapaneel completto HL 63/28-</MainTypeName>	<DimensionIndex>8</DimensionIndex>	<DimensionIndex>4</DimensionIndex>	<kvValue>4</kvValue>		<RadiatorSubTypeMacro From="0" To="35">	<Name>radiapaneel completto HL 63/28-{S}</Name>		<Power>919</Power>	<Surface>4.43</Surface>		<Volume>5.151</Volume>	<Exponent>1.28</Exponent>	<EstimateCode>ZEHNDER_RADIAPANEEL_COMPLETTO_HL_63/28-{S}</EstimateCode>	</RadiatorSubTypeMacro>	</RadiatorMainType>
  <RadiatorMainType>	<MainTypeName>radiapaneel completto HL 63/63-</MainTypeName>	<DimensionIndex>8</DimensionIndex>	<DimensionIndex>7</DimensionIndex>	<kvValue>4</kvValue>		<RadiatorSubTypeMacro From="0" To="35">	<Name>radiapaneel completto HL 63/63-{S}</Name>		<Power>1049</Power>	<Surface>7.59</Surface>		<Volume>5.151</Volume>	<Exponent>1.25</Exponent>	<EstimateCode>ZEHNDER_RADIAPANEEL_COMPLETTO_HL_63/63-{S}</EstimateCode>	</RadiatorSubTypeMacro>	</RadiatorMainType>
  <RadiatorMainType>	<MainTypeName>radiapaneel completto HH 63-</MainTypeName>	<DimensionIndex>8</DimensionIndex>	<DimensionIndex>8</DimensionIndex>	<kvValue>4</kvValue>		<RadiatorSubTypeMacro From="0" To="35">	<Name>radiapaneel completto HH 63-{S}</Name>		<Power>1101</Power>	<Surface>2.7</Surface>		<Volume>10.3</Volume>	<Exponent>1.29</Exponent>	<EstimateCode>ZEHNDER_RADIAPANEEL_COMPLETTO_HH_63-{S}</EstimateCode>	</RadiatorSubTypeMacro>	</RadiatorMainType>
  <RadiatorMainType>	<MainTypeName>radiapaneel completto HLH 63/28-</MainTypeName>	<DimensionIndex>8</DimensionIndex>	<DimensionIndex>10</DimensionIndex>	<kvValue>4</kvValue>		<RadiatorSubTypeMacro From="0" To="35">	<Name>radiapaneel completto HLH 63/28-{S}</Name>	<Power>1291</Power>	<Surface>5.78</Surface>		<Volume>10.3</Volume>	<Exponent>1.37</Exponent>	<EstimateCode>ZEHNDER_RADIAPANEEL_COMPLETTO_HLH_63/28-{S}</EstimateCode>	</RadiatorSubTypeMacro>	</RadiatorMainType>
  <RadiatorMainType>	<MainTypeName>radiapaneel completto HLH 63/63-</MainTypeName>	<DimensionIndex>8</DimensionIndex>	<DimensionIndex>12</DimensionIndex>	<kvValue>4</kvValue>		<RadiatorSubTypeMacro From="0" To="35">	<Name>radiapaneel completto HLH 63/63-{S}</Name>	<Power>1428</Power>	<Surface>7.39</Surface>		<Volume>10.3</Volume>	<Exponent>1.37</Exponent>	<EstimateCode>ZEHNDER_RADIAPANEEL_COMPLETTO_HLH_63/63-{S}</EstimateCode>	</RadiatorSubTypeMacro>	</RadiatorMainType>
  <RadiatorMainType>	<MainTypeName>radiapaneel completto HLHL 63/28-</MainTypeName>	<DimensionIndex>8</DimensionIndex>	<DimensionIndex>14</DimensionIndex>	<kvValue>4</kvValue>		<RadiatorSubTypeMacro From="0" To="35">	<Name>radiapaneel completto HLHL 63/28-{S}</Name>	<Power>1559</Power>	<Surface>8.851</Surface>	<Volume>10.3</Volume>	<Exponent>1.36</Exponent>	<EstimateCode>ZEHNDER_RADIAPANEEL_COMPLETTO_HLHL_63/28-{S}</EstimateCode>	</RadiatorSubTypeMacro>	</RadiatorMainType>
  <RadiatorMainType>	<MainTypeName>radiapaneel completto HLHL 63/63-</MainTypeName>	<DimensionIndex>8</DimensionIndex>	<DimensionIndex>16</DimensionIndex>	<kvValue>4</kvValue>		<RadiatorSubTypeMacro From="0" To="35">	<Name>radiapaneel completto HLHL 63/63-{S}</Name>	<Power>1909</Power>	<Surface>12.07</Surface>	<Volume>10.3</Volume>	<Exponent>1.32</Exponent>	<EstimateCode>ZEHNDER_RADIAPANEEL_COMPLETTO_HLHL_63/63-{S}</EstimateCode>	</RadiatorSubTypeMacro>	</RadiatorMainType>
  <RadiatorMainType>	<MainTypeName>radiapaneel completto H 70-</MainTypeName>	<DimensionIndex>9</DimensionIndex>	<DimensionIndex>0</DimensionIndex>	<kvValue>4</kvValue>		<RadiatorSubTypeMacro From="0" To="35">	<Name>radiapaneel completto H 70-{S}</Name>		<Power>714</Power>	<Surface>1.5</Surface>		<Volume>5.7</Volume>	<Exponent>1.25</Exponent>	<EstimateCode>ZEHNDER_RADIAPANEEL_COMPLETTO_H_70-{S}</EstimateCode>	</RadiatorSubTypeMacro>	</RadiatorMainType>
  <RadiatorMainType>	<MainTypeName>radiapaneel completto HL 70/28-</MainTypeName>	<DimensionIndex>9</DimensionIndex>	<DimensionIndex>4</DimensionIndex>	<kvValue>4</kvValue>		<RadiatorSubTypeMacro From="0" To="35">	<Name>radiapaneel completto HL 70/28-{S}</Name>		<Power>976</Power>	<Surface>4.58</Surface>		<Volume>5.7</Volume>	<Exponent>1.28</Exponent>	<EstimateCode>ZEHNDER_RADIAPANEEL_COMPLETTO_HL_70/28-{S}</EstimateCode>	</RadiatorSubTypeMacro>	</RadiatorMainType>
  <RadiatorMainType>	<MainTypeName>radiapaneel completto HL 70/63-</MainTypeName>	<DimensionIndex>9</DimensionIndex>	<DimensionIndex>7</DimensionIndex>	<kvValue>4</kvValue>		<RadiatorSubTypeMacro From="0" To="35">	<Name>radiapaneel completto HL 70/63-{S}</Name>		<Power>1154</Power>	<Surface>6.18</Surface>		<Volume>5.7</Volume>	<Exponent>1.25</Exponent>	<EstimateCode>ZEHNDER_RADIAPANEEL_COMPLETTO_HL_70/63-{S}</EstimateCode>	</RadiatorSubTypeMacro>	</RadiatorMainType>
  <RadiatorMainType>	<MainTypeName>radiapaneel completto HH 70-</MainTypeName>	<DimensionIndex>9</DimensionIndex>	<DimensionIndex>8</DimensionIndex>	<kvValue>4</kvValue>		<RadiatorSubTypeMacro From="0" To="35">	<Name>radiapaneel completto HH 70-{S}</Name>		<Power>1203</Power>	<Surface>3</Surface>		<Volume>11.4</Volume>	<Exponent>1.29</Exponent>	<EstimateCode>ZEHNDER_RADIAPANEEL_COMPLETTO_HH_70-{S}</EstimateCode>	</RadiatorSubTypeMacro>	</RadiatorMainType>
  <RadiatorMainType>	<MainTypeName>radiapaneel completto HLH 70/28-</MainTypeName>	<DimensionIndex>9</DimensionIndex>	<DimensionIndex>10</DimensionIndex>	<kvValue>4</kvValue>		<RadiatorSubTypeMacro From="0" To="35">	<Name>radiapaneel completto HLH 70/28-{S}</Name>	<Power>1381</Power>	<Surface>6.08</Surface>		<Volume>11.4</Volume>	<Exponent>1.38</Exponent>	<EstimateCode>ZEHNDER_RADIAPANEEL_COMPLETTO_HLH_70/28-{S}</EstimateCode>	</RadiatorSubTypeMacro>	</RadiatorMainType>
  <RadiatorMainType>	<MainTypeName>radiapaneel completto HLH 70/63-</MainTypeName>	<DimensionIndex>9</DimensionIndex>	<DimensionIndex>12</DimensionIndex>	<kvValue>4</kvValue>		<RadiatorSubTypeMacro From="0" To="35">	<Name>radiapaneel completto HLH 70/63-{S}</Name>	<Power>1497</Power>	<Surface>7.68</Surface>		<Volume>11.4</Volume>	<Exponent>1.35</Exponent>	<EstimateCode>ZEHNDER_RADIAPANEEL_COMPLETTO_HLH_70/63-{S}</EstimateCode>	</RadiatorSubTypeMacro>	</RadiatorMainType>
  <RadiatorMainType>	<MainTypeName>radiapaneel completto HLHL 70/28-</MainTypeName>	<DimensionIndex>9</DimensionIndex>	<DimensionIndex>14</DimensionIndex>	<kvValue>4</kvValue>		<RadiatorSubTypeMacro From="0" To="35">	<Name>radiapaneel completto HLHL 70/28-{S}</Name>	<Power>1643</Power>	<Surface>9.151</Surface>	<Volume>11.4</Volume>	<Exponent>1.37</Exponent>	<EstimateCode>ZEHNDER_RADIAPANEEL_COMPLETTO_HLHL_70/28-{S}</EstimateCode>	</RadiatorSubTypeMacro>	</RadiatorMainType>
  <RadiatorMainType>	<MainTypeName>radiapaneel completto HLHL 70/63-</MainTypeName>	<DimensionIndex>9</DimensionIndex>	<DimensionIndex>16</DimensionIndex>	<kvValue>4</kvValue>		<RadiatorSubTypeMacro From="0" To="35">	<Name>radiapaneel completto HLHL 70/63-{S}</Name>	<Power>1999</Power>	<Surface>12.36</Surface>	<Volume>11.4</Volume>	<Exponent>1.32</Exponent>	<EstimateCode>ZEHNDER_RADIAPANEEL_COMPLETTO_HLHL_70/63-{S}</EstimateCode>	</RadiatorSubTypeMacro>	</RadiatorMainType>
  <RadiatorMainType>	<MainTypeName>radiapaneel completto H 77-</MainTypeName>	<DimensionIndex>10</DimensionIndex>	<DimensionIndex>0</DimensionIndex>	<kvValue>4</kvValue>		<RadiatorSubTypeMacro From="0" To="35">	<Name>radiapaneel completto H 77-{S}</Name>		<Power>778</Power>	<Surface>1.651</Surface>	<Volume>6.251</Volume>	<Exponent>1.25</Exponent>	<EstimateCode>ZEHNDER_RADIAPANEEL_COMPLETTO_H_77-{S}</EstimateCode>	</RadiatorSubTypeMacro>	</RadiatorMainType>
  <RadiatorMainType>	<MainTypeName>radiapaneel completto HL 77/28-</MainTypeName>	<DimensionIndex>10</DimensionIndex>	<DimensionIndex>4</DimensionIndex>	<kvValue>4</kvValue>		<RadiatorSubTypeMacro From="0" To="35">	<Name>radiapaneel completto HL 77/28-{S}</Name>		<Power>1033</Power>	<Surface>4.73</Surface>		<Volume>6.251</Volume>	<Exponent>1.29</Exponent>	<EstimateCode>ZEHNDER_RADIAPANEEL_COMPLETTO_HL_77/28-{S}</EstimateCode>	</RadiatorSubTypeMacro>	</RadiatorMainType>
  <RadiatorMainType>	<MainTypeName>radiapaneel completto HL 77/63-</MainTypeName>	<DimensionIndex>10</DimensionIndex>	<DimensionIndex>7</DimensionIndex>	<kvValue>4</kvValue>		<RadiatorSubTypeMacro From="0" To="35">	<Name>radiapaneel completto HL 77/63-{S}</Name>		<Power>1213</Power>	<Surface>6.33</Surface>		<Volume>6.251</Volume>	<Exponent>1.26</Exponent>	<EstimateCode>ZEHNDER_RADIAPANEEL_COMPLETTO_HL_77/63-{S}</EstimateCode>	</RadiatorSubTypeMacro>	</RadiatorMainType>
  <RadiatorMainType>	<MainTypeName>radiapaneel completto HH 77-</MainTypeName>	<DimensionIndex>10</DimensionIndex>	<DimensionIndex>8</DimensionIndex>	<kvValue>4</kvValue>		<RadiatorSubTypeMacro From="0" To="35">	<Name>radiapaneel completto HH 77-{S}</Name>		<Power>1304</Power>	<Surface>3.3</Surface>		<Volume>12.5</Volume>	<Exponent>1.29</Exponent>	<EstimateCode>ZEHNDER_RADIAPANEEL_COMPLETTO_HH_77-{S}</EstimateCode>	</RadiatorSubTypeMacro>	</RadiatorMainType>
  <RadiatorMainType>	<MainTypeName>radiapaneel completto HLH 77/28-</MainTypeName>	<DimensionIndex>10</DimensionIndex>	<DimensionIndex>10</DimensionIndex>	<kvValue>4</kvValue>		<RadiatorSubTypeMacro From="0" To="35">	<Name>radiapaneel completto HLH 77/28-{S}</Name>	<Power>1471</Power>	<Surface>6.38</Surface>		<Volume>12.5</Volume>	<Exponent>1.38</Exponent>	<EstimateCode>ZEHNDER_RADIAPANEEL_COMPLETTO_HLH_77/28-{S}</EstimateCode>	</RadiatorSubTypeMacro>	</RadiatorMainType>
  <RadiatorMainType>	<MainTypeName>radiapaneel completto HLH 77/63-</MainTypeName>	<DimensionIndex>10</DimensionIndex>	<DimensionIndex>12</DimensionIndex>	<kvValue>4</kvValue>		<RadiatorSubTypeMacro From="0" To="35">	<Name>radiapaneel completto HLH 77/63-{S}</Name>	<Power>1612</Power>	<Surface>7.98</Surface>		<Volume>12.5</Volume>	<Exponent>1.34</Exponent>	<EstimateCode>ZEHNDER_RADIAPANEEL_COMPLETTO_HLH_77/63-{S}</EstimateCode>	</RadiatorSubTypeMacro>	</RadiatorMainType>
  <RadiatorMainType>	<MainTypeName>radiapaneel completto HLHL 77/28-</MainTypeName>	<DimensionIndex>10</DimensionIndex>	<DimensionIndex>14</DimensionIndex>	<kvValue>4</kvValue>		<RadiatorSubTypeMacro From="0" To="35">	<Name>radiapaneel completto HLHL 77/28-{S}</Name>	<Power>1726</Power>	<Surface>9.451</Surface>	<Volume>12.5</Volume>	<Exponent>1.38</Exponent>	<EstimateCode>ZEHNDER_RADIAPANEEL_COMPLETTO_HLHL_77/28-{S}</EstimateCode>	</RadiatorSubTypeMacro>	</RadiatorMainType>
  <RadiatorMainType>	<MainTypeName>radiapaneel completto HLHL 77/63-</MainTypeName>	<DimensionIndex>10</DimensionIndex>	<DimensionIndex>16</DimensionIndex>	<kvValue>4</kvValue>		<RadiatorSubTypeMacro From="0" To="35">	<Name>radiapaneel completto HLHL 77/63-{S}</Name>	<Power>2103</Power>	<Surface>12.66</Surface>	<Volume>12.5</Volume>	<Exponent>1.33</Exponent>	<EstimateCode>ZEHNDER_RADIAPANEEL_COMPLETTO_HLHL_77/63-{S}</EstimateCode>	</RadiatorSubTypeMacro>	</RadiatorMainType>
  <RadiatorMainType>	<MainTypeName>radiapaneel completto H 84-</MainTypeName>	<DimensionIndex>11</DimensionIndex>	<DimensionIndex>0</DimensionIndex>	<kvValue>4</kvValue>		<RadiatorSubTypeMacro From="0" To="35">	<Name>radiapaneel completto H 84-{S}</Name>		<Power>841</Power>	<Surface>1.8</Surface>		<Volume>6.851</Volume>	<Exponent>1.25</Exponent>	<EstimateCode>ZEHNDER_RADIAPANEEL_COMPLETTO_H_84-{S}</EstimateCode>	</RadiatorSubTypeMacro>	</RadiatorMainType>
  <RadiatorMainType>	<MainTypeName>radiapaneel completto HL 84/28-</MainTypeName>	<DimensionIndex>11</DimensionIndex>	<DimensionIndex>4</DimensionIndex>	<kvValue>4</kvValue>		<RadiatorSubTypeMacro From="0" To="35">	<Name>radiapaneel completto HL 84/28-{S}</Name>		<Power>1090</Power>	<Surface>4.88</Surface>		<Volume>6.851</Volume>	<Exponent>1.29</Exponent>	<EstimateCode>ZEHNDER_RADIAPANEEL_COMPLETTO_HL_84/28-{S}</EstimateCode>	</RadiatorSubTypeMacro>	</RadiatorMainType>
  <RadiatorMainType>	<MainTypeName>radiapaneel completto HL 84/63-</MainTypeName>	<DimensionIndex>11</DimensionIndex>	<DimensionIndex>7</DimensionIndex>	<kvValue>4</kvValue>		<RadiatorSubTypeMacro From="0" To="35">	<Name>radiapaneel completto HL 84/63-{S}</Name>		<Power>1270</Power>	<Surface>6.48</Surface>		<Volume>6.851</Volume>	<Exponent>1.26</Exponent>	<EstimateCode>ZEHNDER_RADIAPANEEL_COMPLETTO_HL_84/63-{S}</EstimateCode>	</RadiatorSubTypeMacro>	</RadiatorMainType>
  <RadiatorMainType>	<MainTypeName>radiapaneel completto HH 84-</MainTypeName>	<DimensionIndex>11</DimensionIndex>	<DimensionIndex>8</DimensionIndex>	<kvValue>4</kvValue>		<RadiatorSubTypeMacro From="0" To="35">	<Name>radiapaneel completto HH 84-{S}</Name>		<Power>1404</Power>	<Surface>3.59</Surface>		<Volume>13.7</Volume>	<Exponent>1.29</Exponent>	<EstimateCode>ZEHNDER_RADIAPANEEL_COMPLETTO_HH_84-{S}</EstimateCode>	</RadiatorSubTypeMacro>	</RadiatorMainType>
  <RadiatorMainType>	<MainTypeName>radiapaneel completto HLH 84/28-</MainTypeName>	<DimensionIndex>11</DimensionIndex>	<DimensionIndex>10</DimensionIndex>	<kvValue>4</kvValue>		<RadiatorSubTypeMacro From="0" To="35">	<Name>radiapaneel completto HLH 84/28-{S}</Name>	<Power>1561</Power>	<Surface>6.67</Surface>		<Volume>13.7</Volume>	<Exponent>1.39</Exponent>	<EstimateCode>ZEHNDER_RADIAPANEEL_COMPLETTO_HLH_84/28-{S}</EstimateCode>	</RadiatorSubTypeMacro>	</RadiatorMainType>
  <RadiatorMainType>	<MainTypeName>radiapaneel completto HLH 84/63-</MainTypeName>	<DimensionIndex>11</DimensionIndex>	<DimensionIndex>12</DimensionIndex>	<kvValue>4</kvValue>		<RadiatorSubTypeMacro From="0" To="35">	<Name>radiapaneel completto HLH 84/63-{S}</Name>	<Power>1722</Power>	<Surface>8.27</Surface>		<Volume>13.7</Volume>	<Exponent>1.32</Exponent>	<EstimateCode>ZEHNDER_RADIAPANEEL_COMPLETTO_HLH_84/63-{S}</EstimateCode>	</RadiatorSubTypeMacro>	</RadiatorMainType>
  <RadiatorMainType>	<MainTypeName>radiapaneel completto HLHL 84/28-</MainTypeName>	<DimensionIndex>11</DimensionIndex>	<DimensionIndex>14</DimensionIndex>	<kvValue>4</kvValue>		<RadiatorSubTypeMacro From="0" To="35">	<Name>radiapaneel completto HLHL 84/28-{S}</Name>	<Power>1809</Power>	<Surface>9.74</Surface>		<Volume>13.7</Volume>	<Exponent>1.38</Exponent>	<EstimateCode>ZEHNDER_RADIAPANEEL_COMPLETTO_HLHL_84/28-{S}</EstimateCode>	</RadiatorSubTypeMacro>	</RadiatorMainType>
  <RadiatorMainType>	<MainTypeName>radiapaneel completto HLHL 84/63-</MainTypeName>	<DimensionIndex>11</DimensionIndex>	<DimensionIndex>16</DimensionIndex>	<kvValue>4</kvValue>		<RadiatorSubTypeMacro From="0" To="35">	<Name>radiapaneel completto HLHL 84/63-{S}</Name>	<Power>2202</Power>	<Surface>12.95</Surface>	<Volume>13.7</Volume>	<Exponent>1.33</Exponent>	<EstimateCode>ZEHNDER_RADIAPANEEL_COMPLETTO_HLHL_84/63-{S}</EstimateCode>	</RadiatorSubTypeMacro>	</RadiatorMainType>
  <RadiatorMainType>	<MainTypeName>radiapaneel completto H 91-</MainTypeName>	<DimensionIndex>12</DimensionIndex>	<DimensionIndex>0</DimensionIndex>	<kvValue>4</kvValue>		<RadiatorSubTypeMacro From="0" To="35">	<Name>radiapaneel completto H 91-{S}</Name>		<Power>904</Power>	<Surface>1.94</Surface>		<Volume>7.4</Volume>	<Exponent>1.25</Exponent>	<EstimateCode>ZEHNDER_RADIAPANEEL_COMPLETTO_H_91-{S}</EstimateCode>	</RadiatorSubTypeMacro>	</RadiatorMainType>
  <RadiatorMainType>	<MainTypeName>radiapaneel completto HH 91-</MainTypeName>	<DimensionIndex>12</DimensionIndex>	<DimensionIndex>8</DimensionIndex>	<kvValue>4</kvValue>		<RadiatorSubTypeMacro From="0" To="35">	<Name>radiapaneel completto HH 91-{S}</Name>		<Power>1504</Power>	<Surface>3.89</Surface>		<Volume>14.8</Volume>	<Exponent>1.29</Exponent>	<EstimateCode>ZEHNDER_RADIAPANEEL_COMPLETTO_HH_91-{S}</EstimateCode>	</RadiatorSubTypeMacro>	</RadiatorMainType>
  <RadiatorMainType>	<MainTypeName>radiapaneel completto H 98-</MainTypeName>	<DimensionIndex>13</DimensionIndex>	<DimensionIndex>0</DimensionIndex>	<kvValue>4</kvValue>		<RadiatorSubTypeMacro From="0" To="35">	<Name>radiapaneel completto H 98-{S}</Name>		<Power>967</Power>	<Surface>2.09</Surface>		<Volume>7.951</Volume>	<Exponent>1.25</Exponent>	<EstimateCode>ZEHNDER_RADIAPANEEL_COMPLETTO_H_98-{S}</EstimateCode>	</RadiatorSubTypeMacro>	</RadiatorMainType>
  <RadiatorMainType>	<MainTypeName>radiapaneel completto HH 98-</MainTypeName>	<DimensionIndex>13</DimensionIndex>	<DimensionIndex>8</DimensionIndex>	<kvValue>4</kvValue>		<RadiatorSubTypeMacro From="0" To="35">	<Name>radiapaneel completto HH 98-{S}</Name>		<Power>1603</Power>	<Surface>4.18</Surface>		<Volume>15.9</Volume>	<Exponent>1.29</Exponent>	<EstimateCode>ZEHNDER_RADIAPANEEL_COMPLETTO_HH_98-{S}</EstimateCode>	</RadiatorSubTypeMacro>	</RadiatorMainType>
  <RadiatorMainType>	<MainTypeName>radiapaneel completto H 105-</MainTypeName>	<DimensionIndex>14</DimensionIndex>	<DimensionIndex>0</DimensionIndex>	<kvValue>4</kvValue>		<RadiatorSubTypeMacro From="0" To="35">	<Name>radiapaneel completto H 105-{S}</Name>		<Power>1030</Power>	<Surface>2.24</Surface>		<Volume>8.5</Volume>	<Exponent>1.25</Exponent>	<EstimateCode>ZEHNDER_RADIAPANEEL_COMPLETTO_H_105-{S}</EstimateCode>	</RadiatorSubTypeMacro>	</RadiatorMainType>
  <RadiatorMainType>	<MainTypeName>radiapaneel completto HH 105-</MainTypeName>	<DimensionIndex>14</DimensionIndex>	<DimensionIndex>8</DimensionIndex>	<kvValue>4</kvValue>		<RadiatorSubTypeMacro From="0" To="35">	<Name>radiapaneel completto HH 105-{S}</Name>		<Power>1702</Power>	<Surface>4.49</Surface>		<Volume>17</Volume>	<Exponent>1.3</Exponent>	<EstimateCode>ZEHNDER_RADIAPANEEL_COMPLETTO_HH_105-{S}</EstimateCode>	</RadiatorSubTypeMacro>	</RadiatorMainType>
  <RadiatorMainType>	<MainTypeName>radiapaneel completto H 112-</MainTypeName>	<DimensionIndex>15</DimensionIndex>	<DimensionIndex>0</DimensionIndex>	<kvValue>4</kvValue>		<RadiatorSubTypeMacro From="0" To="35">	<Name>radiapaneel completto H 112-{S}</Name>		<Power>1092</Power>	<Surface>2.39</Surface>		<Volume>9.051</Volume>	<Exponent>1.26</Exponent>	<EstimateCode>ZEHNDER_RADIAPANEEL_COMPLETTO_H_112-{S}</EstimateCode>	</RadiatorSubTypeMacro>	</RadiatorMainType>
  <RadiatorMainType>	<MainTypeName>radiapaneel completto HH 112-</MainTypeName>	<DimensionIndex>15</DimensionIndex>	<DimensionIndex>8</DimensionIndex>	<kvValue>4</kvValue>		<RadiatorSubTypeMacro From="0" To="35">	<Name>radiapaneel completto HH 112-{S}</Name>		<Power>1801</Power>	<Surface>4.77</Surface>		<Volume>18.1</Volume>	<Exponent>1.3</Exponent>	<EstimateCode>ZEHNDER_RADIAPANEEL_COMPLETTO_HH_112-{S}</EstimateCode>	</RadiatorSubTypeMacro>	</RadiatorMainType>
  <RadiatorMainType>	<MainTypeName>radiapaneel completto H 119-</MainTypeName>	<DimensionIndex>16</DimensionIndex>	<DimensionIndex>0</DimensionIndex>	<kvValue>4</kvValue>		<RadiatorSubTypeMacro From="0" To="35">	<Name>radiapaneel completto H 119-{S}</Name>		<Power>1154</Power>	<Surface>2.53</Surface>		<Volume>9.651</Volume>	<Exponent>1.26</Exponent>	<EstimateCode>ZEHNDER_RADIAPANEEL_COMPLETTO_H_119-{S}</EstimateCode>	</RadiatorSubTypeMacro>	</RadiatorMainType>
  <RadiatorMainType>	<MainTypeName>radiapaneel completto HH 119-</MainTypeName>	<DimensionIndex>16</DimensionIndex>	<DimensionIndex>8</DimensionIndex>	<kvValue>4</kvValue>		<RadiatorSubTypeMacro From="0" To="35">	<Name>radiapaneel completto HH 119-{S}</Name>		<Power>1900</Power>	<Surface>5.07</Surface>		<Volume>19.3</Volume>	<Exponent>1.3</Exponent>	<EstimateCode>ZEHNDER_RADIAPANEEL_COMPLETTO_HH_119-{S}</EstimateCode>	</RadiatorSubTypeMacro>	</RadiatorMainType>
  <RadiatorMainType>	<MainTypeName>radiapaneel completto H 126-</MainTypeName>	<DimensionIndex>17</DimensionIndex>	<DimensionIndex>0</DimensionIndex>	<kvValue>4</kvValue>		<RadiatorSubTypeMacro From="0" To="35">	<Name>radiapaneel completto H 126-{S}</Name>		<Power>1216</Power>	<Surface>2.68</Surface>		<Volume>10.2</Volume>	<Exponent>1.26</Exponent>	<EstimateCode>ZEHNDER_RADIAPANEEL_COMPLETTO_H_126-{S}</EstimateCode>	</RadiatorSubTypeMacro>	</RadiatorMainType>
  <RadiatorMainType>	<MainTypeName>radiapaneel completto HH 126-</MainTypeName>	<DimensionIndex>17</DimensionIndex>	<DimensionIndex>8</DimensionIndex>	<kvValue>4</kvValue>		<RadiatorSubTypeMacro From="0" To="35">	<Name>radiapaneel completto HH 126-{S}</Name>		<Power>1999</Power>	<Surface>5.36</Surface>		<Volume>20.4</Volume>	<Exponent>1.3</Exponent>	<EstimateCode>ZEHNDER_RADIAPANEEL_COMPLETTO_HH_126-{S}</EstimateCode>	</RadiatorSubTypeMacro>	</RadiatorMainType>
  <RadiatorMainType>	<MainTypeName>radiapaneel completto H 133-</MainTypeName>	<DimensionIndex>18</DimensionIndex>	<DimensionIndex>0</DimensionIndex>	<kvValue>4</kvValue>		<RadiatorSubTypeMacro From="0" To="35">	<Name>radiapaneel completto H 133-{S}</Name>		<Power>1278</Power>	<Surface>2.83</Surface>		<Volume>10.75</Volume>	<Exponent>1.26</Exponent>	<EstimateCode>ZEHNDER_RADIAPANEEL_COMPLETTO_H_133-{S}</EstimateCode>	</RadiatorSubTypeMacro>	</RadiatorMainType>
  <RadiatorMainType>	<MainTypeName>radiapaneel completto HH 133-</MainTypeName>	<DimensionIndex>18</DimensionIndex>	<DimensionIndex>8</DimensionIndex>	<kvValue>4</kvValue>		<RadiatorSubTypeMacro From="0" To="35">	<Name>radiapaneel completto HH 133-{S}</Name>		<Power>2098</Power>	<Surface>5.66</Surface>		<Volume>21.5</Volume>	<Exponent>1.3</Exponent>	<EstimateCode>ZEHNDER_RADIAPANEEL_COMPLETTO_HH_133-{S}</EstimateCode>	</RadiatorSubTypeMacro>	</RadiatorMainType>
  <RadiatorMainType>	<MainTypeName>radiapaneel completto H 140-</MainTypeName>	<DimensionIndex>19</DimensionIndex>	<DimensionIndex>0</DimensionIndex>	<kvValue>4</kvValue>		<RadiatorSubTypeMacro From="0" To="35">	<Name>radiapaneel completto H 140-{S}</Name>		<Power>1340</Power>	<Surface>2.98</Surface>		<Volume>11.3</Volume>	<Exponent>1.26</Exponent>	<EstimateCode>ZEHNDER_RADIAPANEEL_COMPLETTO_H_140-{S}</EstimateCode>	</RadiatorSubTypeMacro>	</RadiatorMainType>
  <RadiatorMainType>	<MainTypeName>radiapaneel completto HH 140-</MainTypeName>	<DimensionIndex>19</DimensionIndex>	<DimensionIndex>8</DimensionIndex>	<kvValue>4</kvValue>		<RadiatorSubTypeMacro From="0" To="35">	<Name>radiapaneel completto HH 140-{S}</Name>		<Power>2198</Power>	<Surface>5.951</Surface>	<Volume>22.6</Volume>	<Exponent>1.3</Exponent>	<EstimateCode>ZEHNDER_RADIAPANEEL_COMPLETTO_HH_140-{S}</EstimateCode>	</RadiatorSubTypeMacro>	</RadiatorMainType>
  <RadiatorMainType>	<MainTypeName>radiapaneel completto H 147-</MainTypeName>	<DimensionIndex>20</DimensionIndex>	<DimensionIndex>0</DimensionIndex>	<kvValue>4</kvValue>		<RadiatorSubTypeMacro From="0" To="35">	<Name>radiapaneel completto H 147-{S}</Name>		<Power>1390</Power>	<Surface>3.12</Surface>		<Volume>11.9</Volume>	<Exponent>1.31</Exponent>	<EstimateCode>ZEHNDER_RADIAPANEEL_COMPLETTO_H_147-{S}</EstimateCode>	</RadiatorSubTypeMacro>	</RadiatorMainType>
  <RadiatorMainType>	<MainTypeName>radiapaneel completto HH 147-</MainTypeName>	<DimensionIndex>20</DimensionIndex>	<DimensionIndex>8</DimensionIndex>	<kvValue>4</kvValue>		<RadiatorSubTypeMacro From="0" To="35">	<Name>radiapaneel completto HH 147-{S}</Name>		<Power>2078</Power>	<Surface>6.251</Surface>	<Volume>23.8</Volume>	<Exponent>1.3</Exponent>	<EstimateCode>ZEHNDER_RADIAPANEEL_COMPLETTO_HH_147-{S}</EstimateCode>	</RadiatorSubTypeMacro>	</RadiatorMainType>
  <RadiatorMainType>	<MainTypeName>radiapaneel completto H 154-</MainTypeName>	<DimensionIndex>21</DimensionIndex>	<DimensionIndex>0</DimensionIndex>	<kvValue>4</kvValue>		<RadiatorSubTypeMacro From="0" To="35">	<Name>radiapaneel completto H 154-{S}</Name>		<Power>1456</Power>	<Surface>3.27</Surface>		<Volume>12.45</Volume>	<Exponent>1.31</Exponent>	<EstimateCode>ZEHNDER_RADIAPANEEL_COMPLETTO_H_154-{S}</EstimateCode>	</RadiatorSubTypeMacro>	</RadiatorMainType>
  <RadiatorMainType>	<MainTypeName>radiapaneel completto HH 154-</MainTypeName>	<DimensionIndex>21</DimensionIndex>	<DimensionIndex>8</DimensionIndex>	<kvValue>4</kvValue>		<RadiatorSubTypeMacro From="0" To="35">	<Name>radiapaneel completto HH 154-{S}</Name>		<Power>2161</Power>	<Surface>6.54</Surface>		<Volume>24.9</Volume>	<Exponent>1.3</Exponent>	<EstimateCode>ZEHNDER_RADIAPANEEL_COMPLETTO_HH_154-{S}</EstimateCode>	</RadiatorSubTypeMacro>	</RadiatorMainType>
  <RadiatorMainType>	<MainTypeName>radiapaneel completto H 161-</MainTypeName>	<DimensionIndex>22</DimensionIndex>	<DimensionIndex>0</DimensionIndex>	<kvValue>4</kvValue>		<RadiatorSubTypeMacro From="0" To="35">	<Name>radiapaneel completto H 161-{S}</Name>		<Power>1523</Power>	<Surface>3.42</Surface>		<Volume>13</Volume>	<Exponent>1.31</Exponent>	<EstimateCode>ZEHNDER_RADIAPANEEL_COMPLETTO_H_161-{S}</EstimateCode>	</RadiatorSubTypeMacro>	</RadiatorMainType>
  <RadiatorMainType>	<MainTypeName>radiapaneel completto HH 161-</MainTypeName>	<DimensionIndex>22</DimensionIndex>	<DimensionIndex>8</DimensionIndex>	<kvValue>4</kvValue>		<RadiatorSubTypeMacro From="0" To="35">	<Name>radiapaneel completto HH 161-{S}</Name>		<Power>2244</Power>	<Surface>6.84</Surface>		<Volume>26</Volume>	<Exponent>1.3</Exponent>	<EstimateCode>ZEHNDER_RADIAPANEEL_COMPLETTO_HH_161-{S}</EstimateCode>	</RadiatorSubTypeMacro>	</RadiatorMainType>
  <RadiatorMainType>	<MainTypeName>radiapaneel completto H 168-</MainTypeName>	<DimensionIndex>23</DimensionIndex>	<DimensionIndex>0</DimensionIndex>	<kvValue>4</kvValue>		<RadiatorSubTypeMacro From="0" To="35">	<Name>radiapaneel completto H 168-{S}</Name>		<Power>1589</Power>	<Surface>3.57</Surface>		<Volume>13.55</Volume>	<Exponent>1.31</Exponent>	<EstimateCode>ZEHNDER_RADIAPANEEL_COMPLETTO_H_168-{S}</EstimateCode>	</RadiatorSubTypeMacro>	</RadiatorMainType>
  <RadiatorMainType>	<MainTypeName>radiapaneel completto HH 168-</MainTypeName>	<DimensionIndex>23</DimensionIndex>	<DimensionIndex>8</DimensionIndex>	<kvValue>4</kvValue>		<RadiatorSubTypeMacro From="0" To="35">	<Name>radiapaneel completto HH 168-{S}</Name>		<Power>2325</Power>	<Surface>7.14</Surface>		<Volume>27.1</Volume>	<Exponent>1.3</Exponent>	<EstimateCode>ZEHNDER_RADIAPANEEL_COMPLETTO_HH_168-{S}</EstimateCode>	</RadiatorSubTypeMacro>	</RadiatorMainType>
</WinWattDBRadiator>

</WinWattDB>
