<?xml version="1.0" encoding="ISO-8859-2" ?>
<WinWattDB>

<WinWattDBRadiator DTLog="Yes">
  <ItemHeader>
    <Date><Year>2005</Year><Month>7</Month><Day>9</Day></Date>
    <ItemPath>ZEHNDER</ItemPath>
    <ItemName>ZEHNDER Uno/Duo completto</ItemName>
    <HomePage>www.zehnder-online.de</HomePage></ItemHeader>
  <DTOrigin>49.833</DTOrigin>
  <DimensionArray Type="Height" >
    <DimensionString Value="200" >200</DimensionString>
    <DimensionString Value="250" >250</DimensionString>
    <DimensionString Value="300" >300</DimensionString>
    <DimensionString Value="350" >350</DimensionString>
    <DimensionString Value="400" >400</DimensionString>
    <DimensionString Value="450" >450</DimensionString>
    <DimensionString Value="500" >500</DimensionString>
    <DimensionString Value="550" >550</DimensionString>
    <DimensionString Value="600" >600</DimensionString>
    <DimensionString Value="750" >750</DimensionString>
    <DimensionString Value="900" >900</DimensionString>
    <DimensionString Value="1000" >1000</DimensionString>
    <DimensionString Value="1100" >1100</DimensionString>
    <DimensionString Value="1200" >1200</DimensionString>
    <DimensionString Value="1500" >1500</DimensionString>
    <DimensionString Value="1800" >1800</DimensionString>
    <DimensionString Value="2000" >2000</DimensionString>
    <DimensionString Value="2200" >2200</DimensionString>
    <DimensionString Value="2500" >2500</DimensionString>
    <DimensionString Value="2800" >2800</DimensionString>
    <DimensionString Value="3000" >3000</DimensionString>
  </DimensionArray>
  <DimensionArray Type="Width" >
    <DimensionString Value="35" >Uno</DimensionString>
    <DimensionString Value="85" >Duo</DimensionString>
  </DimensionArray>
  <DimensionArray Type="Length" >
    <DimensionString Value="1" >1</DimensionString>
    <DimensionString Value="2" >2</DimensionString>
    <DimensionString Value="3" >3</DimensionString>
    <DimensionString Value="4" >4</DimensionString>
    <DimensionString Value="5" >5</DimensionString>
    <DimensionString Value="6" >6</DimensionString>
    <DimensionString Value="7" >7</DimensionString>
    <DimensionString Value="8" >8</DimensionString>
    <DimensionString Value="9" >9</DimensionString>
    <DimensionString Value="10" >10</DimensionString>
    <DimensionString Value="11" >11</DimensionString>
    <DimensionString Value="12" >12</DimensionString>
    <DimensionString Value="13" >13</DimensionString>
    <DimensionString Value="14" >14</DimensionString>
    <DimensionString Value="15" >15</DimensionString>
    <DimensionString Value="16" >16</DimensionString>
    <DimensionString Value="17" >17</DimensionString>
    <DimensionString Value="18" >18</DimensionString>
    <DimensionString Value="19" >19</DimensionString>
    <DimensionString Value="20" >20</DimensionString>
    <DimensionString Value="21" >21</DimensionString>
    <DimensionString Value="22" >22</DimensionString>
    <DimensionString Value="23" >23</DimensionString>
    <DimensionString Value="24" >24</DimensionString>
    <DimensionString Value="25" >25</DimensionString>
    <DimensionString Value="26" >26</DimensionString>
    <DimensionString Value="27" >27</DimensionString>
    <DimensionString Value="28" >28</DimensionString>
    <DimensionString Value="29" >29</DimensionString>
    <DimensionString Value="30" >30</DimensionString>
    <DimensionString Value="31" >31</DimensionString>
    <DimensionString Value="32" >32</DimensionString>
    <DimensionString Value="33" >33</DimensionString>
    <DimensionString Value="34" >34</DimensionString>
    <DimensionString Value="35" >35</DimensionString>
    <DimensionString Value="36" >36</DimensionString>
    <DimensionString Value="37" >37</DimensionString>
    <DimensionString Value="38" >38</DimensionString>
    <DimensionString Value="39" >39</DimensionString>
    <DimensionString Value="40" >40</DimensionString>
    <DimensionString Value="41" >41</DimensionString>
    <DimensionString Value="42" >42</DimensionString>
    <DimensionString Value="43" >43</DimensionString>
    <DimensionString Value="44" >44</DimensionString>
    <DimensionString Value="45" >45</DimensionString>
    <DimensionString Value="46" >46</DimensionString>
    <DimensionString Value="47" >47</DimensionString>
    <DimensionString Value="48" >48</DimensionString>
    <DimensionString Value="49" >49</DimensionString>
    <DimensionString Value="50" >50</DimensionString>
    <DimensionString Value="51" >51</DimensionString>
    <DimensionString Value="52" >52</DimensionString>
    <DimensionString Value="53" >53</DimensionString>
    <DimensionString Value="54" >54</DimensionString>
    <DimensionString Value="55" >55</DimensionString>
    <DimensionString Value="56" >56</DimensionString>
    <DimensionString Value="57" >57</DimensionString>
    <DimensionString Value="58" >58</DimensionString>
    <DimensionString Value="59" >59</DimensionString>
    <DimensionString Value="60" >60</DimensionString>
    <DimensionString Value="61" >61</DimensionString>
    <DimensionString Value="62" >62</DimensionString>
    <DimensionString Value="63" >63</DimensionString>
    <DimensionString Value="64" >64</DimensionString>
    <DimensionString Value="65" >65</DimensionString>
    <DimensionString Value="66" >66</DimensionString>
    <DimensionString Value="67" >67</DimensionString>
    <DimensionString Value="68" >68</DimensionString>
    <DimensionString Value="69" >69</DimensionString>
    <DimensionString Value="70" >70</DimensionString>
    <DimensionString Value="71" >71</DimensionString>
    <DimensionString Value="72" >72</DimensionString>
    <DimensionString Value="73" >73</DimensionString>
    <DimensionString Value="74" >74</DimensionString>
    <DimensionString Value="75" >75</DimensionString>
    <DimensionString Value="76" >76</DimensionString>
    <DimensionString Value="77" >77</DimensionString>
    <DimensionString Value="78" >78</DimensionString>
    <DimensionString Value="79" >79</DimensionString>
    <DimensionString Value="80" >80</DimensionString>
    <DimensionString Value="81" >81</DimensionString>
    <DimensionString Value="82" >82</DimensionString>
    <DimensionString Value="83" >83</DimensionString>
    <DimensionString Value="84" >84</DimensionString>
    <DimensionString Value="85" >85</DimensionString>
    <DimensionString Value="86" >86</DimensionString>
    <DimensionString Value="87" >87</DimensionString>
    <DimensionString Value="88" >88</DimensionString>
    <DimensionString Value="89" >89</DimensionString>
    <DimensionString Value="90" >90</DimensionString>
    <DimensionString Value="91" >91</DimensionString>
    <DimensionString Value="92" >92</DimensionString>
    <DimensionString Value="93" >93</DimensionString>
    <DimensionString Value="94" >94</DimensionString>
    <DimensionString Value="95" >95</DimensionString>
    <DimensionString Value="96" >96</DimensionString>
    <DimensionString Value="97" >97</DimensionString>
    <DimensionString Value="98" >98</DimensionString>
    <DimensionString Value="99" >99</DimensionString>
    <DimensionString Value="100" >100</DimensionString>
    <DimensionString Value="101" >101</DimensionString>
    <DimensionString Value="102" >102</DimensionString>
    <DimensionString Value="103" >103</DimensionString>
    <DimensionString Value="104" >104</DimensionString>
    <DimensionString Value="105" >105</DimensionString>
    <DimensionString Value="106" >106</DimensionString>
    <DimensionString Value="107" >107</DimensionString>
    <DimensionString Value="108" >108</DimensionString>
    <DimensionString Value="109" >109</DimensionString>
    <DimensionString Value="110" >110</DimensionString>
    <DimensionString Value="111" >111</DimensionString>
    <DimensionString Value="112" >112</DimensionString>
    <DimensionString Value="113" >113</DimensionString>
    <DimensionString Value="114" >114</DimensionString>
    <DimensionString Value="115" >115</DimensionString>
    <DimensionString Value="116" >116</DimensionString>
    <DimensionString Value="117" >117</DimensionString>
    <DimensionString Value="118" >118</DimensionString>
    <DimensionString Value="119" >119</DimensionString>
    <DimensionString Value="120" >120</DimensionString>
    <DimensionString Value="121" >121</DimensionString>
    <DimensionString Value="122" >122</DimensionString>
    <DimensionString Value="123" >123</DimensionString>
    <DimensionString Value="124" >124</DimensionString>
    <DimensionString Value="125" >125</DimensionString>
    <DimensionString Value="126" >126</DimensionString>
    <DimensionString Value="127" >127</DimensionString>
    <DimensionString Value="128" >128</DimensionString>
    <DimensionString Value="129" >129</DimensionString>
    <DimensionString Value="130" >130</DimensionString>
    <DimensionString Value="131" >131</DimensionString>
    <DimensionString Value="132" >132</DimensionString>
    <DimensionString Value="133" >133</DimensionString>
    <DimensionString Value="134" >134</DimensionString>
    <DimensionString Value="135" >135</DimensionString>
    <DimensionString Value="136" >136</DimensionString>
    <DimensionString Value="137" >137</DimensionString>
    <DimensionString Value="138" >138</DimensionString>
    <DimensionString Value="139" >139</DimensionString>
    <DimensionString Value="140" >140</DimensionString>
    <DimensionString Value="141" >141</DimensionString>
    <DimensionString Value="142" >142</DimensionString>
    <DimensionString Value="143" >143</DimensionString>
    <DimensionString Value="144" >144</DimensionString>
    <DimensionString Value="145" >145</DimensionString>
    <DimensionString Value="146" >146</DimensionString>
    <DimensionString Value="147" >147</DimensionString>
    <DimensionString Value="148" >148</DimensionString>
    <DimensionString Value="149" >149</DimensionString>
    <DimensionString Value="150" >150</DimensionString>
    <DimensionString Value="151" >151</DimensionString>
    <DimensionString Value="152" >152</DimensionString>
    <DimensionString Value="153" >153</DimensionString>
    <DimensionString Value="154" >154</DimensionString>
    <DimensionString Value="155" >155</DimensionString>
    <DimensionString Value="156" >156</DimensionString>
    <DimensionString Value="157" >157</DimensionString>
    <DimensionString Value="158" >158</DimensionString>
    <DimensionString Value="159" >159</DimensionString>
    <DimensionString Value="160" >160</DimensionString>
    <DimensionString Value="161" >161</DimensionString>
    <DimensionString Value="162" >162</DimensionString>
    <DimensionString Value="163" >163</DimensionString>
    <DimensionString Value="164" >164</DimensionString>
    <DimensionString Value="165" >165</DimensionString>
    <DimensionString Value="166" >166</DimensionString>
  </DimensionArray>
  <RadiatorMainType>	<MainTypeName>uno completto 1020-</MainTypeName>	<DimensionIndex>0</DimensionIndex>	<DimensionIndex>0</DimensionIndex>	<kvValue>4</kvValue>		<RadiatorSubTypeMacro From="0" To="165">	<Name>uno completto 1020-{S}</Name>	<Power>10</Power>	<Surface>0.02</Surface>	<Volume>0.1</Volume>	<Exponent>1.25</Exponent>	<Length>36</Length>	<EstimateCode>ZEHNDER_UNO_COMPLETTO_1020-{S}</EstimateCode>	</RadiatorSubTypeMacro>	</RadiatorMainType>
  <RadiatorMainType>	<MainTypeName>uno completto 1025-</MainTypeName>	<DimensionIndex>1</DimensionIndex>	<DimensionIndex>0</DimensionIndex>	<kvValue>4</kvValue>		<RadiatorSubTypeMacro From="0" To="165">	<Name>uno completto 1025-{S}</Name>	<Power>13</Power>	<Surface>0.02</Surface>	<Volume>0.1</Volume>	<Exponent>1.24</Exponent>	<Length>36</Length>	<EstimateCode>ZEHNDER_UNO_COMPLETTO_1025-{S}</EstimateCode>	</RadiatorSubTypeMacro>	</RadiatorMainType>
  <RadiatorMainType>	<MainTypeName>uno completto 1030-</MainTypeName>	<DimensionIndex>2</DimensionIndex>	<DimensionIndex>0</DimensionIndex>	<kvValue>4</kvValue>		<RadiatorSubTypeMacro From="0" To="165">	<Name>uno completto 1030-{S}</Name>	<Power>15</Power>	<Surface>0.03</Surface>	<Volume>0.1</Volume>	<Exponent>1.23</Exponent>	<Length>36</Length>	<EstimateCode>ZEHNDER_UNO_COMPLETTO_1030-{S}</EstimateCode>	</RadiatorSubTypeMacro>	</RadiatorMainType>
  <RadiatorMainType>	<MainTypeName>uno completto 1035-</MainTypeName>	<DimensionIndex>3</DimensionIndex>	<DimensionIndex>0</DimensionIndex>	<kvValue>4</kvValue>		<RadiatorSubTypeMacro From="0" To="165">	<Name>uno completto 1035-{S}</Name>	<Power>17</Power>	<Surface>0.03</Surface>	<Volume>0.2</Volume>	<Exponent>1.23</Exponent>	<Length>36</Length>	<EstimateCode>ZEHNDER_UNO_COMPLETTO_1035-{S}</EstimateCode>	</RadiatorSubTypeMacro>	</RadiatorMainType>
  <RadiatorMainType>	<MainTypeName>uno completto 1040-</MainTypeName>	<DimensionIndex>4</DimensionIndex>	<DimensionIndex>0</DimensionIndex>	<kvValue>4</kvValue>		<RadiatorSubTypeMacro From="0" To="165">	<Name>uno completto 1040-{S}</Name>	<Power>19</Power>	<Surface>0.03</Surface>	<Volume>0.2</Volume>	<Exponent>1.23</Exponent>	<Length>36</Length>	<EstimateCode>ZEHNDER_UNO_COMPLETTO_1040-{S}</EstimateCode>	</RadiatorSubTypeMacro>	</RadiatorMainType>
  <RadiatorMainType>	<MainTypeName>uno completto 1045-</MainTypeName>	<DimensionIndex>5</DimensionIndex>	<DimensionIndex>0</DimensionIndex>	<kvValue>4</kvValue>		<RadiatorSubTypeMacro From="0" To="165">	<Name>uno completto 1045-{S}</Name>	<Power>21</Power>	<Surface>0.04</Surface>	<Volume>0.2</Volume>	<Exponent>1.23</Exponent>	<Length>36</Length>	<EstimateCode>ZEHNDER_UNO_COMPLETTO_1045-{S}</EstimateCode>	</RadiatorSubTypeMacro>	</RadiatorMainType>
  <RadiatorMainType>	<MainTypeName>uno completto 1050-</MainTypeName>	<DimensionIndex>6</DimensionIndex>	<DimensionIndex>0</DimensionIndex>	<kvValue>4</kvValue>		<RadiatorSubTypeMacro From="0" To="165">	<Name>uno completto 1050-{S}</Name>	<Power>23</Power>	<Surface>0.04</Surface>	<Volume>0.2</Volume>	<Exponent>1.24</Exponent>	<Length>36</Length>	<EstimateCode>ZEHNDER_UNO_COMPLETTO_1050-{S}</EstimateCode>	</RadiatorSubTypeMacro>	</RadiatorMainType>
  <RadiatorMainType>	<MainTypeName>uno completto 1055-</MainTypeName>	<DimensionIndex>7</DimensionIndex>	<DimensionIndex>0</DimensionIndex>	<kvValue>4</kvValue>		<RadiatorSubTypeMacro From="0" To="165">	<Name>uno completto 1055-{S}</Name>	<Power>25</Power>	<Surface>0.04</Surface>	<Volume>0.2</Volume>	<Exponent>1.24</Exponent>	<Length>36</Length>	<EstimateCode>ZEHNDER_UNO_COMPLETTO_1055-{S}</EstimateCode>	</RadiatorSubTypeMacro>	</RadiatorMainType>
  <RadiatorMainType>	<MainTypeName>uno completto 1060-</MainTypeName>	<DimensionIndex>8</DimensionIndex>	<DimensionIndex>0</DimensionIndex>	<kvValue>4</kvValue>		<RadiatorSubTypeMacro From="0" To="165">	<Name>uno completto 1060-{S}</Name>	<Power>27</Power>	<Surface>0.05</Surface>	<Volume>0.2</Volume>	<Exponent>1.24</Exponent>	<Length>36</Length>	<EstimateCode>ZEHNDER_UNO_COMPLETTO_1060-{S}</EstimateCode>	</RadiatorSubTypeMacro>	</RadiatorMainType>
  <RadiatorMainType>	<MainTypeName>uno completto 1075-</MainTypeName>	<DimensionIndex>9</DimensionIndex>	<DimensionIndex>0</DimensionIndex>	<kvValue>4</kvValue>		<RadiatorSubTypeMacro From="0" To="165">	<Name>uno completto 1075-{S}</Name>	<Power>33</Power>	<Surface>0.06</Surface>	<Volume>0.3</Volume>	<Exponent>1.25</Exponent>	<Length>36</Length>	<EstimateCode>ZEHNDER_UNO_COMPLETTO_1075-{S}</EstimateCode>	</RadiatorSubTypeMacro>	</RadiatorMainType>
  <RadiatorMainType>	<MainTypeName>uno completto 1090-</MainTypeName>	<DimensionIndex>10</DimensionIndex>	<DimensionIndex>0</DimensionIndex>	<kvValue>4</kvValue>		<RadiatorSubTypeMacro From="0" To="165">	<Name>uno completto 1090-{S}</Name>	<Power>38</Power>	<Surface>0.07</Surface>	<Volume>0.3</Volume>	<Exponent>1.25</Exponent>	<Length>36</Length>	<EstimateCode>ZEHNDER_UNO_COMPLETTO_1090-{S}</EstimateCode>	</RadiatorSubTypeMacro>	</RadiatorMainType>
  <RadiatorMainType>	<MainTypeName>uno completto 1100-</MainTypeName>	<DimensionIndex>11</DimensionIndex>	<DimensionIndex>0</DimensionIndex>	<kvValue>4</kvValue>		<RadiatorSubTypeMacro From="0" To="165">	<Name>uno completto 1100-{S}</Name>	<Power>42</Power>	<Surface>0.08</Surface>	<Volume>0.4</Volume>	<Exponent>1.26</Exponent>	<Length>36</Length>	<EstimateCode>ZEHNDER_UNO_COMPLETTO_1100-{S}</EstimateCode>	</RadiatorSubTypeMacro>	</RadiatorMainType>
  <RadiatorMainType>	<MainTypeName>uno completto 1110-</MainTypeName>	<DimensionIndex>12</DimensionIndex>	<DimensionIndex>0</DimensionIndex>	<kvValue>4</kvValue>		<RadiatorSubTypeMacro From="0" To="165">	<Name>uno completto 1110-{S}</Name>	<Power>45</Power>	<Surface>0.08</Surface>	<Volume>0.4</Volume>	<Exponent>1.26</Exponent>	<Length>36</Length>	<EstimateCode>ZEHNDER_UNO_COMPLETTO_1110-{S}</EstimateCode>	</RadiatorSubTypeMacro>	</RadiatorMainType>
  <RadiatorMainType>	<MainTypeName>uno completto 1120-</MainTypeName>	<DimensionIndex>13</DimensionIndex>	<DimensionIndex>0</DimensionIndex>	<kvValue>4</kvValue>		<RadiatorSubTypeMacro From="0" To="165">	<Name>uno completto 1120-{S}</Name>	<Power>50</Power>	<Surface>0.09</Surface>	<Volume>0.4</Volume>	<Exponent>1.26</Exponent>	<Length>36</Length>	<EstimateCode>ZEHNDER_UNO_COMPLETTO_1120-{S}</EstimateCode>	</RadiatorSubTypeMacro>	</RadiatorMainType>
  <RadiatorMainType>	<MainTypeName>uno completto 1150-</MainTypeName>	<DimensionIndex>14</DimensionIndex>	<DimensionIndex>0</DimensionIndex>	<kvValue>4</kvValue>		<RadiatorSubTypeMacro From="0" To="99">		<Name>uno completto 1150-{S}</Name>	<Power>62</Power>	<Surface>0.11</Surface>	<Volume>0.5</Volume>	<Exponent>1.27</Exponent>	<Length>36</Length>	<EstimateCode>ZEHNDER_UNO_COMPLETTO_1150-{S}</EstimateCode>	</RadiatorSubTypeMacro>	</RadiatorMainType>
  <RadiatorMainType>	<MainTypeName>uno completto 1180-</MainTypeName>	<DimensionIndex>15</DimensionIndex>	<DimensionIndex>0</DimensionIndex>	<kvValue>4</kvValue>		<RadiatorSubTypeMacro From="0" To="99">		<Name>uno completto 1180-{S}</Name>	<Power>74</Power>	<Surface>0.13</Surface>	<Volume>0.7</Volume>	<Exponent>1.27</Exponent>	<Length>36</Length>	<EstimateCode>ZEHNDER_UNO_COMPLETTO_1180-{S}</EstimateCode>	</RadiatorSubTypeMacro>	</RadiatorMainType>
  <RadiatorMainType>	<MainTypeName>uno completto 1200-</MainTypeName>	<DimensionIndex>16</DimensionIndex>	<DimensionIndex>0</DimensionIndex>	<kvValue>4</kvValue>		<RadiatorSubTypeMacro From="0" To="49">		<Name>uno completto 1200-{S}</Name>	<Power>81</Power>	<Surface>0.15</Surface>	<Volume>0.7</Volume>	<Exponent>1.27</Exponent>	<Length>36</Length>	<EstimateCode>ZEHNDER_UNO_COMPLETTO_1200-{S}</EstimateCode>	</RadiatorSubTypeMacro>	</RadiatorMainType>
  <RadiatorMainType>	<MainTypeName>uno completto 1220-</MainTypeName>	<DimensionIndex>17</DimensionIndex>	<DimensionIndex>0</DimensionIndex>	<kvValue>4</kvValue>		<RadiatorSubTypeMacro From="0" To="49">		<Name>uno completto 1220-{S}</Name>	<Power>88</Power>	<Surface>0.16</Surface>	<Volume>0.8</Volume>	<Exponent>1.28</Exponent>	<Length>36</Length>	<EstimateCode>ZEHNDER_UNO_COMPLETTO_1220-{S}</EstimateCode>	</RadiatorSubTypeMacro>	</RadiatorMainType>
  <RadiatorMainType>	<MainTypeName>uno completto 1250-</MainTypeName>	<DimensionIndex>18</DimensionIndex>	<DimensionIndex>0</DimensionIndex>	<kvValue>4</kvValue>		<RadiatorSubTypeMacro From="0" To="49">		<Name>uno completto 1250-{S}</Name>	<Power>98</Power>	<Surface>0.18</Surface>	<Volume>0.9</Volume>	<Exponent>1.28</Exponent>	<Length>36</Length>	<EstimateCode>ZEHNDER_UNO_COMPLETTO_1250-{S}</EstimateCode>	</RadiatorSubTypeMacro>	</RadiatorMainType>
  <RadiatorMainType>	<MainTypeName>uno completto 1280-</MainTypeName>	<DimensionIndex>19</DimensionIndex>	<DimensionIndex>0</DimensionIndex>	<kvValue>4</kvValue>		<RadiatorSubTypeMacro From="0" To="49">		<Name>uno completto 1280-{S}</Name>	<Power>108</Power>	<Surface>0.21</Surface>	<Volume>1</Volume>	<Exponent>1.28</Exponent>	<Length>36</Length>	<EstimateCode>ZEHNDER_UNO_COMPLETTO_1280-{S}</EstimateCode>	</RadiatorSubTypeMacro>	</RadiatorMainType>
  <RadiatorMainType>	<MainTypeName>uno completto 1300-</MainTypeName>	<DimensionIndex>20</DimensionIndex>	<DimensionIndex>0</DimensionIndex>	<kvValue>4</kvValue>		<RadiatorSubTypeMacro From="0" To="49">		<Name>uno completto 1300-{S}</Name>	<Power>114</Power>	<Surface>0.22</Surface>	<Volume>1.1</Volume>	<Exponent>1.28</Exponent>	<Length>36</Length>	<EstimateCode>ZEHNDER_UNO_COMPLETTO_1300-{S}</EstimateCode>	</RadiatorSubTypeMacro>	</RadiatorMainType>
  <RadiatorMainType>	<MainTypeName>duo completto 1020/2-</MainTypeName>	<DimensionIndex>0</DimensionIndex>	<DimensionIndex>1</DimensionIndex>	<kvValue>4</kvValue>		<RadiatorSubTypeMacro From="0" To="109">	<Name>duo completto 1020/2-{S}</Name>	<Power>18</Power>	<Surface>0.03</Surface>	<Volume>0.2</Volume>	<Exponent>1.27</Exponent>	<Length>36</Length>	<EstimateCode>ZEHNDER_DUO_COMPLETTO_1020/2-{S}</EstimateCode>	</RadiatorSubTypeMacro>	</RadiatorMainType>
  <RadiatorMainType>	<MainTypeName>duo completto 1025/2-</MainTypeName>	<DimensionIndex>1</DimensionIndex>	<DimensionIndex>1</DimensionIndex>	<kvValue>4</kvValue>		<RadiatorSubTypeMacro From="0" To="109">	<Name>duo completto 1025/2-{S}</Name>	<Power>22</Power>	<Surface>0.04</Surface>	<Volume>0.2</Volume>	<Exponent>1.27</Exponent>	<Length>36</Length>	<EstimateCode>ZEHNDER_DUO_COMPLETTO_1025/2-{S}</EstimateCode>	</RadiatorSubTypeMacro>	</RadiatorMainType>
  <RadiatorMainType>	<MainTypeName>duo completto 1030/2-</MainTypeName>	<DimensionIndex>2</DimensionIndex>	<DimensionIndex>1</DimensionIndex>	<kvValue>4</kvValue>		<RadiatorSubTypeMacro From="0" To="109">	<Name>duo completto 1030/2-{S}</Name>	<Power>25</Power>	<Surface>0.05</Surface>	<Volume>0.3</Volume>	<Exponent>1.27</Exponent>	<Length>36</Length>	<EstimateCode>ZEHNDER_DUO_COMPLETTO_1030/2-{S}</EstimateCode>	</RadiatorSubTypeMacro>	</RadiatorMainType>
  <RadiatorMainType>	<MainTypeName>duo completto 1035/2-</MainTypeName>	<DimensionIndex>3</DimensionIndex>	<DimensionIndex>1</DimensionIndex>	<kvValue>4</kvValue>		<RadiatorSubTypeMacro From="0" To="109">	<Name>duo completto 1035/2-{S}</Name>	<Power>29</Power>	<Surface>0.06</Surface>	<Volume>0.3</Volume>	<Exponent>1.28</Exponent>	<Length>36</Length>	<EstimateCode>ZEHNDER_DUO_COMPLETTO_1035/2-{S}</EstimateCode>	</RadiatorSubTypeMacro>	</RadiatorMainType>
  <RadiatorMainType>	<MainTypeName>duo completto 1040/2-</MainTypeName>	<DimensionIndex>4</DimensionIndex>	<DimensionIndex>1</DimensionIndex>	<kvValue>4</kvValue>		<RadiatorSubTypeMacro From="0" To="109">	<Name>duo completto 1040/2-{S}</Name>	<Power>32</Power>	<Surface>0.06</Surface>	<Volume>0.3</Volume>	<Exponent>1.28</Exponent>	<Length>36</Length>	<EstimateCode>ZEHNDER_DUO_COMPLETTO_1040/2-{S}</EstimateCode>	</RadiatorSubTypeMacro>	</RadiatorMainType>
  <RadiatorMainType>	<MainTypeName>duo completto 1045/2-</MainTypeName>	<DimensionIndex>5</DimensionIndex>	<DimensionIndex>1</DimensionIndex>	<kvValue>4</kvValue>		<RadiatorSubTypeMacro From="0" To="109">	<Name>duo completto 1045/2-{S}</Name>	<Power>36</Power>	<Surface>0.07</Surface>	<Volume>0.4</Volume>	<Exponent>1.28</Exponent>	<Length>36</Length>	<EstimateCode>ZEHNDER_DUO_COMPLETTO_1045/2-{S}</EstimateCode>	</RadiatorSubTypeMacro>	</RadiatorMainType>
  <RadiatorMainType>	<MainTypeName>duo completto 1050/2-</MainTypeName>	<DimensionIndex>6</DimensionIndex>	<DimensionIndex>1</DimensionIndex>	<kvValue>4</kvValue>		<RadiatorSubTypeMacro From="0" To="109">	<Name>duo completto 1050/2-{S}</Name>	<Power>39</Power>	<Surface>0.08</Surface>	<Volume>0.4</Volume>	<Exponent>1.29</Exponent>	<Length>36</Length>	<EstimateCode>ZEHNDER_DUO_COMPLETTO_1050/2-{S}</EstimateCode>	</RadiatorSubTypeMacro>	</RadiatorMainType>
  <RadiatorMainType>	<MainTypeName>duo completto 1055/2-</MainTypeName>	<DimensionIndex>7</DimensionIndex>	<DimensionIndex>1</DimensionIndex>	<kvValue>4</kvValue>		<RadiatorSubTypeMacro From="0" To="109">	<Name>duo completto 1055/2-{S}</Name>	<Power>42</Power>	<Surface>0.09</Surface>	<Volume>0.4</Volume>	<Exponent>1.29</Exponent>	<Length>36</Length>	<EstimateCode>ZEHNDER_DUO_COMPLETTO_1055/2-{S}</EstimateCode>	</RadiatorSubTypeMacro>	</RadiatorMainType>
  <RadiatorMainType>	<MainTypeName>duo completto 1060/2-</MainTypeName>	<DimensionIndex>8</DimensionIndex>	<DimensionIndex>1</DimensionIndex>	<kvValue>4</kvValue>		<RadiatorSubTypeMacro From="0" To="109">	<Name>duo completto 1060/2-{S}</Name>	<Power>46</Power>	<Surface>0.09</Surface>	<Volume>0.5</Volume>	<Exponent>1.3</Exponent>	<Length>36</Length>	<EstimateCode>ZEHNDER_DUO_COMPLETTO_1060/2-{S}</EstimateCode>	</RadiatorSubTypeMacro>	</RadiatorMainType>
  <RadiatorMainType>	<MainTypeName>duo completto 1075/2-</MainTypeName>	<DimensionIndex>9</DimensionIndex>	<DimensionIndex>1</DimensionIndex>	<kvValue>4</kvValue>		<RadiatorSubTypeMacro From="0" To="109">	<Name>duo completto 1075/2-{S}</Name>	<Power>55</Power>	<Surface>0.11</Surface>	<Volume>0.6</Volume>	<Exponent>1.31</Exponent>	<Length>36</Length>	<EstimateCode>ZEHNDER_DUO_COMPLETTO_1075/2-{S}</EstimateCode>	</RadiatorSubTypeMacro>	</RadiatorMainType>
  <RadiatorMainType>	<MainTypeName>duo completto 1090/2-</MainTypeName>	<DimensionIndex>10</DimensionIndex>	<DimensionIndex>1</DimensionIndex>	<kvValue>4</kvValue>		<RadiatorSubTypeMacro From="0" To="109">	<Name>duo completto 1090/2-{S}</Name>	<Power>65</Power>	<Surface>0.14</Surface>	<Volume>0.7</Volume>	<Exponent>1.32</Exponent>	<Length>36</Length>	<EstimateCode>ZEHNDER_DUO_COMPLETTO_1090/2-{S}</EstimateCode>	</RadiatorSubTypeMacro>	</RadiatorMainType>
  <RadiatorMainType>	<MainTypeName>duo completto 1100/2-</MainTypeName>	<DimensionIndex>11</DimensionIndex>	<DimensionIndex>1</DimensionIndex>	<kvValue>4</kvValue>		<RadiatorSubTypeMacro From="0" To="109">	<Name>duo completto 1100/2-{S}</Name>	<Power>71</Power>	<Surface>0.15</Surface>	<Volume>0.8</Volume>	<Exponent>1.33</Exponent>	<Length>36</Length>	<EstimateCode>ZEHNDER_DUO_COMPLETTO_1100/2-{S}</EstimateCode>	</RadiatorSubTypeMacro>	</RadiatorMainType>
  <RadiatorMainType>	<MainTypeName>duo completto 1110/2-</MainTypeName>	<DimensionIndex>12</DimensionIndex>	<DimensionIndex>1</DimensionIndex>	<kvValue>4</kvValue>		<RadiatorSubTypeMacro From="0" To="109">	<Name>duo completto 1110/2-{S}</Name>	<Power>77</Power>	<Surface>0.17</Surface>	<Volume>0.8</Volume>	<Exponent>1.34</Exponent>	<Length>36</Length>	<EstimateCode>ZEHNDER_DUO_COMPLETTO_1110/2-{S}</EstimateCode>	</RadiatorSubTypeMacro>	</RadiatorMainType>
  <RadiatorMainType>	<MainTypeName>duo completto 1120/2-</MainTypeName>	<DimensionIndex>13</DimensionIndex>	<DimensionIndex>1</DimensionIndex>	<kvValue>4</kvValue>		<RadiatorSubTypeMacro From="0" To="109">	<Name>duo completto 1120/2-{S}</Name>	<Power>83</Power>	<Surface>0.18</Surface>	<Volume>0.9</Volume>	<Exponent>1.34</Exponent>	<Length>36</Length>	<EstimateCode>ZEHNDER_DUO_COMPLETTO_1120/2-{S}</EstimateCode>	</RadiatorSubTypeMacro>	</RadiatorMainType>
  <RadiatorMainType>	<MainTypeName>duo completto 1150/2-</MainTypeName>	<DimensionIndex>14</DimensionIndex>	<DimensionIndex>1</DimensionIndex>	<kvValue>4</kvValue>		<RadiatorSubTypeMacro From="0" To="65">		<Name>duo completto 1150/2-{S}</Name>	<Power>100</Power>	<Surface>0.22</Surface>	<Volume>1.1</Volume>	<Exponent>1.33</Exponent>	<Length>36</Length>	<EstimateCode>ZEHNDER_DUO_COMPLETTO_1150/2-{S}</EstimateCode>	</RadiatorSubTypeMacro>	</RadiatorMainType>
  <RadiatorMainType>	<MainTypeName>duo completto 1180/2-</MainTypeName>	<DimensionIndex>15</DimensionIndex>	<DimensionIndex>1</DimensionIndex>	<kvValue>4</kvValue>		<RadiatorSubTypeMacro From="0" To="65">		<Name>duo completto 1180/2-{S}</Name>	<Power>117</Power>	<Surface>0.27</Surface>	<Volume>1.3</Volume>	<Exponent>1.32</Exponent>	<Length>36</Length>	<EstimateCode>ZEHNDER_DUO_COMPLETTO_1180/2-{S}</EstimateCode>	</RadiatorSubTypeMacro>	</RadiatorMainType>
  <RadiatorMainType>	<MainTypeName>duo completto 1200/2-</MainTypeName>	<DimensionIndex>16</DimensionIndex>	<DimensionIndex>1</DimensionIndex>	<kvValue>4</kvValue>		<RadiatorSubTypeMacro From="0" To="32">		<Name>duo completto 1200/2-{S}</Name>	<Power>128</Power>	<Surface>0.3</Surface>	<Volume>1.4</Volume>	<Exponent>1.32</Exponent>	<Length>36</Length>	<EstimateCode>ZEHNDER_DUO_COMPLETTO_1200/2-{S}</EstimateCode>	</RadiatorSubTypeMacro>	</RadiatorMainType>
  <RadiatorMainType>	<MainTypeName>duo completto 1220/2-</MainTypeName>	<DimensionIndex>17</DimensionIndex>	<DimensionIndex>1</DimensionIndex>	<kvValue>4</kvValue>		<RadiatorSubTypeMacro From="0" To="32">		<Name>duo completto 1220/2-{S}</Name>	<Power>139</Power>	<Surface>0.33</Surface>	<Volume>1.6</Volume>	<Exponent>1.32</Exponent>	<Length>36</Length>	<EstimateCode>ZEHNDER_DUO_COMPLETTO_1220/2-{S}</EstimateCode>	</RadiatorSubTypeMacro>	</RadiatorMainType>
  <RadiatorMainType>	<MainTypeName>duo completto 1250/2-</MainTypeName>	<DimensionIndex>18</DimensionIndex>	<DimensionIndex>1</DimensionIndex>	<kvValue>4</kvValue>		<RadiatorSubTypeMacro From="0" To="32">		<Name>duo completto 1250/2-{S}</Name>	<Power>155</Power>	<Surface>0.37</Surface>	<Volume>1.8</Volume>	<Exponent>1.33</Exponent>	<Length>36</Length>	<EstimateCode>ZEHNDER_DUO_COMPLETTO_1250/2-{S}</EstimateCode>	</RadiatorSubTypeMacro>	</RadiatorMainType>
  <RadiatorMainType>	<MainTypeName>duo completto 1280/2-</MainTypeName>	<DimensionIndex>19</DimensionIndex>	<DimensionIndex>1</DimensionIndex>	<kvValue>4</kvValue>		<RadiatorSubTypeMacro From="0" To="32">		<Name>duo completto 1280/2-{S}</Name>	<Power>171</Power>	<Surface>0.41</Surface>	<Volume>2</Volume>	<Exponent>1.33</Exponent>	<Length>36</Length>	<EstimateCode>ZEHNDER_DUO_COMPLETTO_1280/2-{S}</EstimateCode>	</RadiatorSubTypeMacro>	</RadiatorMainType>
  <RadiatorMainType>	<MainTypeName>duo completto 1300/2-</MainTypeName>	<DimensionIndex>20</DimensionIndex>	<DimensionIndex>1</DimensionIndex>	<kvValue>4</kvValue>		<RadiatorSubTypeMacro From="0" To="32">		<Name>duo completto 1300/2-{S}</Name>	<Power>182</Power>	<Surface>0.44</Surface>	<Volume>2.2</Volume>	<Exponent>1.33</Exponent>	<Length>36</Length>	<EstimateCode>ZEHNDER_DUO_COMPLETTO_1300/2-{S}</EstimateCode>	</RadiatorSubTypeMacro>	</RadiatorMainType>
</WinWattDBRadiator>

</WinWattDB>
