<?xml version="1.0" encoding="ISO-8859-2" ?>
<WinWattDB>

<WinWattDBTube>
  <ItemHeader>
    <Date><Year>1997</Year><Month>5</Month><Day>4</Day></Date>
    <ItemPath>GIACOMINI</ItemPath>
    <ItemName>Giacoflex</ItemName>
    <HomePage></HomePage></ItemHeader>
  <NameBase>"Giacoflex %s"</NameBase>
  <ThermalCond>0</ThermalCond>
  <TubeSubType><SizeName>15x2,5</SizeName>	<DN>15</DN>	<d1>10</d1>	<d2>0</d2>	<ValveDN>15</ValveDN>	<SpeedLimit>0.35</SpeedLimit>	<Roughness>0.007</Roughness>	<EstimateCode></EstimateCode></TubeSubType>
  <TubeSubType><SizeName>16x2,2</SizeName>	<DN>16</DN>	<d1>11.6</d1>	<d2>0</d2>	<ValveDN>15</ValveDN>	<SpeedLimit>0.42</SpeedLimit>	<Roughness>0.007</Roughness>	<EstimateCode></EstimateCode></TubeSubType>
  <TubeSubType><SizeName>18x2,5</SizeName>	<DN>18</DN>	<d1>13</d1>	<d2>0</d2>	<ValveDN>15</ValveDN>	<SpeedLimit>0.45</SpeedLimit>	<Roughness>0.007</Roughness>	<EstimateCode></EstimateCode></TubeSubType>
</WinWattDBTube>

</WinWattDB>
